Loyalty#,cluster_behavior_kmeans,cluster_value_kmeans,kmeans_behavior_level,kmeans_value_level,kmeans_final_segment
100018,0,0,High,Medium,Rising Loyalists
100102,0,0,High,Medium,Rising Loyalists
100140,0,0,High,Medium,Rising Loyalists
100214,0,0,High,Medium,Rising Loyalists
100272,0,0,High,Medium,Rising Loyalists
100301,0,1,High,High,Elite Frequent Flyers
100364,0,0,High,Medium,Rising Loyalists
100380,0,0,High,Medium,Rising Loyalists
100428,0,0,High,Medium,Rising Loyalists
100504,2,0,Medium,Medium,Mainstream Core Travelers
100550,0,0,High,Medium,Rising Loyalists
100585,0,0,High,Medium,Rising Loyalists
100590,2,1,Medium,High,Loyal Premium Travelers
100642,0,0,High,Medium,Rising Loyalists
100644,0,0,High,Medium,Rising Loyalists
100646,0,0,High,Medium,Rising Loyalists
100727,0,0,High,Medium,Rising Loyalists
100737,0,0,High,Medium,Rising Loyalists
100753,0,0,High,Medium,Rising Loyalists
100816,0,0,High,Medium,Rising Loyalists
100853,0,0,High,Medium,Rising Loyalists
100883,0,0,High,Medium,Rising Loyalists
100890,0,0,High,Medium,Rising Loyalists
101018,0,0,High,Medium,Rising Loyalists
101148,0,0,High,Medium,Rising Loyalists
101356,2,0,Medium,Medium,Mainstream Core Travelers
101363,0,0,High,Medium,Rising Loyalists
101487,0,0,High,Medium,Rising Loyalists
101515,0,0,High,Medium,Rising Loyalists
101540,0,0,High,Medium,Rising Loyalists
101544,0,1,High,High,Elite Frequent Flyers
101547,2,0,Medium,Medium,Mainstream Core Travelers
101581,0,0,High,Medium,Rising Loyalists
101594,0,0,High,Medium,Rising Loyalists
101644,2,0,Medium,Medium,Mainstream Core Travelers
101663,0,0,High,Medium,Rising Loyalists
101664,0,0,High,Medium,Rising Loyalists
101709,0,0,High,Medium,Rising Loyalists
101768,2,0,Medium,Medium,Mainstream Core Travelers
101876,2,0,Medium,Medium,Mainstream Core Travelers
101895,0,1,High,High,Elite Frequent Flyers
101902,0,0,High,Medium,Rising Loyalists
101945,0,0,High,Medium,Rising Loyalists
102168,2,0,Medium,Medium,Mainstream Core Travelers
102184,0,0,High,Medium,Rising Loyalists
102207,0,0,High,Medium,Rising Loyalists
102299,0,0,High,Medium,Rising Loyalists
102308,2,1,Medium,High,Loyal Premium Travelers
102311,0,0,High,Medium,Rising Loyalists
102376,2,0,Medium,Medium,Mainstream Core Travelers
102464,0,0,High,Medium,Rising Loyalists
102615,2,0,Medium,Medium,Mainstream Core Travelers
102726,0,0,High,Medium,Rising Loyalists
102730,2,0,Medium,Medium,Mainstream Core Travelers
102740,2,0,Medium,Medium,Mainstream Core Travelers
102788,0,0,High,Medium,Rising Loyalists
102851,0,1,High,High,Elite Frequent Flyers
102877,0,0,High,Medium,Rising Loyalists
102982,0,0,High,Medium,Rising Loyalists
103043,0,0,High,Medium,Rising Loyalists
103151,0,1,High,High,Elite Frequent Flyers
103217,0,0,High,Medium,Rising Loyalists
103304,0,0,High,Medium,Rising Loyalists
103340,0,0,High,Medium,Rising Loyalists
103352,2,0,Medium,Medium,Mainstream Core Travelers
103359,0,0,High,Medium,Rising Loyalists
103362,2,0,Medium,Medium,Mainstream Core Travelers
103383,2,1,Medium,High,Loyal Premium Travelers
103436,0,0,High,Medium,Rising Loyalists
103490,0,0,High,Medium,Rising Loyalists
103502,0,0,High,Medium,Rising Loyalists
103536,0,0,High,Medium,Rising Loyalists
103699,2,0,Medium,Medium,Mainstream Core Travelers
103731,0,0,High,Medium,Rising Loyalists
103758,2,0,Medium,Medium,Mainstream Core Travelers
103823,0,0,High,Medium,Rising Loyalists
103860,0,0,High,Medium,Rising Loyalists
103862,0,0,High,Medium,Rising Loyalists
103916,0,0,High,Medium,Rising Loyalists
103969,0,1,High,High,Elite Frequent Flyers
103970,0,0,High,Medium,Rising Loyalists
103975,2,0,Medium,Medium,Mainstream Core Travelers
103985,2,0,Medium,Medium,Mainstream Core Travelers
104103,0,0,High,Medium,Rising Loyalists
104267,2,0,Medium,Medium,Mainstream Core Travelers
104353,0,0,High,Medium,Rising Loyalists
104431,0,0,High,Medium,Rising Loyalists
104541,0,0,High,Medium,Rising Loyalists
104586,0,0,High,Medium,Rising Loyalists
104673,0,0,High,Medium,Rising Loyalists
104732,0,0,High,Medium,Rising Loyalists
104739,2,0,Medium,Medium,Mainstream Core Travelers
104849,0,0,High,Medium,Rising Loyalists
104960,0,0,High,Medium,Rising Loyalists
105063,2,0,Medium,Medium,Mainstream Core Travelers
105073,2,0,Medium,Medium,Mainstream Core Travelers
105074,0,0,High,Medium,Rising Loyalists
105145,2,0,Medium,Medium,Mainstream Core Travelers
105193,2,0,Medium,Medium,Mainstream Core Travelers
105214,0,0,High,Medium,Rising Loyalists
105251,2,0,Medium,Medium,Mainstream Core Travelers
105335,0,0,High,Medium,Rising Loyalists
105352,2,0,Medium,Medium,Mainstream Core Travelers
105552,0,0,High,Medium,Rising Loyalists
105688,0,0,High,Medium,Rising Loyalists
105700,2,0,Medium,Medium,Mainstream Core Travelers
105712,0,0,High,Medium,Rising Loyalists
105789,0,0,High,Medium,Rising Loyalists
105835,2,0,Medium,Medium,Mainstream Core Travelers
105841,0,0,High,Medium,Rising Loyalists
105921,0,0,High,Medium,Rising Loyalists
105932,0,0,High,Medium,Rising Loyalists
105992,0,0,High,Medium,Rising Loyalists
106001,0,0,High,Medium,Rising Loyalists
106037,0,0,High,Medium,Rising Loyalists
106038,0,0,High,Medium,Rising Loyalists
106046,0,0,High,Medium,Rising Loyalists
106048,2,0,Medium,Medium,Mainstream Core Travelers
106218,0,0,High,Medium,Rising Loyalists
106397,0,0,High,Medium,Rising Loyalists
106444,2,0,Medium,Medium,Mainstream Core Travelers
106477,0,0,High,Medium,Rising Loyalists
106509,2,0,Medium,Medium,Mainstream Core Travelers
106589,2,1,Medium,High,Loyal Premium Travelers
106592,0,0,High,Medium,Rising Loyalists
106616,2,0,Medium,Medium,Mainstream Core Travelers
106623,2,0,Medium,Medium,Mainstream Core Travelers
106637,0,0,High,Medium,Rising Loyalists
106689,0,0,High,Medium,Rising Loyalists
106754,0,1,High,High,Elite Frequent Flyers
106757,0,1,High,High,Elite Frequent Flyers
106776,0,1,High,High,Elite Frequent Flyers
106838,0,0,High,Medium,Rising Loyalists
106839,0,0,High,Medium,Rising Loyalists
106936,0,1,High,High,Elite Frequent Flyers
106946,0,0,High,Medium,Rising Loyalists
106964,2,0,Medium,Medium,Mainstream Core Travelers
106978,0,0,High,Medium,Rising Loyalists
106979,0,0,High,Medium,Rising Loyalists
107037,0,0,High,Medium,Rising Loyalists
107067,0,0,High,Medium,Rising Loyalists
107119,0,0,High,Medium,Rising Loyalists
107141,0,0,High,Medium,Rising Loyalists
107203,0,0,High,Medium,Rising Loyalists
107212,0,0,High,Medium,Rising Loyalists
107296,2,1,Medium,High,Loyal Premium Travelers
107385,2,0,Medium,Medium,Mainstream Core Travelers
107420,2,0,Medium,Medium,Mainstream Core Travelers
107461,0,0,High,Medium,Rising Loyalists
107466,0,0,High,Medium,Rising Loyalists
107487,2,0,Medium,Medium,Mainstream Core Travelers
107519,2,0,Medium,Medium,Mainstream Core Travelers
107571,0,0,High,Medium,Rising Loyalists
107649,0,0,High,Medium,Rising Loyalists
107719,0,0,High,Medium,Rising Loyalists
107730,0,1,High,High,Elite Frequent Flyers
107835,2,0,Medium,Medium,Mainstream Core Travelers
107902,0,0,High,Medium,Rising Loyalists
107993,0,1,High,High,Elite Frequent Flyers
108264,0,0,High,Medium,Rising Loyalists
108346,2,0,Medium,Medium,Mainstream Core Travelers
108367,2,0,Medium,Medium,Mainstream Core Travelers
108381,0,0,High,Medium,Rising Loyalists
108430,0,1,High,High,Elite Frequent Flyers
108440,0,0,High,Medium,Rising Loyalists
108462,0,0,High,Medium,Rising Loyalists
108481,2,1,Medium,High,Loyal Premium Travelers
108528,0,0,High,Medium,Rising Loyalists
108625,0,0,High,Medium,Rising Loyalists
108666,0,0,High,Medium,Rising Loyalists
108857,2,0,Medium,Medium,Mainstream Core Travelers
108896,2,1,Medium,High,Loyal Premium Travelers
108907,0,0,High,Medium,Rising Loyalists
109022,0,0,High,Medium,Rising Loyalists
109023,0,0,High,Medium,Rising Loyalists
109029,2,0,Medium,Medium,Mainstream Core Travelers
109203,0,0,High,Medium,Rising Loyalists
109399,0,0,High,Medium,Rising Loyalists
109478,0,1,High,High,Elite Frequent Flyers
109495,0,0,High,Medium,Rising Loyalists
109517,0,1,High,High,Elite Frequent Flyers
109552,0,0,High,Medium,Rising Loyalists
109612,2,0,Medium,Medium,Mainstream Core Travelers
109660,0,0,High,Medium,Rising Loyalists
109767,0,0,High,Medium,Rising Loyalists
109840,0,0,High,Medium,Rising Loyalists
109896,0,0,High,Medium,Rising Loyalists
109903,0,0,High,Medium,Rising Loyalists
109956,2,0,Medium,Medium,Mainstream Core Travelers
110001,0,0,High,Medium,Rising Loyalists
110030,2,0,Medium,Medium,Mainstream Core Travelers
110065,2,0,Medium,Medium,Mainstream Core Travelers
110073,2,0,Medium,Medium,Mainstream Core Travelers
110099,0,0,High,Medium,Rising Loyalists
110142,2,0,Medium,Medium,Mainstream Core Travelers
110170,0,0,High,Medium,Rising Loyalists
110211,2,0,Medium,Medium,Mainstream Core Travelers
110262,0,0,High,Medium,Rising Loyalists
110296,0,0,High,Medium,Rising Loyalists
110394,0,0,High,Medium,Rising Loyalists
110422,2,0,Medium,Medium,Mainstream Core Travelers
110476,0,0,High,Medium,Rising Loyalists
110603,2,0,Medium,Medium,Mainstream Core Travelers
110678,0,0,High,Medium,Rising Loyalists
110691,0,0,High,Medium,Rising Loyalists
110752,0,0,High,Medium,Rising Loyalists
111022,0,0,High,Medium,Rising Loyalists
111034,0,0,High,Medium,Rising Loyalists
111171,0,0,High,Medium,Rising Loyalists
111176,0,0,High,Medium,Rising Loyalists
111255,0,0,High,Medium,Rising Loyalists
111286,0,0,High,Medium,Rising Loyalists
111329,0,0,High,Medium,Rising Loyalists
111387,2,0,Medium,Medium,Mainstream Core Travelers
111485,0,0,High,Medium,Rising Loyalists
111507,0,0,High,Medium,Rising Loyalists
111573,0,0,High,Medium,Rising Loyalists
111584,0,0,High,Medium,Rising Loyalists
111646,2,0,Medium,Medium,Mainstream Core Travelers
111788,0,0,High,Medium,Rising Loyalists
111899,2,0,Medium,Medium,Mainstream Core Travelers
111912,0,0,High,Medium,Rising Loyalists
112026,0,0,High,Medium,Rising Loyalists
112142,0,0,High,Medium,Rising Loyalists
112226,0,0,High,Medium,Rising Loyalists
112393,0,0,High,Medium,Rising Loyalists
112522,0,0,High,Medium,Rising Loyalists
112632,0,0,High,Medium,Rising Loyalists
112661,2,0,Medium,Medium,Mainstream Core Travelers
112678,0,1,High,High,Elite Frequent Flyers
112709,0,0,High,Medium,Rising Loyalists
112732,0,0,High,Medium,Rising Loyalists
112733,0,0,High,Medium,Rising Loyalists
112797,2,1,Medium,High,Loyal Premium Travelers
112842,0,0,High,Medium,Rising Loyalists
112856,0,1,High,High,Elite Frequent Flyers
112863,0,0,High,Medium,Rising Loyalists
112894,2,1,Medium,High,Loyal Premium Travelers
113040,0,0,High,Medium,Rising Loyalists
113184,2,0,Medium,Medium,Mainstream Core Travelers
113220,0,0,High,Medium,Rising Loyalists
113293,2,1,Medium,High,Loyal Premium Travelers
113316,2,0,Medium,Medium,Mainstream Core Travelers
113363,2,0,Medium,Medium,Mainstream Core Travelers
113442,2,0,Medium,Medium,Mainstream Core Travelers
113476,0,0,High,Medium,Rising Loyalists
113529,2,0,Medium,Medium,Mainstream Core Travelers
113558,0,0,High,Medium,Rising Loyalists
113578,0,0,High,Medium,Rising Loyalists
113656,2,1,Medium,High,Loyal Premium Travelers
113679,0,0,High,Medium,Rising Loyalists
113694,0,0,High,Medium,Rising Loyalists
113755,0,0,High,Medium,Rising Loyalists
113779,0,1,High,High,Elite Frequent Flyers
113804,0,0,High,Medium,Rising Loyalists
113831,0,0,High,Medium,Rising Loyalists
113839,0,0,High,Medium,Rising Loyalists
113861,0,0,High,Medium,Rising Loyalists
113864,2,0,Medium,Medium,Mainstream Core Travelers
113874,2,0,Medium,Medium,Mainstream Core Travelers
113877,0,0,High,Medium,Rising Loyalists
113904,0,1,High,High,Elite Frequent Flyers
113919,0,0,High,Medium,Rising Loyalists
114018,0,0,High,Medium,Rising Loyalists
114021,0,0,High,Medium,Rising Loyalists
114131,2,0,Medium,Medium,Mainstream Core Travelers
114214,2,0,Medium,Medium,Mainstream Core Travelers
114219,0,0,High,Medium,Rising Loyalists
114242,0,0,High,Medium,Rising Loyalists
114307,0,0,High,Medium,Rising Loyalists
114399,2,0,Medium,Medium,Mainstream Core Travelers
114414,0,0,High,Medium,Rising Loyalists
114493,0,0,High,Medium,Rising Loyalists
114553,0,0,High,Medium,Rising Loyalists
114638,0,0,High,Medium,Rising Loyalists
114700,2,0,Medium,Medium,Mainstream Core Travelers
114743,0,0,High,Medium,Rising Loyalists
114835,0,0,High,Medium,Rising Loyalists
114857,0,0,High,Medium,Rising Loyalists
114903,0,0,High,Medium,Rising Loyalists
114924,2,0,Medium,Medium,Mainstream Core Travelers
114927,0,0,High,Medium,Rising Loyalists
114983,0,0,High,Medium,Rising Loyalists
115198,2,0,Medium,Medium,Mainstream Core Travelers
115322,0,0,High,Medium,Rising Loyalists
115354,0,0,High,Medium,Rising Loyalists
115405,0,0,High,Medium,Rising Loyalists
115427,0,0,High,Medium,Rising Loyalists
115505,2,0,Medium,Medium,Mainstream Core Travelers
115529,0,0,High,Medium,Rising Loyalists
115633,0,0,High,Medium,Rising Loyalists
115705,0,0,High,Medium,Rising Loyalists
115749,2,0,Medium,Medium,Mainstream Core Travelers
115805,0,0,High,Medium,Rising Loyalists
115852,0,1,High,High,Elite Frequent Flyers
116016,0,0,High,Medium,Rising Loyalists
116045,0,0,High,Medium,Rising Loyalists
116164,0,0,High,Medium,Rising Loyalists
116207,2,0,Medium,Medium,Mainstream Core Travelers
116238,2,1,Medium,High,Loyal Premium Travelers
116288,0,0,High,Medium,Rising Loyalists
116332,0,0,High,Medium,Rising Loyalists
116372,0,0,High,Medium,Rising Loyalists
116562,2,0,Medium,Medium,Mainstream Core Travelers
116703,0,0,High,Medium,Rising Loyalists
116732,2,0,Medium,Medium,Mainstream Core Travelers
116735,0,1,High,High,Elite Frequent Flyers
116895,2,1,Medium,High,Loyal Premium Travelers
116897,2,0,Medium,Medium,Mainstream Core Travelers
116932,0,0,High,Medium,Rising Loyalists
116948,2,0,Medium,Medium,Mainstream Core Travelers
116999,0,0,High,Medium,Rising Loyalists
117033,0,0,High,Medium,Rising Loyalists
117053,0,0,High,Medium,Rising Loyalists
117169,0,0,High,Medium,Rising Loyalists
117219,0,0,High,Medium,Rising Loyalists
117240,2,0,Medium,Medium,Mainstream Core Travelers
117333,0,1,High,High,Elite Frequent Flyers
117342,0,0,High,Medium,Rising Loyalists
117351,2,0,Medium,Medium,Mainstream Core Travelers
117358,2,0,Medium,Medium,Mainstream Core Travelers
117408,0,0,High,Medium,Rising Loyalists
117456,0,0,High,Medium,Rising Loyalists
117460,0,0,High,Medium,Rising Loyalists
117482,0,0,High,Medium,Rising Loyalists
117618,0,0,High,Medium,Rising Loyalists
117725,2,0,Medium,Medium,Mainstream Core Travelers
117782,0,1,High,High,Elite Frequent Flyers
117832,2,0,Medium,Medium,Mainstream Core Travelers
117910,0,0,High,Medium,Rising Loyalists
117915,2,0,Medium,Medium,Mainstream Core Travelers
117932,0,0,High,Medium,Rising Loyalists
117939,2,1,Medium,High,Loyal Premium Travelers
117975,2,0,Medium,Medium,Mainstream Core Travelers
118076,0,0,High,Medium,Rising Loyalists
118298,2,0,Medium,Medium,Mainstream Core Travelers
118320,0,0,High,Medium,Rising Loyalists
118332,0,0,High,Medium,Rising Loyalists
118355,0,0,High,Medium,Rising Loyalists
118365,0,0,High,Medium,Rising Loyalists
118376,2,1,Medium,High,Loyal Premium Travelers
118379,0,0,High,Medium,Rising Loyalists
118418,0,0,High,Medium,Rising Loyalists
118511,2,0,Medium,Medium,Mainstream Core Travelers
118514,2,0,Medium,Medium,Mainstream Core Travelers
118612,2,0,Medium,Medium,Mainstream Core Travelers
118628,0,0,High,Medium,Rising Loyalists
118632,0,0,High,Medium,Rising Loyalists
118675,0,0,High,Medium,Rising Loyalists
118688,2,0,Medium,Medium,Mainstream Core Travelers
118729,2,0,Medium,Medium,Mainstream Core Travelers
118864,0,1,High,High,Elite Frequent Flyers
119009,0,0,High,Medium,Rising Loyalists
119015,2,0,Medium,Medium,Mainstream Core Travelers
119135,0,0,High,Medium,Rising Loyalists
119198,0,0,High,Medium,Rising Loyalists
119200,0,0,High,Medium,Rising Loyalists
119408,2,0,Medium,Medium,Mainstream Core Travelers
119460,0,0,High,Medium,Rising Loyalists
119488,0,0,High,Medium,Rising Loyalists
119519,0,0,High,Medium,Rising Loyalists
119633,0,0,High,Medium,Rising Loyalists
119634,0,0,High,Medium,Rising Loyalists
119638,2,0,Medium,Medium,Mainstream Core Travelers
119690,1,0,Low,Medium,Value Fading
119731,0,0,High,Medium,Rising Loyalists
119837,0,0,High,Medium,Rising Loyalists
119845,0,0,High,Medium,Rising Loyalists
119917,2,0,Medium,Medium,Mainstream Core Travelers
119997,0,0,High,Medium,Rising Loyalists
120046,0,0,High,Medium,Rising Loyalists
120126,0,0,High,Medium,Rising Loyalists
120140,0,0,High,Medium,Rising Loyalists
120164,0,0,High,Medium,Rising Loyalists
120192,0,0,High,Medium,Rising Loyalists
120206,2,0,Medium,Medium,Mainstream Core Travelers
120393,0,0,High,Medium,Rising Loyalists
120434,0,0,High,Medium,Rising Loyalists
120554,0,0,High,Medium,Rising Loyalists
120583,0,0,High,Medium,Rising Loyalists
120594,0,0,High,Medium,Rising Loyalists
120613,0,0,High,Medium,Rising Loyalists
120635,2,1,Medium,High,Loyal Premium Travelers
120799,0,0,High,Medium,Rising Loyalists
120868,0,0,High,Medium,Rising Loyalists
121068,0,0,High,Medium,Rising Loyalists
121095,0,0,High,Medium,Rising Loyalists
121139,0,0,High,Medium,Rising Loyalists
121183,0,0,High,Medium,Rising Loyalists
121236,2,0,Medium,Medium,Mainstream Core Travelers
121351,2,1,Medium,High,Loyal Premium Travelers
121410,0,0,High,Medium,Rising Loyalists
121469,2,0,Medium,Medium,Mainstream Core Travelers
121605,0,0,High,Medium,Rising Loyalists
121710,0,0,High,Medium,Rising Loyalists
121737,2,0,Medium,Medium,Mainstream Core Travelers
121751,2,0,Medium,Medium,Mainstream Core Travelers
121856,0,1,High,High,Elite Frequent Flyers
121919,2,0,Medium,Medium,Mainstream Core Travelers
121930,2,0,Medium,Medium,Mainstream Core Travelers
121935,0,0,High,Medium,Rising Loyalists
121999,2,0,Medium,Medium,Mainstream Core Travelers
122009,0,0,High,Medium,Rising Loyalists
122020,0,0,High,Medium,Rising Loyalists
122049,0,0,High,Medium,Rising Loyalists
122094,0,0,High,Medium,Rising Loyalists
122166,0,0,High,Medium,Rising Loyalists
122173,2,1,Medium,High,Loyal Premium Travelers
122206,2,0,Medium,Medium,Mainstream Core Travelers
122283,0,0,High,Medium,Rising Loyalists
122357,0,1,High,High,Elite Frequent Flyers
122456,0,0,High,Medium,Rising Loyalists
122517,2,0,Medium,Medium,Mainstream Core Travelers
122519,0,1,High,High,Elite Frequent Flyers
122545,0,0,High,Medium,Rising Loyalists
122561,2,0,Medium,Medium,Mainstream Core Travelers
122577,0,0,High,Medium,Rising Loyalists
122685,0,0,High,Medium,Rising Loyalists
122797,2,0,Medium,Medium,Mainstream Core Travelers
122858,2,0,Medium,Medium,Mainstream Core Travelers
122890,0,0,High,Medium,Rising Loyalists
122946,0,0,High,Medium,Rising Loyalists
122958,0,0,High,Medium,Rising Loyalists
123060,0,0,High,Medium,Rising Loyalists
123083,0,0,High,Medium,Rising Loyalists
123094,2,0,Medium,Medium,Mainstream Core Travelers
123115,0,0,High,Medium,Rising Loyalists
123151,2,1,Medium,High,Loyal Premium Travelers
123164,0,0,High,Medium,Rising Loyalists
123344,0,0,High,Medium,Rising Loyalists
123393,0,0,High,Medium,Rising Loyalists
123420,0,0,High,Medium,Rising Loyalists
123525,0,1,High,High,Elite Frequent Flyers
123538,2,0,Medium,Medium,Mainstream Core Travelers
123586,0,0,High,Medium,Rising Loyalists
123667,0,0,High,Medium,Rising Loyalists
123668,0,0,High,Medium,Rising Loyalists
123697,0,0,High,Medium,Rising Loyalists
123702,0,0,High,Medium,Rising Loyalists
123727,2,1,Medium,High,Loyal Premium Travelers
123773,0,0,High,Medium,Rising Loyalists
123780,2,0,Medium,Medium,Mainstream Core Travelers
123784,2,0,Medium,Medium,Mainstream Core Travelers
123830,0,0,High,Medium,Rising Loyalists
123908,0,0,High,Medium,Rising Loyalists
123928,2,0,Medium,Medium,Mainstream Core Travelers
123944,2,0,Medium,Medium,Mainstream Core Travelers
124038,0,0,High,Medium,Rising Loyalists
124056,0,0,High,Medium,Rising Loyalists
124085,2,0,Medium,Medium,Mainstream Core Travelers
124088,0,0,High,Medium,Rising Loyalists
124119,0,0,High,Medium,Rising Loyalists
124195,2,0,Medium,Medium,Mainstream Core Travelers
124207,2,0,Medium,Medium,Mainstream Core Travelers
124351,2,0,Medium,Medium,Mainstream Core Travelers
124355,0,0,High,Medium,Rising Loyalists
124377,0,0,High,Medium,Rising Loyalists
124536,2,0,Medium,Medium,Mainstream Core Travelers
124678,0,0,High,Medium,Rising Loyalists
124761,0,0,High,Medium,Rising Loyalists
124931,2,1,Medium,High,Loyal Premium Travelers
124987,2,0,Medium,Medium,Mainstream Core Travelers
125059,2,0,Medium,Medium,Mainstream Core Travelers
125068,2,0,Medium,Medium,Mainstream Core Travelers
125300,0,0,High,Medium,Rising Loyalists
125393,0,0,High,Medium,Rising Loyalists
125493,2,0,Medium,Medium,Mainstream Core Travelers
125606,0,0,High,Medium,Rising Loyalists
125919,0,0,High,Medium,Rising Loyalists
125969,0,0,High,Medium,Rising Loyalists
125996,0,0,High,Medium,Rising Loyalists
126097,0,0,High,Medium,Rising Loyalists
126100,2,1,Medium,High,Loyal Premium Travelers
126148,2,0,Medium,Medium,Mainstream Core Travelers
126181,2,0,Medium,Medium,Mainstream Core Travelers
126216,0,0,High,Medium,Rising Loyalists
126219,0,0,High,Medium,Rising Loyalists
126239,0,0,High,Medium,Rising Loyalists
126262,0,0,High,Medium,Rising Loyalists
126308,2,0,Medium,Medium,Mainstream Core Travelers
126424,0,0,High,Medium,Rising Loyalists
126466,0,0,High,Medium,Rising Loyalists
126490,0,0,High,Medium,Rising Loyalists
126526,2,1,Medium,High,Loyal Premium Travelers
126581,0,0,High,Medium,Rising Loyalists
126665,0,0,High,Medium,Rising Loyalists
127039,0,0,High,Medium,Rising Loyalists
127052,2,0,Medium,Medium,Mainstream Core Travelers
127127,0,0,High,Medium,Rising Loyalists
127128,0,0,High,Medium,Rising Loyalists
127137,0,0,High,Medium,Rising Loyalists
127185,0,0,High,Medium,Rising Loyalists
127241,2,0,Medium,Medium,Mainstream Core Travelers
127279,0,0,High,Medium,Rising Loyalists
127289,0,0,High,Medium,Rising Loyalists
127311,0,0,High,Medium,Rising Loyalists
127350,0,0,High,Medium,Rising Loyalists
127400,0,0,High,Medium,Rising Loyalists
127410,0,0,High,Medium,Rising Loyalists
127496,2,0,Medium,Medium,Mainstream Core Travelers
127590,0,0,High,Medium,Rising Loyalists
127645,0,0,High,Medium,Rising Loyalists
127663,0,0,High,Medium,Rising Loyalists
127725,0,0,High,Medium,Rising Loyalists
127785,0,0,High,Medium,Rising Loyalists
127827,0,0,High,Medium,Rising Loyalists
127882,0,0,High,Medium,Rising Loyalists
127946,0,0,High,Medium,Rising Loyalists
127966,0,0,High,Medium,Rising Loyalists
128007,0,0,High,Medium,Rising Loyalists
128032,0,0,High,Medium,Rising Loyalists
128039,0,0,High,Medium,Rising Loyalists
128041,0,0,High,Medium,Rising Loyalists
128156,0,1,High,High,Elite Frequent Flyers
128210,0,0,High,Medium,Rising Loyalists
128245,2,0,Medium,Medium,Mainstream Core Travelers
128280,0,0,High,Medium,Rising Loyalists
128325,0,0,High,Medium,Rising Loyalists
128405,2,1,Medium,High,Loyal Premium Travelers
128459,0,1,High,High,Elite Frequent Flyers
128467,0,0,High,Medium,Rising Loyalists
128475,0,0,High,Medium,Rising Loyalists
128534,0,0,High,Medium,Rising Loyalists
128572,2,0,Medium,Medium,Mainstream Core Travelers
128587,0,1,High,High,Elite Frequent Flyers
128611,0,0,High,Medium,Rising Loyalists
128615,2,1,Medium,High,Loyal Premium Travelers
128633,0,0,High,Medium,Rising Loyalists
128749,2,0,Medium,Medium,Mainstream Core Travelers
128753,2,0,Medium,Medium,Mainstream Core Travelers
128754,2,0,Medium,Medium,Mainstream Core Travelers
128789,0,0,High,Medium,Rising Loyalists
128950,0,0,High,Medium,Rising Loyalists
128975,0,0,High,Medium,Rising Loyalists
129030,0,0,High,Medium,Rising Loyalists
129071,2,0,Medium,Medium,Mainstream Core Travelers
129171,2,0,Medium,Medium,Mainstream Core Travelers
129328,2,0,Medium,Medium,Mainstream Core Travelers
129343,0,0,High,Medium,Rising Loyalists
129372,0,0,High,Medium,Rising Loyalists
129409,0,0,High,Medium,Rising Loyalists
129429,0,0,High,Medium,Rising Loyalists
129434,0,0,High,Medium,Rising Loyalists
129510,0,0,High,Medium,Rising Loyalists
129515,0,0,High,Medium,Rising Loyalists
129533,2,0,Medium,Medium,Mainstream Core Travelers
129555,0,0,High,Medium,Rising Loyalists
129743,2,0,Medium,Medium,Mainstream Core Travelers
129817,0,0,High,Medium,Rising Loyalists
129827,0,0,High,Medium,Rising Loyalists
129914,0,0,High,Medium,Rising Loyalists
129976,0,0,High,Medium,Rising Loyalists
130032,0,1,High,High,Elite Frequent Flyers
130077,0,0,High,Medium,Rising Loyalists
130086,0,0,High,Medium,Rising Loyalists
130179,2,0,Medium,Medium,Mainstream Core Travelers
130208,0,0,High,Medium,Rising Loyalists
130217,0,0,High,Medium,Rising Loyalists
130326,0,0,High,Medium,Rising Loyalists
130331,0,0,High,Medium,Rising Loyalists
130368,0,0,High,Medium,Rising Loyalists
130419,0,0,High,Medium,Rising Loyalists
130439,2,0,Medium,Medium,Mainstream Core Travelers
130446,0,0,High,Medium,Rising Loyalists
130497,2,0,Medium,Medium,Mainstream Core Travelers
130548,0,0,High,Medium,Rising Loyalists
130593,0,0,High,Medium,Rising Loyalists
130823,0,0,High,Medium,Rising Loyalists
130953,0,0,High,Medium,Rising Loyalists
131001,0,0,High,Medium,Rising Loyalists
131036,0,0,High,Medium,Rising Loyalists
131047,0,0,High,Medium,Rising Loyalists
131098,0,0,High,Medium,Rising Loyalists
131228,0,0,High,Medium,Rising Loyalists
131253,0,1,High,High,Elite Frequent Flyers
131257,0,0,High,Medium,Rising Loyalists
131321,0,0,High,Medium,Rising Loyalists
131342,0,0,High,Medium,Rising Loyalists
131463,0,0,High,Medium,Rising Loyalists
131558,0,0,High,Medium,Rising Loyalists
131560,0,0,High,Medium,Rising Loyalists
131637,2,0,Medium,Medium,Mainstream Core Travelers
131673,0,0,High,Medium,Rising Loyalists
131680,0,0,High,Medium,Rising Loyalists
131717,2,1,Medium,High,Loyal Premium Travelers
131721,0,0,High,Medium,Rising Loyalists
131761,0,0,High,Medium,Rising Loyalists
131772,0,1,High,High,Elite Frequent Flyers
131815,0,0,High,Medium,Rising Loyalists
131893,0,0,High,Medium,Rising Loyalists
131956,2,0,Medium,Medium,Mainstream Core Travelers
131990,0,1,High,High,Elite Frequent Flyers
131997,0,0,High,Medium,Rising Loyalists
132045,0,0,High,Medium,Rising Loyalists
132209,0,0,High,Medium,Rising Loyalists
132296,0,0,High,Medium,Rising Loyalists
132319,0,0,High,Medium,Rising Loyalists
132320,0,0,High,Medium,Rising Loyalists
132337,0,0,High,Medium,Rising Loyalists
132552,2,0,Medium,Medium,Mainstream Core Travelers
132563,2,0,Medium,Medium,Mainstream Core Travelers
132592,0,0,High,Medium,Rising Loyalists
132705,0,0,High,Medium,Rising Loyalists
132756,0,0,High,Medium,Rising Loyalists
132774,0,0,High,Medium,Rising Loyalists
132884,0,0,High,Medium,Rising Loyalists
132914,0,0,High,Medium,Rising Loyalists
132928,2,0,Medium,Medium,Mainstream Core Travelers
132935,0,0,High,Medium,Rising Loyalists
133035,0,0,High,Medium,Rising Loyalists
133065,0,0,High,Medium,Rising Loyalists
133066,0,0,High,Medium,Rising Loyalists
133128,0,0,High,Medium,Rising Loyalists
133324,0,0,High,Medium,Rising Loyalists
133429,0,0,High,Medium,Rising Loyalists
133463,2,0,Medium,Medium,Mainstream Core Travelers
133518,0,0,High,Medium,Rising Loyalists
133608,0,0,High,Medium,Rising Loyalists
133698,0,0,High,Medium,Rising Loyalists
133730,0,0,High,Medium,Rising Loyalists
133732,0,0,High,Medium,Rising Loyalists
133821,0,0,High,Medium,Rising Loyalists
133859,0,0,High,Medium,Rising Loyalists
133956,0,0,High,Medium,Rising Loyalists
134000,2,0,Medium,Medium,Mainstream Core Travelers
134012,2,0,Medium,Medium,Mainstream Core Travelers
134085,0,1,High,High,Elite Frequent Flyers
134148,0,0,High,Medium,Rising Loyalists
134180,0,0,High,Medium,Rising Loyalists
134202,0,0,High,Medium,Rising Loyalists
134241,0,0,High,Medium,Rising Loyalists
134273,0,0,High,Medium,Rising Loyalists
134279,2,0,Medium,Medium,Mainstream Core Travelers
134397,0,0,High,Medium,Rising Loyalists
134470,0,0,High,Medium,Rising Loyalists
134717,0,0,High,Medium,Rising Loyalists
134738,0,0,High,Medium,Rising Loyalists
134760,0,0,High,Medium,Rising Loyalists
134827,2,0,Medium,Medium,Mainstream Core Travelers
134847,2,0,Medium,Medium,Mainstream Core Travelers
134857,0,0,High,Medium,Rising Loyalists
135016,0,0,High,Medium,Rising Loyalists
135076,0,0,High,Medium,Rising Loyalists
135134,0,0,High,Medium,Rising Loyalists
135250,0,0,High,Medium,Rising Loyalists
135257,2,0,Medium,Medium,Mainstream Core Travelers
135279,2,0,Medium,Medium,Mainstream Core Travelers
135312,0,0,High,Medium,Rising Loyalists
135381,0,0,High,Medium,Rising Loyalists
135382,0,0,High,Medium,Rising Loyalists
135392,0,0,High,Medium,Rising Loyalists
135421,0,0,High,Medium,Rising Loyalists
135554,0,0,High,Medium,Rising Loyalists
135574,0,0,High,Medium,Rising Loyalists
135578,0,0,High,Medium,Rising Loyalists
135635,2,0,Medium,Medium,Mainstream Core Travelers
135808,0,0,High,Medium,Rising Loyalists
135841,0,0,High,Medium,Rising Loyalists
135872,2,0,Medium,Medium,Mainstream Core Travelers
135878,2,0,Medium,Medium,Mainstream Core Travelers
135977,0,0,High,Medium,Rising Loyalists
136020,0,0,High,Medium,Rising Loyalists
136022,0,0,High,Medium,Rising Loyalists
136049,2,0,Medium,Medium,Mainstream Core Travelers
136065,2,0,Medium,Medium,Mainstream Core Travelers
136089,0,0,High,Medium,Rising Loyalists
136106,0,0,High,Medium,Rising Loyalists
136121,0,1,High,High,Elite Frequent Flyers
136169,0,0,High,Medium,Rising Loyalists
136230,0,0,High,Medium,Rising Loyalists
136232,0,0,High,Medium,Rising Loyalists
136334,0,0,High,Medium,Rising Loyalists
136345,2,1,Medium,High,Loyal Premium Travelers
136430,0,0,High,Medium,Rising Loyalists
136464,2,0,Medium,Medium,Mainstream Core Travelers
136470,0,0,High,Medium,Rising Loyalists
136473,2,0,Medium,Medium,Mainstream Core Travelers
136516,0,0,High,Medium,Rising Loyalists
136547,0,0,High,Medium,Rising Loyalists
136608,0,0,High,Medium,Rising Loyalists
136637,0,0,High,Medium,Rising Loyalists
136715,0,0,High,Medium,Rising Loyalists
136772,2,0,Medium,Medium,Mainstream Core Travelers
136879,2,0,Medium,Medium,Mainstream Core Travelers
136906,0,0,High,Medium,Rising Loyalists
137020,2,0,Medium,Medium,Mainstream Core Travelers
137040,0,0,High,Medium,Rising Loyalists
137106,0,0,High,Medium,Rising Loyalists
137161,2,0,Medium,Medium,Mainstream Core Travelers
137185,0,0,High,Medium,Rising Loyalists
137209,2,0,Medium,Medium,Mainstream Core Travelers
137227,0,0,High,Medium,Rising Loyalists
137251,2,0,Medium,Medium,Mainstream Core Travelers
137383,2,1,Medium,High,Loyal Premium Travelers
137529,0,1,High,High,Elite Frequent Flyers
137646,0,0,High,Medium,Rising Loyalists
137744,2,0,Medium,Medium,Mainstream Core Travelers
137751,0,0,High,Medium,Rising Loyalists
137845,0,0,High,Medium,Rising Loyalists
137850,0,1,High,High,Elite Frequent Flyers
137852,0,0,High,Medium,Rising Loyalists
137858,2,0,Medium,Medium,Mainstream Core Travelers
137944,0,0,High,Medium,Rising Loyalists
137952,0,0,High,Medium,Rising Loyalists
137968,2,0,Medium,Medium,Mainstream Core Travelers
137973,2,0,Medium,Medium,Mainstream Core Travelers
137985,0,0,High,Medium,Rising Loyalists
137999,0,0,High,Medium,Rising Loyalists
138025,2,0,Medium,Medium,Mainstream Core Travelers
138065,2,0,Medium,Medium,Mainstream Core Travelers
138121,0,0,High,Medium,Rising Loyalists
138204,0,0,High,Medium,Rising Loyalists
138369,0,0,High,Medium,Rising Loyalists
138421,0,1,High,High,Elite Frequent Flyers
138449,2,0,Medium,Medium,Mainstream Core Travelers
138475,0,0,High,Medium,Rising Loyalists
138565,0,0,High,Medium,Rising Loyalists
138653,2,0,Medium,Medium,Mainstream Core Travelers
138737,0,0,High,Medium,Rising Loyalists
138746,0,0,High,Medium,Rising Loyalists
138759,2,0,Medium,Medium,Mainstream Core Travelers
138768,0,0,High,Medium,Rising Loyalists
138777,2,1,Medium,High,Loyal Premium Travelers
138810,2,0,Medium,Medium,Mainstream Core Travelers
138853,2,0,Medium,Medium,Mainstream Core Travelers
138873,2,0,Medium,Medium,Mainstream Core Travelers
138894,0,0,High,Medium,Rising Loyalists
138896,0,0,High,Medium,Rising Loyalists
138908,0,0,High,Medium,Rising Loyalists
138981,0,0,High,Medium,Rising Loyalists
138993,0,0,High,Medium,Rising Loyalists
139022,2,0,Medium,Medium,Mainstream Core Travelers
139023,2,0,Medium,Medium,Mainstream Core Travelers
139087,0,1,High,High,Elite Frequent Flyers
139135,0,0,High,Medium,Rising Loyalists
139270,2,1,Medium,High,Loyal Premium Travelers
139356,2,1,Medium,High,Loyal Premium Travelers
139479,2,0,Medium,Medium,Mainstream Core Travelers
139511,0,0,High,Medium,Rising Loyalists
139518,0,0,High,Medium,Rising Loyalists
139532,0,0,High,Medium,Rising Loyalists
139600,2,0,Medium,Medium,Mainstream Core Travelers
139682,2,0,Medium,Medium,Mainstream Core Travelers
139699,2,1,Medium,High,Loyal Premium Travelers
139863,0,0,High,Medium,Rising Loyalists
139932,0,0,High,Medium,Rising Loyalists
139974,2,0,Medium,Medium,Mainstream Core Travelers
140005,0,0,High,Medium,Rising Loyalists
140042,2,0,Medium,Medium,Mainstream Core Travelers
140077,2,0,Medium,Medium,Mainstream Core Travelers
140079,0,0,High,Medium,Rising Loyalists
140130,0,1,High,High,Elite Frequent Flyers
140191,0,0,High,Medium,Rising Loyalists
140208,0,0,High,Medium,Rising Loyalists
140223,2,1,Medium,High,Loyal Premium Travelers
140290,0,0,High,Medium,Rising Loyalists
140375,2,0,Medium,Medium,Mainstream Core Travelers
140381,0,0,High,Medium,Rising Loyalists
140391,0,0,High,Medium,Rising Loyalists
140392,0,0,High,Medium,Rising Loyalists
140419,0,0,High,Medium,Rising Loyalists
140483,0,0,High,Medium,Rising Loyalists
140534,0,0,High,Medium,Rising Loyalists
140598,0,0,High,Medium,Rising Loyalists
140674,0,0,High,Medium,Rising Loyalists
140735,2,1,Medium,High,Loyal Premium Travelers
140750,0,0,High,Medium,Rising Loyalists
140768,0,0,High,Medium,Rising Loyalists
140769,2,1,Medium,High,Loyal Premium Travelers
140823,0,0,High,Medium,Rising Loyalists
140891,0,0,High,Medium,Rising Loyalists
140977,0,0,High,Medium,Rising Loyalists
141023,0,0,High,Medium,Rising Loyalists
141043,2,0,Medium,Medium,Mainstream Core Travelers
141047,0,0,High,Medium,Rising Loyalists
141139,0,0,High,Medium,Rising Loyalists
141181,0,0,High,Medium,Rising Loyalists
141233,0,0,High,Medium,Rising Loyalists
141266,0,0,High,Medium,Rising Loyalists
141456,2,0,Medium,Medium,Mainstream Core Travelers
141497,2,0,Medium,Medium,Mainstream Core Travelers
141614,0,0,High,Medium,Rising Loyalists
141655,0,0,High,Medium,Rising Loyalists
141703,0,0,High,Medium,Rising Loyalists
141742,0,0,High,Medium,Rising Loyalists
141844,0,0,High,Medium,Rising Loyalists
141877,0,0,High,Medium,Rising Loyalists
141945,0,0,High,Medium,Rising Loyalists
142122,2,0,Medium,Medium,Mainstream Core Travelers
142190,0,0,High,Medium,Rising Loyalists
142224,0,0,High,Medium,Rising Loyalists
142290,0,0,High,Medium,Rising Loyalists
142354,0,0,High,Medium,Rising Loyalists
142371,0,0,High,Medium,Rising Loyalists
142434,2,0,Medium,Medium,Mainstream Core Travelers
142511,0,0,High,Medium,Rising Loyalists
142545,0,0,High,Medium,Rising Loyalists
142609,2,0,Medium,Medium,Mainstream Core Travelers
142621,0,1,High,High,Elite Frequent Flyers
142649,2,0,Medium,Medium,Mainstream Core Travelers
142686,0,0,High,Medium,Rising Loyalists
142715,0,0,High,Medium,Rising Loyalists
142717,0,0,High,Medium,Rising Loyalists
142726,2,0,Medium,Medium,Mainstream Core Travelers
142749,0,0,High,Medium,Rising Loyalists
142763,2,0,Medium,Medium,Mainstream Core Travelers
142800,2,0,Medium,Medium,Mainstream Core Travelers
142812,0,0,High,Medium,Rising Loyalists
142855,0,0,High,Medium,Rising Loyalists
142906,0,0,High,Medium,Rising Loyalists
142925,2,0,Medium,Medium,Mainstream Core Travelers
142950,0,0,High,Medium,Rising Loyalists
143087,0,0,High,Medium,Rising Loyalists
143151,0,1,High,High,Elite Frequent Flyers
143266,0,0,High,Medium,Rising Loyalists
143389,0,0,High,Medium,Rising Loyalists
143422,0,0,High,Medium,Rising Loyalists
143730,0,0,High,Medium,Rising Loyalists
143784,0,0,High,Medium,Rising Loyalists
143981,0,0,High,Medium,Rising Loyalists
144261,2,0,Medium,Medium,Mainstream Core Travelers
144301,2,0,Medium,Medium,Mainstream Core Travelers
144328,0,0,High,Medium,Rising Loyalists
144355,0,0,High,Medium,Rising Loyalists
144402,0,0,High,Medium,Rising Loyalists
144514,0,0,High,Medium,Rising Loyalists
144523,0,0,High,Medium,Rising Loyalists
144565,0,0,High,Medium,Rising Loyalists
144593,0,0,High,Medium,Rising Loyalists
144615,0,1,High,High,Elite Frequent Flyers
144633,0,0,High,Medium,Rising Loyalists
144641,2,0,Medium,Medium,Mainstream Core Travelers
144695,2,0,Medium,Medium,Mainstream Core Travelers
144702,2,0,Medium,Medium,Mainstream Core Travelers
144756,0,0,High,Medium,Rising Loyalists
144830,0,0,High,Medium,Rising Loyalists
144879,0,0,High,Medium,Rising Loyalists
144936,2,0,Medium,Medium,Mainstream Core Travelers
144977,0,0,High,Medium,Rising Loyalists
145017,2,1,Medium,High,Loyal Premium Travelers
145177,0,0,High,Medium,Rising Loyalists
145192,2,0,Medium,Medium,Mainstream Core Travelers
145193,2,0,Medium,Medium,Mainstream Core Travelers
145220,0,0,High,Medium,Rising Loyalists
145292,2,1,Medium,High,Loyal Premium Travelers
145322,0,0,High,Medium,Rising Loyalists
145323,0,1,High,High,Elite Frequent Flyers
145449,2,0,Medium,Medium,Mainstream Core Travelers
145480,0,0,High,Medium,Rising Loyalists
145542,2,0,Medium,Medium,Mainstream Core Travelers
145552,0,0,High,Medium,Rising Loyalists
145688,2,0,Medium,Medium,Mainstream Core Travelers
145988,0,0,High,Medium,Rising Loyalists
146028,0,0,High,Medium,Rising Loyalists
146037,0,0,High,Medium,Rising Loyalists
146067,0,0,High,Medium,Rising Loyalists
146086,0,0,High,Medium,Rising Loyalists
146090,2,0,Medium,Medium,Mainstream Core Travelers
146099,2,0,Medium,Medium,Mainstream Core Travelers
146215,0,0,High,Medium,Rising Loyalists
146354,2,0,Medium,Medium,Mainstream Core Travelers
146400,0,0,High,Medium,Rising Loyalists
146527,0,0,High,Medium,Rising Loyalists
146560,2,0,Medium,Medium,Mainstream Core Travelers
146572,2,0,Medium,Medium,Mainstream Core Travelers
146702,0,0,High,Medium,Rising Loyalists
146760,0,0,High,Medium,Rising Loyalists
146839,0,0,High,Medium,Rising Loyalists
147064,0,0,High,Medium,Rising Loyalists
147241,0,0,High,Medium,Rising Loyalists
147272,0,0,High,Medium,Rising Loyalists
147408,2,0,Medium,Medium,Mainstream Core Travelers
147602,0,0,High,Medium,Rising Loyalists
147700,0,0,High,Medium,Rising Loyalists
147754,0,0,High,Medium,Rising Loyalists
147891,0,0,High,Medium,Rising Loyalists
147898,0,0,High,Medium,Rising Loyalists
147986,2,0,Medium,Medium,Mainstream Core Travelers
148111,2,0,Medium,Medium,Mainstream Core Travelers
148201,0,0,High,Medium,Rising Loyalists
148208,0,0,High,Medium,Rising Loyalists
148216,2,0,Medium,Medium,Mainstream Core Travelers
148234,0,0,High,Medium,Rising Loyalists
148258,0,0,High,Medium,Rising Loyalists
148289,2,0,Medium,Medium,Mainstream Core Travelers
148299,0,0,High,Medium,Rising Loyalists
148322,0,0,High,Medium,Rising Loyalists
148368,0,0,High,Medium,Rising Loyalists
148381,0,0,High,Medium,Rising Loyalists
148382,2,0,Medium,Medium,Mainstream Core Travelers
148453,2,0,Medium,Medium,Mainstream Core Travelers
148486,0,0,High,Medium,Rising Loyalists
148487,0,0,High,Medium,Rising Loyalists
148570,2,0,Medium,Medium,Mainstream Core Travelers
148612,0,0,High,Medium,Rising Loyalists
148677,2,1,Medium,High,Loyal Premium Travelers
148690,0,0,High,Medium,Rising Loyalists
148749,2,0,Medium,Medium,Mainstream Core Travelers
148753,0,0,High,Medium,Rising Loyalists
148766,2,1,Medium,High,Loyal Premium Travelers
148767,0,0,High,Medium,Rising Loyalists
148810,2,1,Medium,High,Loyal Premium Travelers
148865,2,0,Medium,Medium,Mainstream Core Travelers
148942,0,0,High,Medium,Rising Loyalists
148982,2,0,Medium,Medium,Mainstream Core Travelers
149174,2,0,Medium,Medium,Mainstream Core Travelers
149225,0,0,High,Medium,Rising Loyalists
149318,0,0,High,Medium,Rising Loyalists
149348,0,1,High,High,Elite Frequent Flyers
149426,0,0,High,Medium,Rising Loyalists
149430,2,0,Medium,Medium,Mainstream Core Travelers
149462,0,0,High,Medium,Rising Loyalists
149542,2,0,Medium,Medium,Mainstream Core Travelers
149549,0,0,High,Medium,Rising Loyalists
149655,2,0,Medium,Medium,Mainstream Core Travelers
149782,0,0,High,Medium,Rising Loyalists
149841,2,1,Medium,High,Loyal Premium Travelers
149846,0,0,High,Medium,Rising Loyalists
149884,0,0,High,Medium,Rising Loyalists
149912,2,0,Medium,Medium,Mainstream Core Travelers
149981,2,0,Medium,Medium,Mainstream Core Travelers
149993,0,1,High,High,Elite Frequent Flyers
150004,0,0,High,Medium,Rising Loyalists
150074,0,0,High,Medium,Rising Loyalists
150134,0,0,High,Medium,Rising Loyalists
150141,2,0,Medium,Medium,Mainstream Core Travelers
150233,2,1,Medium,High,Loyal Premium Travelers
150253,0,0,High,Medium,Rising Loyalists
150291,0,0,High,Medium,Rising Loyalists
150301,0,1,High,High,Elite Frequent Flyers
150383,2,0,Medium,Medium,Mainstream Core Travelers
150596,2,0,Medium,Medium,Mainstream Core Travelers
150656,2,0,Medium,Medium,Mainstream Core Travelers
150671,2,0,Medium,Medium,Mainstream Core Travelers
150751,2,0,Medium,Medium,Mainstream Core Travelers
150754,0,0,High,Medium,Rising Loyalists
150767,0,0,High,Medium,Rising Loyalists
150883,0,0,High,Medium,Rising Loyalists
150909,0,0,High,Medium,Rising Loyalists
151010,2,0,Medium,Medium,Mainstream Core Travelers
151030,0,0,High,Medium,Rising Loyalists
151036,2,0,Medium,Medium,Mainstream Core Travelers
151183,0,0,High,Medium,Rising Loyalists
151327,0,0,High,Medium,Rising Loyalists
151399,0,0,High,Medium,Rising Loyalists
151554,0,0,High,Medium,Rising Loyalists
151571,2,0,Medium,Medium,Mainstream Core Travelers
151627,0,0,High,Medium,Rising Loyalists
151655,0,0,High,Medium,Rising Loyalists
151967,2,0,Medium,Medium,Mainstream Core Travelers
152007,2,0,Medium,Medium,Mainstream Core Travelers
152014,0,0,High,Medium,Rising Loyalists
152016,2,0,Medium,Medium,Mainstream Core Travelers
152139,0,0,High,Medium,Rising Loyalists
152148,0,0,High,Medium,Rising Loyalists
152276,0,0,High,Medium,Rising Loyalists
152305,0,0,High,Medium,Rising Loyalists
152307,2,0,Medium,Medium,Mainstream Core Travelers
152338,0,0,High,Medium,Rising Loyalists
152355,0,0,High,Medium,Rising Loyalists
152406,0,0,High,Medium,Rising Loyalists
152423,0,0,High,Medium,Rising Loyalists
152499,2,0,Medium,Medium,Mainstream Core Travelers
152681,0,0,High,Medium,Rising Loyalists
152685,2,1,Medium,High,Loyal Premium Travelers
152740,2,0,Medium,Medium,Mainstream Core Travelers
152778,0,0,High,Medium,Rising Loyalists
152936,2,0,Medium,Medium,Mainstream Core Travelers
153003,0,0,High,Medium,Rising Loyalists
153072,0,0,High,Medium,Rising Loyalists
153075,2,1,Medium,High,Loyal Premium Travelers
153146,0,0,High,Medium,Rising Loyalists
153193,0,0,High,Medium,Rising Loyalists
153261,0,0,High,Medium,Rising Loyalists
153395,0,1,High,High,Elite Frequent Flyers
153439,2,0,Medium,Medium,Mainstream Core Travelers
153462,2,0,Medium,Medium,Mainstream Core Travelers
153582,2,0,Medium,Medium,Mainstream Core Travelers
153586,0,0,High,Medium,Rising Loyalists
153600,0,0,High,Medium,Rising Loyalists
153626,0,0,High,Medium,Rising Loyalists
153645,2,0,Medium,Medium,Mainstream Core Travelers
153656,2,0,Medium,Medium,Mainstream Core Travelers
153760,2,0,Medium,Medium,Mainstream Core Travelers
153884,0,0,High,Medium,Rising Loyalists
153953,2,0,Medium,Medium,Mainstream Core Travelers
153968,2,0,Medium,Medium,Mainstream Core Travelers
153987,2,0,Medium,Medium,Mainstream Core Travelers
153998,0,0,High,Medium,Rising Loyalists
154136,2,0,Medium,Medium,Mainstream Core Travelers
154172,0,0,High,Medium,Rising Loyalists
154173,2,0,Medium,Medium,Mainstream Core Travelers
154175,0,0,High,Medium,Rising Loyalists
154194,2,0,Medium,Medium,Mainstream Core Travelers
154230,0,0,High,Medium,Rising Loyalists
154480,0,0,High,Medium,Rising Loyalists
154606,0,0,High,Medium,Rising Loyalists
154643,0,0,High,Medium,Rising Loyalists
154644,0,0,High,Medium,Rising Loyalists
154652,0,0,High,Medium,Rising Loyalists
154680,0,0,High,Medium,Rising Loyalists
154726,2,0,Medium,Medium,Mainstream Core Travelers
154736,0,0,High,Medium,Rising Loyalists
154782,2,0,Medium,Medium,Mainstream Core Travelers
154855,2,0,Medium,Medium,Mainstream Core Travelers
154864,0,0,High,Medium,Rising Loyalists
154868,2,0,Medium,Medium,Mainstream Core Travelers
154889,2,0,Medium,Medium,Mainstream Core Travelers
154958,2,0,Medium,Medium,Mainstream Core Travelers
154981,0,1,High,High,Elite Frequent Flyers
155020,2,0,Medium,Medium,Mainstream Core Travelers
155118,0,1,High,High,Elite Frequent Flyers
155253,2,0,Medium,Medium,Mainstream Core Travelers
155348,2,1,Medium,High,Loyal Premium Travelers
155354,0,0,High,Medium,Rising Loyalists
155374,0,0,High,Medium,Rising Loyalists
155488,0,0,High,Medium,Rising Loyalists
155623,2,1,Medium,High,Loyal Premium Travelers
155654,0,0,High,Medium,Rising Loyalists
155763,0,0,High,Medium,Rising Loyalists
155791,0,0,High,Medium,Rising Loyalists
155795,0,0,High,Medium,Rising Loyalists
155820,0,0,High,Medium,Rising Loyalists
155964,0,0,High,Medium,Rising Loyalists
155965,2,0,Medium,Medium,Mainstream Core Travelers
156031,2,0,Medium,Medium,Mainstream Core Travelers
156071,2,0,Medium,Medium,Mainstream Core Travelers
156138,0,0,High,Medium,Rising Loyalists
156305,0,0,High,Medium,Rising Loyalists
156313,0,0,High,Medium,Rising Loyalists
156355,0,0,High,Medium,Rising Loyalists
156457,0,0,High,Medium,Rising Loyalists
156666,2,0,Medium,Medium,Mainstream Core Travelers
156673,0,0,High,Medium,Rising Loyalists
156684,0,0,High,Medium,Rising Loyalists
156730,2,0,Medium,Medium,Mainstream Core Travelers
156750,0,0,High,Medium,Rising Loyalists
156868,0,1,High,High,Elite Frequent Flyers
156870,2,0,Medium,Medium,Mainstream Core Travelers
156879,2,0,Medium,Medium,Mainstream Core Travelers
156945,2,0,Medium,Medium,Mainstream Core Travelers
156948,0,0,High,Medium,Rising Loyalists
156959,0,0,High,Medium,Rising Loyalists
156980,2,0,Medium,Medium,Mainstream Core Travelers
157005,0,0,High,Medium,Rising Loyalists
157092,0,0,High,Medium,Rising Loyalists
157200,0,0,High,Medium,Rising Loyalists
157212,0,0,High,Medium,Rising Loyalists
157300,2,0,Medium,Medium,Mainstream Core Travelers
157566,1,0,Low,Medium,Value Fading
157672,0,0,High,Medium,Rising Loyalists
157674,0,0,High,Medium,Rising Loyalists
157704,0,0,High,Medium,Rising Loyalists
157712,0,0,High,Medium,Rising Loyalists
157729,2,0,Medium,Medium,Mainstream Core Travelers
157731,0,0,High,Medium,Rising Loyalists
157751,0,1,High,High,Elite Frequent Flyers
157766,0,0,High,Medium,Rising Loyalists
157771,2,0,Medium,Medium,Mainstream Core Travelers
157816,0,0,High,Medium,Rising Loyalists
157879,0,0,High,Medium,Rising Loyalists
157902,2,0,Medium,Medium,Mainstream Core Travelers
157911,0,0,High,Medium,Rising Loyalists
157971,2,0,Medium,Medium,Mainstream Core Travelers
158113,0,0,High,Medium,Rising Loyalists
158314,0,0,High,Medium,Rising Loyalists
158400,0,0,High,Medium,Rising Loyalists
158401,2,0,Medium,Medium,Mainstream Core Travelers
158508,0,0,High,Medium,Rising Loyalists
158560,0,0,High,Medium,Rising Loyalists
158680,0,0,High,Medium,Rising Loyalists
158901,0,0,High,Medium,Rising Loyalists
158969,0,1,High,High,Elite Frequent Flyers
158995,2,0,Medium,Medium,Mainstream Core Travelers
159227,0,0,High,Medium,Rising Loyalists
159233,0,0,High,Medium,Rising Loyalists
159272,0,0,High,Medium,Rising Loyalists
159275,0,0,High,Medium,Rising Loyalists
159344,0,0,High,Medium,Rising Loyalists
159351,0,0,High,Medium,Rising Loyalists
159359,2,0,Medium,Medium,Mainstream Core Travelers
159397,0,0,High,Medium,Rising Loyalists
159486,2,0,Medium,Medium,Mainstream Core Travelers
159500,0,0,High,Medium,Rising Loyalists
159525,0,0,High,Medium,Rising Loyalists
159531,0,0,High,Medium,Rising Loyalists
159533,2,0,Medium,Medium,Mainstream Core Travelers
159608,0,0,High,Medium,Rising Loyalists
159680,0,0,High,Medium,Rising Loyalists
159688,0,0,High,Medium,Rising Loyalists
159745,0,1,High,High,Elite Frequent Flyers
159751,0,0,High,Medium,Rising Loyalists
159800,0,0,High,Medium,Rising Loyalists
159856,0,0,High,Medium,Rising Loyalists
159942,0,0,High,Medium,Rising Loyalists
159960,0,0,High,Medium,Rising Loyalists
160135,0,0,High,Medium,Rising Loyalists
160143,0,0,High,Medium,Rising Loyalists
160154,0,0,High,Medium,Rising Loyalists
160181,0,0,High,Medium,Rising Loyalists
160203,0,1,High,High,Elite Frequent Flyers
160250,0,0,High,Medium,Rising Loyalists
160266,2,0,Medium,Medium,Mainstream Core Travelers
160320,0,0,High,Medium,Rising Loyalists
160471,2,0,Medium,Medium,Mainstream Core Travelers
160640,0,1,High,High,Elite Frequent Flyers
160686,0,0,High,Medium,Rising Loyalists
160707,0,0,High,Medium,Rising Loyalists
160740,0,0,High,Medium,Rising Loyalists
160773,0,0,High,Medium,Rising Loyalists
160779,2,1,Medium,High,Loyal Premium Travelers
160905,0,1,High,High,Elite Frequent Flyers
160927,0,0,High,Medium,Rising Loyalists
160993,0,0,High,Medium,Rising Loyalists
161045,0,0,High,Medium,Rising Loyalists
161103,0,0,High,Medium,Rising Loyalists
161180,0,0,High,Medium,Rising Loyalists
161241,0,0,High,Medium,Rising Loyalists
161276,0,0,High,Medium,Rising Loyalists
161338,0,0,High,Medium,Rising Loyalists
161373,2,0,Medium,Medium,Mainstream Core Travelers
161414,0,0,High,Medium,Rising Loyalists
161415,0,0,High,Medium,Rising Loyalists
161437,0,0,High,Medium,Rising Loyalists
161525,2,0,Medium,Medium,Mainstream Core Travelers
161546,2,1,Medium,High,Loyal Premium Travelers
161557,2,0,Medium,Medium,Mainstream Core Travelers
161574,0,0,High,Medium,Rising Loyalists
161650,2,0,Medium,Medium,Mainstream Core Travelers
161728,2,0,Medium,Medium,Mainstream Core Travelers
161766,0,0,High,Medium,Rising Loyalists
161769,0,0,High,Medium,Rising Loyalists
161774,2,0,Medium,Medium,Mainstream Core Travelers
161780,2,0,Medium,Medium,Mainstream Core Travelers
161956,2,0,Medium,Medium,Mainstream Core Travelers
162013,0,0,High,Medium,Rising Loyalists
162155,2,1,Medium,High,Loyal Premium Travelers
162166,0,0,High,Medium,Rising Loyalists
162167,0,0,High,Medium,Rising Loyalists
162180,0,0,High,Medium,Rising Loyalists
162420,0,0,High,Medium,Rising Loyalists
162456,0,0,High,Medium,Rising Loyalists
162472,2,0,Medium,Medium,Mainstream Core Travelers
162485,2,0,Medium,Medium,Mainstream Core Travelers
162489,0,0,High,Medium,Rising Loyalists
162496,0,0,High,Medium,Rising Loyalists
162568,2,0,Medium,Medium,Mainstream Core Travelers
162658,0,0,High,Medium,Rising Loyalists
163002,0,0,High,Medium,Rising Loyalists
163058,0,0,High,Medium,Rising Loyalists
163083,0,0,High,Medium,Rising Loyalists
163137,2,1,Medium,High,Loyal Premium Travelers
163260,0,0,High,Medium,Rising Loyalists
163301,2,0,Medium,Medium,Mainstream Core Travelers
163388,0,0,High,Medium,Rising Loyalists
163405,2,1,Medium,High,Loyal Premium Travelers
163445,2,0,Medium,Medium,Mainstream Core Travelers
163481,2,0,Medium,Medium,Mainstream Core Travelers
163598,0,0,High,Medium,Rising Loyalists
163608,0,0,High,Medium,Rising Loyalists
163615,0,0,High,Medium,Rising Loyalists
163639,0,0,High,Medium,Rising Loyalists
163645,0,0,High,Medium,Rising Loyalists
163723,2,1,Medium,High,Loyal Premium Travelers
163757,0,0,High,Medium,Rising Loyalists
163776,0,0,High,Medium,Rising Loyalists
163970,0,0,High,Medium,Rising Loyalists
164013,0,0,High,Medium,Rising Loyalists
164017,2,0,Medium,Medium,Mainstream Core Travelers
164034,0,0,High,Medium,Rising Loyalists
164064,2,0,Medium,Medium,Mainstream Core Travelers
164094,2,0,Medium,Medium,Mainstream Core Travelers
164192,0,0,High,Medium,Rising Loyalists
164211,2,0,Medium,Medium,Mainstream Core Travelers
164224,2,0,Medium,Medium,Mainstream Core Travelers
164226,0,0,High,Medium,Rising Loyalists
164298,2,0,Medium,Medium,Mainstream Core Travelers
164313,0,0,High,Medium,Rising Loyalists
164363,0,0,High,Medium,Rising Loyalists
164374,0,0,High,Medium,Rising Loyalists
164388,0,0,High,Medium,Rising Loyalists
164429,0,0,High,Medium,Rising Loyalists
164500,2,0,Medium,Medium,Mainstream Core Travelers
164512,0,0,High,Medium,Rising Loyalists
164559,2,0,Medium,Medium,Mainstream Core Travelers
164657,0,0,High,Medium,Rising Loyalists
164743,0,0,High,Medium,Rising Loyalists
164794,2,0,Medium,Medium,Mainstream Core Travelers
164947,0,1,High,High,Elite Frequent Flyers
164973,0,0,High,Medium,Rising Loyalists
164983,0,1,High,High,Elite Frequent Flyers
165019,0,0,High,Medium,Rising Loyalists
165022,2,0,Medium,Medium,Mainstream Core Travelers
165056,0,0,High,Medium,Rising Loyalists
165138,0,0,High,Medium,Rising Loyalists
165188,0,1,High,High,Elite Frequent Flyers
165224,2,0,Medium,Medium,Mainstream Core Travelers
165260,0,0,High,Medium,Rising Loyalists
165265,0,0,High,Medium,Rising Loyalists
165339,2,0,Medium,Medium,Mainstream Core Travelers
165443,0,0,High,Medium,Rising Loyalists
165484,0,0,High,Medium,Rising Loyalists
165550,0,0,High,Medium,Rising Loyalists
165554,0,0,High,Medium,Rising Loyalists
165596,0,0,High,Medium,Rising Loyalists
165742,0,0,High,Medium,Rising Loyalists
165759,0,0,High,Medium,Rising Loyalists
165827,0,0,High,Medium,Rising Loyalists
165893,0,0,High,Medium,Rising Loyalists
165900,0,0,High,Medium,Rising Loyalists
166011,2,0,Medium,Medium,Mainstream Core Travelers
166037,0,0,High,Medium,Rising Loyalists
166110,2,0,Medium,Medium,Mainstream Core Travelers
166175,0,0,High,Medium,Rising Loyalists
166239,0,0,High,Medium,Rising Loyalists
166273,2,1,Medium,High,Loyal Premium Travelers
166333,0,0,High,Medium,Rising Loyalists
166475,0,0,High,Medium,Rising Loyalists
166535,0,0,High,Medium,Rising Loyalists
166537,0,0,High,Medium,Rising Loyalists
166577,0,0,High,Medium,Rising Loyalists
166677,2,0,Medium,Medium,Mainstream Core Travelers
166693,0,0,High,Medium,Rising Loyalists
166705,0,0,High,Medium,Rising Loyalists
166712,0,0,High,Medium,Rising Loyalists
166825,2,0,Medium,Medium,Mainstream Core Travelers
166829,2,0,Medium,Medium,Mainstream Core Travelers
166846,0,1,High,High,Elite Frequent Flyers
166865,0,0,High,Medium,Rising Loyalists
166911,0,0,High,Medium,Rising Loyalists
166938,0,0,High,Medium,Rising Loyalists
166953,0,0,High,Medium,Rising Loyalists
166955,0,0,High,Medium,Rising Loyalists
166966,0,1,High,High,Elite Frequent Flyers
167001,2,0,Medium,Medium,Mainstream Core Travelers
167016,0,0,High,Medium,Rising Loyalists
167026,0,0,High,Medium,Rising Loyalists
167062,0,0,High,Medium,Rising Loyalists
167177,2,0,Medium,Medium,Mainstream Core Travelers
167219,2,0,Medium,Medium,Mainstream Core Travelers
167257,0,1,High,High,Elite Frequent Flyers
167335,0,0,High,Medium,Rising Loyalists
167363,0,0,High,Medium,Rising Loyalists
167465,0,0,High,Medium,Rising Loyalists
167491,2,1,Medium,High,Loyal Premium Travelers
167515,0,0,High,Medium,Rising Loyalists
167569,2,0,Medium,Medium,Mainstream Core Travelers
167575,2,0,Medium,Medium,Mainstream Core Travelers
167578,0,0,High,Medium,Rising Loyalists
167587,0,0,High,Medium,Rising Loyalists
167660,0,0,High,Medium,Rising Loyalists
167670,2,0,Medium,Medium,Mainstream Core Travelers
167795,0,0,High,Medium,Rising Loyalists
167879,0,0,High,Medium,Rising Loyalists
167933,0,0,High,Medium,Rising Loyalists
168026,0,0,High,Medium,Rising Loyalists
168123,0,0,High,Medium,Rising Loyalists
168160,0,0,High,Medium,Rising Loyalists
168290,0,1,High,High,Elite Frequent Flyers
168302,2,0,Medium,Medium,Mainstream Core Travelers
168316,0,0,High,Medium,Rising Loyalists
168349,0,0,High,Medium,Rising Loyalists
168385,0,0,High,Medium,Rising Loyalists
168418,0,0,High,Medium,Rising Loyalists
168641,2,0,Medium,Medium,Mainstream Core Travelers
168727,2,0,Medium,Medium,Mainstream Core Travelers
168843,0,0,High,Medium,Rising Loyalists
168887,0,0,High,Medium,Rising Loyalists
169054,0,0,High,Medium,Rising Loyalists
169129,0,0,High,Medium,Rising Loyalists
169131,2,0,Medium,Medium,Mainstream Core Travelers
169137,0,0,High,Medium,Rising Loyalists
169247,0,1,High,High,Elite Frequent Flyers
169253,2,0,Medium,Medium,Mainstream Core Travelers
169270,2,0,Medium,Medium,Mainstream Core Travelers
169302,2,0,Medium,Medium,Mainstream Core Travelers
169393,0,0,High,Medium,Rising Loyalists
169418,0,0,High,Medium,Rising Loyalists
169525,0,0,High,Medium,Rising Loyalists
169529,2,0,Medium,Medium,Mainstream Core Travelers
169603,2,0,Medium,Medium,Mainstream Core Travelers
169661,0,0,High,Medium,Rising Loyalists
169665,0,0,High,Medium,Rising Loyalists
169697,0,0,High,Medium,Rising Loyalists
169699,2,0,Medium,Medium,Mainstream Core Travelers
169857,0,0,High,Medium,Rising Loyalists
169865,2,0,Medium,Medium,Mainstream Core Travelers
169932,0,0,High,Medium,Rising Loyalists
169948,0,0,High,Medium,Rising Loyalists
169950,1,0,Low,Medium,Value Fading
170027,0,0,High,Medium,Rising Loyalists
170079,0,0,High,Medium,Rising Loyalists
170091,0,0,High,Medium,Rising Loyalists
170152,2,1,Medium,High,Loyal Premium Travelers
170211,0,0,High,Medium,Rising Loyalists
170232,2,0,Medium,Medium,Mainstream Core Travelers
170311,0,0,High,Medium,Rising Loyalists
170321,0,0,High,Medium,Rising Loyalists
170368,0,0,High,Medium,Rising Loyalists
170404,0,0,High,Medium,Rising Loyalists
170443,0,0,High,Medium,Rising Loyalists
170531,0,0,High,Medium,Rising Loyalists
170534,2,1,Medium,High,Loyal Premium Travelers
170544,0,0,High,Medium,Rising Loyalists
170566,0,0,High,Medium,Rising Loyalists
170585,0,0,High,Medium,Rising Loyalists
170655,2,0,Medium,Medium,Mainstream Core Travelers
170656,0,0,High,Medium,Rising Loyalists
170710,0,0,High,Medium,Rising Loyalists
170791,0,0,High,Medium,Rising Loyalists
170799,0,0,High,Medium,Rising Loyalists
170801,2,0,Medium,Medium,Mainstream Core Travelers
170903,0,0,High,Medium,Rising Loyalists
170965,0,0,High,Medium,Rising Loyalists
170982,2,1,Medium,High,Loyal Premium Travelers
171027,2,0,Medium,Medium,Mainstream Core Travelers
171042,2,0,Medium,Medium,Mainstream Core Travelers
171047,0,0,High,Medium,Rising Loyalists
171137,2,0,Medium,Medium,Mainstream Core Travelers
171192,2,0,Medium,Medium,Mainstream Core Travelers
171257,0,0,High,Medium,Rising Loyalists
171264,0,0,High,Medium,Rising Loyalists
171350,0,1,High,High,Elite Frequent Flyers
171419,0,0,High,Medium,Rising Loyalists
171582,2,0,Medium,Medium,Mainstream Core Travelers
171638,0,1,High,High,Elite Frequent Flyers
171691,2,0,Medium,Medium,Mainstream Core Travelers
171788,2,0,Medium,Medium,Mainstream Core Travelers
171883,0,0,High,Medium,Rising Loyalists
171902,2,0,Medium,Medium,Mainstream Core Travelers
171906,0,0,High,Medium,Rising Loyalists
171908,2,0,Medium,Medium,Mainstream Core Travelers
171937,0,0,High,Medium,Rising Loyalists
172059,0,0,High,Medium,Rising Loyalists
172135,0,0,High,Medium,Rising Loyalists
172162,2,0,Medium,Medium,Mainstream Core Travelers
172200,2,0,Medium,Medium,Mainstream Core Travelers
172233,2,0,Medium,Medium,Mainstream Core Travelers
172259,2,0,Medium,Medium,Mainstream Core Travelers
172284,2,0,Medium,Medium,Mainstream Core Travelers
172345,2,0,Medium,Medium,Mainstream Core Travelers
172348,0,0,High,Medium,Rising Loyalists
172444,0,0,High,Medium,Rising Loyalists
172491,2,0,Medium,Medium,Mainstream Core Travelers
172532,2,0,Medium,Medium,Mainstream Core Travelers
172593,0,0,High,Medium,Rising Loyalists
172610,0,0,High,Medium,Rising Loyalists
172724,2,0,Medium,Medium,Mainstream Core Travelers
172731,2,0,Medium,Medium,Mainstream Core Travelers
172755,2,0,Medium,Medium,Mainstream Core Travelers
172757,0,0,High,Medium,Rising Loyalists
172971,2,0,Medium,Medium,Mainstream Core Travelers
172983,0,0,High,Medium,Rising Loyalists
172987,0,0,High,Medium,Rising Loyalists
173092,0,0,High,Medium,Rising Loyalists
173178,2,0,Medium,Medium,Mainstream Core Travelers
173212,0,0,High,Medium,Rising Loyalists
173227,2,0,Medium,Medium,Mainstream Core Travelers
173235,2,0,Medium,Medium,Mainstream Core Travelers
173252,0,0,High,Medium,Rising Loyalists
173343,0,0,High,Medium,Rising Loyalists
173356,0,0,High,Medium,Rising Loyalists
173398,0,1,High,High,Elite Frequent Flyers
173416,0,0,High,Medium,Rising Loyalists
173446,0,1,High,High,Elite Frequent Flyers
173485,0,0,High,Medium,Rising Loyalists
173506,0,0,High,Medium,Rising Loyalists
173531,2,0,Medium,Medium,Mainstream Core Travelers
173548,0,0,High,Medium,Rising Loyalists
173666,2,0,Medium,Medium,Mainstream Core Travelers
173673,0,1,High,High,Elite Frequent Flyers
173798,0,0,High,Medium,Rising Loyalists
173834,2,0,Medium,Medium,Mainstream Core Travelers
173873,0,0,High,Medium,Rising Loyalists
173884,2,0,Medium,Medium,Mainstream Core Travelers
173938,0,0,High,Medium,Rising Loyalists
174044,0,0,High,Medium,Rising Loyalists
174343,0,0,High,Medium,Rising Loyalists
174439,0,0,High,Medium,Rising Loyalists
174666,2,0,Medium,Medium,Mainstream Core Travelers
174669,2,0,Medium,Medium,Mainstream Core Travelers
174702,2,0,Medium,Medium,Mainstream Core Travelers
174729,0,0,High,Medium,Rising Loyalists
174743,0,0,High,Medium,Rising Loyalists
174803,0,0,High,Medium,Rising Loyalists
174896,2,0,Medium,Medium,Mainstream Core Travelers
174923,0,0,High,Medium,Rising Loyalists
174925,2,1,Medium,High,Loyal Premium Travelers
174996,0,0,High,Medium,Rising Loyalists
175017,0,0,High,Medium,Rising Loyalists
175104,0,0,High,Medium,Rising Loyalists
175169,0,1,High,High,Elite Frequent Flyers
175191,2,0,Medium,Medium,Mainstream Core Travelers
175249,0,0,High,Medium,Rising Loyalists
175285,0,0,High,Medium,Rising Loyalists
175320,0,1,High,High,Elite Frequent Flyers
175342,0,0,High,Medium,Rising Loyalists
175360,0,0,High,Medium,Rising Loyalists
175387,2,0,Medium,Medium,Mainstream Core Travelers
175488,0,0,High,Medium,Rising Loyalists
175528,0,1,High,High,Elite Frequent Flyers
175584,0,0,High,Medium,Rising Loyalists
175711,0,0,High,Medium,Rising Loyalists
175804,0,0,High,Medium,Rising Loyalists
175814,0,0,High,Medium,Rising Loyalists
175832,2,0,Medium,Medium,Mainstream Core Travelers
175902,2,0,Medium,Medium,Mainstream Core Travelers
175954,0,1,High,High,Elite Frequent Flyers
175967,0,0,High,Medium,Rising Loyalists
176115,0,0,High,Medium,Rising Loyalists
176142,2,0,Medium,Medium,Mainstream Core Travelers
176166,0,0,High,Medium,Rising Loyalists
176278,0,0,High,Medium,Rising Loyalists
176284,0,0,High,Medium,Rising Loyalists
176359,0,0,High,Medium,Rising Loyalists
176379,2,0,Medium,Medium,Mainstream Core Travelers
176480,0,0,High,Medium,Rising Loyalists
176521,2,0,Medium,Medium,Mainstream Core Travelers
176599,0,0,High,Medium,Rising Loyalists
176611,2,0,Medium,Medium,Mainstream Core Travelers
176688,0,0,High,Medium,Rising Loyalists
176848,2,0,Medium,Medium,Mainstream Core Travelers
176885,2,0,Medium,Medium,Mainstream Core Travelers
177029,2,0,Medium,Medium,Mainstream Core Travelers
177146,0,0,High,Medium,Rising Loyalists
177199,2,0,Medium,Medium,Mainstream Core Travelers
177345,2,0,Medium,Medium,Mainstream Core Travelers
177457,0,0,High,Medium,Rising Loyalists
177483,0,0,High,Medium,Rising Loyalists
177518,0,0,High,Medium,Rising Loyalists
177583,2,0,Medium,Medium,Mainstream Core Travelers
177598,0,0,High,Medium,Rising Loyalists
177677,2,0,Medium,Medium,Mainstream Core Travelers
177700,0,0,High,Medium,Rising Loyalists
177713,0,0,High,Medium,Rising Loyalists
177814,2,0,Medium,Medium,Mainstream Core Travelers
177962,0,0,High,Medium,Rising Loyalists
177993,0,0,High,Medium,Rising Loyalists
178036,0,0,High,Medium,Rising Loyalists
178077,0,0,High,Medium,Rising Loyalists
178081,2,0,Medium,Medium,Mainstream Core Travelers
178157,2,0,Medium,Medium,Mainstream Core Travelers
178160,0,0,High,Medium,Rising Loyalists
178331,0,0,High,Medium,Rising Loyalists
178335,0,0,High,Medium,Rising Loyalists
178403,0,0,High,Medium,Rising Loyalists
178409,0,0,High,Medium,Rising Loyalists
178459,2,1,Medium,High,Loyal Premium Travelers
178461,2,0,Medium,Medium,Mainstream Core Travelers
178540,0,0,High,Medium,Rising Loyalists
178565,2,0,Medium,Medium,Mainstream Core Travelers
178643,0,0,High,Medium,Rising Loyalists
178720,0,0,High,Medium,Rising Loyalists
178864,0,0,High,Medium,Rising Loyalists
179042,0,0,High,Medium,Rising Loyalists
179053,2,0,Medium,Medium,Mainstream Core Travelers
179075,0,0,High,Medium,Rising Loyalists
179153,0,1,High,High,Elite Frequent Flyers
179489,2,0,Medium,Medium,Mainstream Core Travelers
179585,0,0,High,Medium,Rising Loyalists
179590,0,0,High,Medium,Rising Loyalists
179603,0,0,High,Medium,Rising Loyalists
179707,2,1,Medium,High,Loyal Premium Travelers
179719,0,0,High,Medium,Rising Loyalists
179773,2,0,Medium,Medium,Mainstream Core Travelers
179870,0,1,High,High,Elite Frequent Flyers
179944,0,0,High,Medium,Rising Loyalists
179956,2,0,Medium,Medium,Mainstream Core Travelers
180009,0,0,High,Medium,Rising Loyalists
180024,2,0,Medium,Medium,Mainstream Core Travelers
180137,2,0,Medium,Medium,Mainstream Core Travelers
180140,0,0,High,Medium,Rising Loyalists
180207,0,0,High,Medium,Rising Loyalists
180216,0,0,High,Medium,Rising Loyalists
180219,0,0,High,Medium,Rising Loyalists
180231,2,0,Medium,Medium,Mainstream Core Travelers
180321,2,0,Medium,Medium,Mainstream Core Travelers
180380,0,0,High,Medium,Rising Loyalists
180411,0,0,High,Medium,Rising Loyalists
180484,2,0,Medium,Medium,Mainstream Core Travelers
180488,0,1,High,High,Elite Frequent Flyers
180832,2,0,Medium,Medium,Mainstream Core Travelers
180922,0,0,High,Medium,Rising Loyalists
180925,0,0,High,Medium,Rising Loyalists
180977,0,0,High,Medium,Rising Loyalists
181033,2,1,Medium,High,Loyal Premium Travelers
181082,0,0,High,Medium,Rising Loyalists
181139,0,0,High,Medium,Rising Loyalists
181140,0,0,High,Medium,Rising Loyalists
181184,0,1,High,High,Elite Frequent Flyers
181377,0,0,High,Medium,Rising Loyalists
181423,0,0,High,Medium,Rising Loyalists
181434,2,0,Medium,Medium,Mainstream Core Travelers
181498,2,0,Medium,Medium,Mainstream Core Travelers
181607,2,0,Medium,Medium,Mainstream Core Travelers
181726,0,0,High,Medium,Rising Loyalists
181728,0,0,High,Medium,Rising Loyalists
181770,2,1,Medium,High,Loyal Premium Travelers
181825,0,0,High,Medium,Rising Loyalists
181830,0,0,High,Medium,Rising Loyalists
181852,0,0,High,Medium,Rising Loyalists
182058,0,0,High,Medium,Rising Loyalists
182124,0,0,High,Medium,Rising Loyalists
182130,0,0,High,Medium,Rising Loyalists
182148,0,0,High,Medium,Rising Loyalists
182159,0,0,High,Medium,Rising Loyalists
182184,0,0,High,Medium,Rising Loyalists
182205,2,0,Medium,Medium,Mainstream Core Travelers
182235,0,0,High,Medium,Rising Loyalists
182272,0,0,High,Medium,Rising Loyalists
182320,0,0,High,Medium,Rising Loyalists
182459,0,0,High,Medium,Rising Loyalists
182490,0,0,High,Medium,Rising Loyalists
182519,0,0,High,Medium,Rising Loyalists
182531,0,0,High,Medium,Rising Loyalists
182534,0,0,High,Medium,Rising Loyalists
182543,0,0,High,Medium,Rising Loyalists
182587,0,0,High,Medium,Rising Loyalists
182749,0,0,High,Medium,Rising Loyalists
182782,0,0,High,Medium,Rising Loyalists
182785,0,0,High,Medium,Rising Loyalists
183020,0,0,High,Medium,Rising Loyalists
183023,2,0,Medium,Medium,Mainstream Core Travelers
183025,0,0,High,Medium,Rising Loyalists
183052,0,0,High,Medium,Rising Loyalists
183096,0,0,High,Medium,Rising Loyalists
183129,0,1,High,High,Elite Frequent Flyers
183208,0,0,High,Medium,Rising Loyalists
183224,0,0,High,Medium,Rising Loyalists
183235,0,1,High,High,Elite Frequent Flyers
183305,0,0,High,Medium,Rising Loyalists
183339,2,0,Medium,Medium,Mainstream Core Travelers
183374,0,0,High,Medium,Rising Loyalists
183388,2,1,Medium,High,Loyal Premium Travelers
183456,2,0,Medium,Medium,Mainstream Core Travelers
183523,0,0,High,Medium,Rising Loyalists
183626,0,0,High,Medium,Rising Loyalists
183692,2,0,Medium,Medium,Mainstream Core Travelers
183716,0,0,High,Medium,Rising Loyalists
183748,0,0,High,Medium,Rising Loyalists
183754,0,0,High,Medium,Rising Loyalists
183755,0,0,High,Medium,Rising Loyalists
183885,2,0,Medium,Medium,Mainstream Core Travelers
183948,0,1,High,High,Elite Frequent Flyers
184009,0,0,High,Medium,Rising Loyalists
184035,0,0,High,Medium,Rising Loyalists
184045,0,0,High,Medium,Rising Loyalists
184090,0,0,High,Medium,Rising Loyalists
184151,0,0,High,Medium,Rising Loyalists
184206,0,0,High,Medium,Rising Loyalists
184207,2,0,Medium,Medium,Mainstream Core Travelers
184306,0,0,High,Medium,Rising Loyalists
184456,0,0,High,Medium,Rising Loyalists
184466,0,0,High,Medium,Rising Loyalists
184478,2,0,Medium,Medium,Mainstream Core Travelers
184490,2,0,Medium,Medium,Mainstream Core Travelers
184496,0,0,High,Medium,Rising Loyalists
184635,0,0,High,Medium,Rising Loyalists
184678,2,1,Medium,High,Loyal Premium Travelers
184735,0,0,High,Medium,Rising Loyalists
184754,0,0,High,Medium,Rising Loyalists
184755,2,0,Medium,Medium,Mainstream Core Travelers
184895,0,0,High,Medium,Rising Loyalists
184924,0,0,High,Medium,Rising Loyalists
184959,0,1,High,High,Elite Frequent Flyers
184976,0,0,High,Medium,Rising Loyalists
185013,0,0,High,Medium,Rising Loyalists
185101,0,0,High,Medium,Rising Loyalists
185129,0,0,High,Medium,Rising Loyalists
185153,0,0,High,Medium,Rising Loyalists
185285,2,0,Medium,Medium,Mainstream Core Travelers
185288,2,0,Medium,Medium,Mainstream Core Travelers
185496,0,0,High,Medium,Rising Loyalists
185509,0,0,High,Medium,Rising Loyalists
185531,2,0,Medium,Medium,Mainstream Core Travelers
185561,0,0,High,Medium,Rising Loyalists
185573,0,0,High,Medium,Rising Loyalists
185774,0,0,High,Medium,Rising Loyalists
185808,0,0,High,Medium,Rising Loyalists
185815,2,0,Medium,Medium,Mainstream Core Travelers
185830,0,0,High,Medium,Rising Loyalists
185835,0,0,High,Medium,Rising Loyalists
185857,0,0,High,Medium,Rising Loyalists
185919,0,0,High,Medium,Rising Loyalists
186015,0,0,High,Medium,Rising Loyalists
186020,0,0,High,Medium,Rising Loyalists
186146,2,0,Medium,Medium,Mainstream Core Travelers
186199,0,0,High,Medium,Rising Loyalists
186246,2,0,Medium,Medium,Mainstream Core Travelers
186295,0,0,High,Medium,Rising Loyalists
186469,2,0,Medium,Medium,Mainstream Core Travelers
186539,0,0,High,Medium,Rising Loyalists
186593,0,0,High,Medium,Rising Loyalists
186668,0,0,High,Medium,Rising Loyalists
186729,2,0,Medium,Medium,Mainstream Core Travelers
186754,0,0,High,Medium,Rising Loyalists
186807,2,0,Medium,Medium,Mainstream Core Travelers
186810,0,0,High,Medium,Rising Loyalists
186901,2,0,Medium,Medium,Mainstream Core Travelers
186942,0,0,High,Medium,Rising Loyalists
187010,2,0,Medium,Medium,Mainstream Core Travelers
187025,0,0,High,Medium,Rising Loyalists
187041,0,0,High,Medium,Rising Loyalists
187077,0,1,High,High,Elite Frequent Flyers
187141,2,0,Medium,Medium,Mainstream Core Travelers
187161,2,0,Medium,Medium,Mainstream Core Travelers
187175,0,0,High,Medium,Rising Loyalists
187291,2,0,Medium,Medium,Mainstream Core Travelers
187318,0,0,High,Medium,Rising Loyalists
187390,2,0,Medium,Medium,Mainstream Core Travelers
187435,0,0,High,Medium,Rising Loyalists
187459,0,0,High,Medium,Rising Loyalists
187618,2,0,Medium,Medium,Mainstream Core Travelers
187710,0,0,High,Medium,Rising Loyalists
187758,0,0,High,Medium,Rising Loyalists
187835,2,1,Medium,High,Loyal Premium Travelers
187838,0,1,High,High,Elite Frequent Flyers
187876,2,1,Medium,High,Loyal Premium Travelers
187887,0,0,High,Medium,Rising Loyalists
187902,2,0,Medium,Medium,Mainstream Core Travelers
187958,2,1,Medium,High,Loyal Premium Travelers
188006,0,0,High,Medium,Rising Loyalists
188033,0,0,High,Medium,Rising Loyalists
188071,0,1,High,High,Elite Frequent Flyers
188120,0,0,High,Medium,Rising Loyalists
188136,0,0,High,Medium,Rising Loyalists
188147,0,0,High,Medium,Rising Loyalists
188218,2,1,Medium,High,Loyal Premium Travelers
188307,0,0,High,Medium,Rising Loyalists
188318,0,0,High,Medium,Rising Loyalists
188328,0,0,High,Medium,Rising Loyalists
188340,0,0,High,Medium,Rising Loyalists
188470,2,0,Medium,Medium,Mainstream Core Travelers
188542,0,0,High,Medium,Rising Loyalists
188559,0,0,High,Medium,Rising Loyalists
188655,0,0,High,Medium,Rising Loyalists
188668,2,0,Medium,Medium,Mainstream Core Travelers
188828,0,0,High,Medium,Rising Loyalists
188893,0,0,High,Medium,Rising Loyalists
189139,0,0,High,Medium,Rising Loyalists
189146,2,0,Medium,Medium,Mainstream Core Travelers
189158,0,0,High,Medium,Rising Loyalists
189197,0,0,High,Medium,Rising Loyalists
189294,2,0,Medium,Medium,Mainstream Core Travelers
189329,0,0,High,Medium,Rising Loyalists
189611,0,0,High,Medium,Rising Loyalists
189613,2,1,Medium,High,Loyal Premium Travelers
189666,2,0,Medium,Medium,Mainstream Core Travelers
189707,2,0,Medium,Medium,Mainstream Core Travelers
189775,0,0,High,Medium,Rising Loyalists
189817,0,0,High,Medium,Rising Loyalists
189822,0,0,High,Medium,Rising Loyalists
189836,0,0,High,Medium,Rising Loyalists
189854,2,0,Medium,Medium,Mainstream Core Travelers
189914,0,0,High,Medium,Rising Loyalists
190052,0,0,High,Medium,Rising Loyalists
190149,0,0,High,Medium,Rising Loyalists
190227,0,0,High,Medium,Rising Loyalists
190236,0,0,High,Medium,Rising Loyalists
190256,0,0,High,Medium,Rising Loyalists
190405,2,0,Medium,Medium,Mainstream Core Travelers
190429,2,1,Medium,High,Loyal Premium Travelers
190465,0,0,High,Medium,Rising Loyalists
190524,0,1,High,High,Elite Frequent Flyers
190529,0,0,High,Medium,Rising Loyalists
190561,0,0,High,Medium,Rising Loyalists
190570,2,0,Medium,Medium,Mainstream Core Travelers
190716,0,0,High,Medium,Rising Loyalists
190720,0,0,High,Medium,Rising Loyalists
190791,0,0,High,Medium,Rising Loyalists
190827,0,0,High,Medium,Rising Loyalists
191044,1,1,Low,High,High-Value At-Risk
191057,2,0,Medium,Medium,Mainstream Core Travelers
191065,0,1,High,High,Elite Frequent Flyers
191150,2,0,Medium,Medium,Mainstream Core Travelers
191189,2,0,Medium,Medium,Mainstream Core Travelers
191508,2,0,Medium,Medium,Mainstream Core Travelers
191537,0,0,High,Medium,Rising Loyalists
191558,2,0,Medium,Medium,Mainstream Core Travelers
191626,2,1,Medium,High,Loyal Premium Travelers
191638,0,0,High,Medium,Rising Loyalists
191656,2,1,Medium,High,Loyal Premium Travelers
191780,2,0,Medium,Medium,Mainstream Core Travelers
191814,0,1,High,High,Elite Frequent Flyers
191869,0,0,High,Medium,Rising Loyalists
191917,0,0,High,Medium,Rising Loyalists
192009,0,0,High,Medium,Rising Loyalists
192013,0,0,High,Medium,Rising Loyalists
192096,2,0,Medium,Medium,Mainstream Core Travelers
192098,0,0,High,Medium,Rising Loyalists
192115,0,0,High,Medium,Rising Loyalists
192136,0,0,High,Medium,Rising Loyalists
192141,0,0,High,Medium,Rising Loyalists
192177,0,0,High,Medium,Rising Loyalists
192250,0,0,High,Medium,Rising Loyalists
192355,0,0,High,Medium,Rising Loyalists
192405,0,0,High,Medium,Rising Loyalists
192543,0,0,High,Medium,Rising Loyalists
192554,0,0,High,Medium,Rising Loyalists
192556,2,0,Medium,Medium,Mainstream Core Travelers
192600,0,0,High,Medium,Rising Loyalists
192651,0,0,High,Medium,Rising Loyalists
192685,0,0,High,Medium,Rising Loyalists
192691,0,0,High,Medium,Rising Loyalists
192772,2,0,Medium,Medium,Mainstream Core Travelers
192816,2,0,Medium,Medium,Mainstream Core Travelers
192898,0,0,High,Medium,Rising Loyalists
192994,0,0,High,Medium,Rising Loyalists
193020,0,0,High,Medium,Rising Loyalists
193037,2,0,Medium,Medium,Mainstream Core Travelers
193147,0,0,High,Medium,Rising Loyalists
193150,0,0,High,Medium,Rising Loyalists
193212,0,0,High,Medium,Rising Loyalists
193519,0,1,High,High,Elite Frequent Flyers
193564,0,0,High,Medium,Rising Loyalists
193662,0,0,High,Medium,Rising Loyalists
193665,0,0,High,Medium,Rising Loyalists
193722,0,0,High,Medium,Rising Loyalists
193747,0,0,High,Medium,Rising Loyalists
193775,0,0,High,Medium,Rising Loyalists
193781,0,0,High,Medium,Rising Loyalists
193824,0,0,High,Medium,Rising Loyalists
193827,0,1,High,High,Elite Frequent Flyers
193917,0,0,High,Medium,Rising Loyalists
193928,0,0,High,Medium,Rising Loyalists
193946,2,0,Medium,Medium,Mainstream Core Travelers
193953,0,0,High,Medium,Rising Loyalists
194009,0,0,High,Medium,Rising Loyalists
194065,2,0,Medium,Medium,Mainstream Core Travelers
194200,0,0,High,Medium,Rising Loyalists
194254,0,0,High,Medium,Rising Loyalists
194297,0,0,High,Medium,Rising Loyalists
194394,0,0,High,Medium,Rising Loyalists
194480,2,1,Medium,High,Loyal Premium Travelers
194482,0,0,High,Medium,Rising Loyalists
194493,0,1,High,High,Elite Frequent Flyers
194571,0,0,High,Medium,Rising Loyalists
194640,0,0,High,Medium,Rising Loyalists
194657,2,0,Medium,Medium,Mainstream Core Travelers
194694,0,0,High,Medium,Rising Loyalists
194709,0,0,High,Medium,Rising Loyalists
194722,0,1,High,High,Elite Frequent Flyers
194737,2,0,Medium,Medium,Mainstream Core Travelers
194758,0,0,High,Medium,Rising Loyalists
194762,2,1,Medium,High,Loyal Premium Travelers
194786,0,1,High,High,Elite Frequent Flyers
194813,2,0,Medium,Medium,Mainstream Core Travelers
194855,0,0,High,Medium,Rising Loyalists
194859,2,0,Medium,Medium,Mainstream Core Travelers
194886,0,0,High,Medium,Rising Loyalists
194959,0,0,High,Medium,Rising Loyalists
195069,2,0,Medium,Medium,Mainstream Core Travelers
195131,2,0,Medium,Medium,Mainstream Core Travelers
195137,0,0,High,Medium,Rising Loyalists
195150,0,0,High,Medium,Rising Loyalists
195368,0,0,High,Medium,Rising Loyalists
195419,0,0,High,Medium,Rising Loyalists
195594,0,0,High,Medium,Rising Loyalists
195684,2,0,Medium,Medium,Mainstream Core Travelers
195806,0,0,High,Medium,Rising Loyalists
195848,0,0,High,Medium,Rising Loyalists
195895,0,0,High,Medium,Rising Loyalists
195960,0,0,High,Medium,Rising Loyalists
195977,0,0,High,Medium,Rising Loyalists
195994,0,0,High,Medium,Rising Loyalists
196016,0,0,High,Medium,Rising Loyalists
196096,2,1,Medium,High,Loyal Premium Travelers
196202,0,0,High,Medium,Rising Loyalists
196240,0,0,High,Medium,Rising Loyalists
196367,0,0,High,Medium,Rising Loyalists
196442,0,0,High,Medium,Rising Loyalists
196467,0,0,High,Medium,Rising Loyalists
196469,0,0,High,Medium,Rising Loyalists
196514,0,0,High,Medium,Rising Loyalists
196582,0,0,High,Medium,Rising Loyalists
196583,0,0,High,Medium,Rising Loyalists
196757,2,1,Medium,High,Loyal Premium Travelers
196777,0,0,High,Medium,Rising Loyalists
196779,0,0,High,Medium,Rising Loyalists
196798,0,0,High,Medium,Rising Loyalists
196812,0,0,High,Medium,Rising Loyalists
196845,0,0,High,Medium,Rising Loyalists
196892,0,0,High,Medium,Rising Loyalists
196905,0,0,High,Medium,Rising Loyalists
196992,0,0,High,Medium,Rising Loyalists
197062,2,0,Medium,Medium,Mainstream Core Travelers
197063,2,0,Medium,Medium,Mainstream Core Travelers
197067,0,0,High,Medium,Rising Loyalists
197086,0,1,High,High,Elite Frequent Flyers
197096,0,0,High,Medium,Rising Loyalists
197113,0,0,High,Medium,Rising Loyalists
197138,0,0,High,Medium,Rising Loyalists
197192,0,0,High,Medium,Rising Loyalists
197239,2,0,Medium,Medium,Mainstream Core Travelers
197320,0,0,High,Medium,Rising Loyalists
197491,2,0,Medium,Medium,Mainstream Core Travelers
197509,0,0,High,Medium,Rising Loyalists
197514,0,0,High,Medium,Rising Loyalists
197529,2,0,Medium,Medium,Mainstream Core Travelers
197578,0,0,High,Medium,Rising Loyalists
197608,0,0,High,Medium,Rising Loyalists
197642,0,0,High,Medium,Rising Loyalists
197855,2,0,Medium,Medium,Mainstream Core Travelers
197890,0,0,High,Medium,Rising Loyalists
197973,2,0,Medium,Medium,Mainstream Core Travelers
198010,0,0,High,Medium,Rising Loyalists
198075,0,0,High,Medium,Rising Loyalists
198123,0,0,High,Medium,Rising Loyalists
198147,0,0,High,Medium,Rising Loyalists
198167,0,0,High,Medium,Rising Loyalists
198354,2,0,Medium,Medium,Mainstream Core Travelers
198407,2,0,Medium,Medium,Mainstream Core Travelers
198424,0,0,High,Medium,Rising Loyalists
198456,2,0,Medium,Medium,Mainstream Core Travelers
198485,0,0,High,Medium,Rising Loyalists
198499,0,0,High,Medium,Rising Loyalists
198570,2,0,Medium,Medium,Mainstream Core Travelers
198625,0,0,High,Medium,Rising Loyalists
198645,0,0,High,Medium,Rising Loyalists
198713,0,0,High,Medium,Rising Loyalists
198785,0,0,High,Medium,Rising Loyalists
198813,0,0,High,Medium,Rising Loyalists
198836,0,0,High,Medium,Rising Loyalists
198900,0,0,High,Medium,Rising Loyalists
198961,0,0,High,Medium,Rising Loyalists
199021,2,0,Medium,Medium,Mainstream Core Travelers
199073,0,0,High,Medium,Rising Loyalists
199342,0,0,High,Medium,Rising Loyalists
199358,2,0,Medium,Medium,Mainstream Core Travelers
199374,0,0,High,Medium,Rising Loyalists
199405,0,0,High,Medium,Rising Loyalists
199478,0,0,High,Medium,Rising Loyalists
199493,2,0,Medium,Medium,Mainstream Core Travelers
199494,0,0,High,Medium,Rising Loyalists
199507,0,0,High,Medium,Rising Loyalists
199509,0,0,High,Medium,Rising Loyalists
199513,0,0,High,Medium,Rising Loyalists
199603,0,0,High,Medium,Rising Loyalists
199652,0,0,High,Medium,Rising Loyalists
199792,2,0,Medium,Medium,Mainstream Core Travelers
199809,0,0,High,Medium,Rising Loyalists
199810,0,0,High,Medium,Rising Loyalists
199959,2,0,Medium,Medium,Mainstream Core Travelers
200012,0,0,High,Medium,Rising Loyalists
200065,0,0,High,Medium,Rising Loyalists
200067,0,0,High,Medium,Rising Loyalists
200077,2,0,Medium,Medium,Mainstream Core Travelers
200168,0,0,High,Medium,Rising Loyalists
200309,0,0,High,Medium,Rising Loyalists
200321,0,0,High,Medium,Rising Loyalists
200326,0,0,High,Medium,Rising Loyalists
200519,0,0,High,Medium,Rising Loyalists
200552,0,0,High,Medium,Rising Loyalists
200663,2,0,Medium,Medium,Mainstream Core Travelers
200681,0,0,High,Medium,Rising Loyalists
200708,0,0,High,Medium,Rising Loyalists
200744,0,0,High,Medium,Rising Loyalists
200764,2,0,Medium,Medium,Mainstream Core Travelers
200802,0,0,High,Medium,Rising Loyalists
200863,0,0,High,Medium,Rising Loyalists
200877,0,0,High,Medium,Rising Loyalists
200960,0,0,High,Medium,Rising Loyalists
200991,0,0,High,Medium,Rising Loyalists
201055,0,0,High,Medium,Rising Loyalists
201115,0,0,High,Medium,Rising Loyalists
201220,0,0,High,Medium,Rising Loyalists
201256,0,0,High,Medium,Rising Loyalists
201273,2,0,Medium,Medium,Mainstream Core Travelers
201276,0,0,High,Medium,Rising Loyalists
201292,0,0,High,Medium,Rising Loyalists
201339,0,0,High,Medium,Rising Loyalists
201343,0,0,High,Medium,Rising Loyalists
201355,0,0,High,Medium,Rising Loyalists
201365,0,0,High,Medium,Rising Loyalists
201436,2,1,Medium,High,Loyal Premium Travelers
201475,2,0,Medium,Medium,Mainstream Core Travelers
201550,2,0,Medium,Medium,Mainstream Core Travelers
201561,2,0,Medium,Medium,Mainstream Core Travelers
201564,0,0,High,Medium,Rising Loyalists
201574,2,0,Medium,Medium,Mainstream Core Travelers
201683,0,0,High,Medium,Rising Loyalists
201709,0,0,High,Medium,Rising Loyalists
201816,0,0,High,Medium,Rising Loyalists
201891,0,0,High,Medium,Rising Loyalists
201898,2,0,Medium,Medium,Mainstream Core Travelers
202035,2,0,Medium,Medium,Mainstream Core Travelers
202052,0,0,High,Medium,Rising Loyalists
202055,0,0,High,Medium,Rising Loyalists
202108,2,0,Medium,Medium,Mainstream Core Travelers
202156,0,0,High,Medium,Rising Loyalists
202182,0,0,High,Medium,Rising Loyalists
202218,2,0,Medium,Medium,Mainstream Core Travelers
202227,2,0,Medium,Medium,Mainstream Core Travelers
202248,0,0,High,Medium,Rising Loyalists
202271,2,0,Medium,Medium,Mainstream Core Travelers
202293,0,0,High,Medium,Rising Loyalists
202299,0,0,High,Medium,Rising Loyalists
202329,2,0,Medium,Medium,Mainstream Core Travelers
202358,0,0,High,Medium,Rising Loyalists
202585,0,0,High,Medium,Rising Loyalists
202696,0,0,High,Medium,Rising Loyalists
202716,0,0,High,Medium,Rising Loyalists
202761,2,0,Medium,Medium,Mainstream Core Travelers
202784,0,0,High,Medium,Rising Loyalists
202807,0,0,High,Medium,Rising Loyalists
202831,0,0,High,Medium,Rising Loyalists
202859,0,0,High,Medium,Rising Loyalists
202864,0,0,High,Medium,Rising Loyalists
203033,0,0,High,Medium,Rising Loyalists
203084,0,0,High,Medium,Rising Loyalists
203133,0,0,High,Medium,Rising Loyalists
203143,2,0,Medium,Medium,Mainstream Core Travelers
203184,0,0,High,Medium,Rising Loyalists
203245,2,1,Medium,High,Loyal Premium Travelers
203258,2,0,Medium,Medium,Mainstream Core Travelers
203293,0,0,High,Medium,Rising Loyalists
203306,2,0,Medium,Medium,Mainstream Core Travelers
203409,0,0,High,Medium,Rising Loyalists
203517,2,0,Medium,Medium,Mainstream Core Travelers
203550,0,0,High,Medium,Rising Loyalists
203577,0,0,High,Medium,Rising Loyalists
203607,2,0,Medium,Medium,Mainstream Core Travelers
203625,0,0,High,Medium,Rising Loyalists
203696,0,0,High,Medium,Rising Loyalists
203698,0,0,High,Medium,Rising Loyalists
203745,0,0,High,Medium,Rising Loyalists
203772,0,1,High,High,Elite Frequent Flyers
203773,2,0,Medium,Medium,Mainstream Core Travelers
203809,2,0,Medium,Medium,Mainstream Core Travelers
203815,2,0,Medium,Medium,Mainstream Core Travelers
203864,0,0,High,Medium,Rising Loyalists
203947,2,0,Medium,Medium,Mainstream Core Travelers
203950,0,0,High,Medium,Rising Loyalists
203973,2,0,Medium,Medium,Mainstream Core Travelers
204000,2,0,Medium,Medium,Mainstream Core Travelers
204042,0,0,High,Medium,Rising Loyalists
204111,2,0,Medium,Medium,Mainstream Core Travelers
204220,0,0,High,Medium,Rising Loyalists
204237,2,0,Medium,Medium,Mainstream Core Travelers
204311,2,0,Medium,Medium,Mainstream Core Travelers
204343,0,0,High,Medium,Rising Loyalists
204375,0,0,High,Medium,Rising Loyalists
204424,0,1,High,High,Elite Frequent Flyers
204484,0,0,High,Medium,Rising Loyalists
204507,2,0,Medium,Medium,Mainstream Core Travelers
204535,2,0,Medium,Medium,Mainstream Core Travelers
204686,0,0,High,Medium,Rising Loyalists
204693,0,0,High,Medium,Rising Loyalists
204763,0,0,High,Medium,Rising Loyalists
204840,2,1,Medium,High,Loyal Premium Travelers
204848,2,0,Medium,Medium,Mainstream Core Travelers
204926,2,0,Medium,Medium,Mainstream Core Travelers
204935,0,0,High,Medium,Rising Loyalists
204994,0,0,High,Medium,Rising Loyalists
205087,0,0,High,Medium,Rising Loyalists
205111,0,0,High,Medium,Rising Loyalists
205156,0,0,High,Medium,Rising Loyalists
205170,0,0,High,Medium,Rising Loyalists
205195,2,0,Medium,Medium,Mainstream Core Travelers
205197,0,0,High,Medium,Rising Loyalists
205256,0,0,High,Medium,Rising Loyalists
205367,0,0,High,Medium,Rising Loyalists
205371,0,0,High,Medium,Rising Loyalists
205413,0,0,High,Medium,Rising Loyalists
205430,0,0,High,Medium,Rising Loyalists
205445,0,0,High,Medium,Rising Loyalists
205465,2,0,Medium,Medium,Mainstream Core Travelers
205505,0,0,High,Medium,Rising Loyalists
205658,0,0,High,Medium,Rising Loyalists
205671,0,0,High,Medium,Rising Loyalists
205697,0,1,High,High,Elite Frequent Flyers
205698,0,0,High,Medium,Rising Loyalists
205785,0,0,High,Medium,Rising Loyalists
205826,2,1,Medium,High,Loyal Premium Travelers
206050,2,1,Medium,High,Loyal Premium Travelers
206108,0,0,High,Medium,Rising Loyalists
206119,0,0,High,Medium,Rising Loyalists
206207,0,0,High,Medium,Rising Loyalists
206284,0,0,High,Medium,Rising Loyalists
206328,0,0,High,Medium,Rising Loyalists
206332,2,0,Medium,Medium,Mainstream Core Travelers
206366,0,0,High,Medium,Rising Loyalists
206466,0,0,High,Medium,Rising Loyalists
206576,2,0,Medium,Medium,Mainstream Core Travelers
206591,0,0,High,Medium,Rising Loyalists
206680,0,0,High,Medium,Rising Loyalists
206772,0,0,High,Medium,Rising Loyalists
206773,0,0,High,Medium,Rising Loyalists
206871,0,0,High,Medium,Rising Loyalists
206890,0,0,High,Medium,Rising Loyalists
206914,0,0,High,Medium,Rising Loyalists
206925,0,1,High,High,Elite Frequent Flyers
206947,0,0,High,Medium,Rising Loyalists
206992,0,0,High,Medium,Rising Loyalists
207001,0,0,High,Medium,Rising Loyalists
207047,2,0,Medium,Medium,Mainstream Core Travelers
207110,0,0,High,Medium,Rising Loyalists
207195,0,0,High,Medium,Rising Loyalists
207220,0,0,High,Medium,Rising Loyalists
207372,2,0,Medium,Medium,Mainstream Core Travelers
207453,0,0,High,Medium,Rising Loyalists
207484,2,0,Medium,Medium,Mainstream Core Travelers
207492,0,0,High,Medium,Rising Loyalists
207500,0,0,High,Medium,Rising Loyalists
207543,0,1,High,High,Elite Frequent Flyers
207576,0,0,High,Medium,Rising Loyalists
207821,0,0,High,Medium,Rising Loyalists
207860,2,0,Medium,Medium,Mainstream Core Travelers
207865,0,0,High,Medium,Rising Loyalists
208234,0,0,High,Medium,Rising Loyalists
208241,2,0,Medium,Medium,Mainstream Core Travelers
208256,0,0,High,Medium,Rising Loyalists
208323,0,0,High,Medium,Rising Loyalists
208329,0,0,High,Medium,Rising Loyalists
208368,0,0,High,Medium,Rising Loyalists
208375,2,0,Medium,Medium,Mainstream Core Travelers
208485,0,0,High,Medium,Rising Loyalists
208517,0,0,High,Medium,Rising Loyalists
208553,0,0,High,Medium,Rising Loyalists
208584,0,0,High,Medium,Rising Loyalists
208585,2,0,Medium,Medium,Mainstream Core Travelers
208586,2,0,Medium,Medium,Mainstream Core Travelers
208630,2,0,Medium,Medium,Mainstream Core Travelers
208634,0,0,High,Medium,Rising Loyalists
208649,0,0,High,Medium,Rising Loyalists
208668,0,0,High,Medium,Rising Loyalists
208787,0,0,High,Medium,Rising Loyalists
208940,0,0,High,Medium,Rising Loyalists
208961,0,0,High,Medium,Rising Loyalists
208967,0,0,High,Medium,Rising Loyalists
209021,0,0,High,Medium,Rising Loyalists
209022,0,0,High,Medium,Rising Loyalists
209058,0,0,High,Medium,Rising Loyalists
209102,0,0,High,Medium,Rising Loyalists
209107,2,1,Medium,High,Loyal Premium Travelers
209134,2,0,Medium,Medium,Mainstream Core Travelers
209172,0,0,High,Medium,Rising Loyalists
209249,0,0,High,Medium,Rising Loyalists
209357,0,0,High,Medium,Rising Loyalists
209405,0,0,High,Medium,Rising Loyalists
209675,0,0,High,Medium,Rising Loyalists
209729,0,0,High,Medium,Rising Loyalists
209787,0,0,High,Medium,Rising Loyalists
209831,0,0,High,Medium,Rising Loyalists
209846,2,1,Medium,High,Loyal Premium Travelers
209850,2,0,Medium,Medium,Mainstream Core Travelers
209886,0,0,High,Medium,Rising Loyalists
209994,0,0,High,Medium,Rising Loyalists
210100,2,1,Medium,High,Loyal Premium Travelers
210148,2,0,Medium,Medium,Mainstream Core Travelers
210205,0,0,High,Medium,Rising Loyalists
210226,0,0,High,Medium,Rising Loyalists
210236,0,0,High,Medium,Rising Loyalists
210247,0,0,High,Medium,Rising Loyalists
210291,2,1,Medium,High,Loyal Premium Travelers
210298,0,0,High,Medium,Rising Loyalists
210339,0,0,High,Medium,Rising Loyalists
210385,0,0,High,Medium,Rising Loyalists
210416,0,0,High,Medium,Rising Loyalists
210442,2,0,Medium,Medium,Mainstream Core Travelers
210485,2,0,Medium,Medium,Mainstream Core Travelers
210498,0,0,High,Medium,Rising Loyalists
210630,0,0,High,Medium,Rising Loyalists
210647,0,0,High,Medium,Rising Loyalists
210725,0,1,High,High,Elite Frequent Flyers
210734,0,0,High,Medium,Rising Loyalists
210746,2,0,Medium,Medium,Mainstream Core Travelers
210752,0,0,High,Medium,Rising Loyalists
210755,0,1,High,High,Elite Frequent Flyers
210761,2,0,Medium,Medium,Mainstream Core Travelers
210770,0,0,High,Medium,Rising Loyalists
210815,2,1,Medium,High,Loyal Premium Travelers
210835,0,0,High,Medium,Rising Loyalists
210870,2,0,Medium,Medium,Mainstream Core Travelers
210910,0,0,High,Medium,Rising Loyalists
211030,0,0,High,Medium,Rising Loyalists
211043,0,0,High,Medium,Rising Loyalists
211058,0,0,High,Medium,Rising Loyalists
211083,0,0,High,Medium,Rising Loyalists
211217,0,0,High,Medium,Rising Loyalists
211475,2,0,Medium,Medium,Mainstream Core Travelers
211524,2,0,Medium,Medium,Mainstream Core Travelers
211549,0,0,High,Medium,Rising Loyalists
211575,0,0,High,Medium,Rising Loyalists
211589,0,0,High,Medium,Rising Loyalists
211625,0,0,High,Medium,Rising Loyalists
211714,0,0,High,Medium,Rising Loyalists
211715,2,0,Medium,Medium,Mainstream Core Travelers
211755,0,0,High,Medium,Rising Loyalists
211802,2,1,Medium,High,Loyal Premium Travelers
211842,0,0,High,Medium,Rising Loyalists
211891,0,0,High,Medium,Rising Loyalists
211966,0,0,High,Medium,Rising Loyalists
211984,2,0,Medium,Medium,Mainstream Core Travelers
212128,0,0,High,Medium,Rising Loyalists
212130,0,0,High,Medium,Rising Loyalists
212189,0,0,High,Medium,Rising Loyalists
212209,0,0,High,Medium,Rising Loyalists
212230,0,0,High,Medium,Rising Loyalists
212301,0,1,High,High,Elite Frequent Flyers
212304,0,0,High,Medium,Rising Loyalists
212350,0,0,High,Medium,Rising Loyalists
212477,0,0,High,Medium,Rising Loyalists
212484,2,0,Medium,Medium,Mainstream Core Travelers
212493,2,0,Medium,Medium,Mainstream Core Travelers
212544,0,0,High,Medium,Rising Loyalists
212553,2,0,Medium,Medium,Mainstream Core Travelers
212579,2,0,Medium,Medium,Mainstream Core Travelers
212602,2,0,Medium,Medium,Mainstream Core Travelers
212604,0,0,High,Medium,Rising Loyalists
212695,0,0,High,Medium,Rising Loyalists
212707,0,0,High,Medium,Rising Loyalists
212735,0,0,High,Medium,Rising Loyalists
212762,0,0,High,Medium,Rising Loyalists
212848,2,0,Medium,Medium,Mainstream Core Travelers
212849,0,0,High,Medium,Rising Loyalists
212862,0,0,High,Medium,Rising Loyalists
212977,2,0,Medium,Medium,Mainstream Core Travelers
213013,0,1,High,High,Elite Frequent Flyers
213086,0,0,High,Medium,Rising Loyalists
213112,2,0,Medium,Medium,Mainstream Core Travelers
213113,0,0,High,Medium,Rising Loyalists
213177,0,0,High,Medium,Rising Loyalists
213246,0,0,High,Medium,Rising Loyalists
213297,0,0,High,Medium,Rising Loyalists
213303,0,0,High,Medium,Rising Loyalists
213432,0,0,High,Medium,Rising Loyalists
213480,0,0,High,Medium,Rising Loyalists
213545,2,0,Medium,Medium,Mainstream Core Travelers
213723,0,0,High,Medium,Rising Loyalists
213813,0,0,High,Medium,Rising Loyalists
213841,0,0,High,Medium,Rising Loyalists
213934,0,0,High,Medium,Rising Loyalists
213979,0,0,High,Medium,Rising Loyalists
214020,0,0,High,Medium,Rising Loyalists
214030,0,0,High,Medium,Rising Loyalists
214095,0,0,High,Medium,Rising Loyalists
214123,2,0,Medium,Medium,Mainstream Core Travelers
214322,2,0,Medium,Medium,Mainstream Core Travelers
214354,0,0,High,Medium,Rising Loyalists
214504,0,0,High,Medium,Rising Loyalists
214605,0,0,High,Medium,Rising Loyalists
214639,0,0,High,Medium,Rising Loyalists
214661,0,0,High,Medium,Rising Loyalists
214878,0,0,High,Medium,Rising Loyalists
214995,0,0,High,Medium,Rising Loyalists
215051,2,0,Medium,Medium,Mainstream Core Travelers
215089,0,0,High,Medium,Rising Loyalists
215257,0,0,High,Medium,Rising Loyalists
215260,0,0,High,Medium,Rising Loyalists
215294,2,0,Medium,Medium,Mainstream Core Travelers
215314,2,0,Medium,Medium,Mainstream Core Travelers
215508,0,0,High,Medium,Rising Loyalists
215567,0,0,High,Medium,Rising Loyalists
215626,0,0,High,Medium,Rising Loyalists
215639,2,0,Medium,Medium,Mainstream Core Travelers
215651,0,0,High,Medium,Rising Loyalists
215719,2,0,Medium,Medium,Mainstream Core Travelers
215751,2,0,Medium,Medium,Mainstream Core Travelers
215840,0,0,High,Medium,Rising Loyalists
215869,0,0,High,Medium,Rising Loyalists
215952,0,0,High,Medium,Rising Loyalists
215955,2,0,Medium,Medium,Mainstream Core Travelers
216040,0,0,High,Medium,Rising Loyalists
216072,2,0,Medium,Medium,Mainstream Core Travelers
216095,0,0,High,Medium,Rising Loyalists
216109,0,0,High,Medium,Rising Loyalists
216139,0,0,High,Medium,Rising Loyalists
216269,0,0,High,Medium,Rising Loyalists
216359,2,0,Medium,Medium,Mainstream Core Travelers
216445,2,0,Medium,Medium,Mainstream Core Travelers
216467,0,0,High,Medium,Rising Loyalists
216487,0,0,High,Medium,Rising Loyalists
216500,2,0,Medium,Medium,Mainstream Core Travelers
216517,0,0,High,Medium,Rising Loyalists
216573,0,0,High,Medium,Rising Loyalists
216596,0,0,High,Medium,Rising Loyalists
216652,2,0,Medium,Medium,Mainstream Core Travelers
216658,0,0,High,Medium,Rising Loyalists
216661,0,0,High,Medium,Rising Loyalists
216666,2,1,Medium,High,Loyal Premium Travelers
216683,0,0,High,Medium,Rising Loyalists
216719,0,0,High,Medium,Rising Loyalists
216725,0,0,High,Medium,Rising Loyalists
216762,0,0,High,Medium,Rising Loyalists
216937,2,0,Medium,Medium,Mainstream Core Travelers
216946,0,0,High,Medium,Rising Loyalists
217051,0,0,High,Medium,Rising Loyalists
217054,0,1,High,High,Elite Frequent Flyers
217124,0,0,High,Medium,Rising Loyalists
217204,0,0,High,Medium,Rising Loyalists
217235,2,1,Medium,High,Loyal Premium Travelers
217284,2,0,Medium,Medium,Mainstream Core Travelers
217364,0,0,High,Medium,Rising Loyalists
217401,2,0,Medium,Medium,Mainstream Core Travelers
217497,2,0,Medium,Medium,Mainstream Core Travelers
217616,2,0,Medium,Medium,Mainstream Core Travelers
217695,0,0,High,Medium,Rising Loyalists
217754,0,0,High,Medium,Rising Loyalists
217761,2,0,Medium,Medium,Mainstream Core Travelers
217772,2,0,Medium,Medium,Mainstream Core Travelers
217792,0,0,High,Medium,Rising Loyalists
217802,0,0,High,Medium,Rising Loyalists
217862,0,0,High,Medium,Rising Loyalists
217967,2,0,Medium,Medium,Mainstream Core Travelers
218122,0,0,High,Medium,Rising Loyalists
218127,2,1,Medium,High,Loyal Premium Travelers
218241,0,0,High,Medium,Rising Loyalists
218277,0,0,High,Medium,Rising Loyalists
218278,0,1,High,High,Elite Frequent Flyers
218311,0,0,High,Medium,Rising Loyalists
218362,0,0,High,Medium,Rising Loyalists
218373,2,0,Medium,Medium,Mainstream Core Travelers
218383,0,0,High,Medium,Rising Loyalists
218425,0,0,High,Medium,Rising Loyalists
218529,0,0,High,Medium,Rising Loyalists
218538,0,1,High,High,Elite Frequent Flyers
218545,0,0,High,Medium,Rising Loyalists
218601,0,0,High,Medium,Rising Loyalists
218757,0,0,High,Medium,Rising Loyalists
218917,0,0,High,Medium,Rising Loyalists
219043,0,0,High,Medium,Rising Loyalists
219139,0,1,High,High,Elite Frequent Flyers
219160,2,1,Medium,High,Loyal Premium Travelers
219270,2,1,Medium,High,Loyal Premium Travelers
219276,0,0,High,Medium,Rising Loyalists
219413,0,0,High,Medium,Rising Loyalists
219431,0,0,High,Medium,Rising Loyalists
219555,0,0,High,Medium,Rising Loyalists
219646,2,0,Medium,Medium,Mainstream Core Travelers
219714,0,0,High,Medium,Rising Loyalists
219747,0,0,High,Medium,Rising Loyalists
219779,0,1,High,High,Elite Frequent Flyers
219806,2,1,Medium,High,Loyal Premium Travelers
219984,2,1,Medium,High,Loyal Premium Travelers
220131,2,0,Medium,Medium,Mainstream Core Travelers
220139,2,1,Medium,High,Loyal Premium Travelers
220244,0,0,High,Medium,Rising Loyalists
220315,2,0,Medium,Medium,Mainstream Core Travelers
220358,0,0,High,Medium,Rising Loyalists
220538,2,0,Medium,Medium,Mainstream Core Travelers
220564,0,0,High,Medium,Rising Loyalists
220601,2,0,Medium,Medium,Mainstream Core Travelers
220616,0,0,High,Medium,Rising Loyalists
220794,0,0,High,Medium,Rising Loyalists
220802,0,0,High,Medium,Rising Loyalists
220806,0,0,High,Medium,Rising Loyalists
220808,2,0,Medium,Medium,Mainstream Core Travelers
220822,0,1,High,High,Elite Frequent Flyers
220892,0,0,High,Medium,Rising Loyalists
221014,2,0,Medium,Medium,Mainstream Core Travelers
221075,0,0,High,Medium,Rising Loyalists
221204,0,0,High,Medium,Rising Loyalists
221205,0,1,High,High,Elite Frequent Flyers
221254,0,0,High,Medium,Rising Loyalists
221287,0,0,High,Medium,Rising Loyalists
221328,0,0,High,Medium,Rising Loyalists
221345,0,0,High,Medium,Rising Loyalists
221361,2,1,Medium,High,Loyal Premium Travelers
221388,0,0,High,Medium,Rising Loyalists
221446,0,0,High,Medium,Rising Loyalists
221469,0,0,High,Medium,Rising Loyalists
221595,2,0,Medium,Medium,Mainstream Core Travelers
221627,2,0,Medium,Medium,Mainstream Core Travelers
221643,0,0,High,Medium,Rising Loyalists
221709,2,1,Medium,High,Loyal Premium Travelers
221721,0,0,High,Medium,Rising Loyalists
221775,0,0,High,Medium,Rising Loyalists
221813,0,0,High,Medium,Rising Loyalists
221862,0,0,High,Medium,Rising Loyalists
221993,0,0,High,Medium,Rising Loyalists
222050,2,0,Medium,Medium,Mainstream Core Travelers
222065,0,0,High,Medium,Rising Loyalists
222102,0,0,High,Medium,Rising Loyalists
222278,0,0,High,Medium,Rising Loyalists
222280,2,0,Medium,Medium,Mainstream Core Travelers
222425,2,0,Medium,Medium,Mainstream Core Travelers
222453,0,0,High,Medium,Rising Loyalists
222490,0,1,High,High,Elite Frequent Flyers
222644,2,1,Medium,High,Loyal Premium Travelers
222702,2,0,Medium,Medium,Mainstream Core Travelers
222743,0,1,High,High,Elite Frequent Flyers
222748,0,0,High,Medium,Rising Loyalists
222874,0,0,High,Medium,Rising Loyalists
222929,0,0,High,Medium,Rising Loyalists
222960,0,0,High,Medium,Rising Loyalists
223018,2,0,Medium,Medium,Mainstream Core Travelers
223081,2,1,Medium,High,Loyal Premium Travelers
223238,2,0,Medium,Medium,Mainstream Core Travelers
223313,2,0,Medium,Medium,Mainstream Core Travelers
223354,0,0,High,Medium,Rising Loyalists
223380,2,0,Medium,Medium,Mainstream Core Travelers
223534,0,0,High,Medium,Rising Loyalists
223587,0,0,High,Medium,Rising Loyalists
223632,0,0,High,Medium,Rising Loyalists
223638,2,0,Medium,Medium,Mainstream Core Travelers
223643,2,0,Medium,Medium,Mainstream Core Travelers
223684,2,0,Medium,Medium,Mainstream Core Travelers
223946,0,0,High,Medium,Rising Loyalists
223958,0,0,High,Medium,Rising Loyalists
224000,0,0,High,Medium,Rising Loyalists
224130,0,0,High,Medium,Rising Loyalists
224132,2,0,Medium,Medium,Mainstream Core Travelers
224178,2,1,Medium,High,Loyal Premium Travelers
224298,0,0,High,Medium,Rising Loyalists
224384,0,0,High,Medium,Rising Loyalists
224402,0,0,High,Medium,Rising Loyalists
224530,2,0,Medium,Medium,Mainstream Core Travelers
224607,2,0,Medium,Medium,Mainstream Core Travelers
224661,0,0,High,Medium,Rising Loyalists
224664,0,0,High,Medium,Rising Loyalists
224666,2,0,Medium,Medium,Mainstream Core Travelers
224676,2,0,Medium,Medium,Mainstream Core Travelers
224691,0,0,High,Medium,Rising Loyalists
224740,0,0,High,Medium,Rising Loyalists
224842,2,0,Medium,Medium,Mainstream Core Travelers
224854,0,0,High,Medium,Rising Loyalists
224924,0,0,High,Medium,Rising Loyalists
224952,0,0,High,Medium,Rising Loyalists
225067,0,0,High,Medium,Rising Loyalists
225077,0,0,High,Medium,Rising Loyalists
225087,0,0,High,Medium,Rising Loyalists
225088,0,0,High,Medium,Rising Loyalists
225205,2,0,Medium,Medium,Mainstream Core Travelers
225262,0,0,High,Medium,Rising Loyalists
225279,0,0,High,Medium,Rising Loyalists
225318,0,0,High,Medium,Rising Loyalists
225327,0,1,High,High,Elite Frequent Flyers
225363,0,0,High,Medium,Rising Loyalists
225482,0,0,High,Medium,Rising Loyalists
225486,0,1,High,High,Elite Frequent Flyers
225529,2,0,Medium,Medium,Mainstream Core Travelers
225576,0,0,High,Medium,Rising Loyalists
225656,2,0,Medium,Medium,Mainstream Core Travelers
225743,2,0,Medium,Medium,Mainstream Core Travelers
225746,0,1,High,High,Elite Frequent Flyers
225748,2,0,Medium,Medium,Mainstream Core Travelers
225891,0,0,High,Medium,Rising Loyalists
225920,0,0,High,Medium,Rising Loyalists
225930,0,0,High,Medium,Rising Loyalists
225972,0,0,High,Medium,Rising Loyalists
226176,2,0,Medium,Medium,Mainstream Core Travelers
226191,0,0,High,Medium,Rising Loyalists
226194,0,1,High,High,Elite Frequent Flyers
226360,0,0,High,Medium,Rising Loyalists
226387,2,0,Medium,Medium,Mainstream Core Travelers
226422,0,0,High,Medium,Rising Loyalists
226511,0,0,High,Medium,Rising Loyalists
226643,0,0,High,Medium,Rising Loyalists
226710,0,0,High,Medium,Rising Loyalists
226804,2,0,Medium,Medium,Mainstream Core Travelers
226842,0,0,High,Medium,Rising Loyalists
226847,2,0,Medium,Medium,Mainstream Core Travelers
226866,0,0,High,Medium,Rising Loyalists
226924,2,0,Medium,Medium,Mainstream Core Travelers
227008,0,0,High,Medium,Rising Loyalists
227015,0,0,High,Medium,Rising Loyalists
227234,0,0,High,Medium,Rising Loyalists
227239,0,0,High,Medium,Rising Loyalists
227274,2,0,Medium,Medium,Mainstream Core Travelers
227293,0,0,High,Medium,Rising Loyalists
227303,2,0,Medium,Medium,Mainstream Core Travelers
227398,2,0,Medium,Medium,Mainstream Core Travelers
227429,0,0,High,Medium,Rising Loyalists
227433,2,0,Medium,Medium,Mainstream Core Travelers
227547,0,0,High,Medium,Rising Loyalists
227796,0,0,High,Medium,Rising Loyalists
227804,0,0,High,Medium,Rising Loyalists
227808,2,0,Medium,Medium,Mainstream Core Travelers
227906,0,0,High,Medium,Rising Loyalists
228030,2,1,Medium,High,Loyal Premium Travelers
228151,0,0,High,Medium,Rising Loyalists
228273,0,0,High,Medium,Rising Loyalists
228469,2,0,Medium,Medium,Mainstream Core Travelers
228557,2,0,Medium,Medium,Mainstream Core Travelers
228580,0,0,High,Medium,Rising Loyalists
228673,0,0,High,Medium,Rising Loyalists
228748,0,0,High,Medium,Rising Loyalists
228772,2,0,Medium,Medium,Mainstream Core Travelers
228820,2,0,Medium,Medium,Mainstream Core Travelers
228896,0,0,High,Medium,Rising Loyalists
228984,0,0,High,Medium,Rising Loyalists
228995,0,0,High,Medium,Rising Loyalists
229075,2,0,Medium,Medium,Mainstream Core Travelers
229094,0,0,High,Medium,Rising Loyalists
229166,0,0,High,Medium,Rising Loyalists
229204,2,0,Medium,Medium,Mainstream Core Travelers
229210,0,0,High,Medium,Rising Loyalists
229265,0,0,High,Medium,Rising Loyalists
229308,2,0,Medium,Medium,Mainstream Core Travelers
229391,2,0,Medium,Medium,Mainstream Core Travelers
229436,0,0,High,Medium,Rising Loyalists
229530,0,0,High,Medium,Rising Loyalists
229612,0,0,High,Medium,Rising Loyalists
229621,0,0,High,Medium,Rising Loyalists
229636,2,0,Medium,Medium,Mainstream Core Travelers
229677,0,0,High,Medium,Rising Loyalists
229692,2,0,Medium,Medium,Mainstream Core Travelers
229842,0,0,High,Medium,Rising Loyalists
229861,2,0,Medium,Medium,Mainstream Core Travelers
230027,0,0,High,Medium,Rising Loyalists
230070,2,0,Medium,Medium,Mainstream Core Travelers
230101,0,0,High,Medium,Rising Loyalists
230124,2,0,Medium,Medium,Mainstream Core Travelers
230240,0,0,High,Medium,Rising Loyalists
230311,0,0,High,Medium,Rising Loyalists
230337,2,0,Medium,Medium,Mainstream Core Travelers
230429,0,0,High,Medium,Rising Loyalists
230560,2,0,Medium,Medium,Mainstream Core Travelers
230687,2,0,Medium,Medium,Mainstream Core Travelers
230693,0,0,High,Medium,Rising Loyalists
230763,0,0,High,Medium,Rising Loyalists
230840,0,0,High,Medium,Rising Loyalists
230908,0,0,High,Medium,Rising Loyalists
230942,0,0,High,Medium,Rising Loyalists
231013,0,0,High,Medium,Rising Loyalists
231047,0,0,High,Medium,Rising Loyalists
231080,2,1,Medium,High,Loyal Premium Travelers
231084,0,0,High,Medium,Rising Loyalists
231090,0,0,High,Medium,Rising Loyalists
231273,0,0,High,Medium,Rising Loyalists
231319,2,0,Medium,Medium,Mainstream Core Travelers
231462,0,1,High,High,Elite Frequent Flyers
231508,0,0,High,Medium,Rising Loyalists
231530,0,0,High,Medium,Rising Loyalists
231592,0,0,High,Medium,Rising Loyalists
231614,0,0,High,Medium,Rising Loyalists
231641,0,0,High,Medium,Rising Loyalists
231755,0,0,High,Medium,Rising Loyalists
231843,0,0,High,Medium,Rising Loyalists
231992,2,1,Medium,High,Loyal Premium Travelers
232022,0,0,High,Medium,Rising Loyalists
232137,0,0,High,Medium,Rising Loyalists
232203,0,0,High,Medium,Rising Loyalists
232290,0,0,High,Medium,Rising Loyalists
232317,2,1,Medium,High,Loyal Premium Travelers
232395,0,0,High,Medium,Rising Loyalists
232426,2,0,Medium,Medium,Mainstream Core Travelers
232450,0,0,High,Medium,Rising Loyalists
232533,2,1,Medium,High,Loyal Premium Travelers
232555,0,0,High,Medium,Rising Loyalists
232579,2,0,Medium,Medium,Mainstream Core Travelers
232609,0,0,High,Medium,Rising Loyalists
232685,0,0,High,Medium,Rising Loyalists
232703,0,0,High,Medium,Rising Loyalists
232755,0,0,High,Medium,Rising Loyalists
232871,0,1,High,High,Elite Frequent Flyers
232884,2,1,Medium,High,Loyal Premium Travelers
232907,2,0,Medium,Medium,Mainstream Core Travelers
232924,0,0,High,Medium,Rising Loyalists
233017,0,0,High,Medium,Rising Loyalists
233051,2,0,Medium,Medium,Mainstream Core Travelers
233084,0,0,High,Medium,Rising Loyalists
233437,2,0,Medium,Medium,Mainstream Core Travelers
233646,0,0,High,Medium,Rising Loyalists
233738,0,0,High,Medium,Rising Loyalists
233768,0,0,High,Medium,Rising Loyalists
233774,2,0,Medium,Medium,Mainstream Core Travelers
233819,0,0,High,Medium,Rising Loyalists
233831,2,1,Medium,High,Loyal Premium Travelers
233877,2,1,Medium,High,Loyal Premium Travelers
233958,0,0,High,Medium,Rising Loyalists
233969,0,0,High,Medium,Rising Loyalists
233991,0,0,High,Medium,Rising Loyalists
234047,0,0,High,Medium,Rising Loyalists
234256,0,0,High,Medium,Rising Loyalists
234435,0,0,High,Medium,Rising Loyalists
234454,2,0,Medium,Medium,Mainstream Core Travelers
234515,0,0,High,Medium,Rising Loyalists
234562,0,0,High,Medium,Rising Loyalists
234588,0,0,High,Medium,Rising Loyalists
234630,0,0,High,Medium,Rising Loyalists
234807,0,1,High,High,Elite Frequent Flyers
234836,2,0,Medium,Medium,Mainstream Core Travelers
234866,0,0,High,Medium,Rising Loyalists
234878,0,0,High,Medium,Rising Loyalists
234895,0,0,High,Medium,Rising Loyalists
234922,2,0,Medium,Medium,Mainstream Core Travelers
234973,0,0,High,Medium,Rising Loyalists
235030,2,0,Medium,Medium,Mainstream Core Travelers
235063,0,0,High,Medium,Rising Loyalists
235092,0,0,High,Medium,Rising Loyalists
235102,0,0,High,Medium,Rising Loyalists
235220,2,0,Medium,Medium,Mainstream Core Travelers
235229,2,0,Medium,Medium,Mainstream Core Travelers
235391,0,0,High,Medium,Rising Loyalists
235398,0,0,High,Medium,Rising Loyalists
235428,0,0,High,Medium,Rising Loyalists
235454,2,0,Medium,Medium,Mainstream Core Travelers
235459,0,0,High,Medium,Rising Loyalists
235506,2,0,Medium,Medium,Mainstream Core Travelers
235585,2,0,Medium,Medium,Mainstream Core Travelers
235629,2,0,Medium,Medium,Mainstream Core Travelers
235683,2,1,Medium,High,Loyal Premium Travelers
235709,2,0,Medium,Medium,Mainstream Core Travelers
235716,0,0,High,Medium,Rising Loyalists
235857,0,0,High,Medium,Rising Loyalists
235872,0,0,High,Medium,Rising Loyalists
235882,0,0,High,Medium,Rising Loyalists
235885,0,0,High,Medium,Rising Loyalists
235930,0,0,High,Medium,Rising Loyalists
236001,0,0,High,Medium,Rising Loyalists
236003,0,0,High,Medium,Rising Loyalists
236026,0,0,High,Medium,Rising Loyalists
236037,2,0,Medium,Medium,Mainstream Core Travelers
236093,0,0,High,Medium,Rising Loyalists
236129,0,0,High,Medium,Rising Loyalists
236165,0,0,High,Medium,Rising Loyalists
236300,2,0,Medium,Medium,Mainstream Core Travelers
236395,0,0,High,Medium,Rising Loyalists
236593,0,0,High,Medium,Rising Loyalists
236701,0,0,High,Medium,Rising Loyalists
236710,0,0,High,Medium,Rising Loyalists
236767,0,0,High,Medium,Rising Loyalists
236794,2,0,Medium,Medium,Mainstream Core Travelers
236874,0,0,High,Medium,Rising Loyalists
237018,0,0,High,Medium,Rising Loyalists
237094,0,0,High,Medium,Rising Loyalists
237105,0,0,High,Medium,Rising Loyalists
237106,0,0,High,Medium,Rising Loyalists
237107,2,1,Medium,High,Loyal Premium Travelers
237274,0,0,High,Medium,Rising Loyalists
237293,0,0,High,Medium,Rising Loyalists
237303,0,0,High,Medium,Rising Loyalists
237312,2,0,Medium,Medium,Mainstream Core Travelers
237319,2,0,Medium,Medium,Mainstream Core Travelers
237402,0,1,High,High,Elite Frequent Flyers
237434,0,0,High,Medium,Rising Loyalists
237492,0,0,High,Medium,Rising Loyalists
237586,0,0,High,Medium,Rising Loyalists
237651,0,0,High,Medium,Rising Loyalists
237729,0,0,High,Medium,Rising Loyalists
237751,2,0,Medium,Medium,Mainstream Core Travelers
237770,0,0,High,Medium,Rising Loyalists
237858,2,0,Medium,Medium,Mainstream Core Travelers
237888,0,0,High,Medium,Rising Loyalists
237984,0,0,High,Medium,Rising Loyalists
238063,2,0,Medium,Medium,Mainstream Core Travelers
238070,2,1,Medium,High,Loyal Premium Travelers
238119,0,0,High,Medium,Rising Loyalists
238156,0,0,High,Medium,Rising Loyalists
238193,0,0,High,Medium,Rising Loyalists
238233,0,0,High,Medium,Rising Loyalists
238342,2,0,Medium,Medium,Mainstream Core Travelers
238367,2,1,Medium,High,Loyal Premium Travelers
238434,0,0,High,Medium,Rising Loyalists
238442,0,0,High,Medium,Rising Loyalists
238556,0,0,High,Medium,Rising Loyalists
238607,0,0,High,Medium,Rising Loyalists
238640,0,0,High,Medium,Rising Loyalists
238647,0,0,High,Medium,Rising Loyalists
238649,0,0,High,Medium,Rising Loyalists
238752,0,0,High,Medium,Rising Loyalists
238753,0,0,High,Medium,Rising Loyalists
238796,0,0,High,Medium,Rising Loyalists
238814,0,0,High,Medium,Rising Loyalists
238939,2,0,Medium,Medium,Mainstream Core Travelers
239027,0,0,High,Medium,Rising Loyalists
239182,0,0,High,Medium,Rising Loyalists
239184,0,0,High,Medium,Rising Loyalists
239221,2,0,Medium,Medium,Mainstream Core Travelers
239276,0,0,High,Medium,Rising Loyalists
239457,0,0,High,Medium,Rising Loyalists
239476,0,1,High,High,Elite Frequent Flyers
239490,0,0,High,Medium,Rising Loyalists
239525,2,0,Medium,Medium,Mainstream Core Travelers
239605,0,1,High,High,Elite Frequent Flyers
239606,0,0,High,Medium,Rising Loyalists
239749,2,0,Medium,Medium,Mainstream Core Travelers
239892,0,0,High,Medium,Rising Loyalists
239955,0,0,High,Medium,Rising Loyalists
239956,0,0,High,Medium,Rising Loyalists
239970,0,0,High,Medium,Rising Loyalists
240044,0,0,High,Medium,Rising Loyalists
240132,0,0,High,Medium,Rising Loyalists
240135,2,0,Medium,Medium,Mainstream Core Travelers
240141,2,0,Medium,Medium,Mainstream Core Travelers
240143,2,0,Medium,Medium,Mainstream Core Travelers
240209,0,1,High,High,Elite Frequent Flyers
240299,2,0,Medium,Medium,Mainstream Core Travelers
240330,0,0,High,Medium,Rising Loyalists
240362,0,0,High,Medium,Rising Loyalists
240365,2,0,Medium,Medium,Mainstream Core Travelers
240442,0,0,High,Medium,Rising Loyalists
240476,0,0,High,Medium,Rising Loyalists
240500,2,0,Medium,Medium,Mainstream Core Travelers
240760,0,0,High,Medium,Rising Loyalists
240761,0,0,High,Medium,Rising Loyalists
240774,2,0,Medium,Medium,Mainstream Core Travelers
240829,0,0,High,Medium,Rising Loyalists
240861,2,0,Medium,Medium,Mainstream Core Travelers
240886,0,0,High,Medium,Rising Loyalists
240942,0,0,High,Medium,Rising Loyalists
240963,0,0,High,Medium,Rising Loyalists
241038,0,0,High,Medium,Rising Loyalists
241069,2,0,Medium,Medium,Mainstream Core Travelers
241144,0,0,High,Medium,Rising Loyalists
241165,2,1,Medium,High,Loyal Premium Travelers
241167,0,0,High,Medium,Rising Loyalists
241374,0,0,High,Medium,Rising Loyalists
241391,0,0,High,Medium,Rising Loyalists
241421,0,0,High,Medium,Rising Loyalists
241436,0,0,High,Medium,Rising Loyalists
241455,2,0,Medium,Medium,Mainstream Core Travelers
241468,2,0,Medium,Medium,Mainstream Core Travelers
241495,0,0,High,Medium,Rising Loyalists
241600,0,0,High,Medium,Rising Loyalists
241641,0,0,High,Medium,Rising Loyalists
241675,0,0,High,Medium,Rising Loyalists
241677,0,1,High,High,Elite Frequent Flyers
241714,0,0,High,Medium,Rising Loyalists
241849,0,0,High,Medium,Rising Loyalists
241854,0,0,High,Medium,Rising Loyalists
241967,0,0,High,Medium,Rising Loyalists
241990,2,0,Medium,Medium,Mainstream Core Travelers
242028,0,0,High,Medium,Rising Loyalists
242203,2,0,Medium,Medium,Mainstream Core Travelers
242288,0,0,High,Medium,Rising Loyalists
242304,0,0,High,Medium,Rising Loyalists
242348,0,0,High,Medium,Rising Loyalists
242377,2,0,Medium,Medium,Mainstream Core Travelers
242387,2,0,Medium,Medium,Mainstream Core Travelers
242637,2,1,Medium,High,Loyal Premium Travelers
242719,2,0,Medium,Medium,Mainstream Core Travelers
242779,0,0,High,Medium,Rising Loyalists
242789,0,0,High,Medium,Rising Loyalists
242812,0,0,High,Medium,Rising Loyalists
242839,2,0,Medium,Medium,Mainstream Core Travelers
242917,0,0,High,Medium,Rising Loyalists
242980,2,0,Medium,Medium,Mainstream Core Travelers
243001,2,0,Medium,Medium,Mainstream Core Travelers
243005,0,0,High,Medium,Rising Loyalists
243018,0,0,High,Medium,Rising Loyalists
243061,0,0,High,Medium,Rising Loyalists
243153,2,0,Medium,Medium,Mainstream Core Travelers
243191,0,0,High,Medium,Rising Loyalists
243272,2,1,Medium,High,Loyal Premium Travelers
243273,2,1,Medium,High,Loyal Premium Travelers
243294,2,0,Medium,Medium,Mainstream Core Travelers
243444,0,0,High,Medium,Rising Loyalists
243455,0,0,High,Medium,Rising Loyalists
243557,0,0,High,Medium,Rising Loyalists
243642,0,0,High,Medium,Rising Loyalists
243696,0,0,High,Medium,Rising Loyalists
243713,0,0,High,Medium,Rising Loyalists
243726,2,0,Medium,Medium,Mainstream Core Travelers
243734,0,0,High,Medium,Rising Loyalists
243741,0,0,High,Medium,Rising Loyalists
243751,0,0,High,Medium,Rising Loyalists
243965,2,0,Medium,Medium,Mainstream Core Travelers
244032,0,0,High,Medium,Rising Loyalists
244039,0,0,High,Medium,Rising Loyalists
244099,0,0,High,Medium,Rising Loyalists
244132,0,0,High,Medium,Rising Loyalists
244245,0,0,High,Medium,Rising Loyalists
244271,0,0,High,Medium,Rising Loyalists
244296,0,0,High,Medium,Rising Loyalists
244308,0,0,High,Medium,Rising Loyalists
244367,0,0,High,Medium,Rising Loyalists
244387,0,0,High,Medium,Rising Loyalists
244398,0,0,High,Medium,Rising Loyalists
244414,0,0,High,Medium,Rising Loyalists
244419,0,0,High,Medium,Rising Loyalists
244475,0,0,High,Medium,Rising Loyalists
244527,2,1,Medium,High,Loyal Premium Travelers
244538,0,0,High,Medium,Rising Loyalists
244595,2,0,Medium,Medium,Mainstream Core Travelers
244611,0,0,High,Medium,Rising Loyalists
244652,0,0,High,Medium,Rising Loyalists
244676,2,0,Medium,Medium,Mainstream Core Travelers
244721,2,0,Medium,Medium,Mainstream Core Travelers
244734,2,0,Medium,Medium,Mainstream Core Travelers
244762,0,0,High,Medium,Rising Loyalists
244844,2,0,Medium,Medium,Mainstream Core Travelers
244865,0,0,High,Medium,Rising Loyalists
244925,0,0,High,Medium,Rising Loyalists
245066,2,0,Medium,Medium,Mainstream Core Travelers
245227,2,0,Medium,Medium,Mainstream Core Travelers
245289,0,0,High,Medium,Rising Loyalists
245307,2,0,Medium,Medium,Mainstream Core Travelers
245356,0,0,High,Medium,Rising Loyalists
245419,0,0,High,Medium,Rising Loyalists
245440,2,0,Medium,Medium,Mainstream Core Travelers
245465,0,0,High,Medium,Rising Loyalists
245575,0,0,High,Medium,Rising Loyalists
245604,0,0,High,Medium,Rising Loyalists
245671,2,0,Medium,Medium,Mainstream Core Travelers
245800,0,0,High,Medium,Rising Loyalists
245929,0,0,High,Medium,Rising Loyalists
246059,0,0,High,Medium,Rising Loyalists
246117,2,0,Medium,Medium,Mainstream Core Travelers
246187,0,1,High,High,Elite Frequent Flyers
246273,0,1,High,High,Elite Frequent Flyers
246323,0,0,High,Medium,Rising Loyalists
246399,2,0,Medium,Medium,Mainstream Core Travelers
246405,0,0,High,Medium,Rising Loyalists
246421,0,0,High,Medium,Rising Loyalists
246517,0,0,High,Medium,Rising Loyalists
246571,0,0,High,Medium,Rising Loyalists
246581,2,0,Medium,Medium,Mainstream Core Travelers
246591,0,0,High,Medium,Rising Loyalists
246690,0,0,High,Medium,Rising Loyalists
246722,0,0,High,Medium,Rising Loyalists
246734,0,0,High,Medium,Rising Loyalists
246736,0,0,High,Medium,Rising Loyalists
246737,0,0,High,Medium,Rising Loyalists
246775,2,0,Medium,Medium,Mainstream Core Travelers
246800,0,0,High,Medium,Rising Loyalists
246911,2,0,Medium,Medium,Mainstream Core Travelers
246935,0,0,High,Medium,Rising Loyalists
247050,0,0,High,Medium,Rising Loyalists
247103,2,0,Medium,Medium,Mainstream Core Travelers
247180,0,0,High,Medium,Rising Loyalists
247220,0,0,High,Medium,Rising Loyalists
247247,2,0,Medium,Medium,Mainstream Core Travelers
247391,2,0,Medium,Medium,Mainstream Core Travelers
247433,0,1,High,High,Elite Frequent Flyers
247471,0,0,High,Medium,Rising Loyalists
247514,0,0,High,Medium,Rising Loyalists
247551,0,1,High,High,Elite Frequent Flyers
247607,0,0,High,Medium,Rising Loyalists
247645,0,0,High,Medium,Rising Loyalists
247680,0,0,High,Medium,Rising Loyalists
247692,2,0,Medium,Medium,Mainstream Core Travelers
247714,0,0,High,Medium,Rising Loyalists
247721,0,0,High,Medium,Rising Loyalists
247833,2,0,Medium,Medium,Mainstream Core Travelers
248011,0,0,High,Medium,Rising Loyalists
248138,0,0,High,Medium,Rising Loyalists
248196,2,0,Medium,Medium,Mainstream Core Travelers
248265,0,1,High,High,Elite Frequent Flyers
248356,0,1,High,High,Elite Frequent Flyers
248433,0,0,High,Medium,Rising Loyalists
248445,2,1,Medium,High,Loyal Premium Travelers
248461,0,0,High,Medium,Rising Loyalists
248487,0,0,High,Medium,Rising Loyalists
248497,2,1,Medium,High,Loyal Premium Travelers
248593,0,0,High,Medium,Rising Loyalists
248620,0,0,High,Medium,Rising Loyalists
248664,2,0,Medium,Medium,Mainstream Core Travelers
248752,2,0,Medium,Medium,Mainstream Core Travelers
248885,0,0,High,Medium,Rising Loyalists
248886,2,0,Medium,Medium,Mainstream Core Travelers
248950,2,0,Medium,Medium,Mainstream Core Travelers
248952,0,0,High,Medium,Rising Loyalists
249019,0,0,High,Medium,Rising Loyalists
249224,0,0,High,Medium,Rising Loyalists
249270,2,0,Medium,Medium,Mainstream Core Travelers
249352,0,0,High,Medium,Rising Loyalists
249381,0,0,High,Medium,Rising Loyalists
249408,2,0,Medium,Medium,Mainstream Core Travelers
249466,0,0,High,Medium,Rising Loyalists
249555,0,0,High,Medium,Rising Loyalists
249559,0,0,High,Medium,Rising Loyalists
249639,2,0,Medium,Medium,Mainstream Core Travelers
249693,0,0,High,Medium,Rising Loyalists
249723,0,0,High,Medium,Rising Loyalists
249795,2,0,Medium,Medium,Mainstream Core Travelers
249811,2,0,Medium,Medium,Mainstream Core Travelers
249813,0,1,High,High,Elite Frequent Flyers
249833,2,0,Medium,Medium,Mainstream Core Travelers
249841,0,0,High,Medium,Rising Loyalists
249982,0,0,High,Medium,Rising Loyalists
250089,2,0,Medium,Medium,Mainstream Core Travelers
250194,2,1,Medium,High,Loyal Premium Travelers
250280,0,0,High,Medium,Rising Loyalists
250311,0,0,High,Medium,Rising Loyalists
250315,0,1,High,High,Elite Frequent Flyers
250363,2,0,Medium,Medium,Mainstream Core Travelers
250380,2,0,Medium,Medium,Mainstream Core Travelers
250391,2,0,Medium,Medium,Mainstream Core Travelers
250422,0,0,High,Medium,Rising Loyalists
250540,2,0,Medium,Medium,Mainstream Core Travelers
250586,0,0,High,Medium,Rising Loyalists
250609,2,0,Medium,Medium,Mainstream Core Travelers
250619,0,0,High,Medium,Rising Loyalists
250696,0,0,High,Medium,Rising Loyalists
250711,0,0,High,Medium,Rising Loyalists
250854,0,0,High,Medium,Rising Loyalists
250921,0,1,High,High,Elite Frequent Flyers
251012,0,0,High,Medium,Rising Loyalists
251020,2,0,Medium,Medium,Mainstream Core Travelers
251023,0,0,High,Medium,Rising Loyalists
251081,2,0,Medium,Medium,Mainstream Core Travelers
251095,0,0,High,Medium,Rising Loyalists
251116,2,0,Medium,Medium,Mainstream Core Travelers
251195,0,0,High,Medium,Rising Loyalists
251211,2,0,Medium,Medium,Mainstream Core Travelers
251223,2,0,Medium,Medium,Mainstream Core Travelers
251324,0,0,High,Medium,Rising Loyalists
251432,0,0,High,Medium,Rising Loyalists
251436,0,0,High,Medium,Rising Loyalists
251521,2,0,Medium,Medium,Mainstream Core Travelers
251641,0,1,High,High,Elite Frequent Flyers
251779,0,0,High,Medium,Rising Loyalists
251874,0,0,High,Medium,Rising Loyalists
251950,0,1,High,High,Elite Frequent Flyers
252082,0,0,High,Medium,Rising Loyalists
252110,0,0,High,Medium,Rising Loyalists
252135,2,0,Medium,Medium,Mainstream Core Travelers
252136,0,0,High,Medium,Rising Loyalists
252147,2,0,Medium,Medium,Mainstream Core Travelers
252165,2,0,Medium,Medium,Mainstream Core Travelers
252271,0,0,High,Medium,Rising Loyalists
252341,0,0,High,Medium,Rising Loyalists
252419,0,0,High,Medium,Rising Loyalists
252450,0,0,High,Medium,Rising Loyalists
252472,2,0,Medium,Medium,Mainstream Core Travelers
252476,0,0,High,Medium,Rising Loyalists
252531,2,0,Medium,Medium,Mainstream Core Travelers
252563,2,0,Medium,Medium,Mainstream Core Travelers
252628,2,0,Medium,Medium,Mainstream Core Travelers
252679,2,0,Medium,Medium,Mainstream Core Travelers
252782,0,0,High,Medium,Rising Loyalists
252954,0,1,High,High,Elite Frequent Flyers
253046,0,0,High,Medium,Rising Loyalists
253056,2,0,Medium,Medium,Mainstream Core Travelers
253082,2,0,Medium,Medium,Mainstream Core Travelers
253098,0,0,High,Medium,Rising Loyalists
253210,0,0,High,Medium,Rising Loyalists
253282,0,0,High,Medium,Rising Loyalists
253283,2,0,Medium,Medium,Mainstream Core Travelers
253412,2,0,Medium,Medium,Mainstream Core Travelers
253466,0,0,High,Medium,Rising Loyalists
253528,2,0,Medium,Medium,Mainstream Core Travelers
253601,0,0,High,Medium,Rising Loyalists
253609,0,0,High,Medium,Rising Loyalists
253619,0,0,High,Medium,Rising Loyalists
253635,0,0,High,Medium,Rising Loyalists
253689,0,0,High,Medium,Rising Loyalists
253825,0,0,High,Medium,Rising Loyalists
253852,0,0,High,Medium,Rising Loyalists
254097,2,0,Medium,Medium,Mainstream Core Travelers
254161,2,0,Medium,Medium,Mainstream Core Travelers
254230,0,0,High,Medium,Rising Loyalists
254361,0,1,High,High,Elite Frequent Flyers
254371,0,0,High,Medium,Rising Loyalists
254372,0,1,High,High,Elite Frequent Flyers
254428,2,0,Medium,Medium,Mainstream Core Travelers
254546,0,0,High,Medium,Rising Loyalists
254567,2,1,Medium,High,Loyal Premium Travelers
254575,0,0,High,Medium,Rising Loyalists
254579,0,0,High,Medium,Rising Loyalists
254667,0,0,High,Medium,Rising Loyalists
254683,0,0,High,Medium,Rising Loyalists
254745,2,1,Medium,High,Loyal Premium Travelers
254853,0,0,High,Medium,Rising Loyalists
254860,0,0,High,Medium,Rising Loyalists
254940,0,0,High,Medium,Rising Loyalists
255019,2,0,Medium,Medium,Mainstream Core Travelers
255028,2,1,Medium,High,Loyal Premium Travelers
255032,2,0,Medium,Medium,Mainstream Core Travelers
255087,0,0,High,Medium,Rising Loyalists
255108,0,0,High,Medium,Rising Loyalists
255183,2,0,Medium,Medium,Mainstream Core Travelers
255215,0,0,High,Medium,Rising Loyalists
255267,0,0,High,Medium,Rising Loyalists
255320,0,1,High,High,Elite Frequent Flyers
255333,0,0,High,Medium,Rising Loyalists
255425,0,0,High,Medium,Rising Loyalists
255475,0,0,High,Medium,Rising Loyalists
255509,0,0,High,Medium,Rising Loyalists
255546,0,0,High,Medium,Rising Loyalists
255623,2,0,Medium,Medium,Mainstream Core Travelers
255653,0,0,High,Medium,Rising Loyalists
255718,0,0,High,Medium,Rising Loyalists
255740,0,0,High,Medium,Rising Loyalists
255767,2,0,Medium,Medium,Mainstream Core Travelers
255818,2,0,Medium,Medium,Mainstream Core Travelers
255836,0,0,High,Medium,Rising Loyalists
255951,0,0,High,Medium,Rising Loyalists
255994,2,0,Medium,Medium,Mainstream Core Travelers
256003,0,0,High,Medium,Rising Loyalists
256013,0,0,High,Medium,Rising Loyalists
256135,0,0,High,Medium,Rising Loyalists
256147,0,0,High,Medium,Rising Loyalists
256188,2,0,Medium,Medium,Mainstream Core Travelers
256189,2,0,Medium,Medium,Mainstream Core Travelers
256198,2,0,Medium,Medium,Mainstream Core Travelers
256323,0,0,High,Medium,Rising Loyalists
256360,2,0,Medium,Medium,Mainstream Core Travelers
256434,0,0,High,Medium,Rising Loyalists
256467,2,0,Medium,Medium,Mainstream Core Travelers
256483,0,0,High,Medium,Rising Loyalists
256486,0,0,High,Medium,Rising Loyalists
256502,0,0,High,Medium,Rising Loyalists
256544,0,0,High,Medium,Rising Loyalists
256574,0,0,High,Medium,Rising Loyalists
256627,2,0,Medium,Medium,Mainstream Core Travelers
256731,0,0,High,Medium,Rising Loyalists
256755,2,0,Medium,Medium,Mainstream Core Travelers
256821,2,0,Medium,Medium,Mainstream Core Travelers
256920,2,0,Medium,Medium,Mainstream Core Travelers
256945,2,0,Medium,Medium,Mainstream Core Travelers
257194,2,1,Medium,High,Loyal Premium Travelers
257236,0,0,High,Medium,Rising Loyalists
257301,0,0,High,Medium,Rising Loyalists
257369,2,0,Medium,Medium,Mainstream Core Travelers
257391,0,0,High,Medium,Rising Loyalists
257393,2,1,Medium,High,Loyal Premium Travelers
257417,0,0,High,Medium,Rising Loyalists
257440,0,0,High,Medium,Rising Loyalists
257463,2,0,Medium,Medium,Mainstream Core Travelers
257506,0,0,High,Medium,Rising Loyalists
257509,2,0,Medium,Medium,Mainstream Core Travelers
257575,0,0,High,Medium,Rising Loyalists
257579,0,0,High,Medium,Rising Loyalists
257705,0,0,High,Medium,Rising Loyalists
257820,2,0,Medium,Medium,Mainstream Core Travelers
257862,2,0,Medium,Medium,Mainstream Core Travelers
257864,2,0,Medium,Medium,Mainstream Core Travelers
257880,0,0,High,Medium,Rising Loyalists
257981,0,0,High,Medium,Rising Loyalists
257985,2,0,Medium,Medium,Mainstream Core Travelers
258067,0,0,High,Medium,Rising Loyalists
258088,0,0,High,Medium,Rising Loyalists
258102,0,0,High,Medium,Rising Loyalists
258123,0,0,High,Medium,Rising Loyalists
258141,2,0,Medium,Medium,Mainstream Core Travelers
258166,0,1,High,High,Elite Frequent Flyers
258184,0,0,High,Medium,Rising Loyalists
258202,0,0,High,Medium,Rising Loyalists
258228,0,0,High,Medium,Rising Loyalists
258238,0,0,High,Medium,Rising Loyalists
258248,0,0,High,Medium,Rising Loyalists
258296,0,1,High,High,Elite Frequent Flyers
258323,0,0,High,Medium,Rising Loyalists
258358,2,0,Medium,Medium,Mainstream Core Travelers
258408,0,0,High,Medium,Rising Loyalists
258799,2,0,Medium,Medium,Mainstream Core Travelers
258849,0,0,High,Medium,Rising Loyalists
258860,0,0,High,Medium,Rising Loyalists
258951,0,0,High,Medium,Rising Loyalists
259067,0,0,High,Medium,Rising Loyalists
259110,0,0,High,Medium,Rising Loyalists
259170,2,0,Medium,Medium,Mainstream Core Travelers
259219,2,0,Medium,Medium,Mainstream Core Travelers
259252,0,0,High,Medium,Rising Loyalists
259342,0,0,High,Medium,Rising Loyalists
259446,0,1,High,High,Elite Frequent Flyers
259532,0,0,High,Medium,Rising Loyalists
259634,0,0,High,Medium,Rising Loyalists
259700,1,0,Low,Medium,Value Fading
259734,2,1,Medium,High,Loyal Premium Travelers
259789,2,0,Medium,Medium,Mainstream Core Travelers
259878,0,0,High,Medium,Rising Loyalists
260000,0,1,High,High,Elite Frequent Flyers
260106,2,0,Medium,Medium,Mainstream Core Travelers
260112,2,0,Medium,Medium,Mainstream Core Travelers
260155,0,0,High,Medium,Rising Loyalists
260245,0,0,High,Medium,Rising Loyalists
260285,2,1,Medium,High,Loyal Premium Travelers
260408,0,0,High,Medium,Rising Loyalists
260452,0,0,High,Medium,Rising Loyalists
260464,0,0,High,Medium,Rising Loyalists
260513,0,0,High,Medium,Rising Loyalists
260515,0,0,High,Medium,Rising Loyalists
260622,0,0,High,Medium,Rising Loyalists
260685,0,0,High,Medium,Rising Loyalists
260712,2,0,Medium,Medium,Mainstream Core Travelers
260714,0,0,High,Medium,Rising Loyalists
260726,0,0,High,Medium,Rising Loyalists
260838,0,0,High,Medium,Rising Loyalists
260855,0,0,High,Medium,Rising Loyalists
261044,0,0,High,Medium,Rising Loyalists
261077,0,0,High,Medium,Rising Loyalists
261109,0,0,High,Medium,Rising Loyalists
261125,0,0,High,Medium,Rising Loyalists
261187,2,0,Medium,Medium,Mainstream Core Travelers
261229,0,0,High,Medium,Rising Loyalists
261273,2,0,Medium,Medium,Mainstream Core Travelers
261283,0,0,High,Medium,Rising Loyalists
261331,0,0,High,Medium,Rising Loyalists
261423,0,0,High,Medium,Rising Loyalists
261426,2,0,Medium,Medium,Mainstream Core Travelers
261468,0,0,High,Medium,Rising Loyalists
261573,0,0,High,Medium,Rising Loyalists
261582,0,0,High,Medium,Rising Loyalists
261715,0,0,High,Medium,Rising Loyalists
261767,2,0,Medium,Medium,Mainstream Core Travelers
261780,0,0,High,Medium,Rising Loyalists
261787,0,0,High,Medium,Rising Loyalists
261789,0,0,High,Medium,Rising Loyalists
261832,0,0,High,Medium,Rising Loyalists
261957,0,0,High,Medium,Rising Loyalists
261964,0,0,High,Medium,Rising Loyalists
262099,0,0,High,Medium,Rising Loyalists
262176,0,0,High,Medium,Rising Loyalists
262177,0,0,High,Medium,Rising Loyalists
262211,0,1,High,High,Elite Frequent Flyers
262305,2,0,Medium,Medium,Mainstream Core Travelers
262336,0,0,High,Medium,Rising Loyalists
262351,2,0,Medium,Medium,Mainstream Core Travelers
262366,0,0,High,Medium,Rising Loyalists
262369,0,0,High,Medium,Rising Loyalists
262374,0,0,High,Medium,Rising Loyalists
262422,0,0,High,Medium,Rising Loyalists
262467,0,1,High,High,Elite Frequent Flyers
262508,2,0,Medium,Medium,Mainstream Core Travelers
262526,0,0,High,Medium,Rising Loyalists
262562,0,0,High,Medium,Rising Loyalists
262574,2,0,Medium,Medium,Mainstream Core Travelers
262586,0,0,High,Medium,Rising Loyalists
262613,0,0,High,Medium,Rising Loyalists
262683,0,0,High,Medium,Rising Loyalists
262717,0,0,High,Medium,Rising Loyalists
262770,2,0,Medium,Medium,Mainstream Core Travelers
262774,0,0,High,Medium,Rising Loyalists
262810,0,0,High,Medium,Rising Loyalists
262937,2,0,Medium,Medium,Mainstream Core Travelers
263055,0,0,High,Medium,Rising Loyalists
263068,2,0,Medium,Medium,Mainstream Core Travelers
263069,0,0,High,Medium,Rising Loyalists
263080,0,0,High,Medium,Rising Loyalists
263127,0,0,High,Medium,Rising Loyalists
263237,0,0,High,Medium,Rising Loyalists
263246,0,0,High,Medium,Rising Loyalists
263260,0,0,High,Medium,Rising Loyalists
263267,2,1,Medium,High,Loyal Premium Travelers
263302,2,0,Medium,Medium,Mainstream Core Travelers
263339,0,0,High,Medium,Rising Loyalists
263402,2,0,Medium,Medium,Mainstream Core Travelers
263433,0,0,High,Medium,Rising Loyalists
263569,0,0,High,Medium,Rising Loyalists
263592,0,0,High,Medium,Rising Loyalists
263612,2,0,Medium,Medium,Mainstream Core Travelers
263707,0,0,High,Medium,Rising Loyalists
263729,2,0,Medium,Medium,Mainstream Core Travelers
263762,0,0,High,Medium,Rising Loyalists
263763,0,0,High,Medium,Rising Loyalists
263766,0,0,High,Medium,Rising Loyalists
263781,0,0,High,Medium,Rising Loyalists
263812,0,0,High,Medium,Rising Loyalists
263822,2,0,Medium,Medium,Mainstream Core Travelers
263866,0,0,High,Medium,Rising Loyalists
263921,0,0,High,Medium,Rising Loyalists
264018,0,0,High,Medium,Rising Loyalists
264034,2,0,Medium,Medium,Mainstream Core Travelers
264050,2,0,Medium,Medium,Mainstream Core Travelers
264053,2,0,Medium,Medium,Mainstream Core Travelers
264064,2,0,Medium,Medium,Mainstream Core Travelers
264095,0,0,High,Medium,Rising Loyalists
264107,0,0,High,Medium,Rising Loyalists
264145,0,0,High,Medium,Rising Loyalists
264234,0,0,High,Medium,Rising Loyalists
264236,0,0,High,Medium,Rising Loyalists
264308,0,0,High,Medium,Rising Loyalists
264331,0,0,High,Medium,Rising Loyalists
264365,2,0,Medium,Medium,Mainstream Core Travelers
264409,2,0,Medium,Medium,Mainstream Core Travelers
264486,0,0,High,Medium,Rising Loyalists
264491,0,0,High,Medium,Rising Loyalists
264632,0,0,High,Medium,Rising Loyalists
264690,0,0,High,Medium,Rising Loyalists
264701,0,0,High,Medium,Rising Loyalists
264723,0,0,High,Medium,Rising Loyalists
264733,0,0,High,Medium,Rising Loyalists
264741,0,0,High,Medium,Rising Loyalists
264823,0,1,High,High,Elite Frequent Flyers
264904,2,0,Medium,Medium,Mainstream Core Travelers
264936,0,0,High,Medium,Rising Loyalists
265072,0,0,High,Medium,Rising Loyalists
265226,0,0,High,Medium,Rising Loyalists
265284,0,0,High,Medium,Rising Loyalists
265297,2,0,Medium,Medium,Mainstream Core Travelers
265317,0,0,High,Medium,Rising Loyalists
265383,0,1,High,High,Elite Frequent Flyers
265557,0,1,High,High,Elite Frequent Flyers
265566,0,0,High,Medium,Rising Loyalists
265575,0,0,High,Medium,Rising Loyalists
265612,2,0,Medium,Medium,Mainstream Core Travelers
265665,2,0,Medium,Medium,Mainstream Core Travelers
265677,0,1,High,High,Elite Frequent Flyers
265784,2,1,Medium,High,Loyal Premium Travelers
265836,0,0,High,Medium,Rising Loyalists
265975,0,0,High,Medium,Rising Loyalists
266148,0,0,High,Medium,Rising Loyalists
266234,0,1,High,High,Elite Frequent Flyers
266284,0,0,High,Medium,Rising Loyalists
266298,2,0,Medium,Medium,Mainstream Core Travelers
266326,2,0,Medium,Medium,Mainstream Core Travelers
266365,0,0,High,Medium,Rising Loyalists
266377,2,0,Medium,Medium,Mainstream Core Travelers
266429,2,0,Medium,Medium,Mainstream Core Travelers
266474,0,0,High,Medium,Rising Loyalists
266479,2,0,Medium,Medium,Mainstream Core Travelers
266516,0,0,High,Medium,Rising Loyalists
266536,0,0,High,Medium,Rising Loyalists
266541,0,0,High,Medium,Rising Loyalists
266561,2,1,Medium,High,Loyal Premium Travelers
266604,0,0,High,Medium,Rising Loyalists
266640,0,1,High,High,Elite Frequent Flyers
266757,0,0,High,Medium,Rising Loyalists
266861,0,0,High,Medium,Rising Loyalists
266884,2,1,Medium,High,Loyal Premium Travelers
266953,0,0,High,Medium,Rising Loyalists
266968,0,0,High,Medium,Rising Loyalists
267020,0,0,High,Medium,Rising Loyalists
267245,0,0,High,Medium,Rising Loyalists
267291,0,0,High,Medium,Rising Loyalists
267306,0,1,High,High,Elite Frequent Flyers
267352,0,1,High,High,Elite Frequent Flyers
267428,0,0,High,Medium,Rising Loyalists
267474,0,0,High,Medium,Rising Loyalists
267566,0,0,High,Medium,Rising Loyalists
267717,2,0,Medium,Medium,Mainstream Core Travelers
267739,0,0,High,Medium,Rising Loyalists
267930,0,0,High,Medium,Rising Loyalists
267944,0,0,High,Medium,Rising Loyalists
267951,0,0,High,Medium,Rising Loyalists
268076,0,0,High,Medium,Rising Loyalists
268094,2,0,Medium,Medium,Mainstream Core Travelers
268128,0,0,High,Medium,Rising Loyalists
268129,0,0,High,Medium,Rising Loyalists
268139,0,0,High,Medium,Rising Loyalists
268145,0,0,High,Medium,Rising Loyalists
268281,0,0,High,Medium,Rising Loyalists
268293,0,0,High,Medium,Rising Loyalists
268307,0,0,High,Medium,Rising Loyalists
268414,0,1,High,High,Elite Frequent Flyers
268439,0,0,High,Medium,Rising Loyalists
268500,0,0,High,Medium,Rising Loyalists
268630,0,0,High,Medium,Rising Loyalists
268643,2,0,Medium,Medium,Mainstream Core Travelers
268789,0,0,High,Medium,Rising Loyalists
268842,0,0,High,Medium,Rising Loyalists
268932,0,0,High,Medium,Rising Loyalists
268958,0,0,High,Medium,Rising Loyalists
269070,0,0,High,Medium,Rising Loyalists
269120,0,0,High,Medium,Rising Loyalists
269154,0,0,High,Medium,Rising Loyalists
269297,0,0,High,Medium,Rising Loyalists
269434,2,1,Medium,High,Loyal Premium Travelers
269565,2,0,Medium,Medium,Mainstream Core Travelers
269632,0,0,High,Medium,Rising Loyalists
269694,0,0,High,Medium,Rising Loyalists
269775,2,0,Medium,Medium,Mainstream Core Travelers
269960,0,0,High,Medium,Rising Loyalists
270011,0,0,High,Medium,Rising Loyalists
270022,0,0,High,Medium,Rising Loyalists
270160,2,0,Medium,Medium,Mainstream Core Travelers
270183,0,0,High,Medium,Rising Loyalists
270203,2,0,Medium,Medium,Mainstream Core Travelers
270248,0,0,High,Medium,Rising Loyalists
270266,0,0,High,Medium,Rising Loyalists
270304,0,0,High,Medium,Rising Loyalists
270337,0,0,High,Medium,Rising Loyalists
270389,0,0,High,Medium,Rising Loyalists
270499,0,0,High,Medium,Rising Loyalists
270570,0,0,High,Medium,Rising Loyalists
270575,0,0,High,Medium,Rising Loyalists
270723,0,0,High,Medium,Rising Loyalists
270730,0,0,High,Medium,Rising Loyalists
270759,0,0,High,Medium,Rising Loyalists
270761,0,0,High,Medium,Rising Loyalists
270862,0,0,High,Medium,Rising Loyalists
270901,0,1,High,High,Elite Frequent Flyers
270909,0,0,High,Medium,Rising Loyalists
270935,0,0,High,Medium,Rising Loyalists
270969,2,0,Medium,Medium,Mainstream Core Travelers
271043,0,0,High,Medium,Rising Loyalists
271059,2,0,Medium,Medium,Mainstream Core Travelers
271148,0,0,High,Medium,Rising Loyalists
271235,2,0,Medium,Medium,Mainstream Core Travelers
271297,2,0,Medium,Medium,Mainstream Core Travelers
271357,2,0,Medium,Medium,Mainstream Core Travelers
271365,0,0,High,Medium,Rising Loyalists
271432,2,0,Medium,Medium,Mainstream Core Travelers
271463,0,0,High,Medium,Rising Loyalists
271641,2,0,Medium,Medium,Mainstream Core Travelers
271660,0,0,High,Medium,Rising Loyalists
271675,0,1,High,High,Elite Frequent Flyers
271680,0,0,High,Medium,Rising Loyalists
271911,0,0,High,Medium,Rising Loyalists
271929,0,0,High,Medium,Rising Loyalists
271987,2,0,Medium,Medium,Mainstream Core Travelers
272001,0,0,High,Medium,Rising Loyalists
272097,0,0,High,Medium,Rising Loyalists
272114,2,0,Medium,Medium,Mainstream Core Travelers
272123,2,0,Medium,Medium,Mainstream Core Travelers
272144,0,0,High,Medium,Rising Loyalists
272148,0,0,High,Medium,Rising Loyalists
272225,2,0,Medium,Medium,Mainstream Core Travelers
272250,0,0,High,Medium,Rising Loyalists
272289,2,1,Medium,High,Loyal Premium Travelers
272476,0,1,High,High,Elite Frequent Flyers
272551,2,0,Medium,Medium,Mainstream Core Travelers
272568,0,0,High,Medium,Rising Loyalists
272672,0,0,High,Medium,Rising Loyalists
272686,2,0,Medium,Medium,Mainstream Core Travelers
272787,0,0,High,Medium,Rising Loyalists
272812,0,0,High,Medium,Rising Loyalists
272839,0,0,High,Medium,Rising Loyalists
272848,0,0,High,Medium,Rising Loyalists
272893,0,0,High,Medium,Rising Loyalists
272944,0,0,High,Medium,Rising Loyalists
273020,0,1,High,High,Elite Frequent Flyers
273052,2,0,Medium,Medium,Mainstream Core Travelers
273054,2,1,Medium,High,Loyal Premium Travelers
273070,0,0,High,Medium,Rising Loyalists
273144,0,0,High,Medium,Rising Loyalists
273177,0,0,High,Medium,Rising Loyalists
273179,0,0,High,Medium,Rising Loyalists
273198,0,0,High,Medium,Rising Loyalists
273213,0,0,High,Medium,Rising Loyalists
273243,2,0,Medium,Medium,Mainstream Core Travelers
273353,2,0,Medium,Medium,Mainstream Core Travelers
273357,0,0,High,Medium,Rising Loyalists
273391,0,0,High,Medium,Rising Loyalists
273414,0,0,High,Medium,Rising Loyalists
273478,0,0,High,Medium,Rising Loyalists
273552,2,0,Medium,Medium,Mainstream Core Travelers
273984,0,0,High,Medium,Rising Loyalists
274083,0,0,High,Medium,Rising Loyalists
274107,2,0,Medium,Medium,Mainstream Core Travelers
274117,0,0,High,Medium,Rising Loyalists
274141,0,0,High,Medium,Rising Loyalists
274179,2,0,Medium,Medium,Mainstream Core Travelers
274204,0,0,High,Medium,Rising Loyalists
274211,0,0,High,Medium,Rising Loyalists
274264,0,0,High,Medium,Rising Loyalists
274354,0,0,High,Medium,Rising Loyalists
274410,0,0,High,Medium,Rising Loyalists
274428,0,0,High,Medium,Rising Loyalists
274431,0,0,High,Medium,Rising Loyalists
274473,0,0,High,Medium,Rising Loyalists
274535,2,1,Medium,High,Loyal Premium Travelers
274622,2,0,Medium,Medium,Mainstream Core Travelers
274698,0,0,High,Medium,Rising Loyalists
274765,2,1,Medium,High,Loyal Premium Travelers
274803,2,0,Medium,Medium,Mainstream Core Travelers
274817,0,0,High,Medium,Rising Loyalists
274858,0,1,High,High,Elite Frequent Flyers
274879,2,0,Medium,Medium,Mainstream Core Travelers
274896,0,0,High,Medium,Rising Loyalists
275049,0,0,High,Medium,Rising Loyalists
275118,0,0,High,Medium,Rising Loyalists
275209,0,0,High,Medium,Rising Loyalists
275244,0,0,High,Medium,Rising Loyalists
275287,0,0,High,Medium,Rising Loyalists
275298,0,0,High,Medium,Rising Loyalists
275306,0,0,High,Medium,Rising Loyalists
275358,0,0,High,Medium,Rising Loyalists
275386,0,0,High,Medium,Rising Loyalists
275387,2,0,Medium,Medium,Mainstream Core Travelers
275413,0,0,High,Medium,Rising Loyalists
275442,0,0,High,Medium,Rising Loyalists
275446,0,0,High,Medium,Rising Loyalists
275531,2,0,Medium,Medium,Mainstream Core Travelers
275637,0,0,High,Medium,Rising Loyalists
275670,0,1,High,High,Elite Frequent Flyers
275694,0,0,High,Medium,Rising Loyalists
275762,0,0,High,Medium,Rising Loyalists
275807,1,1,Low,High,High-Value At-Risk
275846,2,0,Medium,Medium,Mainstream Core Travelers
275849,0,0,High,Medium,Rising Loyalists
275933,0,0,High,Medium,Rising Loyalists
275949,2,1,Medium,High,Loyal Premium Travelers
275954,2,0,Medium,Medium,Mainstream Core Travelers
276035,0,0,High,Medium,Rising Loyalists
276037,0,1,High,High,Elite Frequent Flyers
276100,0,0,High,Medium,Rising Loyalists
276152,0,0,High,Medium,Rising Loyalists
276204,0,0,High,Medium,Rising Loyalists
276255,0,0,High,Medium,Rising Loyalists
276289,2,0,Medium,Medium,Mainstream Core Travelers
276484,2,1,Medium,High,Loyal Premium Travelers
276494,0,0,High,Medium,Rising Loyalists
276648,0,1,High,High,Elite Frequent Flyers
276650,0,1,High,High,Elite Frequent Flyers
276673,0,0,High,Medium,Rising Loyalists
276746,0,0,High,Medium,Rising Loyalists
276806,2,0,Medium,Medium,Mainstream Core Travelers
276931,2,0,Medium,Medium,Mainstream Core Travelers
276937,0,0,High,Medium,Rising Loyalists
276947,2,0,Medium,Medium,Mainstream Core Travelers
276967,2,0,Medium,Medium,Mainstream Core Travelers
276990,0,0,High,Medium,Rising Loyalists
277025,2,0,Medium,Medium,Mainstream Core Travelers
277033,0,0,High,Medium,Rising Loyalists
277091,0,0,High,Medium,Rising Loyalists
277094,0,0,High,Medium,Rising Loyalists
277139,0,0,High,Medium,Rising Loyalists
277145,2,0,Medium,Medium,Mainstream Core Travelers
277188,0,0,High,Medium,Rising Loyalists
277281,0,0,High,Medium,Rising Loyalists
277285,0,0,High,Medium,Rising Loyalists
277341,2,0,Medium,Medium,Mainstream Core Travelers
277356,2,0,Medium,Medium,Mainstream Core Travelers
277367,0,0,High,Medium,Rising Loyalists
277370,2,0,Medium,Medium,Mainstream Core Travelers
277375,0,1,High,High,Elite Frequent Flyers
277430,2,0,Medium,Medium,Mainstream Core Travelers
277494,0,0,High,Medium,Rising Loyalists
277565,0,0,High,Medium,Rising Loyalists
277587,0,0,High,Medium,Rising Loyalists
277594,0,0,High,Medium,Rising Loyalists
277607,2,0,Medium,Medium,Mainstream Core Travelers
277610,0,0,High,Medium,Rising Loyalists
277649,0,0,High,Medium,Rising Loyalists
277769,2,0,Medium,Medium,Mainstream Core Travelers
277783,0,0,High,Medium,Rising Loyalists
277788,0,0,High,Medium,Rising Loyalists
277826,2,1,Medium,High,Loyal Premium Travelers
277855,0,1,High,High,Elite Frequent Flyers
277884,2,0,Medium,Medium,Mainstream Core Travelers
277910,0,0,High,Medium,Rising Loyalists
278013,0,1,High,High,Elite Frequent Flyers
278045,2,0,Medium,Medium,Mainstream Core Travelers
278054,2,0,Medium,Medium,Mainstream Core Travelers
278059,1,0,Low,Medium,Value Fading
278164,0,1,High,High,Elite Frequent Flyers
278213,2,0,Medium,Medium,Mainstream Core Travelers
278227,2,0,Medium,Medium,Mainstream Core Travelers
278307,0,0,High,Medium,Rising Loyalists
278345,2,0,Medium,Medium,Mainstream Core Travelers
278464,2,1,Medium,High,Loyal Premium Travelers
278539,2,0,Medium,Medium,Mainstream Core Travelers
278568,2,0,Medium,Medium,Mainstream Core Travelers
278676,0,0,High,Medium,Rising Loyalists
278719,2,0,Medium,Medium,Mainstream Core Travelers
278815,0,0,High,Medium,Rising Loyalists
278822,0,0,High,Medium,Rising Loyalists
278836,2,1,Medium,High,Loyal Premium Travelers
278854,0,0,High,Medium,Rising Loyalists
278865,0,0,High,Medium,Rising Loyalists
278898,0,0,High,Medium,Rising Loyalists
278916,0,0,High,Medium,Rising Loyalists
278928,2,0,Medium,Medium,Mainstream Core Travelers
278932,0,0,High,Medium,Rising Loyalists
278983,0,0,High,Medium,Rising Loyalists
278987,2,0,Medium,Medium,Mainstream Core Travelers
279221,0,0,High,Medium,Rising Loyalists
279231,2,0,Medium,Medium,Mainstream Core Travelers
279380,0,0,High,Medium,Rising Loyalists
279408,0,0,High,Medium,Rising Loyalists
279409,0,0,High,Medium,Rising Loyalists
279419,0,0,High,Medium,Rising Loyalists
279430,0,0,High,Medium,Rising Loyalists
279468,0,0,High,Medium,Rising Loyalists
279580,0,0,High,Medium,Rising Loyalists
279634,2,0,Medium,Medium,Mainstream Core Travelers
279654,0,0,High,Medium,Rising Loyalists
279693,0,0,High,Medium,Rising Loyalists
279777,0,0,High,Medium,Rising Loyalists
279821,0,0,High,Medium,Rising Loyalists
279883,1,0,Low,Medium,Value Fading
279919,0,0,High,Medium,Rising Loyalists
279967,0,0,High,Medium,Rising Loyalists
280087,0,0,High,Medium,Rising Loyalists
280216,2,0,Medium,Medium,Mainstream Core Travelers
280292,0,1,High,High,Elite Frequent Flyers
280545,0,0,High,Medium,Rising Loyalists
280574,0,0,High,Medium,Rising Loyalists
280588,0,0,High,Medium,Rising Loyalists
280602,2,1,Medium,High,Loyal Premium Travelers
280603,0,0,High,Medium,Rising Loyalists
280641,0,0,High,Medium,Rising Loyalists
280659,0,0,High,Medium,Rising Loyalists
280790,2,0,Medium,Medium,Mainstream Core Travelers
280796,0,0,High,Medium,Rising Loyalists
280822,0,1,High,High,Elite Frequent Flyers
280828,0,1,High,High,Elite Frequent Flyers
280864,0,0,High,Medium,Rising Loyalists
280879,0,0,High,Medium,Rising Loyalists
280895,0,0,High,Medium,Rising Loyalists
281032,2,0,Medium,Medium,Mainstream Core Travelers
281064,0,0,High,Medium,Rising Loyalists
281075,0,0,High,Medium,Rising Loyalists
281108,2,0,Medium,Medium,Mainstream Core Travelers
281118,2,0,Medium,Medium,Mainstream Core Travelers
281305,0,0,High,Medium,Rising Loyalists
281328,0,0,High,Medium,Rising Loyalists
281449,0,0,High,Medium,Rising Loyalists
281550,0,0,High,Medium,Rising Loyalists
281571,0,0,High,Medium,Rising Loyalists
281585,0,0,High,Medium,Rising Loyalists
281608,0,0,High,Medium,Rising Loyalists
281737,2,0,Medium,Medium,Mainstream Core Travelers
281777,2,0,Medium,Medium,Mainstream Core Travelers
281926,0,0,High,Medium,Rising Loyalists
281952,0,0,High,Medium,Rising Loyalists
281979,0,0,High,Medium,Rising Loyalists
282041,0,0,High,Medium,Rising Loyalists
282140,2,0,Medium,Medium,Mainstream Core Travelers
282181,2,0,Medium,Medium,Mainstream Core Travelers
282259,0,1,High,High,Elite Frequent Flyers
282472,2,0,Medium,Medium,Mainstream Core Travelers
282532,2,0,Medium,Medium,Mainstream Core Travelers
282542,0,0,High,Medium,Rising Loyalists
282545,2,0,Medium,Medium,Mainstream Core Travelers
282678,0,1,High,High,Elite Frequent Flyers
282723,0,0,High,Medium,Rising Loyalists
282759,2,0,Medium,Medium,Mainstream Core Travelers
282854,0,0,High,Medium,Rising Loyalists
282872,0,0,High,Medium,Rising Loyalists
282896,0,0,High,Medium,Rising Loyalists
282930,0,0,High,Medium,Rising Loyalists
283066,0,0,High,Medium,Rising Loyalists
283110,0,0,High,Medium,Rising Loyalists
283122,0,0,High,Medium,Rising Loyalists
283133,0,0,High,Medium,Rising Loyalists
283290,0,0,High,Medium,Rising Loyalists
283314,2,0,Medium,Medium,Mainstream Core Travelers
283326,0,0,High,Medium,Rising Loyalists
283338,0,0,High,Medium,Rising Loyalists
283358,0,0,High,Medium,Rising Loyalists
283437,0,0,High,Medium,Rising Loyalists
283654,2,0,Medium,Medium,Mainstream Core Travelers
283709,2,0,Medium,Medium,Mainstream Core Travelers
283747,0,0,High,Medium,Rising Loyalists
283770,2,0,Medium,Medium,Mainstream Core Travelers
283807,0,0,High,Medium,Rising Loyalists
283822,0,0,High,Medium,Rising Loyalists
283929,0,0,High,Medium,Rising Loyalists
283980,0,0,High,Medium,Rising Loyalists
283994,0,0,High,Medium,Rising Loyalists
284203,0,0,High,Medium,Rising Loyalists
284290,0,0,High,Medium,Rising Loyalists
284362,0,0,High,Medium,Rising Loyalists
284419,2,0,Medium,Medium,Mainstream Core Travelers
284442,2,0,Medium,Medium,Mainstream Core Travelers
284461,0,0,High,Medium,Rising Loyalists
284610,0,0,High,Medium,Rising Loyalists
284621,0,0,High,Medium,Rising Loyalists
284782,0,0,High,Medium,Rising Loyalists
284866,0,0,High,Medium,Rising Loyalists
284889,0,0,High,Medium,Rising Loyalists
284892,0,0,High,Medium,Rising Loyalists
285074,2,0,Medium,Medium,Mainstream Core Travelers
285122,0,0,High,Medium,Rising Loyalists
285202,2,0,Medium,Medium,Mainstream Core Travelers
285220,0,0,High,Medium,Rising Loyalists
285335,0,0,High,Medium,Rising Loyalists
285386,2,0,Medium,Medium,Mainstream Core Travelers
285411,0,0,High,Medium,Rising Loyalists
285484,0,0,High,Medium,Rising Loyalists
285485,2,0,Medium,Medium,Mainstream Core Travelers
285579,0,0,High,Medium,Rising Loyalists
285631,0,0,High,Medium,Rising Loyalists
285636,2,0,Medium,Medium,Mainstream Core Travelers
285738,2,0,Medium,Medium,Mainstream Core Travelers
285767,2,0,Medium,Medium,Mainstream Core Travelers
285776,0,0,High,Medium,Rising Loyalists
285909,2,0,Medium,Medium,Mainstream Core Travelers
285938,0,0,High,Medium,Rising Loyalists
285942,0,0,High,Medium,Rising Loyalists
285982,0,0,High,Medium,Rising Loyalists
286065,0,0,High,Medium,Rising Loyalists
286114,0,0,High,Medium,Rising Loyalists
286182,2,0,Medium,Medium,Mainstream Core Travelers
286225,0,0,High,Medium,Rising Loyalists
286262,0,0,High,Medium,Rising Loyalists
286370,0,0,High,Medium,Rising Loyalists
286388,2,0,Medium,Medium,Mainstream Core Travelers
286551,0,0,High,Medium,Rising Loyalists
286611,2,0,Medium,Medium,Mainstream Core Travelers
286614,2,1,Medium,High,Loyal Premium Travelers
286636,0,0,High,Medium,Rising Loyalists
286641,0,0,High,Medium,Rising Loyalists
286718,2,0,Medium,Medium,Mainstream Core Travelers
286883,0,0,High,Medium,Rising Loyalists
286927,0,0,High,Medium,Rising Loyalists
286942,2,0,Medium,Medium,Mainstream Core Travelers
286954,0,0,High,Medium,Rising Loyalists
286975,0,0,High,Medium,Rising Loyalists
286989,0,0,High,Medium,Rising Loyalists
287023,0,0,High,Medium,Rising Loyalists
287088,0,0,High,Medium,Rising Loyalists
287097,0,0,High,Medium,Rising Loyalists
287198,0,0,High,Medium,Rising Loyalists
287211,2,0,Medium,Medium,Mainstream Core Travelers
287212,2,0,Medium,Medium,Mainstream Core Travelers
287224,2,0,Medium,Medium,Mainstream Core Travelers
287254,2,0,Medium,Medium,Mainstream Core Travelers
287266,0,0,High,Medium,Rising Loyalists
287343,2,0,Medium,Medium,Mainstream Core Travelers
287385,2,0,Medium,Medium,Mainstream Core Travelers
287414,0,0,High,Medium,Rising Loyalists
287591,0,0,High,Medium,Rising Loyalists
287593,0,0,High,Medium,Rising Loyalists
287690,0,0,High,Medium,Rising Loyalists
287750,0,0,High,Medium,Rising Loyalists
287799,0,0,High,Medium,Rising Loyalists
287927,0,0,High,Medium,Rising Loyalists
287942,0,0,High,Medium,Rising Loyalists
287962,2,1,Medium,High,Loyal Premium Travelers
287979,2,0,Medium,Medium,Mainstream Core Travelers
288015,2,0,Medium,Medium,Mainstream Core Travelers
288112,2,0,Medium,Medium,Mainstream Core Travelers
288164,2,0,Medium,Medium,Mainstream Core Travelers
288369,0,0,High,Medium,Rising Loyalists
288384,0,1,High,High,Elite Frequent Flyers
288419,0,0,High,Medium,Rising Loyalists
288451,2,0,Medium,Medium,Mainstream Core Travelers
288491,0,0,High,Medium,Rising Loyalists
288500,0,0,High,Medium,Rising Loyalists
288530,0,0,High,Medium,Rising Loyalists
288612,2,0,Medium,Medium,Mainstream Core Travelers
288636,2,0,Medium,Medium,Mainstream Core Travelers
288735,0,0,High,Medium,Rising Loyalists
288774,2,0,Medium,Medium,Mainstream Core Travelers
288776,0,0,High,Medium,Rising Loyalists
289116,2,0,Medium,Medium,Mainstream Core Travelers
289133,0,0,High,Medium,Rising Loyalists
289134,2,1,Medium,High,Loyal Premium Travelers
289139,0,0,High,Medium,Rising Loyalists
289151,0,0,High,Medium,Rising Loyalists
289177,0,0,High,Medium,Rising Loyalists
289294,0,0,High,Medium,Rising Loyalists
289354,0,0,High,Medium,Rising Loyalists
289472,0,0,High,Medium,Rising Loyalists
289476,2,0,Medium,Medium,Mainstream Core Travelers
289516,0,0,High,Medium,Rising Loyalists
289665,0,0,High,Medium,Rising Loyalists
289693,2,0,Medium,Medium,Mainstream Core Travelers
289732,0,0,High,Medium,Rising Loyalists
289863,0,0,High,Medium,Rising Loyalists
289921,0,0,High,Medium,Rising Loyalists
289968,0,0,High,Medium,Rising Loyalists
290024,0,0,High,Medium,Rising Loyalists
290091,0,0,High,Medium,Rising Loyalists
290109,2,1,Medium,High,Loyal Premium Travelers
290184,0,0,High,Medium,Rising Loyalists
290200,0,0,High,Medium,Rising Loyalists
290249,0,0,High,Medium,Rising Loyalists
290250,2,0,Medium,Medium,Mainstream Core Travelers
290356,2,0,Medium,Medium,Mainstream Core Travelers
290362,0,0,High,Medium,Rising Loyalists
290395,0,0,High,Medium,Rising Loyalists
290445,0,0,High,Medium,Rising Loyalists
290465,0,0,High,Medium,Rising Loyalists
290507,0,0,High,Medium,Rising Loyalists
290517,2,0,Medium,Medium,Mainstream Core Travelers
290554,0,0,High,Medium,Rising Loyalists
290564,0,0,High,Medium,Rising Loyalists
290599,0,0,High,Medium,Rising Loyalists
290620,2,0,Medium,Medium,Mainstream Core Travelers
290638,0,0,High,Medium,Rising Loyalists
290756,0,0,High,Medium,Rising Loyalists
290902,0,0,High,Medium,Rising Loyalists
290964,0,0,High,Medium,Rising Loyalists
290994,0,0,High,Medium,Rising Loyalists
291148,0,0,High,Medium,Rising Loyalists
291336,0,0,High,Medium,Rising Loyalists
291509,0,0,High,Medium,Rising Loyalists
291510,0,0,High,Medium,Rising Loyalists
291595,2,0,Medium,Medium,Mainstream Core Travelers
291831,2,1,Medium,High,Loyal Premium Travelers
292021,0,0,High,Medium,Rising Loyalists
292035,2,0,Medium,Medium,Mainstream Core Travelers
292049,0,0,High,Medium,Rising Loyalists
292061,0,0,High,Medium,Rising Loyalists
292084,0,0,High,Medium,Rising Loyalists
292096,0,0,High,Medium,Rising Loyalists
292164,0,0,High,Medium,Rising Loyalists
292384,0,1,High,High,Elite Frequent Flyers
292497,0,0,High,Medium,Rising Loyalists
292516,2,0,Medium,Medium,Mainstream Core Travelers
292546,0,0,High,Medium,Rising Loyalists
292617,0,0,High,Medium,Rising Loyalists
292618,0,0,High,Medium,Rising Loyalists
292843,0,0,High,Medium,Rising Loyalists
292957,0,0,High,Medium,Rising Loyalists
293100,2,0,Medium,Medium,Mainstream Core Travelers
293137,2,0,Medium,Medium,Mainstream Core Travelers
293212,0,0,High,Medium,Rising Loyalists
293222,2,0,Medium,Medium,Mainstream Core Travelers
293266,0,0,High,Medium,Rising Loyalists
293343,2,0,Medium,Medium,Mainstream Core Travelers
293496,0,0,High,Medium,Rising Loyalists
293531,0,0,High,Medium,Rising Loyalists
293663,2,0,Medium,Medium,Mainstream Core Travelers
293676,0,0,High,Medium,Rising Loyalists
293685,0,0,High,Medium,Rising Loyalists
293689,2,0,Medium,Medium,Mainstream Core Travelers
294005,0,0,High,Medium,Rising Loyalists
294016,0,1,High,High,Elite Frequent Flyers
294027,0,0,High,Medium,Rising Loyalists
294048,0,0,High,Medium,Rising Loyalists
294071,0,0,High,Medium,Rising Loyalists
294172,0,0,High,Medium,Rising Loyalists
294184,2,0,Medium,Medium,Mainstream Core Travelers
294273,2,0,Medium,Medium,Mainstream Core Travelers
294278,2,0,Medium,Medium,Mainstream Core Travelers
294283,0,0,High,Medium,Rising Loyalists
294289,2,1,Medium,High,Loyal Premium Travelers
294334,0,0,High,Medium,Rising Loyalists
294396,0,0,High,Medium,Rising Loyalists
294580,0,0,High,Medium,Rising Loyalists
294617,0,0,High,Medium,Rising Loyalists
294634,0,0,High,Medium,Rising Loyalists
294642,0,0,High,Medium,Rising Loyalists
294728,0,0,High,Medium,Rising Loyalists
294738,0,0,High,Medium,Rising Loyalists
294753,0,0,High,Medium,Rising Loyalists
294849,2,0,Medium,Medium,Mainstream Core Travelers
294865,0,0,High,Medium,Rising Loyalists
295064,0,0,High,Medium,Rising Loyalists
295078,0,0,High,Medium,Rising Loyalists
295138,0,0,High,Medium,Rising Loyalists
295147,0,0,High,Medium,Rising Loyalists
295205,0,0,High,Medium,Rising Loyalists
295217,0,0,High,Medium,Rising Loyalists
295302,2,0,Medium,Medium,Mainstream Core Travelers
295327,0,0,High,Medium,Rising Loyalists
295355,0,1,High,High,Elite Frequent Flyers
295387,0,0,High,Medium,Rising Loyalists
295412,0,0,High,Medium,Rising Loyalists
295423,0,0,High,Medium,Rising Loyalists
295510,0,0,High,Medium,Rising Loyalists
295533,0,0,High,Medium,Rising Loyalists
295561,2,1,Medium,High,Loyal Premium Travelers
295578,0,0,High,Medium,Rising Loyalists
295795,1,0,Low,Medium,Value Fading
295884,0,0,High,Medium,Rising Loyalists
295906,0,0,High,Medium,Rising Loyalists
295929,0,0,High,Medium,Rising Loyalists
296088,2,0,Medium,Medium,Mainstream Core Travelers
296095,2,1,Medium,High,Loyal Premium Travelers
296097,2,0,Medium,Medium,Mainstream Core Travelers
296104,2,0,Medium,Medium,Mainstream Core Travelers
296141,0,0,High,Medium,Rising Loyalists
296146,0,0,High,Medium,Rising Loyalists
296217,0,0,High,Medium,Rising Loyalists
296412,2,0,Medium,Medium,Mainstream Core Travelers
296457,2,0,Medium,Medium,Mainstream Core Travelers
296566,2,0,Medium,Medium,Mainstream Core Travelers
296567,0,0,High,Medium,Rising Loyalists
296579,0,0,High,Medium,Rising Loyalists
296626,0,0,High,Medium,Rising Loyalists
296689,0,0,High,Medium,Rising Loyalists
296690,0,0,High,Medium,Rising Loyalists
296736,0,0,High,Medium,Rising Loyalists
296887,0,0,High,Medium,Rising Loyalists
296915,0,0,High,Medium,Rising Loyalists
296997,0,0,High,Medium,Rising Loyalists
297101,0,0,High,Medium,Rising Loyalists
297167,0,0,High,Medium,Rising Loyalists
297172,0,0,High,Medium,Rising Loyalists
297218,2,0,Medium,Medium,Mainstream Core Travelers
297306,0,0,High,Medium,Rising Loyalists
297327,0,0,High,Medium,Rising Loyalists
297379,0,0,High,Medium,Rising Loyalists
297382,0,0,High,Medium,Rising Loyalists
297427,2,0,Medium,Medium,Mainstream Core Travelers
297520,0,0,High,Medium,Rising Loyalists
297568,0,0,High,Medium,Rising Loyalists
297607,0,0,High,Medium,Rising Loyalists
297621,0,0,High,Medium,Rising Loyalists
297684,0,0,High,Medium,Rising Loyalists
297702,0,0,High,Medium,Rising Loyalists
297869,0,0,High,Medium,Rising Loyalists
297954,2,0,Medium,Medium,Mainstream Core Travelers
298063,0,0,High,Medium,Rising Loyalists
298098,2,0,Medium,Medium,Mainstream Core Travelers
298156,2,0,Medium,Medium,Mainstream Core Travelers
298160,2,0,Medium,Medium,Mainstream Core Travelers
298181,0,0,High,Medium,Rising Loyalists
298232,0,0,High,Medium,Rising Loyalists
298280,0,0,High,Medium,Rising Loyalists
298327,0,0,High,Medium,Rising Loyalists
298343,0,0,High,Medium,Rising Loyalists
298344,0,0,High,Medium,Rising Loyalists
298506,0,0,High,Medium,Rising Loyalists
298535,0,0,High,Medium,Rising Loyalists
298539,2,0,Medium,Medium,Mainstream Core Travelers
298543,2,0,Medium,Medium,Mainstream Core Travelers
298601,0,0,High,Medium,Rising Loyalists
298671,0,0,High,Medium,Rising Loyalists
298681,0,0,High,Medium,Rising Loyalists
298712,0,0,High,Medium,Rising Loyalists
298795,0,0,High,Medium,Rising Loyalists
298813,2,0,Medium,Medium,Mainstream Core Travelers
298817,0,0,High,Medium,Rising Loyalists
298829,0,0,High,Medium,Rising Loyalists
298853,0,0,High,Medium,Rising Loyalists
298865,0,0,High,Medium,Rising Loyalists
298869,0,0,High,Medium,Rising Loyalists
298883,2,0,Medium,Medium,Mainstream Core Travelers
298967,2,0,Medium,Medium,Mainstream Core Travelers
298999,0,0,High,Medium,Rising Loyalists
299034,0,0,High,Medium,Rising Loyalists
299107,0,0,High,Medium,Rising Loyalists
299113,0,0,High,Medium,Rising Loyalists
299165,2,0,Medium,Medium,Mainstream Core Travelers
299204,2,0,Medium,Medium,Mainstream Core Travelers
299210,0,0,High,Medium,Rising Loyalists
299278,0,0,High,Medium,Rising Loyalists
299359,0,0,High,Medium,Rising Loyalists
299366,2,0,Medium,Medium,Mainstream Core Travelers
299367,2,0,Medium,Medium,Mainstream Core Travelers
299397,2,0,Medium,Medium,Mainstream Core Travelers
299412,0,0,High,Medium,Rising Loyalists
299419,0,0,High,Medium,Rising Loyalists
299448,2,0,Medium,Medium,Mainstream Core Travelers
299454,2,0,Medium,Medium,Mainstream Core Travelers
299464,0,0,High,Medium,Rising Loyalists
299501,0,0,High,Medium,Rising Loyalists
299573,0,0,High,Medium,Rising Loyalists
299585,0,0,High,Medium,Rising Loyalists
299760,0,0,High,Medium,Rising Loyalists
299769,2,0,Medium,Medium,Mainstream Core Travelers
299830,0,0,High,Medium,Rising Loyalists
299919,2,0,Medium,Medium,Mainstream Core Travelers
300008,0,0,High,Medium,Rising Loyalists
300023,0,1,High,High,Elite Frequent Flyers
300051,0,0,High,Medium,Rising Loyalists
300106,2,0,Medium,Medium,Mainstream Core Travelers
300166,0,0,High,Medium,Rising Loyalists
300371,0,1,High,High,Elite Frequent Flyers
300376,2,0,Medium,Medium,Mainstream Core Travelers
300454,2,0,Medium,Medium,Mainstream Core Travelers
300460,2,1,Medium,High,Loyal Premium Travelers
300465,0,0,High,Medium,Rising Loyalists
300606,0,0,High,Medium,Rising Loyalists
300623,2,1,Medium,High,Loyal Premium Travelers
300676,0,0,High,Medium,Rising Loyalists
300678,2,0,Medium,Medium,Mainstream Core Travelers
300733,0,1,High,High,Elite Frequent Flyers
300806,0,0,High,Medium,Rising Loyalists
300818,0,0,High,Medium,Rising Loyalists
300836,0,0,High,Medium,Rising Loyalists
300845,0,0,High,Medium,Rising Loyalists
300867,2,0,Medium,Medium,Mainstream Core Travelers
300870,0,0,High,Medium,Rising Loyalists
300945,0,0,High,Medium,Rising Loyalists
300960,0,1,High,High,Elite Frequent Flyers
300964,0,0,High,Medium,Rising Loyalists
301094,0,0,High,Medium,Rising Loyalists
301112,0,0,High,Medium,Rising Loyalists
301152,2,0,Medium,Medium,Mainstream Core Travelers
301155,0,0,High,Medium,Rising Loyalists
301301,0,0,High,Medium,Rising Loyalists
301323,2,0,Medium,Medium,Mainstream Core Travelers
301563,0,0,High,Medium,Rising Loyalists
301603,0,0,High,Medium,Rising Loyalists
301744,0,0,High,Medium,Rising Loyalists
301760,0,0,High,Medium,Rising Loyalists
301784,0,0,High,Medium,Rising Loyalists
301793,0,0,High,Medium,Rising Loyalists
301794,0,0,High,Medium,Rising Loyalists
302056,0,0,High,Medium,Rising Loyalists
302057,0,0,High,Medium,Rising Loyalists
302066,2,0,Medium,Medium,Mainstream Core Travelers
302129,0,0,High,Medium,Rising Loyalists
302134,0,0,High,Medium,Rising Loyalists
302158,0,0,High,Medium,Rising Loyalists
302186,0,0,High,Medium,Rising Loyalists
302188,2,0,Medium,Medium,Mainstream Core Travelers
302198,0,0,High,Medium,Rising Loyalists
302258,0,0,High,Medium,Rising Loyalists
302313,2,1,Medium,High,Loyal Premium Travelers
302414,0,0,High,Medium,Rising Loyalists
302460,0,1,High,High,Elite Frequent Flyers
302467,0,0,High,Medium,Rising Loyalists
302509,0,0,High,Medium,Rising Loyalists
302628,0,1,High,High,Elite Frequent Flyers
302657,2,0,Medium,Medium,Mainstream Core Travelers
302669,2,0,Medium,Medium,Mainstream Core Travelers
302792,2,0,Medium,Medium,Mainstream Core Travelers
302804,0,0,High,Medium,Rising Loyalists
302827,2,1,Medium,High,Loyal Premium Travelers
302839,0,0,High,Medium,Rising Loyalists
302874,0,0,High,Medium,Rising Loyalists
302908,0,0,High,Medium,Rising Loyalists
302921,0,0,High,Medium,Rising Loyalists
302957,0,0,High,Medium,Rising Loyalists
302980,2,0,Medium,Medium,Mainstream Core Travelers
303049,2,0,Medium,Medium,Mainstream Core Travelers
303207,0,0,High,Medium,Rising Loyalists
303246,0,0,High,Medium,Rising Loyalists
303396,1,0,Low,Medium,Value Fading
303445,2,0,Medium,Medium,Mainstream Core Travelers
303573,0,0,High,Medium,Rising Loyalists
303621,2,0,Medium,Medium,Mainstream Core Travelers
303682,0,0,High,Medium,Rising Loyalists
303934,0,0,High,Medium,Rising Loyalists
304080,2,1,Medium,High,Loyal Premium Travelers
304117,0,0,High,Medium,Rising Loyalists
304131,0,0,High,Medium,Rising Loyalists
304445,0,0,High,Medium,Rising Loyalists
304528,2,0,Medium,Medium,Mainstream Core Travelers
304600,0,0,High,Medium,Rising Loyalists
304601,0,0,High,Medium,Rising Loyalists
304620,2,0,Medium,Medium,Mainstream Core Travelers
304643,0,0,High,Medium,Rising Loyalists
304726,0,0,High,Medium,Rising Loyalists
304764,2,0,Medium,Medium,Mainstream Core Travelers
304770,0,0,High,Medium,Rising Loyalists
304779,0,0,High,Medium,Rising Loyalists
304824,0,0,High,Medium,Rising Loyalists
304870,2,0,Medium,Medium,Mainstream Core Travelers
304887,2,0,Medium,Medium,Mainstream Core Travelers
304944,0,0,High,Medium,Rising Loyalists
305100,0,0,High,Medium,Rising Loyalists
305102,0,0,High,Medium,Rising Loyalists
305150,0,0,High,Medium,Rising Loyalists
305171,0,0,High,Medium,Rising Loyalists
305243,0,0,High,Medium,Rising Loyalists
305287,2,0,Medium,Medium,Mainstream Core Travelers
305380,0,0,High,Medium,Rising Loyalists
305412,0,0,High,Medium,Rising Loyalists
305556,2,0,Medium,Medium,Mainstream Core Travelers
305572,1,0,Low,Medium,Value Fading
305604,2,0,Medium,Medium,Mainstream Core Travelers
305618,2,1,Medium,High,Loyal Premium Travelers
305687,0,0,High,Medium,Rising Loyalists
305807,0,0,High,Medium,Rising Loyalists
305843,2,0,Medium,Medium,Mainstream Core Travelers
305857,2,0,Medium,Medium,Mainstream Core Travelers
305910,2,0,Medium,Medium,Mainstream Core Travelers
306051,0,0,High,Medium,Rising Loyalists
306068,0,0,High,Medium,Rising Loyalists
306110,0,0,High,Medium,Rising Loyalists
306112,2,0,Medium,Medium,Mainstream Core Travelers
306203,2,0,Medium,Medium,Mainstream Core Travelers
306231,0,0,High,Medium,Rising Loyalists
306288,0,0,High,Medium,Rising Loyalists
306331,0,0,High,Medium,Rising Loyalists
306400,0,0,High,Medium,Rising Loyalists
306402,0,0,High,Medium,Rising Loyalists
306596,2,0,Medium,Medium,Mainstream Core Travelers
306667,0,0,High,Medium,Rising Loyalists
306676,0,0,High,Medium,Rising Loyalists
306708,0,0,High,Medium,Rising Loyalists
306869,0,0,High,Medium,Rising Loyalists
306872,0,0,High,Medium,Rising Loyalists
306880,0,0,High,Medium,Rising Loyalists
306965,0,0,High,Medium,Rising Loyalists
307032,2,0,Medium,Medium,Mainstream Core Travelers
307033,0,0,High,Medium,Rising Loyalists
307047,0,0,High,Medium,Rising Loyalists
307049,0,0,High,Medium,Rising Loyalists
307136,0,0,High,Medium,Rising Loyalists
307159,2,0,Medium,Medium,Mainstream Core Travelers
307166,0,0,High,Medium,Rising Loyalists
307178,0,0,High,Medium,Rising Loyalists
307233,0,0,High,Medium,Rising Loyalists
307256,0,0,High,Medium,Rising Loyalists
307296,0,0,High,Medium,Rising Loyalists
307321,2,0,Medium,Medium,Mainstream Core Travelers
307619,2,0,Medium,Medium,Mainstream Core Travelers
307622,0,0,High,Medium,Rising Loyalists
307623,0,0,High,Medium,Rising Loyalists
307631,2,0,Medium,Medium,Mainstream Core Travelers
307740,0,0,High,Medium,Rising Loyalists
307785,0,0,High,Medium,Rising Loyalists
307848,0,0,High,Medium,Rising Loyalists
307859,0,0,High,Medium,Rising Loyalists
308144,2,0,Medium,Medium,Mainstream Core Travelers
308171,0,0,High,Medium,Rising Loyalists
308176,0,0,High,Medium,Rising Loyalists
308197,0,0,High,Medium,Rising Loyalists
308202,2,0,Medium,Medium,Mainstream Core Travelers
308214,0,0,High,Medium,Rising Loyalists
308255,2,0,Medium,Medium,Mainstream Core Travelers
308362,0,0,High,Medium,Rising Loyalists
308379,0,0,High,Medium,Rising Loyalists
308480,2,0,Medium,Medium,Mainstream Core Travelers
308591,0,0,High,Medium,Rising Loyalists
308629,2,0,Medium,Medium,Mainstream Core Travelers
308704,0,1,High,High,Elite Frequent Flyers
308798,0,0,High,Medium,Rising Loyalists
308891,2,0,Medium,Medium,Mainstream Core Travelers
308991,0,0,High,Medium,Rising Loyalists
309041,0,1,High,High,Elite Frequent Flyers
309108,0,0,High,Medium,Rising Loyalists
309110,0,0,High,Medium,Rising Loyalists
309230,0,0,High,Medium,Rising Loyalists
309277,0,0,High,Medium,Rising Loyalists
309304,0,0,High,Medium,Rising Loyalists
309352,0,0,High,Medium,Rising Loyalists
309364,0,0,High,Medium,Rising Loyalists
309408,0,0,High,Medium,Rising Loyalists
309456,0,1,High,High,Elite Frequent Flyers
309480,0,0,High,Medium,Rising Loyalists
309584,0,0,High,Medium,Rising Loyalists
309602,0,0,High,Medium,Rising Loyalists
309639,2,0,Medium,Medium,Mainstream Core Travelers
309727,0,0,High,Medium,Rising Loyalists
309861,0,1,High,High,Elite Frequent Flyers
309921,0,0,High,Medium,Rising Loyalists
309933,0,0,High,Medium,Rising Loyalists
310236,2,0,Medium,Medium,Mainstream Core Travelers
310252,0,0,High,Medium,Rising Loyalists
310396,0,0,High,Medium,Rising Loyalists
310534,0,0,High,Medium,Rising Loyalists
310681,2,0,Medium,Medium,Mainstream Core Travelers
310700,0,1,High,High,Elite Frequent Flyers
310833,2,1,Medium,High,Loyal Premium Travelers
310853,0,0,High,Medium,Rising Loyalists
310867,2,0,Medium,Medium,Mainstream Core Travelers
310911,2,0,Medium,Medium,Mainstream Core Travelers
310965,0,0,High,Medium,Rising Loyalists
310983,0,0,High,Medium,Rising Loyalists
311008,2,0,Medium,Medium,Mainstream Core Travelers
311346,0,0,High,Medium,Rising Loyalists
311363,0,0,High,Medium,Rising Loyalists
311556,0,0,High,Medium,Rising Loyalists
311619,2,0,Medium,Medium,Mainstream Core Travelers
311636,0,0,High,Medium,Rising Loyalists
311684,0,0,High,Medium,Rising Loyalists
311692,2,0,Medium,Medium,Mainstream Core Travelers
311762,0,0,High,Medium,Rising Loyalists
311795,2,0,Medium,Medium,Mainstream Core Travelers
311841,2,0,Medium,Medium,Mainstream Core Travelers
311857,2,1,Medium,High,Loyal Premium Travelers
311907,0,0,High,Medium,Rising Loyalists
311943,0,0,High,Medium,Rising Loyalists
311946,0,0,High,Medium,Rising Loyalists
311952,2,0,Medium,Medium,Mainstream Core Travelers
312048,0,0,High,Medium,Rising Loyalists
312074,0,0,High,Medium,Rising Loyalists
312148,0,0,High,Medium,Rising Loyalists
312180,0,1,High,High,Elite Frequent Flyers
312226,2,0,Medium,Medium,Mainstream Core Travelers
312248,0,0,High,Medium,Rising Loyalists
312312,0,0,High,Medium,Rising Loyalists
312455,0,0,High,Medium,Rising Loyalists
312474,0,0,High,Medium,Rising Loyalists
312490,0,0,High,Medium,Rising Loyalists
312530,0,0,High,Medium,Rising Loyalists
312545,2,0,Medium,Medium,Mainstream Core Travelers
312568,0,0,High,Medium,Rising Loyalists
312607,0,0,High,Medium,Rising Loyalists
312630,0,0,High,Medium,Rising Loyalists
312744,2,1,Medium,High,Loyal Premium Travelers
312774,0,0,High,Medium,Rising Loyalists
312863,0,0,High,Medium,Rising Loyalists
312867,0,0,High,Medium,Rising Loyalists
312933,0,0,High,Medium,Rising Loyalists
312979,0,1,High,High,Elite Frequent Flyers
313185,0,0,High,Medium,Rising Loyalists
313254,0,0,High,Medium,Rising Loyalists
313292,2,0,Medium,Medium,Mainstream Core Travelers
313424,0,0,High,Medium,Rising Loyalists
313437,0,0,High,Medium,Rising Loyalists
313461,0,0,High,Medium,Rising Loyalists
313473,0,0,High,Medium,Rising Loyalists
313477,0,0,High,Medium,Rising Loyalists
313538,0,0,High,Medium,Rising Loyalists
313544,0,0,High,Medium,Rising Loyalists
313571,2,0,Medium,Medium,Mainstream Core Travelers
313602,0,0,High,Medium,Rising Loyalists
313673,2,0,Medium,Medium,Mainstream Core Travelers
313681,0,0,High,Medium,Rising Loyalists
313688,0,0,High,Medium,Rising Loyalists
313708,2,0,Medium,Medium,Mainstream Core Travelers
313732,0,0,High,Medium,Rising Loyalists
313763,0,1,High,High,Elite Frequent Flyers
313815,0,0,High,Medium,Rising Loyalists
313837,2,0,Medium,Medium,Mainstream Core Travelers
313860,0,0,High,Medium,Rising Loyalists
313982,0,0,High,Medium,Rising Loyalists
313996,2,0,Medium,Medium,Mainstream Core Travelers
314014,0,0,High,Medium,Rising Loyalists
314065,0,0,High,Medium,Rising Loyalists
314081,2,0,Medium,Medium,Mainstream Core Travelers
314108,0,0,High,Medium,Rising Loyalists
314147,0,0,High,Medium,Rising Loyalists
314182,2,0,Medium,Medium,Mainstream Core Travelers
314189,2,0,Medium,Medium,Mainstream Core Travelers
314202,0,0,High,Medium,Rising Loyalists
314250,0,0,High,Medium,Rising Loyalists
314258,0,0,High,Medium,Rising Loyalists
314317,0,0,High,Medium,Rising Loyalists
314328,0,0,High,Medium,Rising Loyalists
314372,0,1,High,High,Elite Frequent Flyers
314413,2,0,Medium,Medium,Mainstream Core Travelers
314441,2,0,Medium,Medium,Mainstream Core Travelers
314558,2,1,Medium,High,Loyal Premium Travelers
314589,0,1,High,High,Elite Frequent Flyers
314705,2,0,Medium,Medium,Mainstream Core Travelers
314713,0,0,High,Medium,Rising Loyalists
314718,0,0,High,Medium,Rising Loyalists
314742,0,0,High,Medium,Rising Loyalists
314842,0,0,High,Medium,Rising Loyalists
314898,0,0,High,Medium,Rising Loyalists
314935,0,0,High,Medium,Rising Loyalists
314941,0,0,High,Medium,Rising Loyalists
315014,2,1,Medium,High,Loyal Premium Travelers
315054,0,0,High,Medium,Rising Loyalists
315113,0,0,High,Medium,Rising Loyalists
315225,0,0,High,Medium,Rising Loyalists
315235,0,0,High,Medium,Rising Loyalists
315242,2,0,Medium,Medium,Mainstream Core Travelers
315337,2,0,Medium,Medium,Mainstream Core Travelers
315361,0,0,High,Medium,Rising Loyalists
315482,0,0,High,Medium,Rising Loyalists
315527,0,0,High,Medium,Rising Loyalists
315736,0,0,High,Medium,Rising Loyalists
315848,0,0,High,Medium,Rising Loyalists
315851,0,0,High,Medium,Rising Loyalists
315869,0,0,High,Medium,Rising Loyalists
316082,0,0,High,Medium,Rising Loyalists
316290,0,0,High,Medium,Rising Loyalists
316307,2,0,Medium,Medium,Mainstream Core Travelers
316308,0,0,High,Medium,Rising Loyalists
316323,2,0,Medium,Medium,Mainstream Core Travelers
316527,0,0,High,Medium,Rising Loyalists
316548,2,1,Medium,High,Loyal Premium Travelers
316633,2,0,Medium,Medium,Mainstream Core Travelers
316644,0,0,High,Medium,Rising Loyalists
316666,2,0,Medium,Medium,Mainstream Core Travelers
316752,0,0,High,Medium,Rising Loyalists
316793,0,1,High,High,Elite Frequent Flyers
316933,0,0,High,Medium,Rising Loyalists
316970,2,0,Medium,Medium,Mainstream Core Travelers
316982,0,0,High,Medium,Rising Loyalists
317001,2,0,Medium,Medium,Mainstream Core Travelers
317060,0,0,High,Medium,Rising Loyalists
317094,0,0,High,Medium,Rising Loyalists
317100,0,0,High,Medium,Rising Loyalists
317137,2,0,Medium,Medium,Mainstream Core Travelers
317205,0,0,High,Medium,Rising Loyalists
317260,2,0,Medium,Medium,Mainstream Core Travelers
317624,0,0,High,Medium,Rising Loyalists
317664,0,0,High,Medium,Rising Loyalists
317683,0,0,High,Medium,Rising Loyalists
317689,2,0,Medium,Medium,Mainstream Core Travelers
317726,0,0,High,Medium,Rising Loyalists
317774,0,1,High,High,Elite Frequent Flyers
317776,0,0,High,Medium,Rising Loyalists
317827,0,0,High,Medium,Rising Loyalists
317888,0,0,High,Medium,Rising Loyalists
317919,0,1,High,High,Elite Frequent Flyers
318180,0,0,High,Medium,Rising Loyalists
318199,0,0,High,Medium,Rising Loyalists
318264,0,0,High,Medium,Rising Loyalists
318285,2,0,Medium,Medium,Mainstream Core Travelers
318291,2,0,Medium,Medium,Mainstream Core Travelers
318537,2,0,Medium,Medium,Mainstream Core Travelers
318561,0,0,High,Medium,Rising Loyalists
318564,0,0,High,Medium,Rising Loyalists
318595,2,0,Medium,Medium,Mainstream Core Travelers
318654,0,0,High,Medium,Rising Loyalists
318751,0,0,High,Medium,Rising Loyalists
318753,2,0,Medium,Medium,Mainstream Core Travelers
318755,0,0,High,Medium,Rising Loyalists
318786,0,0,High,Medium,Rising Loyalists
318845,2,0,Medium,Medium,Mainstream Core Travelers
318902,0,0,High,Medium,Rising Loyalists
318945,0,0,High,Medium,Rising Loyalists
319012,0,0,High,Medium,Rising Loyalists
319052,0,0,High,Medium,Rising Loyalists
319059,0,0,High,Medium,Rising Loyalists
319092,2,0,Medium,Medium,Mainstream Core Travelers
319123,0,0,High,Medium,Rising Loyalists
319193,2,0,Medium,Medium,Mainstream Core Travelers
319304,0,0,High,Medium,Rising Loyalists
319378,0,0,High,Medium,Rising Loyalists
319387,0,0,High,Medium,Rising Loyalists
319430,0,0,High,Medium,Rising Loyalists
319433,0,0,High,Medium,Rising Loyalists
319464,2,0,Medium,Medium,Mainstream Core Travelers
319469,0,0,High,Medium,Rising Loyalists
319501,0,0,High,Medium,Rising Loyalists
319504,0,0,High,Medium,Rising Loyalists
319658,0,0,High,Medium,Rising Loyalists
319664,0,0,High,Medium,Rising Loyalists
319671,0,0,High,Medium,Rising Loyalists
319742,2,1,Medium,High,Loyal Premium Travelers
319766,2,0,Medium,Medium,Mainstream Core Travelers
319768,2,0,Medium,Medium,Mainstream Core Travelers
319801,2,0,Medium,Medium,Mainstream Core Travelers
319822,0,0,High,Medium,Rising Loyalists
319850,0,0,High,Medium,Rising Loyalists
319868,0,0,High,Medium,Rising Loyalists
319901,2,0,Medium,Medium,Mainstream Core Travelers
319947,0,1,High,High,Elite Frequent Flyers
320004,0,1,High,High,Elite Frequent Flyers
320031,0,0,High,Medium,Rising Loyalists
320042,0,0,High,Medium,Rising Loyalists
320180,0,0,High,Medium,Rising Loyalists
320183,2,0,Medium,Medium,Mainstream Core Travelers
320191,0,0,High,Medium,Rising Loyalists
320377,2,1,Medium,High,Loyal Premium Travelers
320414,2,0,Medium,Medium,Mainstream Core Travelers
320576,0,0,High,Medium,Rising Loyalists
320685,0,0,High,Medium,Rising Loyalists
320728,2,0,Medium,Medium,Mainstream Core Travelers
320772,0,0,High,Medium,Rising Loyalists
320784,0,0,High,Medium,Rising Loyalists
320980,2,0,Medium,Medium,Mainstream Core Travelers
320996,2,0,Medium,Medium,Mainstream Core Travelers
321012,0,0,High,Medium,Rising Loyalists
321027,0,1,High,High,Elite Frequent Flyers
321074,0,0,High,Medium,Rising Loyalists
321213,0,0,High,Medium,Rising Loyalists
321227,0,0,High,Medium,Rising Loyalists
321388,0,0,High,Medium,Rising Loyalists
321427,2,0,Medium,Medium,Mainstream Core Travelers
321436,0,0,High,Medium,Rising Loyalists
321457,0,0,High,Medium,Rising Loyalists
321557,2,0,Medium,Medium,Mainstream Core Travelers
321656,2,0,Medium,Medium,Mainstream Core Travelers
321666,0,0,High,Medium,Rising Loyalists
321734,2,0,Medium,Medium,Mainstream Core Travelers
321748,0,0,High,Medium,Rising Loyalists
321762,0,0,High,Medium,Rising Loyalists
321795,0,0,High,Medium,Rising Loyalists
321954,0,0,High,Medium,Rising Loyalists
322000,0,0,High,Medium,Rising Loyalists
322102,2,0,Medium,Medium,Mainstream Core Travelers
322169,0,0,High,Medium,Rising Loyalists
322193,0,0,High,Medium,Rising Loyalists
322294,2,0,Medium,Medium,Mainstream Core Travelers
322435,2,0,Medium,Medium,Mainstream Core Travelers
322451,0,0,High,Medium,Rising Loyalists
322501,0,0,High,Medium,Rising Loyalists
322606,0,0,High,Medium,Rising Loyalists
322733,0,0,High,Medium,Rising Loyalists
322955,2,0,Medium,Medium,Mainstream Core Travelers
323043,0,0,High,Medium,Rising Loyalists
323068,0,0,High,Medium,Rising Loyalists
323099,0,0,High,Medium,Rising Loyalists
323154,0,0,High,Medium,Rising Loyalists
323249,2,0,Medium,Medium,Mainstream Core Travelers
323311,0,0,High,Medium,Rising Loyalists
323341,2,1,Medium,High,Loyal Premium Travelers
323345,0,0,High,Medium,Rising Loyalists
323424,0,0,High,Medium,Rising Loyalists
323448,0,0,High,Medium,Rising Loyalists
323542,0,0,High,Medium,Rising Loyalists
323593,1,0,Low,Medium,Value Fading
323660,2,1,Medium,High,Loyal Premium Travelers
323720,0,0,High,Medium,Rising Loyalists
323735,0,0,High,Medium,Rising Loyalists
323776,2,0,Medium,Medium,Mainstream Core Travelers
323792,2,1,Medium,High,Loyal Premium Travelers
323821,0,0,High,Medium,Rising Loyalists
324013,2,0,Medium,Medium,Mainstream Core Travelers
324048,0,1,High,High,Elite Frequent Flyers
324049,2,1,Medium,High,Loyal Premium Travelers
324066,2,0,Medium,Medium,Mainstream Core Travelers
324125,0,0,High,Medium,Rising Loyalists
324139,0,0,High,Medium,Rising Loyalists
324143,0,0,High,Medium,Rising Loyalists
324242,0,0,High,Medium,Rising Loyalists
324248,0,0,High,Medium,Rising Loyalists
324295,0,0,High,Medium,Rising Loyalists
324364,0,0,High,Medium,Rising Loyalists
324404,2,1,Medium,High,Loyal Premium Travelers
324506,0,0,High,Medium,Rising Loyalists
324557,0,0,High,Medium,Rising Loyalists
324662,0,0,High,Medium,Rising Loyalists
324707,0,0,High,Medium,Rising Loyalists
324713,2,0,Medium,Medium,Mainstream Core Travelers
324739,0,0,High,Medium,Rising Loyalists
324773,0,0,High,Medium,Rising Loyalists
324801,0,0,High,Medium,Rising Loyalists
324881,0,0,High,Medium,Rising Loyalists
324900,2,0,Medium,Medium,Mainstream Core Travelers
324997,0,1,High,High,Elite Frequent Flyers
325082,0,0,High,Medium,Rising Loyalists
325134,0,0,High,Medium,Rising Loyalists
325190,0,0,High,Medium,Rising Loyalists
325268,0,0,High,Medium,Rising Loyalists
325367,0,0,High,Medium,Rising Loyalists
325379,0,0,High,Medium,Rising Loyalists
325382,0,0,High,Medium,Rising Loyalists
325490,0,1,High,High,Elite Frequent Flyers
325498,0,0,High,Medium,Rising Loyalists
325593,2,0,Medium,Medium,Mainstream Core Travelers
325599,0,0,High,Medium,Rising Loyalists
325661,0,0,High,Medium,Rising Loyalists
325778,0,0,High,Medium,Rising Loyalists
325802,0,0,High,Medium,Rising Loyalists
325830,0,0,High,Medium,Rising Loyalists
325901,2,0,Medium,Medium,Mainstream Core Travelers
325935,0,0,High,Medium,Rising Loyalists
326001,0,0,High,Medium,Rising Loyalists
326028,2,0,Medium,Medium,Mainstream Core Travelers
326069,0,0,High,Medium,Rising Loyalists
326174,2,0,Medium,Medium,Mainstream Core Travelers
326234,0,0,High,Medium,Rising Loyalists
326240,2,0,Medium,Medium,Mainstream Core Travelers
326267,0,0,High,Medium,Rising Loyalists
326272,0,0,High,Medium,Rising Loyalists
326280,0,0,High,Medium,Rising Loyalists
326418,0,0,High,Medium,Rising Loyalists
326561,2,0,Medium,Medium,Mainstream Core Travelers
326564,0,0,High,Medium,Rising Loyalists
326603,0,0,High,Medium,Rising Loyalists
326699,0,0,High,Medium,Rising Loyalists
326703,2,0,Medium,Medium,Mainstream Core Travelers
326707,0,0,High,Medium,Rising Loyalists
326724,0,0,High,Medium,Rising Loyalists
326803,0,0,High,Medium,Rising Loyalists
326823,0,0,High,Medium,Rising Loyalists
326905,0,0,High,Medium,Rising Loyalists
326961,0,0,High,Medium,Rising Loyalists
326988,0,0,High,Medium,Rising Loyalists
327015,0,0,High,Medium,Rising Loyalists
327019,2,0,Medium,Medium,Mainstream Core Travelers
327098,0,0,High,Medium,Rising Loyalists
327163,0,0,High,Medium,Rising Loyalists
327203,2,0,Medium,Medium,Mainstream Core Travelers
327285,0,0,High,Medium,Rising Loyalists
327320,0,0,High,Medium,Rising Loyalists
327365,2,0,Medium,Medium,Mainstream Core Travelers
327470,0,0,High,Medium,Rising Loyalists
327474,2,0,Medium,Medium,Mainstream Core Travelers
327498,2,0,Medium,Medium,Mainstream Core Travelers
327530,0,0,High,Medium,Rising Loyalists
327555,0,0,High,Medium,Rising Loyalists
327565,2,0,Medium,Medium,Mainstream Core Travelers
327638,2,0,Medium,Medium,Mainstream Core Travelers
327653,0,0,High,Medium,Rising Loyalists
327688,0,0,High,Medium,Rising Loyalists
327796,0,0,High,Medium,Rising Loyalists
327866,0,0,High,Medium,Rising Loyalists
327903,2,0,Medium,Medium,Mainstream Core Travelers
327910,0,0,High,Medium,Rising Loyalists
327972,0,0,High,Medium,Rising Loyalists
328111,0,0,High,Medium,Rising Loyalists
328116,0,0,High,Medium,Rising Loyalists
328173,0,0,High,Medium,Rising Loyalists
328180,2,0,Medium,Medium,Mainstream Core Travelers
328181,0,0,High,Medium,Rising Loyalists
328188,0,0,High,Medium,Rising Loyalists
328198,0,0,High,Medium,Rising Loyalists
328213,0,0,High,Medium,Rising Loyalists
328303,0,1,High,High,Elite Frequent Flyers
328323,0,0,High,Medium,Rising Loyalists
328349,2,0,Medium,Medium,Mainstream Core Travelers
328394,2,1,Medium,High,Loyal Premium Travelers
328446,0,0,High,Medium,Rising Loyalists
328543,0,0,High,Medium,Rising Loyalists
328576,0,0,High,Medium,Rising Loyalists
328602,2,1,Medium,High,Loyal Premium Travelers
328623,0,0,High,Medium,Rising Loyalists
328668,0,0,High,Medium,Rising Loyalists
328754,0,0,High,Medium,Rising Loyalists
328936,0,0,High,Medium,Rising Loyalists
329039,0,0,High,Medium,Rising Loyalists
329056,0,0,High,Medium,Rising Loyalists
329088,0,1,High,High,Elite Frequent Flyers
329094,0,0,High,Medium,Rising Loyalists
329162,0,0,High,Medium,Rising Loyalists
329214,0,0,High,Medium,Rising Loyalists
329215,0,0,High,Medium,Rising Loyalists
329281,2,0,Medium,Medium,Mainstream Core Travelers
329300,0,0,High,Medium,Rising Loyalists
329302,0,0,High,Medium,Rising Loyalists
329355,0,0,High,Medium,Rising Loyalists
329358,2,0,Medium,Medium,Mainstream Core Travelers
329364,0,0,High,Medium,Rising Loyalists
329382,2,0,Medium,Medium,Mainstream Core Travelers
329446,2,0,Medium,Medium,Mainstream Core Travelers
329587,0,0,High,Medium,Rising Loyalists
329660,0,0,High,Medium,Rising Loyalists
329692,0,0,High,Medium,Rising Loyalists
329720,0,0,High,Medium,Rising Loyalists
329730,2,0,Medium,Medium,Mainstream Core Travelers
329735,0,0,High,Medium,Rising Loyalists
329736,0,0,High,Medium,Rising Loyalists
329826,0,0,High,Medium,Rising Loyalists
329833,2,1,Medium,High,Loyal Premium Travelers
329839,0,1,High,High,Elite Frequent Flyers
329910,2,0,Medium,Medium,Mainstream Core Travelers
330040,0,0,High,Medium,Rising Loyalists
330053,0,0,High,Medium,Rising Loyalists
330131,0,1,High,High,Elite Frequent Flyers
330249,0,0,High,Medium,Rising Loyalists
330278,0,1,High,High,Elite Frequent Flyers
330316,0,0,High,Medium,Rising Loyalists
330343,0,0,High,Medium,Rising Loyalists
330365,0,0,High,Medium,Rising Loyalists
330433,0,0,High,Medium,Rising Loyalists
330464,0,0,High,Medium,Rising Loyalists
330468,0,0,High,Medium,Rising Loyalists
330515,0,0,High,Medium,Rising Loyalists
330562,2,0,Medium,Medium,Mainstream Core Travelers
330680,0,0,High,Medium,Rising Loyalists
330694,2,0,Medium,Medium,Mainstream Core Travelers
330741,0,0,High,Medium,Rising Loyalists
330779,0,0,High,Medium,Rising Loyalists
330783,2,0,Medium,Medium,Mainstream Core Travelers
330858,0,0,High,Medium,Rising Loyalists
330870,2,0,Medium,Medium,Mainstream Core Travelers
330947,2,0,Medium,Medium,Mainstream Core Travelers
330988,0,0,High,Medium,Rising Loyalists
331078,0,0,High,Medium,Rising Loyalists
331094,2,0,Medium,Medium,Mainstream Core Travelers
331184,2,0,Medium,Medium,Mainstream Core Travelers
331258,0,0,High,Medium,Rising Loyalists
331301,0,0,High,Medium,Rising Loyalists
331325,0,0,High,Medium,Rising Loyalists
331353,0,0,High,Medium,Rising Loyalists
331560,0,0,High,Medium,Rising Loyalists
331598,0,0,High,Medium,Rising Loyalists
331669,2,0,Medium,Medium,Mainstream Core Travelers
331697,0,0,High,Medium,Rising Loyalists
331698,0,0,High,Medium,Rising Loyalists
331699,0,0,High,Medium,Rising Loyalists
331706,0,0,High,Medium,Rising Loyalists
331857,0,0,High,Medium,Rising Loyalists
331992,2,0,Medium,Medium,Mainstream Core Travelers
331995,2,0,Medium,Medium,Mainstream Core Travelers
332003,2,0,Medium,Medium,Mainstream Core Travelers
332027,0,0,High,Medium,Rising Loyalists
332077,0,0,High,Medium,Rising Loyalists
332082,0,0,High,Medium,Rising Loyalists
332175,0,0,High,Medium,Rising Loyalists
332208,0,0,High,Medium,Rising Loyalists
332225,0,0,High,Medium,Rising Loyalists
332276,0,0,High,Medium,Rising Loyalists
332289,0,0,High,Medium,Rising Loyalists
332387,0,0,High,Medium,Rising Loyalists
332409,0,0,High,Medium,Rising Loyalists
332430,0,0,High,Medium,Rising Loyalists
332466,0,0,High,Medium,Rising Loyalists
332711,0,0,High,Medium,Rising Loyalists
332716,0,0,High,Medium,Rising Loyalists
332780,0,0,High,Medium,Rising Loyalists
332823,0,0,High,Medium,Rising Loyalists
332855,2,0,Medium,Medium,Mainstream Core Travelers
332869,0,0,High,Medium,Rising Loyalists
332962,0,1,High,High,Elite Frequent Flyers
332983,2,0,Medium,Medium,Mainstream Core Travelers
333039,0,0,High,Medium,Rising Loyalists
333051,2,1,Medium,High,Loyal Premium Travelers
333064,0,0,High,Medium,Rising Loyalists
333207,0,0,High,Medium,Rising Loyalists
333213,0,0,High,Medium,Rising Loyalists
333295,0,1,High,High,Elite Frequent Flyers
333451,0,0,High,Medium,Rising Loyalists
333502,0,0,High,Medium,Rising Loyalists
333595,0,0,High,Medium,Rising Loyalists
333621,0,0,High,Medium,Rising Loyalists
333644,2,0,Medium,Medium,Mainstream Core Travelers
333680,0,0,High,Medium,Rising Loyalists
333694,0,0,High,Medium,Rising Loyalists
333773,0,0,High,Medium,Rising Loyalists
333799,0,0,High,Medium,Rising Loyalists
333825,0,0,High,Medium,Rising Loyalists
334003,0,0,High,Medium,Rising Loyalists
334143,0,0,High,Medium,Rising Loyalists
334192,2,1,Medium,High,Loyal Premium Travelers
334224,0,0,High,Medium,Rising Loyalists
334273,2,0,Medium,Medium,Mainstream Core Travelers
334324,0,0,High,Medium,Rising Loyalists
334329,0,0,High,Medium,Rising Loyalists
334437,0,1,High,High,Elite Frequent Flyers
334454,0,0,High,Medium,Rising Loyalists
334574,2,0,Medium,Medium,Mainstream Core Travelers
334575,0,0,High,Medium,Rising Loyalists
334997,0,0,High,Medium,Rising Loyalists
335137,0,0,High,Medium,Rising Loyalists
335143,0,1,High,High,Elite Frequent Flyers
335162,0,0,High,Medium,Rising Loyalists
335246,2,0,Medium,Medium,Mainstream Core Travelers
335306,2,0,Medium,Medium,Mainstream Core Travelers
335324,0,0,High,Medium,Rising Loyalists
335365,0,0,High,Medium,Rising Loyalists
335371,0,0,High,Medium,Rising Loyalists
335421,0,0,High,Medium,Rising Loyalists
335545,0,0,High,Medium,Rising Loyalists
335554,0,0,High,Medium,Rising Loyalists
335671,0,0,High,Medium,Rising Loyalists
335755,0,0,High,Medium,Rising Loyalists
335839,0,0,High,Medium,Rising Loyalists
335852,0,0,High,Medium,Rising Loyalists
335964,0,0,High,Medium,Rising Loyalists
336025,0,0,High,Medium,Rising Loyalists
336037,0,0,High,Medium,Rising Loyalists
336076,2,0,Medium,Medium,Mainstream Core Travelers
336127,0,0,High,Medium,Rising Loyalists
336138,0,0,High,Medium,Rising Loyalists
336139,0,0,High,Medium,Rising Loyalists
336141,0,0,High,Medium,Rising Loyalists
336143,0,0,High,Medium,Rising Loyalists
336238,2,0,Medium,Medium,Mainstream Core Travelers
336247,0,1,High,High,Elite Frequent Flyers
336271,0,0,High,Medium,Rising Loyalists
336281,0,0,High,Medium,Rising Loyalists
336341,0,0,High,Medium,Rising Loyalists
336357,0,0,High,Medium,Rising Loyalists
336451,2,0,Medium,Medium,Mainstream Core Travelers
336469,0,0,High,Medium,Rising Loyalists
336484,0,0,High,Medium,Rising Loyalists
336539,0,0,High,Medium,Rising Loyalists
336541,2,0,Medium,Medium,Mainstream Core Travelers
336665,2,1,Medium,High,Loyal Premium Travelers
336722,0,1,High,High,Elite Frequent Flyers
336724,0,0,High,Medium,Rising Loyalists
336770,0,0,High,Medium,Rising Loyalists
336809,0,0,High,Medium,Rising Loyalists
336817,2,0,Medium,Medium,Mainstream Core Travelers
336831,2,0,Medium,Medium,Mainstream Core Travelers
336878,2,0,Medium,Medium,Mainstream Core Travelers
336882,0,0,High,Medium,Rising Loyalists
336902,2,1,Medium,High,Loyal Premium Travelers
337066,0,0,High,Medium,Rising Loyalists
337148,0,1,High,High,Elite Frequent Flyers
337235,0,0,High,Medium,Rising Loyalists
337260,0,0,High,Medium,Rising Loyalists
337341,0,0,High,Medium,Rising Loyalists
337453,0,0,High,Medium,Rising Loyalists
337488,0,0,High,Medium,Rising Loyalists
337812,2,0,Medium,Medium,Mainstream Core Travelers
337815,0,0,High,Medium,Rising Loyalists
337818,0,0,High,Medium,Rising Loyalists
337842,0,0,High,Medium,Rising Loyalists
337857,0,0,High,Medium,Rising Loyalists
337925,0,0,High,Medium,Rising Loyalists
337932,0,1,High,High,Elite Frequent Flyers
337945,0,0,High,Medium,Rising Loyalists
337980,0,0,High,Medium,Rising Loyalists
337983,0,0,High,Medium,Rising Loyalists
338059,0,0,High,Medium,Rising Loyalists
338125,2,0,Medium,Medium,Mainstream Core Travelers
338212,0,0,High,Medium,Rising Loyalists
338285,0,0,High,Medium,Rising Loyalists
338291,2,0,Medium,Medium,Mainstream Core Travelers
338295,2,0,Medium,Medium,Mainstream Core Travelers
338346,0,0,High,Medium,Rising Loyalists
338750,2,0,Medium,Medium,Mainstream Core Travelers
338786,0,0,High,Medium,Rising Loyalists
338803,2,0,Medium,Medium,Mainstream Core Travelers
338808,0,0,High,Medium,Rising Loyalists
338837,2,0,Medium,Medium,Mainstream Core Travelers
338838,0,0,High,Medium,Rising Loyalists
338872,0,0,High,Medium,Rising Loyalists
339005,0,0,High,Medium,Rising Loyalists
339151,0,0,High,Medium,Rising Loyalists
339220,0,0,High,Medium,Rising Loyalists
339274,2,0,Medium,Medium,Mainstream Core Travelers
339371,2,1,Medium,High,Loyal Premium Travelers
339573,0,0,High,Medium,Rising Loyalists
339800,2,0,Medium,Medium,Mainstream Core Travelers
339819,0,0,High,Medium,Rising Loyalists
339845,2,0,Medium,Medium,Mainstream Core Travelers
339880,0,1,High,High,Elite Frequent Flyers
339927,0,0,High,Medium,Rising Loyalists
339941,0,0,High,Medium,Rising Loyalists
340156,2,0,Medium,Medium,Mainstream Core Travelers
340277,0,0,High,Medium,Rising Loyalists
340307,0,0,High,Medium,Rising Loyalists
340467,0,0,High,Medium,Rising Loyalists
340479,0,0,High,Medium,Rising Loyalists
340492,2,0,Medium,Medium,Mainstream Core Travelers
340574,0,0,High,Medium,Rising Loyalists
340583,0,0,High,Medium,Rising Loyalists
340604,2,0,Medium,Medium,Mainstream Core Travelers
340638,0,0,High,Medium,Rising Loyalists
340691,0,0,High,Medium,Rising Loyalists
340723,2,0,Medium,Medium,Mainstream Core Travelers
340736,2,0,Medium,Medium,Mainstream Core Travelers
340782,0,0,High,Medium,Rising Loyalists
340802,0,1,High,High,Elite Frequent Flyers
340874,2,1,Medium,High,Loyal Premium Travelers
340881,2,0,Medium,Medium,Mainstream Core Travelers
340924,0,0,High,Medium,Rising Loyalists
340925,0,0,High,Medium,Rising Loyalists
340927,0,0,High,Medium,Rising Loyalists
340931,2,1,Medium,High,Loyal Premium Travelers
340934,2,0,Medium,Medium,Mainstream Core Travelers
341169,0,0,High,Medium,Rising Loyalists
341185,0,0,High,Medium,Rising Loyalists
341302,0,0,High,Medium,Rising Loyalists
341549,0,0,High,Medium,Rising Loyalists
341594,0,0,High,Medium,Rising Loyalists
341725,0,0,High,Medium,Rising Loyalists
341728,0,0,High,Medium,Rising Loyalists
341867,0,0,High,Medium,Rising Loyalists
341897,2,0,Medium,Medium,Mainstream Core Travelers
341904,0,0,High,Medium,Rising Loyalists
341907,0,0,High,Medium,Rising Loyalists
341942,0,0,High,Medium,Rising Loyalists
342007,0,0,High,Medium,Rising Loyalists
342044,0,0,High,Medium,Rising Loyalists
342156,0,0,High,Medium,Rising Loyalists
342407,0,0,High,Medium,Rising Loyalists
342483,0,1,High,High,Elite Frequent Flyers
342527,0,0,High,Medium,Rising Loyalists
342554,0,0,High,Medium,Rising Loyalists
342569,2,0,Medium,Medium,Mainstream Core Travelers
342570,0,1,High,High,Elite Frequent Flyers
342583,0,0,High,Medium,Rising Loyalists
342679,0,0,High,Medium,Rising Loyalists
342725,0,0,High,Medium,Rising Loyalists
342738,2,0,Medium,Medium,Mainstream Core Travelers
342836,2,0,Medium,Medium,Mainstream Core Travelers
342929,0,0,High,Medium,Rising Loyalists
342945,2,0,Medium,Medium,Mainstream Core Travelers
342958,2,0,Medium,Medium,Mainstream Core Travelers
342980,2,1,Medium,High,Loyal Premium Travelers
343001,0,0,High,Medium,Rising Loyalists
343011,0,0,High,Medium,Rising Loyalists
343051,2,0,Medium,Medium,Mainstream Core Travelers
343103,0,0,High,Medium,Rising Loyalists
343139,0,1,High,High,Elite Frequent Flyers
343218,0,1,High,High,Elite Frequent Flyers
343247,2,0,Medium,Medium,Mainstream Core Travelers
343377,0,0,High,Medium,Rising Loyalists
343383,0,0,High,Medium,Rising Loyalists
343425,2,0,Medium,Medium,Mainstream Core Travelers
343547,0,0,High,Medium,Rising Loyalists
343605,0,0,High,Medium,Rising Loyalists
343706,0,0,High,Medium,Rising Loyalists
343879,2,0,Medium,Medium,Mainstream Core Travelers
343884,2,1,Medium,High,Loyal Premium Travelers
343978,2,0,Medium,Medium,Mainstream Core Travelers
343994,0,0,High,Medium,Rising Loyalists
344009,0,0,High,Medium,Rising Loyalists
344039,2,0,Medium,Medium,Mainstream Core Travelers
344052,2,0,Medium,Medium,Mainstream Core Travelers
344121,0,0,High,Medium,Rising Loyalists
344180,2,0,Medium,Medium,Mainstream Core Travelers
344199,0,0,High,Medium,Rising Loyalists
344232,0,1,High,High,Elite Frequent Flyers
344260,0,0,High,Medium,Rising Loyalists
344372,2,0,Medium,Medium,Mainstream Core Travelers
344413,0,0,High,Medium,Rising Loyalists
344464,0,0,High,Medium,Rising Loyalists
344483,0,0,High,Medium,Rising Loyalists
344527,0,1,High,High,Elite Frequent Flyers
344570,2,0,Medium,Medium,Mainstream Core Travelers
344580,2,0,Medium,Medium,Mainstream Core Travelers
344627,0,0,High,Medium,Rising Loyalists
344669,2,0,Medium,Medium,Mainstream Core Travelers
344671,2,0,Medium,Medium,Mainstream Core Travelers
344749,2,0,Medium,Medium,Mainstream Core Travelers
344768,2,0,Medium,Medium,Mainstream Core Travelers
344797,0,0,High,Medium,Rising Loyalists
344990,0,0,High,Medium,Rising Loyalists
344998,0,0,High,Medium,Rising Loyalists
345014,0,0,High,Medium,Rising Loyalists
345090,2,0,Medium,Medium,Mainstream Core Travelers
345099,0,0,High,Medium,Rising Loyalists
345238,0,0,High,Medium,Rising Loyalists
345244,0,0,High,Medium,Rising Loyalists
345518,0,0,High,Medium,Rising Loyalists
345572,0,0,High,Medium,Rising Loyalists
345597,0,0,High,Medium,Rising Loyalists
345608,0,0,High,Medium,Rising Loyalists
345615,0,0,High,Medium,Rising Loyalists
345657,0,0,High,Medium,Rising Loyalists
345682,0,0,High,Medium,Rising Loyalists
345765,0,1,High,High,Elite Frequent Flyers
345802,0,0,High,Medium,Rising Loyalists
345840,2,0,Medium,Medium,Mainstream Core Travelers
345841,0,0,High,Medium,Rising Loyalists
345908,0,0,High,Medium,Rising Loyalists
345931,0,0,High,Medium,Rising Loyalists
345959,2,0,Medium,Medium,Mainstream Core Travelers
345978,2,0,Medium,Medium,Mainstream Core Travelers
346090,0,0,High,Medium,Rising Loyalists
346103,0,0,High,Medium,Rising Loyalists
346163,0,0,High,Medium,Rising Loyalists
346205,0,0,High,Medium,Rising Loyalists
346225,0,0,High,Medium,Rising Loyalists
346274,0,0,High,Medium,Rising Loyalists
346295,2,0,Medium,Medium,Mainstream Core Travelers
346346,2,0,Medium,Medium,Mainstream Core Travelers
346384,0,0,High,Medium,Rising Loyalists
346390,2,0,Medium,Medium,Mainstream Core Travelers
346456,0,0,High,Medium,Rising Loyalists
346499,2,0,Medium,Medium,Mainstream Core Travelers
346529,0,0,High,Medium,Rising Loyalists
346532,1,0,Low,Medium,Value Fading
346554,2,0,Medium,Medium,Mainstream Core Travelers
346560,2,1,Medium,High,Loyal Premium Travelers
346598,2,0,Medium,Medium,Mainstream Core Travelers
346633,0,0,High,Medium,Rising Loyalists
346678,0,0,High,Medium,Rising Loyalists
346704,0,0,High,Medium,Rising Loyalists
346766,2,1,Medium,High,Loyal Premium Travelers
346809,0,0,High,Medium,Rising Loyalists
346828,0,0,High,Medium,Rising Loyalists
346925,0,0,High,Medium,Rising Loyalists
347001,0,0,High,Medium,Rising Loyalists
347013,0,0,High,Medium,Rising Loyalists
347142,0,0,High,Medium,Rising Loyalists
347212,2,0,Medium,Medium,Mainstream Core Travelers
347227,2,0,Medium,Medium,Mainstream Core Travelers
347231,0,0,High,Medium,Rising Loyalists
347276,2,0,Medium,Medium,Mainstream Core Travelers
347423,2,0,Medium,Medium,Mainstream Core Travelers
347431,0,0,High,Medium,Rising Loyalists
347466,0,0,High,Medium,Rising Loyalists
347515,0,0,High,Medium,Rising Loyalists
347629,0,0,High,Medium,Rising Loyalists
347634,0,0,High,Medium,Rising Loyalists
347733,2,0,Medium,Medium,Mainstream Core Travelers
347850,0,0,High,Medium,Rising Loyalists
347861,0,0,High,Medium,Rising Loyalists
347914,2,1,Medium,High,Loyal Premium Travelers
347932,0,0,High,Medium,Rising Loyalists
347955,0,0,High,Medium,Rising Loyalists
347982,2,0,Medium,Medium,Mainstream Core Travelers
347987,2,0,Medium,Medium,Mainstream Core Travelers
347997,2,0,Medium,Medium,Mainstream Core Travelers
348047,0,0,High,Medium,Rising Loyalists
348056,0,0,High,Medium,Rising Loyalists
348065,0,0,High,Medium,Rising Loyalists
348085,0,0,High,Medium,Rising Loyalists
348143,2,0,Medium,Medium,Mainstream Core Travelers
348173,2,0,Medium,Medium,Mainstream Core Travelers
348202,0,0,High,Medium,Rising Loyalists
348215,0,0,High,Medium,Rising Loyalists
348238,2,0,Medium,Medium,Mainstream Core Travelers
348245,2,0,Medium,Medium,Mainstream Core Travelers
348299,2,0,Medium,Medium,Mainstream Core Travelers
348350,2,1,Medium,High,Loyal Premium Travelers
348400,0,0,High,Medium,Rising Loyalists
348448,0,0,High,Medium,Rising Loyalists
348463,0,0,High,Medium,Rising Loyalists
348471,0,0,High,Medium,Rising Loyalists
348475,0,0,High,Medium,Rising Loyalists
348600,2,1,Medium,High,Loyal Premium Travelers
348672,0,0,High,Medium,Rising Loyalists
348681,0,1,High,High,Elite Frequent Flyers
348718,2,0,Medium,Medium,Mainstream Core Travelers
348723,0,0,High,Medium,Rising Loyalists
348732,0,0,High,Medium,Rising Loyalists
348740,0,0,High,Medium,Rising Loyalists
348751,0,0,High,Medium,Rising Loyalists
348774,0,0,High,Medium,Rising Loyalists
348835,0,1,High,High,Elite Frequent Flyers
348920,0,0,High,Medium,Rising Loyalists
348994,0,1,High,High,Elite Frequent Flyers
349001,0,0,High,Medium,Rising Loyalists
349046,0,0,High,Medium,Rising Loyalists
349108,2,0,Medium,Medium,Mainstream Core Travelers
349115,0,0,High,Medium,Rising Loyalists
349132,0,0,High,Medium,Rising Loyalists
349153,0,0,High,Medium,Rising Loyalists
349220,0,0,High,Medium,Rising Loyalists
349278,2,0,Medium,Medium,Mainstream Core Travelers
349342,0,0,High,Medium,Rising Loyalists
349447,2,0,Medium,Medium,Mainstream Core Travelers
349470,2,0,Medium,Medium,Mainstream Core Travelers
349490,0,0,High,Medium,Rising Loyalists
349539,0,0,High,Medium,Rising Loyalists
349577,0,0,High,Medium,Rising Loyalists
349638,0,0,High,Medium,Rising Loyalists
349670,0,0,High,Medium,Rising Loyalists
349695,2,0,Medium,Medium,Mainstream Core Travelers
349730,0,0,High,Medium,Rising Loyalists
349767,0,0,High,Medium,Rising Loyalists
349838,0,0,High,Medium,Rising Loyalists
350001,0,0,High,Medium,Rising Loyalists
350059,2,0,Medium,Medium,Mainstream Core Travelers
350238,0,0,High,Medium,Rising Loyalists
350269,2,0,Medium,Medium,Mainstream Core Travelers
350271,0,0,High,Medium,Rising Loyalists
350486,2,1,Medium,High,Loyal Premium Travelers
350587,0,0,High,Medium,Rising Loyalists
350631,0,1,High,High,Elite Frequent Flyers
350675,0,0,High,Medium,Rising Loyalists
350692,0,0,High,Medium,Rising Loyalists
350863,0,0,High,Medium,Rising Loyalists
350901,2,0,Medium,Medium,Mainstream Core Travelers
350910,2,0,Medium,Medium,Mainstream Core Travelers
350979,0,0,High,Medium,Rising Loyalists
351029,0,0,High,Medium,Rising Loyalists
351138,0,0,High,Medium,Rising Loyalists
351145,0,0,High,Medium,Rising Loyalists
351238,0,0,High,Medium,Rising Loyalists
351292,2,0,Medium,Medium,Mainstream Core Travelers
351296,0,1,High,High,Elite Frequent Flyers
351367,0,0,High,Medium,Rising Loyalists
351389,0,0,High,Medium,Rising Loyalists
351461,2,0,Medium,Medium,Mainstream Core Travelers
351500,0,0,High,Medium,Rising Loyalists
351513,2,0,Medium,Medium,Mainstream Core Travelers
351551,2,0,Medium,Medium,Mainstream Core Travelers
351615,0,0,High,Medium,Rising Loyalists
351753,2,0,Medium,Medium,Mainstream Core Travelers
351889,0,0,High,Medium,Rising Loyalists
351897,0,0,High,Medium,Rising Loyalists
351937,2,1,Medium,High,Loyal Premium Travelers
351966,2,0,Medium,Medium,Mainstream Core Travelers
352005,0,0,High,Medium,Rising Loyalists
352026,2,0,Medium,Medium,Mainstream Core Travelers
352034,2,1,Medium,High,Loyal Premium Travelers
352053,0,1,High,High,Elite Frequent Flyers
352068,0,0,High,Medium,Rising Loyalists
352078,0,0,High,Medium,Rising Loyalists
352092,0,0,High,Medium,Rising Loyalists
352101,0,0,High,Medium,Rising Loyalists
352170,0,0,High,Medium,Rising Loyalists
352216,2,0,Medium,Medium,Mainstream Core Travelers
352242,0,0,High,Medium,Rising Loyalists
352280,0,0,High,Medium,Rising Loyalists
352306,0,0,High,Medium,Rising Loyalists
352337,0,0,High,Medium,Rising Loyalists
352377,0,0,High,Medium,Rising Loyalists
352424,0,0,High,Medium,Rising Loyalists
352490,0,0,High,Medium,Rising Loyalists
352501,0,0,High,Medium,Rising Loyalists
352581,2,0,Medium,Medium,Mainstream Core Travelers
352582,0,0,High,Medium,Rising Loyalists
352617,0,0,High,Medium,Rising Loyalists
352653,0,0,High,Medium,Rising Loyalists
352702,0,0,High,Medium,Rising Loyalists
352734,2,0,Medium,Medium,Mainstream Core Travelers
352747,2,0,Medium,Medium,Mainstream Core Travelers
352809,2,0,Medium,Medium,Mainstream Core Travelers
352834,0,0,High,Medium,Rising Loyalists
352916,0,0,High,Medium,Rising Loyalists
353032,0,0,High,Medium,Rising Loyalists
353076,2,1,Medium,High,Loyal Premium Travelers
353096,0,0,High,Medium,Rising Loyalists
353128,0,0,High,Medium,Rising Loyalists
353308,0,0,High,Medium,Rising Loyalists
353369,2,1,Medium,High,Loyal Premium Travelers
353396,0,0,High,Medium,Rising Loyalists
353455,0,1,High,High,Elite Frequent Flyers
353486,0,0,High,Medium,Rising Loyalists
353535,2,0,Medium,Medium,Mainstream Core Travelers
353614,2,1,Medium,High,Loyal Premium Travelers
353648,2,0,Medium,Medium,Mainstream Core Travelers
353786,2,0,Medium,Medium,Mainstream Core Travelers
354002,0,0,High,Medium,Rising Loyalists
354084,0,0,High,Medium,Rising Loyalists
354150,0,0,High,Medium,Rising Loyalists
354176,0,0,High,Medium,Rising Loyalists
354206,2,0,Medium,Medium,Mainstream Core Travelers
354295,0,0,High,Medium,Rising Loyalists
354438,2,0,Medium,Medium,Mainstream Core Travelers
354442,0,0,High,Medium,Rising Loyalists
354461,0,0,High,Medium,Rising Loyalists
354464,0,0,High,Medium,Rising Loyalists
354477,0,0,High,Medium,Rising Loyalists
354483,0,0,High,Medium,Rising Loyalists
354547,0,0,High,Medium,Rising Loyalists
354730,2,0,Medium,Medium,Mainstream Core Travelers
355039,0,0,High,Medium,Rising Loyalists
355099,2,0,Medium,Medium,Mainstream Core Travelers
355102,2,0,Medium,Medium,Mainstream Core Travelers
355126,0,0,High,Medium,Rising Loyalists
355184,0,0,High,Medium,Rising Loyalists
355298,0,0,High,Medium,Rising Loyalists
355331,0,0,High,Medium,Rising Loyalists
355491,0,0,High,Medium,Rising Loyalists
355512,2,0,Medium,Medium,Mainstream Core Travelers
355515,0,0,High,Medium,Rising Loyalists
355578,2,1,Medium,High,Loyal Premium Travelers
355628,2,0,Medium,Medium,Mainstream Core Travelers
355669,0,0,High,Medium,Rising Loyalists
355707,2,0,Medium,Medium,Mainstream Core Travelers
355724,2,0,Medium,Medium,Mainstream Core Travelers
355750,0,0,High,Medium,Rising Loyalists
355775,0,0,High,Medium,Rising Loyalists
355781,2,0,Medium,Medium,Mainstream Core Travelers
355795,0,1,High,High,Elite Frequent Flyers
355839,0,0,High,Medium,Rising Loyalists
355906,0,0,High,Medium,Rising Loyalists
355908,0,0,High,Medium,Rising Loyalists
355994,0,0,High,Medium,Rising Loyalists
355995,0,0,High,Medium,Rising Loyalists
356237,0,0,High,Medium,Rising Loyalists
356240,2,1,Medium,High,Loyal Premium Travelers
356460,0,0,High,Medium,Rising Loyalists
356507,0,0,High,Medium,Rising Loyalists
356558,0,0,High,Medium,Rising Loyalists
356561,0,0,High,Medium,Rising Loyalists
356578,0,0,High,Medium,Rising Loyalists
356613,0,0,High,Medium,Rising Loyalists
356618,0,0,High,Medium,Rising Loyalists
356708,2,0,Medium,Medium,Mainstream Core Travelers
356712,0,0,High,Medium,Rising Loyalists
356812,0,0,High,Medium,Rising Loyalists
356828,0,0,High,Medium,Rising Loyalists
356955,0,0,High,Medium,Rising Loyalists
356980,0,0,High,Medium,Rising Loyalists
357059,0,0,High,Medium,Rising Loyalists
357138,0,0,High,Medium,Rising Loyalists
357149,0,0,High,Medium,Rising Loyalists
357161,0,0,High,Medium,Rising Loyalists
357166,2,0,Medium,Medium,Mainstream Core Travelers
357173,0,0,High,Medium,Rising Loyalists
357199,0,0,High,Medium,Rising Loyalists
357298,0,1,High,High,Elite Frequent Flyers
357375,0,0,High,Medium,Rising Loyalists
357381,0,0,High,Medium,Rising Loyalists
357466,0,0,High,Medium,Rising Loyalists
357549,2,0,Medium,Medium,Mainstream Core Travelers
357567,0,0,High,Medium,Rising Loyalists
357574,0,0,High,Medium,Rising Loyalists
357589,0,0,High,Medium,Rising Loyalists
357901,2,0,Medium,Medium,Mainstream Core Travelers
357903,2,0,Medium,Medium,Mainstream Core Travelers
357971,0,0,High,Medium,Rising Loyalists
357988,0,0,High,Medium,Rising Loyalists
358012,2,0,Medium,Medium,Mainstream Core Travelers
358020,0,0,High,Medium,Rising Loyalists
358039,2,0,Medium,Medium,Mainstream Core Travelers
358054,2,0,Medium,Medium,Mainstream Core Travelers
358151,2,0,Medium,Medium,Mainstream Core Travelers
358201,0,0,High,Medium,Rising Loyalists
358255,2,0,Medium,Medium,Mainstream Core Travelers
358375,2,0,Medium,Medium,Mainstream Core Travelers
358384,0,0,High,Medium,Rising Loyalists
358513,0,0,High,Medium,Rising Loyalists
358586,2,0,Medium,Medium,Mainstream Core Travelers
358792,0,0,High,Medium,Rising Loyalists
358794,0,0,High,Medium,Rising Loyalists
358900,0,0,High,Medium,Rising Loyalists
358948,2,1,Medium,High,Loyal Premium Travelers
358968,2,0,Medium,Medium,Mainstream Core Travelers
358979,0,0,High,Medium,Rising Loyalists
358997,2,0,Medium,Medium,Mainstream Core Travelers
359011,0,0,High,Medium,Rising Loyalists
359029,2,0,Medium,Medium,Mainstream Core Travelers
359091,0,0,High,Medium,Rising Loyalists
359133,0,0,High,Medium,Rising Loyalists
359138,2,0,Medium,Medium,Mainstream Core Travelers
359188,2,0,Medium,Medium,Mainstream Core Travelers
359275,0,0,High,Medium,Rising Loyalists
359360,0,0,High,Medium,Rising Loyalists
359446,0,0,High,Medium,Rising Loyalists
359466,0,0,High,Medium,Rising Loyalists
359575,0,0,High,Medium,Rising Loyalists
359693,0,0,High,Medium,Rising Loyalists
359816,0,0,High,Medium,Rising Loyalists
360017,0,0,High,Medium,Rising Loyalists
360031,2,0,Medium,Medium,Mainstream Core Travelers
360240,2,0,Medium,Medium,Mainstream Core Travelers
360256,0,0,High,Medium,Rising Loyalists
360435,0,0,High,Medium,Rising Loyalists
360446,0,0,High,Medium,Rising Loyalists
360472,0,0,High,Medium,Rising Loyalists
360485,2,0,Medium,Medium,Mainstream Core Travelers
360537,0,0,High,Medium,Rising Loyalists
360730,0,0,High,Medium,Rising Loyalists
360732,2,0,Medium,Medium,Mainstream Core Travelers
360744,2,1,Medium,High,Loyal Premium Travelers
360805,0,0,High,Medium,Rising Loyalists
360868,2,0,Medium,Medium,Mainstream Core Travelers
360902,0,0,High,Medium,Rising Loyalists
360942,0,0,High,Medium,Rising Loyalists
360981,2,1,Medium,High,Loyal Premium Travelers
361109,0,0,High,Medium,Rising Loyalists
361237,0,0,High,Medium,Rising Loyalists
361266,0,0,High,Medium,Rising Loyalists
361434,0,0,High,Medium,Rising Loyalists
361439,0,0,High,Medium,Rising Loyalists
361680,2,0,Medium,Medium,Mainstream Core Travelers
361707,0,0,High,Medium,Rising Loyalists
361710,2,0,Medium,Medium,Mainstream Core Travelers
361816,0,0,High,Medium,Rising Loyalists
361827,0,0,High,Medium,Rising Loyalists
361892,0,0,High,Medium,Rising Loyalists
361944,2,1,Medium,High,Loyal Premium Travelers
362055,0,0,High,Medium,Rising Loyalists
362134,2,0,Medium,Medium,Mainstream Core Travelers
362165,0,0,High,Medium,Rising Loyalists
362167,0,0,High,Medium,Rising Loyalists
362201,0,0,High,Medium,Rising Loyalists
362293,0,0,High,Medium,Rising Loyalists
362471,0,0,High,Medium,Rising Loyalists
362541,0,0,High,Medium,Rising Loyalists
362586,0,0,High,Medium,Rising Loyalists
362642,0,0,High,Medium,Rising Loyalists
362680,0,0,High,Medium,Rising Loyalists
362736,0,0,High,Medium,Rising Loyalists
362742,0,0,High,Medium,Rising Loyalists
362823,2,0,Medium,Medium,Mainstream Core Travelers
362841,0,0,High,Medium,Rising Loyalists
362855,0,0,High,Medium,Rising Loyalists
362925,0,0,High,Medium,Rising Loyalists
363178,2,0,Medium,Medium,Mainstream Core Travelers
363199,0,0,High,Medium,Rising Loyalists
363314,0,0,High,Medium,Rising Loyalists
363483,2,0,Medium,Medium,Mainstream Core Travelers
363513,2,0,Medium,Medium,Mainstream Core Travelers
363743,0,0,High,Medium,Rising Loyalists
363774,0,0,High,Medium,Rising Loyalists
363780,2,0,Medium,Medium,Mainstream Core Travelers
363864,0,0,High,Medium,Rising Loyalists
363866,2,0,Medium,Medium,Mainstream Core Travelers
363925,2,0,Medium,Medium,Mainstream Core Travelers
363967,2,0,Medium,Medium,Mainstream Core Travelers
363983,2,1,Medium,High,Loyal Premium Travelers
364049,0,0,High,Medium,Rising Loyalists
364067,0,0,High,Medium,Rising Loyalists
364137,0,0,High,Medium,Rising Loyalists
364153,0,0,High,Medium,Rising Loyalists
364247,2,0,Medium,Medium,Mainstream Core Travelers
364264,0,0,High,Medium,Rising Loyalists
364356,0,0,High,Medium,Rising Loyalists
364372,2,1,Medium,High,Loyal Premium Travelers
364596,2,0,Medium,Medium,Mainstream Core Travelers
364710,2,1,Medium,High,Loyal Premium Travelers
364895,0,0,High,Medium,Rising Loyalists
364908,0,0,High,Medium,Rising Loyalists
364931,0,0,High,Medium,Rising Loyalists
365138,0,0,High,Medium,Rising Loyalists
365156,2,0,Medium,Medium,Mainstream Core Travelers
365166,2,0,Medium,Medium,Mainstream Core Travelers
365208,2,1,Medium,High,Loyal Premium Travelers
365346,0,0,High,Medium,Rising Loyalists
365404,0,0,High,Medium,Rising Loyalists
365413,2,0,Medium,Medium,Mainstream Core Travelers
365421,0,0,High,Medium,Rising Loyalists
365451,0,0,High,Medium,Rising Loyalists
365468,0,0,High,Medium,Rising Loyalists
365515,0,0,High,Medium,Rising Loyalists
365557,0,1,High,High,Elite Frequent Flyers
365596,0,0,High,Medium,Rising Loyalists
365619,0,0,High,Medium,Rising Loyalists
365635,0,0,High,Medium,Rising Loyalists
365642,0,0,High,Medium,Rising Loyalists
365761,0,0,High,Medium,Rising Loyalists
365816,0,0,High,Medium,Rising Loyalists
365863,0,0,High,Medium,Rising Loyalists
365887,2,1,Medium,High,Loyal Premium Travelers
366049,2,0,Medium,Medium,Mainstream Core Travelers
366116,0,0,High,Medium,Rising Loyalists
366133,0,0,High,Medium,Rising Loyalists
366161,2,0,Medium,Medium,Mainstream Core Travelers
366250,2,0,Medium,Medium,Mainstream Core Travelers
366263,0,0,High,Medium,Rising Loyalists
366467,0,0,High,Medium,Rising Loyalists
366487,0,0,High,Medium,Rising Loyalists
366500,0,0,High,Medium,Rising Loyalists
366537,0,0,High,Medium,Rising Loyalists
366540,0,0,High,Medium,Rising Loyalists
366576,2,0,Medium,Medium,Mainstream Core Travelers
366599,0,0,High,Medium,Rising Loyalists
366654,0,0,High,Medium,Rising Loyalists
366687,0,1,High,High,Elite Frequent Flyers
366719,2,0,Medium,Medium,Mainstream Core Travelers
366727,2,0,Medium,Medium,Mainstream Core Travelers
366744,0,0,High,Medium,Rising Loyalists
366894,0,0,High,Medium,Rising Loyalists
366911,0,0,High,Medium,Rising Loyalists
366932,2,0,Medium,Medium,Mainstream Core Travelers
366977,2,1,Medium,High,Loyal Premium Travelers
367006,2,1,Medium,High,Loyal Premium Travelers
367338,0,0,High,Medium,Rising Loyalists
367492,0,0,High,Medium,Rising Loyalists
367511,0,0,High,Medium,Rising Loyalists
367547,0,0,High,Medium,Rising Loyalists
367562,0,0,High,Medium,Rising Loyalists
367617,2,0,Medium,Medium,Mainstream Core Travelers
367680,0,0,High,Medium,Rising Loyalists
367685,2,0,Medium,Medium,Mainstream Core Travelers
367697,0,0,High,Medium,Rising Loyalists
367751,0,0,High,Medium,Rising Loyalists
367774,0,0,High,Medium,Rising Loyalists
367782,2,0,Medium,Medium,Mainstream Core Travelers
367811,2,0,Medium,Medium,Mainstream Core Travelers
367961,0,0,High,Medium,Rising Loyalists
368027,0,0,High,Medium,Rising Loyalists
368045,0,0,High,Medium,Rising Loyalists
368062,2,0,Medium,Medium,Mainstream Core Travelers
368073,0,0,High,Medium,Rising Loyalists
368118,0,0,High,Medium,Rising Loyalists
368122,0,0,High,Medium,Rising Loyalists
368292,2,0,Medium,Medium,Mainstream Core Travelers
368330,0,0,High,Medium,Rising Loyalists
368391,2,0,Medium,Medium,Mainstream Core Travelers
368435,2,0,Medium,Medium,Mainstream Core Travelers
368523,2,0,Medium,Medium,Mainstream Core Travelers
368549,0,0,High,Medium,Rising Loyalists
368566,0,0,High,Medium,Rising Loyalists
368591,0,0,High,Medium,Rising Loyalists
368669,2,0,Medium,Medium,Mainstream Core Travelers
368675,2,0,Medium,Medium,Mainstream Core Travelers
368713,0,0,High,Medium,Rising Loyalists
368772,2,0,Medium,Medium,Mainstream Core Travelers
368830,2,0,Medium,Medium,Mainstream Core Travelers
368878,2,0,Medium,Medium,Mainstream Core Travelers
368981,0,1,High,High,Elite Frequent Flyers
369000,0,0,High,Medium,Rising Loyalists
369035,0,0,High,Medium,Rising Loyalists
369084,0,0,High,Medium,Rising Loyalists
369091,0,0,High,Medium,Rising Loyalists
369121,0,0,High,Medium,Rising Loyalists
369141,0,0,High,Medium,Rising Loyalists
369188,2,0,Medium,Medium,Mainstream Core Travelers
369229,0,0,High,Medium,Rising Loyalists
369242,0,0,High,Medium,Rising Loyalists
369361,0,0,High,Medium,Rising Loyalists
369388,2,0,Medium,Medium,Mainstream Core Travelers
369392,0,0,High,Medium,Rising Loyalists
369416,0,0,High,Medium,Rising Loyalists
369458,0,0,High,Medium,Rising Loyalists
369569,0,0,High,Medium,Rising Loyalists
369603,0,0,High,Medium,Rising Loyalists
369638,2,0,Medium,Medium,Mainstream Core Travelers
369646,0,0,High,Medium,Rising Loyalists
369658,0,0,High,Medium,Rising Loyalists
369682,0,0,High,Medium,Rising Loyalists
369715,2,0,Medium,Medium,Mainstream Core Travelers
369739,0,0,High,Medium,Rising Loyalists
369795,2,0,Medium,Medium,Mainstream Core Travelers
369841,0,0,High,Medium,Rising Loyalists
369853,2,0,Medium,Medium,Mainstream Core Travelers
369867,2,0,Medium,Medium,Mainstream Core Travelers
369943,0,0,High,Medium,Rising Loyalists
370014,0,0,High,Medium,Rising Loyalists
370066,0,0,High,Medium,Rising Loyalists
370090,0,0,High,Medium,Rising Loyalists
370093,0,0,High,Medium,Rising Loyalists
370300,0,0,High,Medium,Rising Loyalists
370405,0,0,High,Medium,Rising Loyalists
370443,0,0,High,Medium,Rising Loyalists
370450,0,0,High,Medium,Rising Loyalists
370486,0,0,High,Medium,Rising Loyalists
370517,0,0,High,Medium,Rising Loyalists
370539,0,0,High,Medium,Rising Loyalists
370660,2,0,Medium,Medium,Mainstream Core Travelers
370744,0,0,High,Medium,Rising Loyalists
370842,0,0,High,Medium,Rising Loyalists
370877,0,0,High,Medium,Rising Loyalists
370959,2,0,Medium,Medium,Mainstream Core Travelers
370979,2,0,Medium,Medium,Mainstream Core Travelers
370990,0,0,High,Medium,Rising Loyalists
371065,0,0,High,Medium,Rising Loyalists
371079,0,0,High,Medium,Rising Loyalists
371148,2,1,Medium,High,Loyal Premium Travelers
371152,0,0,High,Medium,Rising Loyalists
371159,0,0,High,Medium,Rising Loyalists
371164,0,0,High,Medium,Rising Loyalists
371191,0,0,High,Medium,Rising Loyalists
371368,2,0,Medium,Medium,Mainstream Core Travelers
371402,2,0,Medium,Medium,Mainstream Core Travelers
371422,0,0,High,Medium,Rising Loyalists
371511,0,0,High,Medium,Rising Loyalists
371532,0,0,High,Medium,Rising Loyalists
371580,0,0,High,Medium,Rising Loyalists
371606,0,0,High,Medium,Rising Loyalists
371672,0,0,High,Medium,Rising Loyalists
371675,0,0,High,Medium,Rising Loyalists
371737,2,0,Medium,Medium,Mainstream Core Travelers
371739,0,0,High,Medium,Rising Loyalists
371875,0,0,High,Medium,Rising Loyalists
371969,0,1,High,High,Elite Frequent Flyers
372069,0,0,High,Medium,Rising Loyalists
372111,0,0,High,Medium,Rising Loyalists
372169,2,1,Medium,High,Loyal Premium Travelers
372175,2,0,Medium,Medium,Mainstream Core Travelers
372183,0,0,High,Medium,Rising Loyalists
372237,0,0,High,Medium,Rising Loyalists
372261,0,0,High,Medium,Rising Loyalists
372290,0,0,High,Medium,Rising Loyalists
372353,0,0,High,Medium,Rising Loyalists
372522,2,0,Medium,Medium,Mainstream Core Travelers
372622,0,0,High,Medium,Rising Loyalists
372647,0,1,High,High,Elite Frequent Flyers
372652,0,0,High,Medium,Rising Loyalists
372663,2,0,Medium,Medium,Mainstream Core Travelers
372737,0,0,High,Medium,Rising Loyalists
372755,0,0,High,Medium,Rising Loyalists
372824,0,0,High,Medium,Rising Loyalists
372865,2,0,Medium,Medium,Mainstream Core Travelers
372961,2,0,Medium,Medium,Mainstream Core Travelers
373044,0,0,High,Medium,Rising Loyalists
373118,2,0,Medium,Medium,Mainstream Core Travelers
373144,0,0,High,Medium,Rising Loyalists
373204,2,0,Medium,Medium,Mainstream Core Travelers
373242,2,0,Medium,Medium,Mainstream Core Travelers
373321,2,1,Medium,High,Loyal Premium Travelers
373374,0,0,High,Medium,Rising Loyalists
373429,2,0,Medium,Medium,Mainstream Core Travelers
373501,0,0,High,Medium,Rising Loyalists
373554,2,0,Medium,Medium,Mainstream Core Travelers
373638,2,0,Medium,Medium,Mainstream Core Travelers
373665,2,0,Medium,Medium,Mainstream Core Travelers
373737,2,0,Medium,Medium,Mainstream Core Travelers
373771,2,0,Medium,Medium,Mainstream Core Travelers
373886,0,0,High,Medium,Rising Loyalists
373888,2,0,Medium,Medium,Mainstream Core Travelers
373898,0,0,High,Medium,Rising Loyalists
373950,0,0,High,Medium,Rising Loyalists
374107,0,0,High,Medium,Rising Loyalists
374113,2,0,Medium,Medium,Mainstream Core Travelers
374117,0,0,High,Medium,Rising Loyalists
374266,0,0,High,Medium,Rising Loyalists
374275,0,0,High,Medium,Rising Loyalists
374293,2,0,Medium,Medium,Mainstream Core Travelers
374344,2,0,Medium,Medium,Mainstream Core Travelers
374345,0,0,High,Medium,Rising Loyalists
374401,0,0,High,Medium,Rising Loyalists
374421,0,0,High,Medium,Rising Loyalists
374440,0,0,High,Medium,Rising Loyalists
374585,0,0,High,Medium,Rising Loyalists
374639,0,0,High,Medium,Rising Loyalists
374679,0,0,High,Medium,Rising Loyalists
374721,0,0,High,Medium,Rising Loyalists
374736,0,0,High,Medium,Rising Loyalists
374850,0,0,High,Medium,Rising Loyalists
374881,0,0,High,Medium,Rising Loyalists
374931,0,0,High,Medium,Rising Loyalists
374941,2,0,Medium,Medium,Mainstream Core Travelers
374967,0,1,High,High,Elite Frequent Flyers
374984,0,0,High,Medium,Rising Loyalists
375056,2,0,Medium,Medium,Mainstream Core Travelers
375105,0,0,High,Medium,Rising Loyalists
375115,2,1,Medium,High,Loyal Premium Travelers
375162,2,0,Medium,Medium,Mainstream Core Travelers
375203,2,0,Medium,Medium,Mainstream Core Travelers
375265,0,0,High,Medium,Rising Loyalists
375297,0,0,High,Medium,Rising Loyalists
375371,2,1,Medium,High,Loyal Premium Travelers
375399,0,0,High,Medium,Rising Loyalists
375430,0,0,High,Medium,Rising Loyalists
375451,2,0,Medium,Medium,Mainstream Core Travelers
375467,2,1,Medium,High,Loyal Premium Travelers
375511,0,0,High,Medium,Rising Loyalists
375540,0,0,High,Medium,Rising Loyalists
375597,0,0,High,Medium,Rising Loyalists
375683,0,0,High,Medium,Rising Loyalists
375694,0,0,High,Medium,Rising Loyalists
375722,0,0,High,Medium,Rising Loyalists
375757,0,0,High,Medium,Rising Loyalists
375768,0,0,High,Medium,Rising Loyalists
375792,2,0,Medium,Medium,Mainstream Core Travelers
375814,0,0,High,Medium,Rising Loyalists
375890,0,0,High,Medium,Rising Loyalists
375909,0,1,High,High,Elite Frequent Flyers
375987,0,0,High,Medium,Rising Loyalists
376072,0,0,High,Medium,Rising Loyalists
376144,2,0,Medium,Medium,Mainstream Core Travelers
376299,0,1,High,High,Elite Frequent Flyers
376367,2,0,Medium,Medium,Mainstream Core Travelers
376424,0,0,High,Medium,Rising Loyalists
376484,0,1,High,High,Elite Frequent Flyers
376572,0,0,High,Medium,Rising Loyalists
376618,0,0,High,Medium,Rising Loyalists
376630,2,0,Medium,Medium,Mainstream Core Travelers
376725,0,1,High,High,Elite Frequent Flyers
376862,0,0,High,Medium,Rising Loyalists
376863,0,0,High,Medium,Rising Loyalists
376929,2,0,Medium,Medium,Mainstream Core Travelers
376969,0,0,High,Medium,Rising Loyalists
376983,2,0,Medium,Medium,Mainstream Core Travelers
377029,0,0,High,Medium,Rising Loyalists
377050,0,0,High,Medium,Rising Loyalists
377114,0,0,High,Medium,Rising Loyalists
377173,0,0,High,Medium,Rising Loyalists
377247,0,0,High,Medium,Rising Loyalists
377288,0,0,High,Medium,Rising Loyalists
377289,0,0,High,Medium,Rising Loyalists
377302,2,0,Medium,Medium,Mainstream Core Travelers
377322,0,0,High,Medium,Rising Loyalists
377364,2,0,Medium,Medium,Mainstream Core Travelers
377375,2,0,Medium,Medium,Mainstream Core Travelers
377444,2,0,Medium,Medium,Mainstream Core Travelers
377464,0,0,High,Medium,Rising Loyalists
377471,0,0,High,Medium,Rising Loyalists
377489,2,0,Medium,Medium,Mainstream Core Travelers
377642,2,0,Medium,Medium,Mainstream Core Travelers
377674,0,0,High,Medium,Rising Loyalists
377724,0,0,High,Medium,Rising Loyalists
377742,2,0,Medium,Medium,Mainstream Core Travelers
377796,2,0,Medium,Medium,Mainstream Core Travelers
377858,2,0,Medium,Medium,Mainstream Core Travelers
377928,2,0,Medium,Medium,Mainstream Core Travelers
377968,0,0,High,Medium,Rising Loyalists
378014,0,0,High,Medium,Rising Loyalists
378153,2,0,Medium,Medium,Mainstream Core Travelers
378181,0,0,High,Medium,Rising Loyalists
378267,0,0,High,Medium,Rising Loyalists
378454,0,0,High,Medium,Rising Loyalists
378498,2,0,Medium,Medium,Mainstream Core Travelers
378793,0,0,High,Medium,Rising Loyalists
378827,0,0,High,Medium,Rising Loyalists
378857,0,0,High,Medium,Rising Loyalists
378920,0,0,High,Medium,Rising Loyalists
378968,0,0,High,Medium,Rising Loyalists
379038,0,0,High,Medium,Rising Loyalists
379041,2,0,Medium,Medium,Mainstream Core Travelers
379110,0,0,High,Medium,Rising Loyalists
379117,2,0,Medium,Medium,Mainstream Core Travelers
379120,0,0,High,Medium,Rising Loyalists
379238,0,0,High,Medium,Rising Loyalists
379281,0,0,High,Medium,Rising Loyalists
379351,0,0,High,Medium,Rising Loyalists
379384,0,0,High,Medium,Rising Loyalists
379414,0,0,High,Medium,Rising Loyalists
379446,2,0,Medium,Medium,Mainstream Core Travelers
379506,0,0,High,Medium,Rising Loyalists
379562,0,1,High,High,Elite Frequent Flyers
379572,0,0,High,Medium,Rising Loyalists
379629,0,0,High,Medium,Rising Loyalists
379716,0,0,High,Medium,Rising Loyalists
379752,0,0,High,Medium,Rising Loyalists
379836,0,0,High,Medium,Rising Loyalists
379962,0,0,High,Medium,Rising Loyalists
380001,0,1,High,High,Elite Frequent Flyers
380031,0,0,High,Medium,Rising Loyalists
380059,0,0,High,Medium,Rising Loyalists
380099,0,0,High,Medium,Rising Loyalists
380110,0,0,High,Medium,Rising Loyalists
380183,0,0,High,Medium,Rising Loyalists
380247,0,0,High,Medium,Rising Loyalists
380255,0,0,High,Medium,Rising Loyalists
380262,0,1,High,High,Elite Frequent Flyers
380294,0,0,High,Medium,Rising Loyalists
380526,0,0,High,Medium,Rising Loyalists
380627,0,0,High,Medium,Rising Loyalists
380709,2,0,Medium,Medium,Mainstream Core Travelers
380788,2,1,Medium,High,Loyal Premium Travelers
380795,0,0,High,Medium,Rising Loyalists
380843,0,0,High,Medium,Rising Loyalists
380928,0,0,High,Medium,Rising Loyalists
380954,2,1,Medium,High,Loyal Premium Travelers
381065,2,0,Medium,Medium,Mainstream Core Travelers
381176,2,0,Medium,Medium,Mainstream Core Travelers
381189,0,0,High,Medium,Rising Loyalists
381234,0,0,High,Medium,Rising Loyalists
381284,0,0,High,Medium,Rising Loyalists
381307,0,0,High,Medium,Rising Loyalists
381308,2,0,Medium,Medium,Mainstream Core Travelers
381316,0,0,High,Medium,Rising Loyalists
381395,0,0,High,Medium,Rising Loyalists
381459,0,0,High,Medium,Rising Loyalists
381471,2,1,Medium,High,Loyal Premium Travelers
381472,0,0,High,Medium,Rising Loyalists
381496,0,0,High,Medium,Rising Loyalists
381539,2,0,Medium,Medium,Mainstream Core Travelers
381651,0,0,High,Medium,Rising Loyalists
381717,2,0,Medium,Medium,Mainstream Core Travelers
381748,0,0,High,Medium,Rising Loyalists
381786,2,0,Medium,Medium,Mainstream Core Travelers
381901,0,0,High,Medium,Rising Loyalists
382045,2,0,Medium,Medium,Mainstream Core Travelers
382149,0,0,High,Medium,Rising Loyalists
382197,2,0,Medium,Medium,Mainstream Core Travelers
382243,0,0,High,Medium,Rising Loyalists
382252,0,0,High,Medium,Rising Loyalists
382271,0,0,High,Medium,Rising Loyalists
382464,0,0,High,Medium,Rising Loyalists
382671,0,0,High,Medium,Rising Loyalists
382678,2,1,Medium,High,Loyal Premium Travelers
382738,0,0,High,Medium,Rising Loyalists
382739,2,0,Medium,Medium,Mainstream Core Travelers
382748,0,0,High,Medium,Rising Loyalists
382889,2,0,Medium,Medium,Mainstream Core Travelers
382953,0,0,High,Medium,Rising Loyalists
382971,2,1,Medium,High,Loyal Premium Travelers
382980,0,0,High,Medium,Rising Loyalists
382983,2,0,Medium,Medium,Mainstream Core Travelers
383108,0,0,High,Medium,Rising Loyalists
383147,0,0,High,Medium,Rising Loyalists
383190,0,0,High,Medium,Rising Loyalists
383202,0,0,High,Medium,Rising Loyalists
383367,2,0,Medium,Medium,Mainstream Core Travelers
383391,2,0,Medium,Medium,Mainstream Core Travelers
383399,0,0,High,Medium,Rising Loyalists
383421,0,0,High,Medium,Rising Loyalists
383627,0,0,High,Medium,Rising Loyalists
383656,0,0,High,Medium,Rising Loyalists
383701,2,0,Medium,Medium,Mainstream Core Travelers
383787,0,0,High,Medium,Rising Loyalists
383808,0,0,High,Medium,Rising Loyalists
383826,0,0,High,Medium,Rising Loyalists
383842,0,0,High,Medium,Rising Loyalists
383891,0,0,High,Medium,Rising Loyalists
383898,0,0,High,Medium,Rising Loyalists
383912,0,0,High,Medium,Rising Loyalists
383954,0,0,High,Medium,Rising Loyalists
383962,2,0,Medium,Medium,Mainstream Core Travelers
383969,2,0,Medium,Medium,Mainstream Core Travelers
384010,2,0,Medium,Medium,Mainstream Core Travelers
384090,0,0,High,Medium,Rising Loyalists
384146,2,0,Medium,Medium,Mainstream Core Travelers
384269,0,0,High,Medium,Rising Loyalists
384286,0,0,High,Medium,Rising Loyalists
384296,2,0,Medium,Medium,Mainstream Core Travelers
384328,0,0,High,Medium,Rising Loyalists
384336,0,0,High,Medium,Rising Loyalists
384356,2,0,Medium,Medium,Mainstream Core Travelers
384409,2,0,Medium,Medium,Mainstream Core Travelers
384412,2,0,Medium,Medium,Mainstream Core Travelers
384543,0,0,High,Medium,Rising Loyalists
384548,2,0,Medium,Medium,Mainstream Core Travelers
384599,0,1,High,High,Elite Frequent Flyers
384602,2,0,Medium,Medium,Mainstream Core Travelers
384686,0,0,High,Medium,Rising Loyalists
384737,2,0,Medium,Medium,Mainstream Core Travelers
384744,0,0,High,Medium,Rising Loyalists
384750,0,0,High,Medium,Rising Loyalists
384818,2,0,Medium,Medium,Mainstream Core Travelers
384825,0,0,High,Medium,Rising Loyalists
384905,2,0,Medium,Medium,Mainstream Core Travelers
384907,2,0,Medium,Medium,Mainstream Core Travelers
384920,0,0,High,Medium,Rising Loyalists
384928,0,0,High,Medium,Rising Loyalists
384986,0,0,High,Medium,Rising Loyalists
385092,2,0,Medium,Medium,Mainstream Core Travelers
385131,0,0,High,Medium,Rising Loyalists
385190,0,0,High,Medium,Rising Loyalists
385235,0,0,High,Medium,Rising Loyalists
385358,0,0,High,Medium,Rising Loyalists
385593,0,0,High,Medium,Rising Loyalists
385638,2,0,Medium,Medium,Mainstream Core Travelers
385718,0,0,High,Medium,Rising Loyalists
385747,2,1,Medium,High,Loyal Premium Travelers
385861,2,0,Medium,Medium,Mainstream Core Travelers
385864,0,0,High,Medium,Rising Loyalists
385912,0,0,High,Medium,Rising Loyalists
386037,0,0,High,Medium,Rising Loyalists
386082,2,0,Medium,Medium,Mainstream Core Travelers
386298,2,0,Medium,Medium,Mainstream Core Travelers
386342,0,0,High,Medium,Rising Loyalists
386363,0,0,High,Medium,Rising Loyalists
386446,0,0,High,Medium,Rising Loyalists
386607,0,0,High,Medium,Rising Loyalists
386649,0,0,High,Medium,Rising Loyalists
386790,0,0,High,Medium,Rising Loyalists
386825,0,0,High,Medium,Rising Loyalists
386926,0,0,High,Medium,Rising Loyalists
386936,2,0,Medium,Medium,Mainstream Core Travelers
386979,2,0,Medium,Medium,Mainstream Core Travelers
386986,0,0,High,Medium,Rising Loyalists
387121,0,0,High,Medium,Rising Loyalists
387129,0,0,High,Medium,Rising Loyalists
387203,2,0,Medium,Medium,Mainstream Core Travelers
387214,2,0,Medium,Medium,Mainstream Core Travelers
387307,2,0,Medium,Medium,Mainstream Core Travelers
387455,0,0,High,Medium,Rising Loyalists
387506,0,0,High,Medium,Rising Loyalists
387523,0,0,High,Medium,Rising Loyalists
387553,2,0,Medium,Medium,Mainstream Core Travelers
387568,0,0,High,Medium,Rising Loyalists
387570,0,0,High,Medium,Rising Loyalists
387584,0,0,High,Medium,Rising Loyalists
387648,0,0,High,Medium,Rising Loyalists
387650,0,0,High,Medium,Rising Loyalists
387695,0,0,High,Medium,Rising Loyalists
387705,0,0,High,Medium,Rising Loyalists
387721,0,0,High,Medium,Rising Loyalists
387834,0,0,High,Medium,Rising Loyalists
387880,0,0,High,Medium,Rising Loyalists
387971,0,0,High,Medium,Rising Loyalists
388046,0,0,High,Medium,Rising Loyalists
388140,0,0,High,Medium,Rising Loyalists
388156,0,0,High,Medium,Rising Loyalists
388292,0,0,High,Medium,Rising Loyalists
388448,0,0,High,Medium,Rising Loyalists
388478,0,0,High,Medium,Rising Loyalists
388624,0,0,High,Medium,Rising Loyalists
388639,0,0,High,Medium,Rising Loyalists
388777,0,0,High,Medium,Rising Loyalists
388985,0,0,High,Medium,Rising Loyalists
389081,2,1,Medium,High,Loyal Premium Travelers
389146,0,0,High,Medium,Rising Loyalists
389225,0,0,High,Medium,Rising Loyalists
389387,2,0,Medium,Medium,Mainstream Core Travelers
389429,0,0,High,Medium,Rising Loyalists
389430,2,0,Medium,Medium,Mainstream Core Travelers
389488,0,0,High,Medium,Rising Loyalists
389551,0,0,High,Medium,Rising Loyalists
389565,0,0,High,Medium,Rising Loyalists
389583,0,0,High,Medium,Rising Loyalists
389706,0,1,High,High,Elite Frequent Flyers
389741,0,0,High,Medium,Rising Loyalists
389804,0,0,High,Medium,Rising Loyalists
389812,2,0,Medium,Medium,Mainstream Core Travelers
389928,0,0,High,Medium,Rising Loyalists
389995,0,0,High,Medium,Rising Loyalists
389996,2,0,Medium,Medium,Mainstream Core Travelers
390022,2,0,Medium,Medium,Mainstream Core Travelers
390117,0,0,High,Medium,Rising Loyalists
390190,0,0,High,Medium,Rising Loyalists
390203,0,0,High,Medium,Rising Loyalists
390209,0,0,High,Medium,Rising Loyalists
390297,2,0,Medium,Medium,Mainstream Core Travelers
390343,0,0,High,Medium,Rising Loyalists
390350,0,0,High,Medium,Rising Loyalists
390377,2,0,Medium,Medium,Mainstream Core Travelers
390434,0,0,High,Medium,Rising Loyalists
390435,0,0,High,Medium,Rising Loyalists
390480,2,1,Medium,High,Loyal Premium Travelers
390546,0,0,High,Medium,Rising Loyalists
390562,2,0,Medium,Medium,Mainstream Core Travelers
390651,2,0,Medium,Medium,Mainstream Core Travelers
390719,2,0,Medium,Medium,Mainstream Core Travelers
390874,0,0,High,Medium,Rising Loyalists
390880,0,1,High,High,Elite Frequent Flyers
390911,0,0,High,Medium,Rising Loyalists
390924,2,0,Medium,Medium,Mainstream Core Travelers
390974,0,0,High,Medium,Rising Loyalists
390980,2,0,Medium,Medium,Mainstream Core Travelers
391034,0,0,High,Medium,Rising Loyalists
391091,2,1,Medium,High,Loyal Premium Travelers
391106,0,0,High,Medium,Rising Loyalists
391313,2,0,Medium,Medium,Mainstream Core Travelers
391357,2,0,Medium,Medium,Mainstream Core Travelers
391397,0,0,High,Medium,Rising Loyalists
391402,0,0,High,Medium,Rising Loyalists
391509,0,0,High,Medium,Rising Loyalists
391542,0,0,High,Medium,Rising Loyalists
391557,2,0,Medium,Medium,Mainstream Core Travelers
391564,0,0,High,Medium,Rising Loyalists
391611,0,1,High,High,Elite Frequent Flyers
391673,0,0,High,Medium,Rising Loyalists
391761,0,0,High,Medium,Rising Loyalists
391861,0,0,High,Medium,Rising Loyalists
391900,2,0,Medium,Medium,Mainstream Core Travelers
391927,0,0,High,Medium,Rising Loyalists
391939,0,0,High,Medium,Rising Loyalists
392098,0,0,High,Medium,Rising Loyalists
392206,0,0,High,Medium,Rising Loyalists
392235,0,0,High,Medium,Rising Loyalists
392335,0,0,High,Medium,Rising Loyalists
392402,0,0,High,Medium,Rising Loyalists
392430,0,0,High,Medium,Rising Loyalists
392558,2,0,Medium,Medium,Mainstream Core Travelers
392575,0,0,High,Medium,Rising Loyalists
392582,0,0,High,Medium,Rising Loyalists
392619,0,0,High,Medium,Rising Loyalists
392682,2,0,Medium,Medium,Mainstream Core Travelers
392713,2,0,Medium,Medium,Mainstream Core Travelers
392774,0,0,High,Medium,Rising Loyalists
392781,2,0,Medium,Medium,Mainstream Core Travelers
392785,0,0,High,Medium,Rising Loyalists
392802,0,0,High,Medium,Rising Loyalists
392953,2,0,Medium,Medium,Mainstream Core Travelers
392989,2,0,Medium,Medium,Mainstream Core Travelers
393101,2,0,Medium,Medium,Mainstream Core Travelers
393130,2,0,Medium,Medium,Mainstream Core Travelers
393206,0,0,High,Medium,Rising Loyalists
393309,0,0,High,Medium,Rising Loyalists
393329,2,0,Medium,Medium,Mainstream Core Travelers
393380,0,0,High,Medium,Rising Loyalists
393403,0,0,High,Medium,Rising Loyalists
393565,0,0,High,Medium,Rising Loyalists
393604,2,0,Medium,Medium,Mainstream Core Travelers
393806,0,0,High,Medium,Rising Loyalists
393853,0,0,High,Medium,Rising Loyalists
393888,0,0,High,Medium,Rising Loyalists
393975,2,0,Medium,Medium,Mainstream Core Travelers
394078,0,0,High,Medium,Rising Loyalists
394167,0,0,High,Medium,Rising Loyalists
394195,1,1,Low,High,High-Value At-Risk
394196,2,0,Medium,Medium,Mainstream Core Travelers
394200,2,0,Medium,Medium,Mainstream Core Travelers
394213,0,0,High,Medium,Rising Loyalists
394248,0,0,High,Medium,Rising Loyalists
394321,0,0,High,Medium,Rising Loyalists
394363,2,0,Medium,Medium,Mainstream Core Travelers
394454,0,0,High,Medium,Rising Loyalists
394569,2,0,Medium,Medium,Mainstream Core Travelers
394715,0,0,High,Medium,Rising Loyalists
394806,0,0,High,Medium,Rising Loyalists
394812,0,0,High,Medium,Rising Loyalists
394927,2,0,Medium,Medium,Mainstream Core Travelers
394941,0,0,High,Medium,Rising Loyalists
394946,2,0,Medium,Medium,Mainstream Core Travelers
394979,0,0,High,Medium,Rising Loyalists
395026,0,0,High,Medium,Rising Loyalists
395121,0,0,High,Medium,Rising Loyalists
395168,2,0,Medium,Medium,Mainstream Core Travelers
395189,2,0,Medium,Medium,Mainstream Core Travelers
395300,2,1,Medium,High,Loyal Premium Travelers
395324,0,0,High,Medium,Rising Loyalists
395384,0,0,High,Medium,Rising Loyalists
395446,2,0,Medium,Medium,Mainstream Core Travelers
395460,0,0,High,Medium,Rising Loyalists
395511,0,0,High,Medium,Rising Loyalists
395512,2,0,Medium,Medium,Mainstream Core Travelers
395525,0,0,High,Medium,Rising Loyalists
395622,0,1,High,High,Elite Frequent Flyers
395639,0,0,High,Medium,Rising Loyalists
395871,2,0,Medium,Medium,Mainstream Core Travelers
395887,0,0,High,Medium,Rising Loyalists
395912,0,0,High,Medium,Rising Loyalists
395962,2,0,Medium,Medium,Mainstream Core Travelers
396018,0,0,High,Medium,Rising Loyalists
396048,2,0,Medium,Medium,Mainstream Core Travelers
396155,0,1,High,High,Elite Frequent Flyers
396267,0,0,High,Medium,Rising Loyalists
396446,0,0,High,Medium,Rising Loyalists
396471,0,0,High,Medium,Rising Loyalists
396726,0,0,High,Medium,Rising Loyalists
396863,0,0,High,Medium,Rising Loyalists
396867,2,0,Medium,Medium,Mainstream Core Travelers
396920,0,1,High,High,Elite Frequent Flyers
396984,0,0,High,Medium,Rising Loyalists
396996,0,0,High,Medium,Rising Loyalists
396997,0,0,High,Medium,Rising Loyalists
396998,0,1,High,High,Elite Frequent Flyers
397053,0,0,High,Medium,Rising Loyalists
397065,0,0,High,Medium,Rising Loyalists
397099,2,0,Medium,Medium,Mainstream Core Travelers
397104,0,0,High,Medium,Rising Loyalists
397141,0,0,High,Medium,Rising Loyalists
397242,2,0,Medium,Medium,Mainstream Core Travelers
397248,0,0,High,Medium,Rising Loyalists
397272,2,0,Medium,Medium,Mainstream Core Travelers
397376,2,0,Medium,Medium,Mainstream Core Travelers
397377,0,0,High,Medium,Rising Loyalists
397480,0,1,High,High,Elite Frequent Flyers
397518,2,0,Medium,Medium,Mainstream Core Travelers
397533,0,0,High,Medium,Rising Loyalists
397706,0,0,High,Medium,Rising Loyalists
397787,2,0,Medium,Medium,Mainstream Core Travelers
397817,0,0,High,Medium,Rising Loyalists
397820,0,0,High,Medium,Rising Loyalists
397848,2,0,Medium,Medium,Mainstream Core Travelers
397891,2,0,Medium,Medium,Mainstream Core Travelers
397934,2,0,Medium,Medium,Mainstream Core Travelers
397947,0,0,High,Medium,Rising Loyalists
397962,2,0,Medium,Medium,Mainstream Core Travelers
398074,2,0,Medium,Medium,Mainstream Core Travelers
398086,0,0,High,Medium,Rising Loyalists
398305,2,0,Medium,Medium,Mainstream Core Travelers
398351,0,1,High,High,Elite Frequent Flyers
398506,0,1,High,High,Elite Frequent Flyers
398535,2,0,Medium,Medium,Mainstream Core Travelers
398586,0,1,High,High,Elite Frequent Flyers
398603,0,0,High,Medium,Rising Loyalists
398611,0,0,High,Medium,Rising Loyalists
398655,2,0,Medium,Medium,Mainstream Core Travelers
398819,0,0,High,Medium,Rising Loyalists
398839,0,1,High,High,Elite Frequent Flyers
398846,0,0,High,Medium,Rising Loyalists
398924,0,1,High,High,Elite Frequent Flyers
398965,0,1,High,High,Elite Frequent Flyers
399065,0,0,High,Medium,Rising Loyalists
399101,2,0,Medium,Medium,Mainstream Core Travelers
399214,0,0,High,Medium,Rising Loyalists
399251,0,0,High,Medium,Rising Loyalists
399372,0,0,High,Medium,Rising Loyalists
399379,0,0,High,Medium,Rising Loyalists
399397,0,0,High,Medium,Rising Loyalists
399417,0,0,High,Medium,Rising Loyalists
399418,0,0,High,Medium,Rising Loyalists
399514,2,0,Medium,Medium,Mainstream Core Travelers
399555,2,0,Medium,Medium,Mainstream Core Travelers
399575,0,0,High,Medium,Rising Loyalists
399666,2,0,Medium,Medium,Mainstream Core Travelers
399670,0,0,High,Medium,Rising Loyalists
399678,0,0,High,Medium,Rising Loyalists
399704,0,0,High,Medium,Rising Loyalists
399917,2,0,Medium,Medium,Mainstream Core Travelers
399943,0,1,High,High,Elite Frequent Flyers
399973,0,0,High,Medium,Rising Loyalists
399982,0,0,High,Medium,Rising Loyalists
400030,0,0,High,Medium,Rising Loyalists
400079,0,0,High,Medium,Rising Loyalists
400181,0,0,High,Medium,Rising Loyalists
400224,0,0,High,Medium,Rising Loyalists
400265,0,0,High,Medium,Rising Loyalists
400272,2,0,Medium,Medium,Mainstream Core Travelers
400313,0,0,High,Medium,Rising Loyalists
400392,0,0,High,Medium,Rising Loyalists
400404,2,0,Medium,Medium,Mainstream Core Travelers
400470,0,0,High,Medium,Rising Loyalists
400478,2,0,Medium,Medium,Mainstream Core Travelers
400486,0,0,High,Medium,Rising Loyalists
400513,2,1,Medium,High,Loyal Premium Travelers
400600,2,0,Medium,Medium,Mainstream Core Travelers
400702,0,0,High,Medium,Rising Loyalists
400802,0,1,High,High,Elite Frequent Flyers
400844,2,1,Medium,High,Loyal Premium Travelers
400873,2,0,Medium,Medium,Mainstream Core Travelers
400958,0,0,High,Medium,Rising Loyalists
400979,0,0,High,Medium,Rising Loyalists
400985,0,0,High,Medium,Rising Loyalists
401007,0,0,High,Medium,Rising Loyalists
401036,0,0,High,Medium,Rising Loyalists
401055,0,0,High,Medium,Rising Loyalists
401060,0,0,High,Medium,Rising Loyalists
401062,2,0,Medium,Medium,Mainstream Core Travelers
401101,0,0,High,Medium,Rising Loyalists
401336,0,0,High,Medium,Rising Loyalists
401350,2,0,Medium,Medium,Mainstream Core Travelers
401422,2,0,Medium,Medium,Mainstream Core Travelers
401424,2,0,Medium,Medium,Mainstream Core Travelers
401454,0,0,High,Medium,Rising Loyalists
401645,0,0,High,Medium,Rising Loyalists
401710,0,1,High,High,Elite Frequent Flyers
401722,0,0,High,Medium,Rising Loyalists
401760,0,0,High,Medium,Rising Loyalists
401766,0,0,High,Medium,Rising Loyalists
401769,0,0,High,Medium,Rising Loyalists
401824,0,1,High,High,Elite Frequent Flyers
401834,0,0,High,Medium,Rising Loyalists
401857,0,0,High,Medium,Rising Loyalists
401858,2,0,Medium,Medium,Mainstream Core Travelers
401859,0,0,High,Medium,Rising Loyalists
401943,2,0,Medium,Medium,Mainstream Core Travelers
401956,2,0,Medium,Medium,Mainstream Core Travelers
402034,0,0,High,Medium,Rising Loyalists
402052,0,0,High,Medium,Rising Loyalists
402082,0,0,High,Medium,Rising Loyalists
402136,2,1,Medium,High,Loyal Premium Travelers
402177,2,0,Medium,Medium,Mainstream Core Travelers
402251,0,0,High,Medium,Rising Loyalists
402332,0,0,High,Medium,Rising Loyalists
402390,2,0,Medium,Medium,Mainstream Core Travelers
402624,2,0,Medium,Medium,Mainstream Core Travelers
402638,2,0,Medium,Medium,Mainstream Core Travelers
402697,2,0,Medium,Medium,Mainstream Core Travelers
402706,0,0,High,Medium,Rising Loyalists
402918,2,0,Medium,Medium,Mainstream Core Travelers
402964,0,0,High,Medium,Rising Loyalists
402966,2,1,Medium,High,Loyal Premium Travelers
403052,2,0,Medium,Medium,Mainstream Core Travelers
403118,0,0,High,Medium,Rising Loyalists
403185,0,0,High,Medium,Rising Loyalists
403258,2,0,Medium,Medium,Mainstream Core Travelers
403282,2,0,Medium,Medium,Mainstream Core Travelers
403361,2,0,Medium,Medium,Mainstream Core Travelers
403463,2,0,Medium,Medium,Mainstream Core Travelers
403473,0,0,High,Medium,Rising Loyalists
403500,0,1,High,High,Elite Frequent Flyers
403507,0,0,High,Medium,Rising Loyalists
403529,2,0,Medium,Medium,Mainstream Core Travelers
403675,0,1,High,High,Elite Frequent Flyers
403764,2,1,Medium,High,Loyal Premium Travelers
403856,2,0,Medium,Medium,Mainstream Core Travelers
403893,0,0,High,Medium,Rising Loyalists
404011,0,0,High,Medium,Rising Loyalists
404012,2,0,Medium,Medium,Mainstream Core Travelers
404106,0,0,High,Medium,Rising Loyalists
404233,0,0,High,Medium,Rising Loyalists
404314,0,0,High,Medium,Rising Loyalists
404339,2,1,Medium,High,Loyal Premium Travelers
404417,0,0,High,Medium,Rising Loyalists
404426,0,0,High,Medium,Rising Loyalists
404431,0,0,High,Medium,Rising Loyalists
404434,0,0,High,Medium,Rising Loyalists
404475,0,1,High,High,Elite Frequent Flyers
404720,0,0,High,Medium,Rising Loyalists
404742,0,1,High,High,Elite Frequent Flyers
404801,2,0,Medium,Medium,Mainstream Core Travelers
404805,2,1,Medium,High,Loyal Premium Travelers
404846,0,0,High,Medium,Rising Loyalists
404920,0,0,High,Medium,Rising Loyalists
405030,2,0,Medium,Medium,Mainstream Core Travelers
405201,0,0,High,Medium,Rising Loyalists
405318,0,0,High,Medium,Rising Loyalists
405339,0,0,High,Medium,Rising Loyalists
405351,0,1,High,High,Elite Frequent Flyers
405418,0,0,High,Medium,Rising Loyalists
405442,0,0,High,Medium,Rising Loyalists
405465,2,0,Medium,Medium,Mainstream Core Travelers
405500,0,0,High,Medium,Rising Loyalists
405597,0,0,High,Medium,Rising Loyalists
405602,0,0,High,Medium,Rising Loyalists
405698,2,0,Medium,Medium,Mainstream Core Travelers
405699,0,0,High,Medium,Rising Loyalists
405735,0,0,High,Medium,Rising Loyalists
405739,0,0,High,Medium,Rising Loyalists
405740,2,0,Medium,Medium,Mainstream Core Travelers
405768,2,0,Medium,Medium,Mainstream Core Travelers
405804,0,0,High,Medium,Rising Loyalists
405928,0,0,High,Medium,Rising Loyalists
406047,0,0,High,Medium,Rising Loyalists
406099,2,0,Medium,Medium,Mainstream Core Travelers
406176,0,0,High,Medium,Rising Loyalists
406252,2,0,Medium,Medium,Mainstream Core Travelers
406254,0,0,High,Medium,Rising Loyalists
406287,2,0,Medium,Medium,Mainstream Core Travelers
406294,0,0,High,Medium,Rising Loyalists
406367,2,0,Medium,Medium,Mainstream Core Travelers
406369,2,0,Medium,Medium,Mainstream Core Travelers
406373,0,0,High,Medium,Rising Loyalists
406411,0,1,High,High,Elite Frequent Flyers
406564,0,0,High,Medium,Rising Loyalists
406574,0,0,High,Medium,Rising Loyalists
406810,0,0,High,Medium,Rising Loyalists
406988,2,1,Medium,High,Loyal Premium Travelers
407008,0,0,High,Medium,Rising Loyalists
407032,0,0,High,Medium,Rising Loyalists
407119,0,0,High,Medium,Rising Loyalists
407173,0,0,High,Medium,Rising Loyalists
407233,2,1,Medium,High,Loyal Premium Travelers
407238,0,0,High,Medium,Rising Loyalists
407305,0,0,High,Medium,Rising Loyalists
407340,0,0,High,Medium,Rising Loyalists
407377,0,0,High,Medium,Rising Loyalists
407404,2,0,Medium,Medium,Mainstream Core Travelers
407411,0,0,High,Medium,Rising Loyalists
407433,0,0,High,Medium,Rising Loyalists
407468,0,0,High,Medium,Rising Loyalists
407478,2,0,Medium,Medium,Mainstream Core Travelers
407641,2,0,Medium,Medium,Mainstream Core Travelers
407648,2,0,Medium,Medium,Mainstream Core Travelers
407768,0,0,High,Medium,Rising Loyalists
407798,0,0,High,Medium,Rising Loyalists
407924,2,0,Medium,Medium,Mainstream Core Travelers
407933,0,1,High,High,Elite Frequent Flyers
407945,0,0,High,Medium,Rising Loyalists
407999,0,0,High,Medium,Rising Loyalists
408047,0,0,High,Medium,Rising Loyalists
408091,2,0,Medium,Medium,Mainstream Core Travelers
408134,2,0,Medium,Medium,Mainstream Core Travelers
408170,2,1,Medium,High,Loyal Premium Travelers
408259,0,0,High,Medium,Rising Loyalists
408309,0,0,High,Medium,Rising Loyalists
408347,2,0,Medium,Medium,Mainstream Core Travelers
408378,2,0,Medium,Medium,Mainstream Core Travelers
408468,2,0,Medium,Medium,Mainstream Core Travelers
408493,0,0,High,Medium,Rising Loyalists
408500,0,0,High,Medium,Rising Loyalists
408561,0,0,High,Medium,Rising Loyalists
408651,0,0,High,Medium,Rising Loyalists
408838,0,0,High,Medium,Rising Loyalists
408863,0,0,High,Medium,Rising Loyalists
408886,0,0,High,Medium,Rising Loyalists
408915,2,1,Medium,High,Loyal Premium Travelers
408931,0,0,High,Medium,Rising Loyalists
408990,0,0,High,Medium,Rising Loyalists
409051,0,1,High,High,Elite Frequent Flyers
409102,0,0,High,Medium,Rising Loyalists
409156,0,0,High,Medium,Rising Loyalists
409174,2,0,Medium,Medium,Mainstream Core Travelers
409454,0,0,High,Medium,Rising Loyalists
409512,0,0,High,Medium,Rising Loyalists
409603,0,0,High,Medium,Rising Loyalists
409684,0,0,High,Medium,Rising Loyalists
409741,0,0,High,Medium,Rising Loyalists
409768,2,0,Medium,Medium,Mainstream Core Travelers
409798,0,0,High,Medium,Rising Loyalists
409908,0,0,High,Medium,Rising Loyalists
409914,0,0,High,Medium,Rising Loyalists
409951,0,0,High,Medium,Rising Loyalists
409984,2,0,Medium,Medium,Mainstream Core Travelers
409989,2,0,Medium,Medium,Mainstream Core Travelers
410202,0,1,High,High,Elite Frequent Flyers
410209,0,0,High,Medium,Rising Loyalists
410218,0,0,High,Medium,Rising Loyalists
410341,0,0,High,Medium,Rising Loyalists
410343,2,0,Medium,Medium,Mainstream Core Travelers
410347,0,0,High,Medium,Rising Loyalists
410373,2,0,Medium,Medium,Mainstream Core Travelers
410384,0,0,High,Medium,Rising Loyalists
410460,2,0,Medium,Medium,Mainstream Core Travelers
410544,0,0,High,Medium,Rising Loyalists
410552,0,0,High,Medium,Rising Loyalists
410558,0,0,High,Medium,Rising Loyalists
410702,0,0,High,Medium,Rising Loyalists
410790,0,0,High,Medium,Rising Loyalists
410921,0,0,High,Medium,Rising Loyalists
410938,0,0,High,Medium,Rising Loyalists
410958,2,0,Medium,Medium,Mainstream Core Travelers
410963,0,0,High,Medium,Rising Loyalists
410982,0,0,High,Medium,Rising Loyalists
411030,0,0,High,Medium,Rising Loyalists
411094,0,0,High,Medium,Rising Loyalists
411116,0,0,High,Medium,Rising Loyalists
411204,0,0,High,Medium,Rising Loyalists
411242,2,0,Medium,Medium,Mainstream Core Travelers
411272,2,0,Medium,Medium,Mainstream Core Travelers
411296,2,0,Medium,Medium,Mainstream Core Travelers
411298,0,0,High,Medium,Rising Loyalists
411365,2,0,Medium,Medium,Mainstream Core Travelers
411420,0,1,High,High,Elite Frequent Flyers
411523,0,0,High,Medium,Rising Loyalists
411533,0,0,High,Medium,Rising Loyalists
411583,0,0,High,Medium,Rising Loyalists
411586,0,1,High,High,Elite Frequent Flyers
411651,2,1,Medium,High,Loyal Premium Travelers
411686,0,0,High,Medium,Rising Loyalists
411690,0,0,High,Medium,Rising Loyalists
411715,2,0,Medium,Medium,Mainstream Core Travelers
411734,0,0,High,Medium,Rising Loyalists
411744,0,0,High,Medium,Rising Loyalists
411876,0,0,High,Medium,Rising Loyalists
411897,0,0,High,Medium,Rising Loyalists
412024,0,0,High,Medium,Rising Loyalists
412133,0,0,High,Medium,Rising Loyalists
412186,0,1,High,High,Elite Frequent Flyers
412203,0,0,High,Medium,Rising Loyalists
412284,0,0,High,Medium,Rising Loyalists
412362,2,0,Medium,Medium,Mainstream Core Travelers
412394,0,0,High,Medium,Rising Loyalists
412402,0,0,High,Medium,Rising Loyalists
412429,0,0,High,Medium,Rising Loyalists
412480,2,0,Medium,Medium,Mainstream Core Travelers
412487,0,0,High,Medium,Rising Loyalists
412743,2,0,Medium,Medium,Mainstream Core Travelers
412793,0,0,High,Medium,Rising Loyalists
412803,0,0,High,Medium,Rising Loyalists
412817,0,1,High,High,Elite Frequent Flyers
412854,0,0,High,Medium,Rising Loyalists
412880,0,1,High,High,Elite Frequent Flyers
412902,0,0,High,Medium,Rising Loyalists
412944,0,0,High,Medium,Rising Loyalists
412995,0,0,High,Medium,Rising Loyalists
413050,0,0,High,Medium,Rising Loyalists
413052,0,0,High,Medium,Rising Loyalists
413088,0,0,High,Medium,Rising Loyalists
413101,0,0,High,Medium,Rising Loyalists
413115,0,0,High,Medium,Rising Loyalists
413185,0,0,High,Medium,Rising Loyalists
413243,0,0,High,Medium,Rising Loyalists
413266,0,0,High,Medium,Rising Loyalists
413282,0,0,High,Medium,Rising Loyalists
413305,2,0,Medium,Medium,Mainstream Core Travelers
413330,0,0,High,Medium,Rising Loyalists
413345,0,0,High,Medium,Rising Loyalists
413347,0,0,High,Medium,Rising Loyalists
413426,0,0,High,Medium,Rising Loyalists
413445,2,0,Medium,Medium,Mainstream Core Travelers
413459,0,0,High,Medium,Rising Loyalists
413620,0,0,High,Medium,Rising Loyalists
413659,2,1,Medium,High,Loyal Premium Travelers
413741,0,0,High,Medium,Rising Loyalists
413798,0,0,High,Medium,Rising Loyalists
413815,0,0,High,Medium,Rising Loyalists
413853,2,1,Medium,High,Loyal Premium Travelers
413994,0,1,High,High,Elite Frequent Flyers
414033,0,0,High,Medium,Rising Loyalists
414157,0,0,High,Medium,Rising Loyalists
414164,0,0,High,Medium,Rising Loyalists
414207,0,0,High,Medium,Rising Loyalists
414211,0,1,High,High,Elite Frequent Flyers
414239,0,0,High,Medium,Rising Loyalists
414305,0,0,High,Medium,Rising Loyalists
414318,0,0,High,Medium,Rising Loyalists
414382,1,0,Low,Medium,Value Fading
414433,0,1,High,High,Elite Frequent Flyers
414584,0,0,High,Medium,Rising Loyalists
414661,2,1,Medium,High,Loyal Premium Travelers
414727,0,0,High,Medium,Rising Loyalists
414741,0,0,High,Medium,Rising Loyalists
414757,0,0,High,Medium,Rising Loyalists
415067,0,0,High,Medium,Rising Loyalists
415077,0,0,High,Medium,Rising Loyalists
415088,2,0,Medium,Medium,Mainstream Core Travelers
415090,0,0,High,Medium,Rising Loyalists
415148,0,0,High,Medium,Rising Loyalists
415201,0,0,High,Medium,Rising Loyalists
415292,2,0,Medium,Medium,Mainstream Core Travelers
415327,0,0,High,Medium,Rising Loyalists
415332,0,1,High,High,Elite Frequent Flyers
415341,0,0,High,Medium,Rising Loyalists
415372,0,0,High,Medium,Rising Loyalists
415381,0,1,High,High,Elite Frequent Flyers
415402,0,0,High,Medium,Rising Loyalists
415441,0,0,High,Medium,Rising Loyalists
415446,2,1,Medium,High,Loyal Premium Travelers
415640,2,0,Medium,Medium,Mainstream Core Travelers
415862,0,0,High,Medium,Rising Loyalists
415896,0,0,High,Medium,Rising Loyalists
415915,0,0,High,Medium,Rising Loyalists
415916,0,0,High,Medium,Rising Loyalists
416091,2,0,Medium,Medium,Mainstream Core Travelers
416105,2,0,Medium,Medium,Mainstream Core Travelers
416124,0,0,High,Medium,Rising Loyalists
416127,0,0,High,Medium,Rising Loyalists
416216,0,0,High,Medium,Rising Loyalists
416575,0,0,High,Medium,Rising Loyalists
416620,2,0,Medium,Medium,Mainstream Core Travelers
416768,0,0,High,Medium,Rising Loyalists
416783,0,0,High,Medium,Rising Loyalists
416940,2,0,Medium,Medium,Mainstream Core Travelers
416973,0,0,High,Medium,Rising Loyalists
417001,0,0,High,Medium,Rising Loyalists
417082,0,0,High,Medium,Rising Loyalists
417118,0,0,High,Medium,Rising Loyalists
417240,0,1,High,High,Elite Frequent Flyers
417274,0,0,High,Medium,Rising Loyalists
417507,0,0,High,Medium,Rising Loyalists
417553,2,0,Medium,Medium,Mainstream Core Travelers
417564,0,0,High,Medium,Rising Loyalists
417584,0,0,High,Medium,Rising Loyalists
417721,2,0,Medium,Medium,Mainstream Core Travelers
417825,0,0,High,Medium,Rising Loyalists
417838,0,0,High,Medium,Rising Loyalists
417841,2,0,Medium,Medium,Mainstream Core Travelers
417886,0,0,High,Medium,Rising Loyalists
417904,0,0,High,Medium,Rising Loyalists
417929,0,0,High,Medium,Rising Loyalists
418090,0,0,High,Medium,Rising Loyalists
418166,0,0,High,Medium,Rising Loyalists
418233,2,0,Medium,Medium,Mainstream Core Travelers
418281,0,0,High,Medium,Rising Loyalists
418327,0,0,High,Medium,Rising Loyalists
418470,2,0,Medium,Medium,Mainstream Core Travelers
418626,2,0,Medium,Medium,Mainstream Core Travelers
418636,2,0,Medium,Medium,Mainstream Core Travelers
418718,2,0,Medium,Medium,Mainstream Core Travelers
418753,0,0,High,Medium,Rising Loyalists
418779,0,0,High,Medium,Rising Loyalists
418784,2,1,Medium,High,Loyal Premium Travelers
418793,0,0,High,Medium,Rising Loyalists
418910,0,0,High,Medium,Rising Loyalists
418930,0,0,High,Medium,Rising Loyalists
418938,2,0,Medium,Medium,Mainstream Core Travelers
418958,0,0,High,Medium,Rising Loyalists
418990,0,0,High,Medium,Rising Loyalists
419182,0,0,High,Medium,Rising Loyalists
419237,2,0,Medium,Medium,Mainstream Core Travelers
419275,0,0,High,Medium,Rising Loyalists
419377,0,0,High,Medium,Rising Loyalists
419491,2,0,Medium,Medium,Mainstream Core Travelers
419493,0,0,High,Medium,Rising Loyalists
419522,0,1,High,High,Elite Frequent Flyers
419540,0,0,High,Medium,Rising Loyalists
419570,0,0,High,Medium,Rising Loyalists
419626,2,0,Medium,Medium,Mainstream Core Travelers
419648,2,0,Medium,Medium,Mainstream Core Travelers
419661,2,0,Medium,Medium,Mainstream Core Travelers
419732,2,0,Medium,Medium,Mainstream Core Travelers
419748,0,0,High,Medium,Rising Loyalists
419749,0,0,High,Medium,Rising Loyalists
419758,0,0,High,Medium,Rising Loyalists
419776,0,0,High,Medium,Rising Loyalists
419818,0,0,High,Medium,Rising Loyalists
419893,0,0,High,Medium,Rising Loyalists
419953,0,0,High,Medium,Rising Loyalists
419973,0,1,High,High,Elite Frequent Flyers
420008,0,0,High,Medium,Rising Loyalists
420010,2,0,Medium,Medium,Mainstream Core Travelers
420126,2,0,Medium,Medium,Mainstream Core Travelers
420148,0,0,High,Medium,Rising Loyalists
420202,0,1,High,High,Elite Frequent Flyers
420204,2,0,Medium,Medium,Mainstream Core Travelers
420222,0,0,High,Medium,Rising Loyalists
420243,2,0,Medium,Medium,Mainstream Core Travelers
420339,0,0,High,Medium,Rising Loyalists
420394,0,0,High,Medium,Rising Loyalists
420434,0,0,High,Medium,Rising Loyalists
420439,0,0,High,Medium,Rising Loyalists
420457,0,0,High,Medium,Rising Loyalists
420464,2,0,Medium,Medium,Mainstream Core Travelers
420481,0,0,High,Medium,Rising Loyalists
420488,0,0,High,Medium,Rising Loyalists
420490,0,0,High,Medium,Rising Loyalists
420508,0,0,High,Medium,Rising Loyalists
420515,0,0,High,Medium,Rising Loyalists
420590,0,1,High,High,Elite Frequent Flyers
420627,0,0,High,Medium,Rising Loyalists
420738,0,0,High,Medium,Rising Loyalists
420786,0,0,High,Medium,Rising Loyalists
420856,2,0,Medium,Medium,Mainstream Core Travelers
420890,2,0,Medium,Medium,Mainstream Core Travelers
421001,0,0,High,Medium,Rising Loyalists
421191,0,0,High,Medium,Rising Loyalists
421252,2,0,Medium,Medium,Mainstream Core Travelers
421310,2,0,Medium,Medium,Mainstream Core Travelers
421432,2,0,Medium,Medium,Mainstream Core Travelers
421458,0,0,High,Medium,Rising Loyalists
421497,0,0,High,Medium,Rising Loyalists
421580,0,0,High,Medium,Rising Loyalists
421691,0,0,High,Medium,Rising Loyalists
421744,0,0,High,Medium,Rising Loyalists
421748,0,0,High,Medium,Rising Loyalists
421752,2,0,Medium,Medium,Mainstream Core Travelers
421822,0,0,High,Medium,Rising Loyalists
421855,2,0,Medium,Medium,Mainstream Core Travelers
421923,0,0,High,Medium,Rising Loyalists
421930,0,0,High,Medium,Rising Loyalists
422121,0,0,High,Medium,Rising Loyalists
422152,0,0,High,Medium,Rising Loyalists
422164,2,1,Medium,High,Loyal Premium Travelers
422204,0,0,High,Medium,Rising Loyalists
422245,2,0,Medium,Medium,Mainstream Core Travelers
422276,0,0,High,Medium,Rising Loyalists
422320,0,0,High,Medium,Rising Loyalists
422349,0,0,High,Medium,Rising Loyalists
422358,0,0,High,Medium,Rising Loyalists
422398,0,0,High,Medium,Rising Loyalists
422436,2,0,Medium,Medium,Mainstream Core Travelers
422496,0,0,High,Medium,Rising Loyalists
422750,0,0,High,Medium,Rising Loyalists
422787,0,0,High,Medium,Rising Loyalists
422803,0,0,High,Medium,Rising Loyalists
422805,0,0,High,Medium,Rising Loyalists
422989,2,0,Medium,Medium,Mainstream Core Travelers
423035,0,0,High,Medium,Rising Loyalists
423096,0,0,High,Medium,Rising Loyalists
423119,2,0,Medium,Medium,Mainstream Core Travelers
423153,2,0,Medium,Medium,Mainstream Core Travelers
423201,0,0,High,Medium,Rising Loyalists
423228,0,0,High,Medium,Rising Loyalists
423254,0,0,High,Medium,Rising Loyalists
423272,0,0,High,Medium,Rising Loyalists
423313,2,1,Medium,High,Loyal Premium Travelers
423324,2,0,Medium,Medium,Mainstream Core Travelers
423336,0,0,High,Medium,Rising Loyalists
423409,2,0,Medium,Medium,Mainstream Core Travelers
423432,0,0,High,Medium,Rising Loyalists
423473,2,0,Medium,Medium,Mainstream Core Travelers
423598,0,1,High,High,Elite Frequent Flyers
423609,0,0,High,Medium,Rising Loyalists
423686,0,0,High,Medium,Rising Loyalists
423711,2,0,Medium,Medium,Mainstream Core Travelers
423821,0,0,High,Medium,Rising Loyalists
423844,2,1,Medium,High,Loyal Premium Travelers
423941,0,0,High,Medium,Rising Loyalists
423978,0,0,High,Medium,Rising Loyalists
424012,0,0,High,Medium,Rising Loyalists
424027,2,0,Medium,Medium,Mainstream Core Travelers
424098,0,1,High,High,Elite Frequent Flyers
424100,0,0,High,Medium,Rising Loyalists
424126,0,0,High,Medium,Rising Loyalists
424139,0,0,High,Medium,Rising Loyalists
424208,0,0,High,Medium,Rising Loyalists
424216,0,1,High,High,Elite Frequent Flyers
424270,2,0,Medium,Medium,Mainstream Core Travelers
424317,2,1,Medium,High,Loyal Premium Travelers
424337,0,1,High,High,Elite Frequent Flyers
424403,0,0,High,Medium,Rising Loyalists
424451,2,0,Medium,Medium,Mainstream Core Travelers
424526,0,0,High,Medium,Rising Loyalists
424540,0,0,High,Medium,Rising Loyalists
424585,0,0,High,Medium,Rising Loyalists
424688,0,0,High,Medium,Rising Loyalists
424793,0,0,High,Medium,Rising Loyalists
424812,0,1,High,High,Elite Frequent Flyers
424837,0,0,High,Medium,Rising Loyalists
424917,0,0,High,Medium,Rising Loyalists
424983,0,0,High,Medium,Rising Loyalists
425294,0,0,High,Medium,Rising Loyalists
425411,0,0,High,Medium,Rising Loyalists
425436,0,0,High,Medium,Rising Loyalists
425445,0,0,High,Medium,Rising Loyalists
425472,0,0,High,Medium,Rising Loyalists
425477,2,1,Medium,High,Loyal Premium Travelers
425567,0,0,High,Medium,Rising Loyalists
425620,2,0,Medium,Medium,Mainstream Core Travelers
425687,2,0,Medium,Medium,Mainstream Core Travelers
425717,0,0,High,Medium,Rising Loyalists
425720,0,0,High,Medium,Rising Loyalists
425779,2,0,Medium,Medium,Mainstream Core Travelers
425826,2,0,Medium,Medium,Mainstream Core Travelers
425854,0,0,High,Medium,Rising Loyalists
425940,0,0,High,Medium,Rising Loyalists
426022,2,0,Medium,Medium,Mainstream Core Travelers
426027,0,0,High,Medium,Rising Loyalists
426124,0,0,High,Medium,Rising Loyalists
426141,2,0,Medium,Medium,Mainstream Core Travelers
426185,0,0,High,Medium,Rising Loyalists
426223,0,0,High,Medium,Rising Loyalists
426302,2,0,Medium,Medium,Mainstream Core Travelers
426317,0,0,High,Medium,Rising Loyalists
426351,0,0,High,Medium,Rising Loyalists
426384,0,0,High,Medium,Rising Loyalists
426414,0,0,High,Medium,Rising Loyalists
426429,0,0,High,Medium,Rising Loyalists
426439,0,0,High,Medium,Rising Loyalists
426530,0,0,High,Medium,Rising Loyalists
426533,0,0,High,Medium,Rising Loyalists
426536,0,0,High,Medium,Rising Loyalists
426698,0,0,High,Medium,Rising Loyalists
426720,0,0,High,Medium,Rising Loyalists
426791,0,0,High,Medium,Rising Loyalists
426958,0,0,High,Medium,Rising Loyalists
426981,0,0,High,Medium,Rising Loyalists
426990,0,0,High,Medium,Rising Loyalists
426994,0,0,High,Medium,Rising Loyalists
427036,0,0,High,Medium,Rising Loyalists
427140,0,0,High,Medium,Rising Loyalists
427163,0,0,High,Medium,Rising Loyalists
427177,0,1,High,High,Elite Frequent Flyers
427329,0,0,High,Medium,Rising Loyalists
427354,2,0,Medium,Medium,Mainstream Core Travelers
427358,0,0,High,Medium,Rising Loyalists
427388,2,0,Medium,Medium,Mainstream Core Travelers
427444,0,0,High,Medium,Rising Loyalists
427733,0,0,High,Medium,Rising Loyalists
427804,2,0,Medium,Medium,Mainstream Core Travelers
427919,0,0,High,Medium,Rising Loyalists
427976,0,0,High,Medium,Rising Loyalists
427980,0,0,High,Medium,Rising Loyalists
428020,0,0,High,Medium,Rising Loyalists
428114,0,1,High,High,Elite Frequent Flyers
428129,0,0,High,Medium,Rising Loyalists
428130,0,0,High,Medium,Rising Loyalists
428152,2,0,Medium,Medium,Mainstream Core Travelers
428162,0,0,High,Medium,Rising Loyalists
428249,0,0,High,Medium,Rising Loyalists
428305,0,0,High,Medium,Rising Loyalists
428345,2,0,Medium,Medium,Mainstream Core Travelers
428376,0,0,High,Medium,Rising Loyalists
428383,2,0,Medium,Medium,Mainstream Core Travelers
428402,0,0,High,Medium,Rising Loyalists
428452,2,0,Medium,Medium,Mainstream Core Travelers
428520,2,0,Medium,Medium,Mainstream Core Travelers
428523,0,0,High,Medium,Rising Loyalists
428526,2,0,Medium,Medium,Mainstream Core Travelers
428536,0,0,High,Medium,Rising Loyalists
428565,0,0,High,Medium,Rising Loyalists
428590,2,0,Medium,Medium,Mainstream Core Travelers
428604,2,0,Medium,Medium,Mainstream Core Travelers
428649,0,0,High,Medium,Rising Loyalists
428710,0,0,High,Medium,Rising Loyalists
428757,0,0,High,Medium,Rising Loyalists
428765,2,0,Medium,Medium,Mainstream Core Travelers
428778,2,0,Medium,Medium,Mainstream Core Travelers
428826,2,0,Medium,Medium,Mainstream Core Travelers
428843,0,0,High,Medium,Rising Loyalists
428853,0,0,High,Medium,Rising Loyalists
428872,2,0,Medium,Medium,Mainstream Core Travelers
428903,0,0,High,Medium,Rising Loyalists
428919,0,0,High,Medium,Rising Loyalists
428922,0,0,High,Medium,Rising Loyalists
429054,0,0,High,Medium,Rising Loyalists
429238,0,0,High,Medium,Rising Loyalists
429244,0,0,High,Medium,Rising Loyalists
429292,0,0,High,Medium,Rising Loyalists
429308,0,0,High,Medium,Rising Loyalists
429354,0,0,High,Medium,Rising Loyalists
429448,2,0,Medium,Medium,Mainstream Core Travelers
429460,2,0,Medium,Medium,Mainstream Core Travelers
429471,0,0,High,Medium,Rising Loyalists
429557,0,0,High,Medium,Rising Loyalists
429689,2,0,Medium,Medium,Mainstream Core Travelers
429692,2,0,Medium,Medium,Mainstream Core Travelers
429829,0,0,High,Medium,Rising Loyalists
429849,0,0,High,Medium,Rising Loyalists
429894,0,0,High,Medium,Rising Loyalists
429921,0,0,High,Medium,Rising Loyalists
429933,0,0,High,Medium,Rising Loyalists
430048,0,0,High,Medium,Rising Loyalists
430059,0,0,High,Medium,Rising Loyalists
430097,0,1,High,High,Elite Frequent Flyers
430107,0,0,High,Medium,Rising Loyalists
430197,0,1,High,High,Elite Frequent Flyers
430221,1,0,Low,Medium,Value Fading
430228,0,0,High,Medium,Rising Loyalists
430265,0,0,High,Medium,Rising Loyalists
430323,0,0,High,Medium,Rising Loyalists
430398,2,1,Medium,High,Loyal Premium Travelers
430413,0,0,High,Medium,Rising Loyalists
430475,0,0,High,Medium,Rising Loyalists
430500,0,0,High,Medium,Rising Loyalists
430503,0,0,High,Medium,Rising Loyalists
430519,2,0,Medium,Medium,Mainstream Core Travelers
430521,2,0,Medium,Medium,Mainstream Core Travelers
430555,0,0,High,Medium,Rising Loyalists
430559,2,0,Medium,Medium,Mainstream Core Travelers
430569,0,0,High,Medium,Rising Loyalists
430618,0,0,High,Medium,Rising Loyalists
430670,2,1,Medium,High,Loyal Premium Travelers
430712,2,0,Medium,Medium,Mainstream Core Travelers
430813,0,0,High,Medium,Rising Loyalists
430817,0,0,High,Medium,Rising Loyalists
430880,0,0,High,Medium,Rising Loyalists
431020,0,0,High,Medium,Rising Loyalists
431021,0,0,High,Medium,Rising Loyalists
431034,0,0,High,Medium,Rising Loyalists
431187,2,0,Medium,Medium,Mainstream Core Travelers
431201,2,0,Medium,Medium,Mainstream Core Travelers
431277,0,0,High,Medium,Rising Loyalists
431286,2,1,Medium,High,Loyal Premium Travelers
431392,2,0,Medium,Medium,Mainstream Core Travelers
431514,2,0,Medium,Medium,Mainstream Core Travelers
431521,0,0,High,Medium,Rising Loyalists
431533,0,0,High,Medium,Rising Loyalists
431586,0,0,High,Medium,Rising Loyalists
431640,0,0,High,Medium,Rising Loyalists
431829,0,0,High,Medium,Rising Loyalists
431899,0,0,High,Medium,Rising Loyalists
432031,0,0,High,Medium,Rising Loyalists
432059,0,0,High,Medium,Rising Loyalists
432145,0,0,High,Medium,Rising Loyalists
432200,0,0,High,Medium,Rising Loyalists
432215,0,0,High,Medium,Rising Loyalists
432255,0,0,High,Medium,Rising Loyalists
432298,0,0,High,Medium,Rising Loyalists
432302,0,0,High,Medium,Rising Loyalists
432366,0,1,High,High,Elite Frequent Flyers
432370,0,0,High,Medium,Rising Loyalists
432392,0,0,High,Medium,Rising Loyalists
432451,0,0,High,Medium,Rising Loyalists
432493,0,0,High,Medium,Rising Loyalists
432564,2,0,Medium,Medium,Mainstream Core Travelers
432579,2,0,Medium,Medium,Mainstream Core Travelers
432592,0,0,High,Medium,Rising Loyalists
432598,0,0,High,Medium,Rising Loyalists
432655,0,0,High,Medium,Rising Loyalists
432716,0,0,High,Medium,Rising Loyalists
432718,0,0,High,Medium,Rising Loyalists
432729,2,0,Medium,Medium,Mainstream Core Travelers
432843,0,0,High,Medium,Rising Loyalists
432920,0,0,High,Medium,Rising Loyalists
432938,0,0,High,Medium,Rising Loyalists
432941,2,0,Medium,Medium,Mainstream Core Travelers
432961,2,0,Medium,Medium,Mainstream Core Travelers
433017,0,0,High,Medium,Rising Loyalists
433020,2,0,Medium,Medium,Mainstream Core Travelers
433116,2,0,Medium,Medium,Mainstream Core Travelers
433172,0,0,High,Medium,Rising Loyalists
433300,2,0,Medium,Medium,Mainstream Core Travelers
433307,2,1,Medium,High,Loyal Premium Travelers
433353,0,0,High,Medium,Rising Loyalists
433477,2,0,Medium,Medium,Mainstream Core Travelers
433496,0,0,High,Medium,Rising Loyalists
433510,0,0,High,Medium,Rising Loyalists
433678,0,0,High,Medium,Rising Loyalists
433752,2,0,Medium,Medium,Mainstream Core Travelers
433812,0,0,High,Medium,Rising Loyalists
433815,0,0,High,Medium,Rising Loyalists
433857,0,1,High,High,Elite Frequent Flyers
433881,2,0,Medium,Medium,Mainstream Core Travelers
433946,0,0,High,Medium,Rising Loyalists
434081,0,0,High,Medium,Rising Loyalists
434098,0,0,High,Medium,Rising Loyalists
434113,0,0,High,Medium,Rising Loyalists
434136,0,0,High,Medium,Rising Loyalists
434215,0,0,High,Medium,Rising Loyalists
434385,0,1,High,High,Elite Frequent Flyers
434430,2,0,Medium,Medium,Mainstream Core Travelers
434470,0,0,High,Medium,Rising Loyalists
434477,0,0,High,Medium,Rising Loyalists
434489,0,0,High,Medium,Rising Loyalists
434568,0,0,High,Medium,Rising Loyalists
434620,2,0,Medium,Medium,Mainstream Core Travelers
434621,0,0,High,Medium,Rising Loyalists
434657,2,0,Medium,Medium,Mainstream Core Travelers
434658,0,0,High,Medium,Rising Loyalists
434679,0,1,High,High,Elite Frequent Flyers
434693,2,0,Medium,Medium,Mainstream Core Travelers
434751,0,0,High,Medium,Rising Loyalists
434760,0,0,High,Medium,Rising Loyalists
434802,0,0,High,Medium,Rising Loyalists
434807,0,1,High,High,Elite Frequent Flyers
434888,0,0,High,Medium,Rising Loyalists
434922,0,0,High,Medium,Rising Loyalists
434965,2,0,Medium,Medium,Mainstream Core Travelers
435049,0,0,High,Medium,Rising Loyalists
435097,0,0,High,Medium,Rising Loyalists
435129,0,0,High,Medium,Rising Loyalists
435156,0,0,High,Medium,Rising Loyalists
435223,0,1,High,High,Elite Frequent Flyers
435249,0,1,High,High,Elite Frequent Flyers
435358,2,0,Medium,Medium,Mainstream Core Travelers
435378,0,0,High,Medium,Rising Loyalists
435557,0,0,High,Medium,Rising Loyalists
435613,0,0,High,Medium,Rising Loyalists
435657,0,0,High,Medium,Rising Loyalists
435777,2,0,Medium,Medium,Mainstream Core Travelers
435789,0,0,High,Medium,Rising Loyalists
435883,2,0,Medium,Medium,Mainstream Core Travelers
436010,0,0,High,Medium,Rising Loyalists
436041,2,0,Medium,Medium,Mainstream Core Travelers
436081,0,0,High,Medium,Rising Loyalists
436087,2,0,Medium,Medium,Mainstream Core Travelers
436226,0,0,High,Medium,Rising Loyalists
436235,0,0,High,Medium,Rising Loyalists
436247,2,0,Medium,Medium,Mainstream Core Travelers
436266,0,0,High,Medium,Rising Loyalists
436282,2,1,Medium,High,Loyal Premium Travelers
436318,2,0,Medium,Medium,Mainstream Core Travelers
436419,2,0,Medium,Medium,Mainstream Core Travelers
436475,0,0,High,Medium,Rising Loyalists
436498,2,0,Medium,Medium,Mainstream Core Travelers
436569,0,0,High,Medium,Rising Loyalists
436705,2,0,Medium,Medium,Mainstream Core Travelers
436719,0,0,High,Medium,Rising Loyalists
436805,2,0,Medium,Medium,Mainstream Core Travelers
436827,0,0,High,Medium,Rising Loyalists
436874,0,0,High,Medium,Rising Loyalists
436901,0,0,High,Medium,Rising Loyalists
436969,0,0,High,Medium,Rising Loyalists
436971,0,0,High,Medium,Rising Loyalists
436975,0,0,High,Medium,Rising Loyalists
436990,0,0,High,Medium,Rising Loyalists
437022,0,0,High,Medium,Rising Loyalists
437074,0,0,High,Medium,Rising Loyalists
437086,0,0,High,Medium,Rising Loyalists
437158,0,0,High,Medium,Rising Loyalists
437197,0,0,High,Medium,Rising Loyalists
437251,2,0,Medium,Medium,Mainstream Core Travelers
437262,2,0,Medium,Medium,Mainstream Core Travelers
437269,2,0,Medium,Medium,Mainstream Core Travelers
437288,0,0,High,Medium,Rising Loyalists
437357,0,0,High,Medium,Rising Loyalists
437403,2,0,Medium,Medium,Mainstream Core Travelers
437407,0,0,High,Medium,Rising Loyalists
437440,0,0,High,Medium,Rising Loyalists
437545,0,0,High,Medium,Rising Loyalists
437598,0,0,High,Medium,Rising Loyalists
437737,0,0,High,Medium,Rising Loyalists
437810,0,0,High,Medium,Rising Loyalists
438023,0,0,High,Medium,Rising Loyalists
438120,2,0,Medium,Medium,Mainstream Core Travelers
438199,0,0,High,Medium,Rising Loyalists
438263,0,0,High,Medium,Rising Loyalists
438299,0,0,High,Medium,Rising Loyalists
438383,0,0,High,Medium,Rising Loyalists
438511,2,0,Medium,Medium,Mainstream Core Travelers
438525,2,0,Medium,Medium,Mainstream Core Travelers
438526,0,0,High,Medium,Rising Loyalists
438593,2,0,Medium,Medium,Mainstream Core Travelers
438641,0,0,High,Medium,Rising Loyalists
438698,2,1,Medium,High,Loyal Premium Travelers
438707,0,0,High,Medium,Rising Loyalists
438746,0,0,High,Medium,Rising Loyalists
438822,0,0,High,Medium,Rising Loyalists
438869,0,0,High,Medium,Rising Loyalists
438875,2,0,Medium,Medium,Mainstream Core Travelers
438936,0,0,High,Medium,Rising Loyalists
439013,2,0,Medium,Medium,Mainstream Core Travelers
439068,2,0,Medium,Medium,Mainstream Core Travelers
439092,2,0,Medium,Medium,Mainstream Core Travelers
439251,0,0,High,Medium,Rising Loyalists
439252,2,0,Medium,Medium,Mainstream Core Travelers
439296,0,0,High,Medium,Rising Loyalists
439350,0,0,High,Medium,Rising Loyalists
439361,0,0,High,Medium,Rising Loyalists
439566,0,0,High,Medium,Rising Loyalists
439572,2,0,Medium,Medium,Mainstream Core Travelers
439574,0,0,High,Medium,Rising Loyalists
439675,0,0,High,Medium,Rising Loyalists
439696,0,0,High,Medium,Rising Loyalists
439819,0,0,High,Medium,Rising Loyalists
439900,0,0,High,Medium,Rising Loyalists
440112,0,0,High,Medium,Rising Loyalists
440198,0,0,High,Medium,Rising Loyalists
440209,0,0,High,Medium,Rising Loyalists
440213,2,0,Medium,Medium,Mainstream Core Travelers
440320,0,0,High,Medium,Rising Loyalists
440511,2,0,Medium,Medium,Mainstream Core Travelers
440595,0,1,High,High,Elite Frequent Flyers
440618,0,0,High,Medium,Rising Loyalists
440642,0,0,High,Medium,Rising Loyalists
440671,2,0,Medium,Medium,Mainstream Core Travelers
440699,2,0,Medium,Medium,Mainstream Core Travelers
440758,2,0,Medium,Medium,Mainstream Core Travelers
440785,0,0,High,Medium,Rising Loyalists
440885,0,0,High,Medium,Rising Loyalists
440928,0,0,High,Medium,Rising Loyalists
440939,0,0,High,Medium,Rising Loyalists
440967,0,0,High,Medium,Rising Loyalists
441113,0,0,High,Medium,Rising Loyalists
441128,0,0,High,Medium,Rising Loyalists
441135,0,0,High,Medium,Rising Loyalists
441155,0,0,High,Medium,Rising Loyalists
441304,0,0,High,Medium,Rising Loyalists
441313,0,0,High,Medium,Rising Loyalists
441340,0,0,High,Medium,Rising Loyalists
441345,2,0,Medium,Medium,Mainstream Core Travelers
441356,0,0,High,Medium,Rising Loyalists
441359,0,0,High,Medium,Rising Loyalists
441389,0,0,High,Medium,Rising Loyalists
441419,2,0,Medium,Medium,Mainstream Core Travelers
441423,0,0,High,Medium,Rising Loyalists
441439,0,0,High,Medium,Rising Loyalists
441440,0,0,High,Medium,Rising Loyalists
441442,0,0,High,Medium,Rising Loyalists
441509,0,0,High,Medium,Rising Loyalists
441623,0,0,High,Medium,Rising Loyalists
441631,2,0,Medium,Medium,Mainstream Core Travelers
441670,0,0,High,Medium,Rising Loyalists
441719,2,0,Medium,Medium,Mainstream Core Travelers
441724,0,0,High,Medium,Rising Loyalists
441741,0,0,High,Medium,Rising Loyalists
441782,0,0,High,Medium,Rising Loyalists
441964,0,0,High,Medium,Rising Loyalists
442014,0,0,High,Medium,Rising Loyalists
442018,0,0,High,Medium,Rising Loyalists
442103,0,1,High,High,Elite Frequent Flyers
442192,0,0,High,Medium,Rising Loyalists
442249,0,0,High,Medium,Rising Loyalists
442251,2,0,Medium,Medium,Mainstream Core Travelers
442252,0,0,High,Medium,Rising Loyalists
442282,0,0,High,Medium,Rising Loyalists
442304,0,0,High,Medium,Rising Loyalists
442306,0,0,High,Medium,Rising Loyalists
442418,2,0,Medium,Medium,Mainstream Core Travelers
442458,0,0,High,Medium,Rising Loyalists
442479,0,0,High,Medium,Rising Loyalists
442525,0,0,High,Medium,Rising Loyalists
442609,0,0,High,Medium,Rising Loyalists
442695,2,1,Medium,High,Loyal Premium Travelers
442792,0,0,High,Medium,Rising Loyalists
442831,2,0,Medium,Medium,Mainstream Core Travelers
442838,0,0,High,Medium,Rising Loyalists
442868,0,0,High,Medium,Rising Loyalists
442879,0,0,High,Medium,Rising Loyalists
442956,0,0,High,Medium,Rising Loyalists
442980,0,0,High,Medium,Rising Loyalists
443130,0,0,High,Medium,Rising Loyalists
443198,0,0,High,Medium,Rising Loyalists
443199,0,0,High,Medium,Rising Loyalists
443231,0,0,High,Medium,Rising Loyalists
443232,0,0,High,Medium,Rising Loyalists
443243,0,0,High,Medium,Rising Loyalists
443557,1,0,Low,Medium,Value Fading
443595,0,0,High,Medium,Rising Loyalists
443770,2,0,Medium,Medium,Mainstream Core Travelers
443865,0,0,High,Medium,Rising Loyalists
443896,0,0,High,Medium,Rising Loyalists
443967,2,0,Medium,Medium,Mainstream Core Travelers
443970,2,0,Medium,Medium,Mainstream Core Travelers
443985,0,0,High,Medium,Rising Loyalists
444022,0,0,High,Medium,Rising Loyalists
444050,2,0,Medium,Medium,Mainstream Core Travelers
444060,2,0,Medium,Medium,Mainstream Core Travelers
444085,0,0,High,Medium,Rising Loyalists
444092,0,0,High,Medium,Rising Loyalists
444154,0,0,High,Medium,Rising Loyalists
444202,2,0,Medium,Medium,Mainstream Core Travelers
444218,2,0,Medium,Medium,Mainstream Core Travelers
444237,0,0,High,Medium,Rising Loyalists
444259,0,0,High,Medium,Rising Loyalists
444300,0,0,High,Medium,Rising Loyalists
444365,0,0,High,Medium,Rising Loyalists
444366,0,0,High,Medium,Rising Loyalists
444371,0,0,High,Medium,Rising Loyalists
444524,0,0,High,Medium,Rising Loyalists
444646,0,0,High,Medium,Rising Loyalists
444652,2,0,Medium,Medium,Mainstream Core Travelers
444661,2,0,Medium,Medium,Mainstream Core Travelers
444684,0,0,High,Medium,Rising Loyalists
444686,0,0,High,Medium,Rising Loyalists
444748,0,0,High,Medium,Rising Loyalists
444778,0,0,High,Medium,Rising Loyalists
444786,0,0,High,Medium,Rising Loyalists
444894,0,0,High,Medium,Rising Loyalists
444904,2,0,Medium,Medium,Mainstream Core Travelers
444931,0,0,High,Medium,Rising Loyalists
444997,0,0,High,Medium,Rising Loyalists
445008,2,0,Medium,Medium,Mainstream Core Travelers
445024,0,0,High,Medium,Rising Loyalists
445073,0,0,High,Medium,Rising Loyalists
445137,0,0,High,Medium,Rising Loyalists
445145,0,0,High,Medium,Rising Loyalists
445146,2,0,Medium,Medium,Mainstream Core Travelers
445169,0,0,High,Medium,Rising Loyalists
445176,0,0,High,Medium,Rising Loyalists
445177,0,0,High,Medium,Rising Loyalists
445247,2,0,Medium,Medium,Mainstream Core Travelers
445251,0,0,High,Medium,Rising Loyalists
445282,2,0,Medium,Medium,Mainstream Core Travelers
445338,0,0,High,Medium,Rising Loyalists
445370,0,0,High,Medium,Rising Loyalists
445418,2,0,Medium,Medium,Mainstream Core Travelers
445427,2,0,Medium,Medium,Mainstream Core Travelers
445432,0,0,High,Medium,Rising Loyalists
445451,0,0,High,Medium,Rising Loyalists
445496,0,0,High,Medium,Rising Loyalists
445549,0,0,High,Medium,Rising Loyalists
445599,2,1,Medium,High,Loyal Premium Travelers
445632,0,0,High,Medium,Rising Loyalists
445673,0,0,High,Medium,Rising Loyalists
445675,0,0,High,Medium,Rising Loyalists
445679,2,0,Medium,Medium,Mainstream Core Travelers
445704,0,0,High,Medium,Rising Loyalists
445746,0,0,High,Medium,Rising Loyalists
445783,2,1,Medium,High,Loyal Premium Travelers
445839,0,0,High,Medium,Rising Loyalists
445867,0,0,High,Medium,Rising Loyalists
445879,0,0,High,Medium,Rising Loyalists
445915,2,0,Medium,Medium,Mainstream Core Travelers
446096,2,0,Medium,Medium,Mainstream Core Travelers
446135,2,0,Medium,Medium,Mainstream Core Travelers
446171,0,0,High,Medium,Rising Loyalists
446302,0,0,High,Medium,Rising Loyalists
446315,0,0,High,Medium,Rising Loyalists
446352,0,0,High,Medium,Rising Loyalists
446403,0,0,High,Medium,Rising Loyalists
446662,2,0,Medium,Medium,Mainstream Core Travelers
446712,0,0,High,Medium,Rising Loyalists
446886,2,0,Medium,Medium,Mainstream Core Travelers
446968,2,0,Medium,Medium,Mainstream Core Travelers
446988,0,0,High,Medium,Rising Loyalists
446991,0,0,High,Medium,Rising Loyalists
447092,0,0,High,Medium,Rising Loyalists
447275,0,0,High,Medium,Rising Loyalists
447387,0,1,High,High,Elite Frequent Flyers
447401,0,0,High,Medium,Rising Loyalists
447439,2,0,Medium,Medium,Mainstream Core Travelers
447470,0,0,High,Medium,Rising Loyalists
447544,0,0,High,Medium,Rising Loyalists
447647,0,0,High,Medium,Rising Loyalists
447675,0,1,High,High,Elite Frequent Flyers
447771,0,1,High,High,Elite Frequent Flyers
447796,0,0,High,Medium,Rising Loyalists
447804,0,0,High,Medium,Rising Loyalists
447925,0,0,High,Medium,Rising Loyalists
447943,0,0,High,Medium,Rising Loyalists
447962,0,0,High,Medium,Rising Loyalists
448136,0,0,High,Medium,Rising Loyalists
448142,0,0,High,Medium,Rising Loyalists
448147,0,0,High,Medium,Rising Loyalists
448273,0,0,High,Medium,Rising Loyalists
448354,0,0,High,Medium,Rising Loyalists
448483,2,0,Medium,Medium,Mainstream Core Travelers
448577,0,0,High,Medium,Rising Loyalists
448654,0,0,High,Medium,Rising Loyalists
448751,2,1,Medium,High,Loyal Premium Travelers
448774,0,0,High,Medium,Rising Loyalists
448812,0,1,High,High,Elite Frequent Flyers
448823,2,0,Medium,Medium,Mainstream Core Travelers
448896,0,0,High,Medium,Rising Loyalists
448912,0,0,High,Medium,Rising Loyalists
449046,0,0,High,Medium,Rising Loyalists
449084,0,0,High,Medium,Rising Loyalists
449223,2,0,Medium,Medium,Mainstream Core Travelers
449417,0,0,High,Medium,Rising Loyalists
449441,2,0,Medium,Medium,Mainstream Core Travelers
449530,2,0,Medium,Medium,Mainstream Core Travelers
449555,0,1,High,High,Elite Frequent Flyers
449654,0,0,High,Medium,Rising Loyalists
449843,0,0,High,Medium,Rising Loyalists
449858,0,0,High,Medium,Rising Loyalists
450125,2,1,Medium,High,Loyal Premium Travelers
450150,2,0,Medium,Medium,Mainstream Core Travelers
450205,0,0,High,Medium,Rising Loyalists
450323,0,0,High,Medium,Rising Loyalists
450417,2,0,Medium,Medium,Mainstream Core Travelers
450621,0,0,High,Medium,Rising Loyalists
450665,0,1,High,High,Elite Frequent Flyers
450698,0,0,High,Medium,Rising Loyalists
450735,2,0,Medium,Medium,Mainstream Core Travelers
450802,2,0,Medium,Medium,Mainstream Core Travelers
450865,0,0,High,Medium,Rising Loyalists
450888,0,0,High,Medium,Rising Loyalists
450896,0,0,High,Medium,Rising Loyalists
450979,0,0,High,Medium,Rising Loyalists
450987,2,0,Medium,Medium,Mainstream Core Travelers
450995,0,0,High,Medium,Rising Loyalists
451042,2,0,Medium,Medium,Mainstream Core Travelers
451080,2,0,Medium,Medium,Mainstream Core Travelers
451183,2,0,Medium,Medium,Mainstream Core Travelers
451226,0,0,High,Medium,Rising Loyalists
451240,0,0,High,Medium,Rising Loyalists
451391,0,0,High,Medium,Rising Loyalists
451425,0,0,High,Medium,Rising Loyalists
451446,0,0,High,Medium,Rising Loyalists
451448,2,0,Medium,Medium,Mainstream Core Travelers
451469,0,0,High,Medium,Rising Loyalists
451528,2,0,Medium,Medium,Mainstream Core Travelers
451711,2,0,Medium,Medium,Mainstream Core Travelers
451740,2,0,Medium,Medium,Mainstream Core Travelers
451819,0,0,High,Medium,Rising Loyalists
451839,2,0,Medium,Medium,Mainstream Core Travelers
451886,0,0,High,Medium,Rising Loyalists
451961,2,1,Medium,High,Loyal Premium Travelers
452150,2,0,Medium,Medium,Mainstream Core Travelers
452208,0,0,High,Medium,Rising Loyalists
452279,2,0,Medium,Medium,Mainstream Core Travelers
452282,0,0,High,Medium,Rising Loyalists
452342,0,1,High,High,Elite Frequent Flyers
452417,0,0,High,Medium,Rising Loyalists
452439,0,0,High,Medium,Rising Loyalists
452459,2,0,Medium,Medium,Mainstream Core Travelers
452464,0,0,High,Medium,Rising Loyalists
452530,0,0,High,Medium,Rising Loyalists
452684,2,0,Medium,Medium,Mainstream Core Travelers
452725,0,0,High,Medium,Rising Loyalists
452873,0,0,High,Medium,Rising Loyalists
452976,0,0,High,Medium,Rising Loyalists
452985,2,0,Medium,Medium,Mainstream Core Travelers
452994,2,0,Medium,Medium,Mainstream Core Travelers
453032,0,0,High,Medium,Rising Loyalists
453034,0,0,High,Medium,Rising Loyalists
453133,0,0,High,Medium,Rising Loyalists
453135,0,0,High,Medium,Rising Loyalists
453136,0,0,High,Medium,Rising Loyalists
453165,2,0,Medium,Medium,Mainstream Core Travelers
453349,0,0,High,Medium,Rising Loyalists
453408,0,0,High,Medium,Rising Loyalists
453448,0,0,High,Medium,Rising Loyalists
453466,2,0,Medium,Medium,Mainstream Core Travelers
453494,0,0,High,Medium,Rising Loyalists
453578,2,0,Medium,Medium,Mainstream Core Travelers
453587,2,0,Medium,Medium,Mainstream Core Travelers
453654,0,0,High,Medium,Rising Loyalists
453719,0,0,High,Medium,Rising Loyalists
453876,2,0,Medium,Medium,Mainstream Core Travelers
453887,0,0,High,Medium,Rising Loyalists
453971,2,0,Medium,Medium,Mainstream Core Travelers
453972,0,0,High,Medium,Rising Loyalists
454022,0,0,High,Medium,Rising Loyalists
454041,0,0,High,Medium,Rising Loyalists
454073,0,0,High,Medium,Rising Loyalists
454145,2,0,Medium,Medium,Mainstream Core Travelers
454223,2,0,Medium,Medium,Mainstream Core Travelers
454327,0,0,High,Medium,Rising Loyalists
454356,2,0,Medium,Medium,Mainstream Core Travelers
454440,0,0,High,Medium,Rising Loyalists
454471,0,0,High,Medium,Rising Loyalists
454514,2,1,Medium,High,Loyal Premium Travelers
454543,0,0,High,Medium,Rising Loyalists
454609,2,0,Medium,Medium,Mainstream Core Travelers
454628,0,0,High,Medium,Rising Loyalists
454630,0,0,High,Medium,Rising Loyalists
454632,0,0,High,Medium,Rising Loyalists
454663,0,0,High,Medium,Rising Loyalists
454665,2,0,Medium,Medium,Mainstream Core Travelers
454668,0,0,High,Medium,Rising Loyalists
454690,0,0,High,Medium,Rising Loyalists
454718,0,0,High,Medium,Rising Loyalists
454720,0,0,High,Medium,Rising Loyalists
454750,0,0,High,Medium,Rising Loyalists
454880,0,0,High,Medium,Rising Loyalists
454985,0,0,High,Medium,Rising Loyalists
455023,0,0,High,Medium,Rising Loyalists
455068,0,0,High,Medium,Rising Loyalists
455234,2,0,Medium,Medium,Mainstream Core Travelers
455287,2,0,Medium,Medium,Mainstream Core Travelers
455319,0,0,High,Medium,Rising Loyalists
455474,0,0,High,Medium,Rising Loyalists
455594,0,0,High,Medium,Rising Loyalists
455606,0,0,High,Medium,Rising Loyalists
455651,0,0,High,Medium,Rising Loyalists
455758,2,0,Medium,Medium,Mainstream Core Travelers
455866,0,0,High,Medium,Rising Loyalists
455892,0,0,High,Medium,Rising Loyalists
455896,0,0,High,Medium,Rising Loyalists
455937,0,0,High,Medium,Rising Loyalists
455941,0,0,High,Medium,Rising Loyalists
455991,0,0,High,Medium,Rising Loyalists
456095,0,0,High,Medium,Rising Loyalists
456117,0,0,High,Medium,Rising Loyalists
456128,0,0,High,Medium,Rising Loyalists
456140,0,0,High,Medium,Rising Loyalists
456167,0,0,High,Medium,Rising Loyalists
456177,2,0,Medium,Medium,Mainstream Core Travelers
456259,0,0,High,Medium,Rising Loyalists
456294,0,0,High,Medium,Rising Loyalists
456360,0,0,High,Medium,Rising Loyalists
456367,0,0,High,Medium,Rising Loyalists
456432,0,0,High,Medium,Rising Loyalists
456433,0,0,High,Medium,Rising Loyalists
456436,0,0,High,Medium,Rising Loyalists
456554,0,0,High,Medium,Rising Loyalists
456613,2,0,Medium,Medium,Mainstream Core Travelers
456614,2,0,Medium,Medium,Mainstream Core Travelers
456632,0,0,High,Medium,Rising Loyalists
456716,0,0,High,Medium,Rising Loyalists
456752,2,0,Medium,Medium,Mainstream Core Travelers
456785,0,0,High,Medium,Rising Loyalists
456822,0,0,High,Medium,Rising Loyalists
456839,0,0,High,Medium,Rising Loyalists
456887,0,0,High,Medium,Rising Loyalists
456958,0,1,High,High,Elite Frequent Flyers
457077,2,0,Medium,Medium,Mainstream Core Travelers
457127,2,0,Medium,Medium,Mainstream Core Travelers
457374,2,0,Medium,Medium,Mainstream Core Travelers
457456,0,0,High,Medium,Rising Loyalists
457489,0,0,High,Medium,Rising Loyalists
457525,0,0,High,Medium,Rising Loyalists
457535,0,0,High,Medium,Rising Loyalists
457536,0,0,High,Medium,Rising Loyalists
457552,2,0,Medium,Medium,Mainstream Core Travelers
457605,2,0,Medium,Medium,Mainstream Core Travelers
457652,2,0,Medium,Medium,Mainstream Core Travelers
457695,0,0,High,Medium,Rising Loyalists
457716,0,0,High,Medium,Rising Loyalists
457797,0,0,High,Medium,Rising Loyalists
457947,2,0,Medium,Medium,Mainstream Core Travelers
458029,2,0,Medium,Medium,Mainstream Core Travelers
458041,0,0,High,Medium,Rising Loyalists
458072,0,0,High,Medium,Rising Loyalists
458074,0,0,High,Medium,Rising Loyalists
458199,2,0,Medium,Medium,Mainstream Core Travelers
458202,0,0,High,Medium,Rising Loyalists
458320,0,0,High,Medium,Rising Loyalists
458614,0,0,High,Medium,Rising Loyalists
458640,2,1,Medium,High,Loyal Premium Travelers
458697,0,0,High,Medium,Rising Loyalists
458745,2,0,Medium,Medium,Mainstream Core Travelers
458773,2,0,Medium,Medium,Mainstream Core Travelers
458864,2,0,Medium,Medium,Mainstream Core Travelers
458939,0,0,High,Medium,Rising Loyalists
458963,0,0,High,Medium,Rising Loyalists
458984,0,0,High,Medium,Rising Loyalists
459017,0,0,High,Medium,Rising Loyalists
459099,0,0,High,Medium,Rising Loyalists
459128,0,0,High,Medium,Rising Loyalists
459163,0,0,High,Medium,Rising Loyalists
459164,2,0,Medium,Medium,Mainstream Core Travelers
459223,0,0,High,Medium,Rising Loyalists
459345,0,0,High,Medium,Rising Loyalists
459404,0,1,High,High,Elite Frequent Flyers
459517,0,0,High,Medium,Rising Loyalists
459563,0,0,High,Medium,Rising Loyalists
459636,0,0,High,Medium,Rising Loyalists
459683,2,0,Medium,Medium,Mainstream Core Travelers
459735,0,0,High,Medium,Rising Loyalists
459737,0,0,High,Medium,Rising Loyalists
459801,0,0,High,Medium,Rising Loyalists
459835,2,0,Medium,Medium,Mainstream Core Travelers
459936,0,0,High,Medium,Rising Loyalists
459948,0,0,High,Medium,Rising Loyalists
459971,0,0,High,Medium,Rising Loyalists
459991,2,0,Medium,Medium,Mainstream Core Travelers
459999,2,0,Medium,Medium,Mainstream Core Travelers
460025,0,0,High,Medium,Rising Loyalists
460037,2,0,Medium,Medium,Mainstream Core Travelers
460043,0,0,High,Medium,Rising Loyalists
460058,0,0,High,Medium,Rising Loyalists
460091,0,0,High,Medium,Rising Loyalists
460110,0,0,High,Medium,Rising Loyalists
460207,0,0,High,Medium,Rising Loyalists
460272,0,0,High,Medium,Rising Loyalists
460291,0,0,High,Medium,Rising Loyalists
460349,0,0,High,Medium,Rising Loyalists
460629,0,0,High,Medium,Rising Loyalists
460673,2,1,Medium,High,Loyal Premium Travelers
460711,2,0,Medium,Medium,Mainstream Core Travelers
460770,2,0,Medium,Medium,Mainstream Core Travelers
460894,0,0,High,Medium,Rising Loyalists
460929,0,0,High,Medium,Rising Loyalists
460934,0,0,High,Medium,Rising Loyalists
460938,0,0,High,Medium,Rising Loyalists
460943,2,0,Medium,Medium,Mainstream Core Travelers
461012,0,0,High,Medium,Rising Loyalists
461108,2,0,Medium,Medium,Mainstream Core Travelers
461199,0,0,High,Medium,Rising Loyalists
461325,2,0,Medium,Medium,Mainstream Core Travelers
461353,0,0,High,Medium,Rising Loyalists
461354,2,0,Medium,Medium,Mainstream Core Travelers
461540,2,0,Medium,Medium,Mainstream Core Travelers
461559,0,0,High,Medium,Rising Loyalists
461859,0,1,High,High,Elite Frequent Flyers
461937,0,0,High,Medium,Rising Loyalists
461974,2,0,Medium,Medium,Mainstream Core Travelers
462036,0,1,High,High,Elite Frequent Flyers
462077,0,0,High,Medium,Rising Loyalists
462078,2,0,Medium,Medium,Mainstream Core Travelers
462128,0,0,High,Medium,Rising Loyalists
462174,0,1,High,High,Elite Frequent Flyers
462232,2,0,Medium,Medium,Mainstream Core Travelers
462247,2,0,Medium,Medium,Mainstream Core Travelers
462253,2,0,Medium,Medium,Mainstream Core Travelers
462279,2,0,Medium,Medium,Mainstream Core Travelers
462337,2,0,Medium,Medium,Mainstream Core Travelers
462355,0,0,High,Medium,Rising Loyalists
462366,2,0,Medium,Medium,Mainstream Core Travelers
462459,2,0,Medium,Medium,Mainstream Core Travelers
462495,0,0,High,Medium,Rising Loyalists
462497,2,0,Medium,Medium,Mainstream Core Travelers
462595,0,0,High,Medium,Rising Loyalists
462616,2,0,Medium,Medium,Mainstream Core Travelers
462638,0,0,High,Medium,Rising Loyalists
462663,0,0,High,Medium,Rising Loyalists
462701,0,0,High,Medium,Rising Loyalists
462803,0,0,High,Medium,Rising Loyalists
462815,2,0,Medium,Medium,Mainstream Core Travelers
462833,0,0,High,Medium,Rising Loyalists
462974,0,0,High,Medium,Rising Loyalists
462993,0,0,High,Medium,Rising Loyalists
463070,1,0,Low,Medium,Value Fading
463146,2,0,Medium,Medium,Mainstream Core Travelers
463230,0,0,High,Medium,Rising Loyalists
463263,0,0,High,Medium,Rising Loyalists
463298,2,0,Medium,Medium,Mainstream Core Travelers
463361,0,0,High,Medium,Rising Loyalists
463490,0,0,High,Medium,Rising Loyalists
463606,0,0,High,Medium,Rising Loyalists
463751,0,0,High,Medium,Rising Loyalists
463833,0,0,High,Medium,Rising Loyalists
463854,2,0,Medium,Medium,Mainstream Core Travelers
463882,0,0,High,Medium,Rising Loyalists
463890,0,0,High,Medium,Rising Loyalists
463926,0,0,High,Medium,Rising Loyalists
463947,2,0,Medium,Medium,Mainstream Core Travelers
463971,0,0,High,Medium,Rising Loyalists
464044,0,0,High,Medium,Rising Loyalists
464105,0,0,High,Medium,Rising Loyalists
464114,0,0,High,Medium,Rising Loyalists
464117,2,0,Medium,Medium,Mainstream Core Travelers
464137,0,0,High,Medium,Rising Loyalists
464166,0,0,High,Medium,Rising Loyalists
464187,0,0,High,Medium,Rising Loyalists
464220,0,0,High,Medium,Rising Loyalists
464248,0,0,High,Medium,Rising Loyalists
464256,0,1,High,High,Elite Frequent Flyers
464385,2,0,Medium,Medium,Mainstream Core Travelers
464394,0,1,High,High,Elite Frequent Flyers
464447,0,0,High,Medium,Rising Loyalists
464471,2,0,Medium,Medium,Mainstream Core Travelers
464606,0,0,High,Medium,Rising Loyalists
464639,0,0,High,Medium,Rising Loyalists
464720,0,0,High,Medium,Rising Loyalists
464771,0,0,High,Medium,Rising Loyalists
464799,0,0,High,Medium,Rising Loyalists
464828,2,0,Medium,Medium,Mainstream Core Travelers
464959,0,1,High,High,Elite Frequent Flyers
464962,0,1,High,High,Elite Frequent Flyers
464970,2,0,Medium,Medium,Mainstream Core Travelers
465095,2,0,Medium,Medium,Mainstream Core Travelers
465170,2,0,Medium,Medium,Mainstream Core Travelers
465197,0,0,High,Medium,Rising Loyalists
465241,0,0,High,Medium,Rising Loyalists
465260,0,0,High,Medium,Rising Loyalists
465347,0,1,High,High,Elite Frequent Flyers
465412,0,0,High,Medium,Rising Loyalists
465421,0,0,High,Medium,Rising Loyalists
465424,2,0,Medium,Medium,Mainstream Core Travelers
465476,2,1,Medium,High,Loyal Premium Travelers
465530,0,0,High,Medium,Rising Loyalists
465540,0,0,High,Medium,Rising Loyalists
465570,0,0,High,Medium,Rising Loyalists
465603,0,0,High,Medium,Rising Loyalists
465692,0,0,High,Medium,Rising Loyalists
465729,0,0,High,Medium,Rising Loyalists
465741,0,0,High,Medium,Rising Loyalists
465746,0,0,High,Medium,Rising Loyalists
465842,0,0,High,Medium,Rising Loyalists
465864,2,0,Medium,Medium,Mainstream Core Travelers
465891,2,0,Medium,Medium,Mainstream Core Travelers
465927,2,0,Medium,Medium,Mainstream Core Travelers
465931,0,0,High,Medium,Rising Loyalists
465950,2,0,Medium,Medium,Mainstream Core Travelers
465962,0,0,High,Medium,Rising Loyalists
465980,2,0,Medium,Medium,Mainstream Core Travelers
465990,0,0,High,Medium,Rising Loyalists
466147,2,0,Medium,Medium,Mainstream Core Travelers
466384,2,0,Medium,Medium,Mainstream Core Travelers
466477,2,0,Medium,Medium,Mainstream Core Travelers
466645,2,0,Medium,Medium,Mainstream Core Travelers
466754,2,0,Medium,Medium,Mainstream Core Travelers
466781,2,0,Medium,Medium,Mainstream Core Travelers
466795,0,0,High,Medium,Rising Loyalists
466813,2,0,Medium,Medium,Mainstream Core Travelers
466862,0,0,High,Medium,Rising Loyalists
466865,0,0,High,Medium,Rising Loyalists
466953,0,0,High,Medium,Rising Loyalists
466998,0,0,High,Medium,Rising Loyalists
467013,2,0,Medium,Medium,Mainstream Core Travelers
467046,0,0,High,Medium,Rising Loyalists
467139,2,1,Medium,High,Loyal Premium Travelers
467143,0,0,High,Medium,Rising Loyalists
467151,0,0,High,Medium,Rising Loyalists
467175,0,0,High,Medium,Rising Loyalists
467182,0,0,High,Medium,Rising Loyalists
467222,0,1,High,High,Elite Frequent Flyers
467249,2,0,Medium,Medium,Mainstream Core Travelers
467359,0,1,High,High,Elite Frequent Flyers
467361,0,1,High,High,Elite Frequent Flyers
467382,0,0,High,Medium,Rising Loyalists
467401,2,0,Medium,Medium,Mainstream Core Travelers
467455,2,0,Medium,Medium,Mainstream Core Travelers
467510,2,0,Medium,Medium,Mainstream Core Travelers
467580,2,0,Medium,Medium,Mainstream Core Travelers
467607,2,0,Medium,Medium,Mainstream Core Travelers
467631,0,0,High,Medium,Rising Loyalists
467685,2,0,Medium,Medium,Mainstream Core Travelers
467848,0,1,High,High,Elite Frequent Flyers
467894,2,1,Medium,High,Loyal Premium Travelers
467926,0,0,High,Medium,Rising Loyalists
467945,0,0,High,Medium,Rising Loyalists
468067,0,0,High,Medium,Rising Loyalists
468138,0,0,High,Medium,Rising Loyalists
468192,0,0,High,Medium,Rising Loyalists
468220,0,0,High,Medium,Rising Loyalists
468310,0,0,High,Medium,Rising Loyalists
468380,2,1,Medium,High,Loyal Premium Travelers
468516,0,0,High,Medium,Rising Loyalists
468520,2,1,Medium,High,Loyal Premium Travelers
468522,2,0,Medium,Medium,Mainstream Core Travelers
468534,2,1,Medium,High,Loyal Premium Travelers
468542,2,0,Medium,Medium,Mainstream Core Travelers
468945,0,0,High,Medium,Rising Loyalists
468970,0,0,High,Medium,Rising Loyalists
469075,0,0,High,Medium,Rising Loyalists
469230,0,0,High,Medium,Rising Loyalists
469238,2,0,Medium,Medium,Mainstream Core Travelers
469404,0,0,High,Medium,Rising Loyalists
469532,2,0,Medium,Medium,Mainstream Core Travelers
469545,2,0,Medium,Medium,Mainstream Core Travelers
469616,2,0,Medium,Medium,Mainstream Core Travelers
469660,0,0,High,Medium,Rising Loyalists
469684,0,0,High,Medium,Rising Loyalists
469702,2,1,Medium,High,Loyal Premium Travelers
469718,0,0,High,Medium,Rising Loyalists
469767,2,0,Medium,Medium,Mainstream Core Travelers
469781,0,0,High,Medium,Rising Loyalists
469977,0,0,High,Medium,Rising Loyalists
470022,0,0,High,Medium,Rising Loyalists
470076,0,1,High,High,Elite Frequent Flyers
470123,0,0,High,Medium,Rising Loyalists
470245,0,0,High,Medium,Rising Loyalists
470272,0,0,High,Medium,Rising Loyalists
470323,0,0,High,Medium,Rising Loyalists
470334,0,0,High,Medium,Rising Loyalists
470373,0,0,High,Medium,Rising Loyalists
470381,0,0,High,Medium,Rising Loyalists
470450,2,1,Medium,High,Loyal Premium Travelers
470469,0,0,High,Medium,Rising Loyalists
470480,0,0,High,Medium,Rising Loyalists
470591,0,0,High,Medium,Rising Loyalists
470671,0,0,High,Medium,Rising Loyalists
470738,0,0,High,Medium,Rising Loyalists
470739,2,1,Medium,High,Loyal Premium Travelers
470802,2,0,Medium,Medium,Mainstream Core Travelers
470952,2,0,Medium,Medium,Mainstream Core Travelers
470989,0,0,High,Medium,Rising Loyalists
470998,2,0,Medium,Medium,Mainstream Core Travelers
471000,0,1,High,High,Elite Frequent Flyers
471015,0,0,High,Medium,Rising Loyalists
471018,2,0,Medium,Medium,Mainstream Core Travelers
471098,0,0,High,Medium,Rising Loyalists
471170,0,0,High,Medium,Rising Loyalists
471188,0,0,High,Medium,Rising Loyalists
471204,0,0,High,Medium,Rising Loyalists
471440,0,0,High,Medium,Rising Loyalists
471460,2,0,Medium,Medium,Mainstream Core Travelers
471466,2,0,Medium,Medium,Mainstream Core Travelers
471523,0,0,High,Medium,Rising Loyalists
471583,0,0,High,Medium,Rising Loyalists
471662,0,0,High,Medium,Rising Loyalists
471706,0,0,High,Medium,Rising Loyalists
471858,0,0,High,Medium,Rising Loyalists
471944,2,1,Medium,High,Loyal Premium Travelers
472009,0,0,High,Medium,Rising Loyalists
472225,0,0,High,Medium,Rising Loyalists
472283,2,0,Medium,Medium,Mainstream Core Travelers
472314,0,0,High,Medium,Rising Loyalists
472325,0,0,High,Medium,Rising Loyalists
472356,0,0,High,Medium,Rising Loyalists
472373,0,1,High,High,Elite Frequent Flyers
472376,2,1,Medium,High,Loyal Premium Travelers
472405,0,0,High,Medium,Rising Loyalists
472445,2,0,Medium,Medium,Mainstream Core Travelers
472488,2,0,Medium,Medium,Mainstream Core Travelers
472521,0,0,High,Medium,Rising Loyalists
472532,0,0,High,Medium,Rising Loyalists
472540,0,0,High,Medium,Rising Loyalists
472589,0,0,High,Medium,Rising Loyalists
472674,0,0,High,Medium,Rising Loyalists
472692,0,0,High,Medium,Rising Loyalists
472695,0,0,High,Medium,Rising Loyalists
472702,2,0,Medium,Medium,Mainstream Core Travelers
472719,0,0,High,Medium,Rising Loyalists
472726,2,0,Medium,Medium,Mainstream Core Travelers
472787,0,0,High,Medium,Rising Loyalists
472807,2,0,Medium,Medium,Mainstream Core Travelers
472824,0,1,High,High,Elite Frequent Flyers
472879,0,0,High,Medium,Rising Loyalists
472921,1,0,Low,Medium,Value Fading
472933,0,0,High,Medium,Rising Loyalists
472942,0,0,High,Medium,Rising Loyalists
472964,0,0,High,Medium,Rising Loyalists
473093,0,0,High,Medium,Rising Loyalists
473144,0,0,High,Medium,Rising Loyalists
473194,0,0,High,Medium,Rising Loyalists
473204,0,0,High,Medium,Rising Loyalists
473259,2,0,Medium,Medium,Mainstream Core Travelers
473409,0,0,High,Medium,Rising Loyalists
473410,0,0,High,Medium,Rising Loyalists
473548,0,0,High,Medium,Rising Loyalists
473563,0,0,High,Medium,Rising Loyalists
473564,2,0,Medium,Medium,Mainstream Core Travelers
473622,0,0,High,Medium,Rising Loyalists
473636,0,0,High,Medium,Rising Loyalists
473648,2,0,Medium,Medium,Mainstream Core Travelers
473674,2,0,Medium,Medium,Mainstream Core Travelers
473758,0,0,High,Medium,Rising Loyalists
473772,0,0,High,Medium,Rising Loyalists
473775,0,0,High,Medium,Rising Loyalists
473786,2,0,Medium,Medium,Mainstream Core Travelers
474027,2,0,Medium,Medium,Mainstream Core Travelers
474047,2,0,Medium,Medium,Mainstream Core Travelers
474172,2,0,Medium,Medium,Mainstream Core Travelers
474174,0,0,High,Medium,Rising Loyalists
474272,2,0,Medium,Medium,Mainstream Core Travelers
474305,0,0,High,Medium,Rising Loyalists
474333,0,0,High,Medium,Rising Loyalists
474342,0,0,High,Medium,Rising Loyalists
474383,0,0,High,Medium,Rising Loyalists
474458,0,0,High,Medium,Rising Loyalists
474752,0,0,High,Medium,Rising Loyalists
474757,2,0,Medium,Medium,Mainstream Core Travelers
474779,2,0,Medium,Medium,Mainstream Core Travelers
474846,0,0,High,Medium,Rising Loyalists
474894,0,0,High,Medium,Rising Loyalists
474905,0,0,High,Medium,Rising Loyalists
474921,0,0,High,Medium,Rising Loyalists
474945,0,0,High,Medium,Rising Loyalists
475009,2,1,Medium,High,Loyal Premium Travelers
475034,2,0,Medium,Medium,Mainstream Core Travelers
475123,0,0,High,Medium,Rising Loyalists
475132,0,1,High,High,Elite Frequent Flyers
475172,0,0,High,Medium,Rising Loyalists
475175,0,0,High,Medium,Rising Loyalists
475233,0,0,High,Medium,Rising Loyalists
475249,2,0,Medium,Medium,Mainstream Core Travelers
475313,2,0,Medium,Medium,Mainstream Core Travelers
475395,2,0,Medium,Medium,Mainstream Core Travelers
475500,0,0,High,Medium,Rising Loyalists
475532,0,0,High,Medium,Rising Loyalists
475535,2,0,Medium,Medium,Mainstream Core Travelers
475550,0,0,High,Medium,Rising Loyalists
475634,0,0,High,Medium,Rising Loyalists
475690,0,0,High,Medium,Rising Loyalists
475700,0,0,High,Medium,Rising Loyalists
475713,0,0,High,Medium,Rising Loyalists
475930,2,0,Medium,Medium,Mainstream Core Travelers
475950,2,0,Medium,Medium,Mainstream Core Travelers
475974,0,0,High,Medium,Rising Loyalists
475991,0,0,High,Medium,Rising Loyalists
476068,0,1,High,High,Elite Frequent Flyers
476080,2,0,Medium,Medium,Mainstream Core Travelers
476258,0,0,High,Medium,Rising Loyalists
476273,2,1,Medium,High,Loyal Premium Travelers
476288,0,0,High,Medium,Rising Loyalists
476327,0,0,High,Medium,Rising Loyalists
476371,2,0,Medium,Medium,Mainstream Core Travelers
476431,0,0,High,Medium,Rising Loyalists
476477,0,1,High,High,Elite Frequent Flyers
476497,0,0,High,Medium,Rising Loyalists
476539,0,0,High,Medium,Rising Loyalists
476571,0,0,High,Medium,Rising Loyalists
476648,0,1,High,High,Elite Frequent Flyers
476652,0,1,High,High,Elite Frequent Flyers
476875,0,0,High,Medium,Rising Loyalists
477157,2,1,Medium,High,Loyal Premium Travelers
477219,0,1,High,High,Elite Frequent Flyers
477295,0,0,High,Medium,Rising Loyalists
477362,0,0,High,Medium,Rising Loyalists
477468,0,0,High,Medium,Rising Loyalists
477517,0,0,High,Medium,Rising Loyalists
477598,0,0,High,Medium,Rising Loyalists
477599,2,0,Medium,Medium,Mainstream Core Travelers
477654,0,1,High,High,Elite Frequent Flyers
477676,0,0,High,Medium,Rising Loyalists
477739,0,1,High,High,Elite Frequent Flyers
477787,2,0,Medium,Medium,Mainstream Core Travelers
477867,2,0,Medium,Medium,Mainstream Core Travelers
477869,0,0,High,Medium,Rising Loyalists
477993,0,0,High,Medium,Rising Loyalists
478050,0,0,High,Medium,Rising Loyalists
478107,2,0,Medium,Medium,Mainstream Core Travelers
478108,0,0,High,Medium,Rising Loyalists
478127,0,0,High,Medium,Rising Loyalists
478142,0,0,High,Medium,Rising Loyalists
478247,0,0,High,Medium,Rising Loyalists
478278,0,0,High,Medium,Rising Loyalists
478284,2,0,Medium,Medium,Mainstream Core Travelers
478315,0,0,High,Medium,Rising Loyalists
478373,0,0,High,Medium,Rising Loyalists
478431,0,0,High,Medium,Rising Loyalists
478566,2,0,Medium,Medium,Mainstream Core Travelers
478666,0,0,High,Medium,Rising Loyalists
478700,0,0,High,Medium,Rising Loyalists
478770,0,0,High,Medium,Rising Loyalists
478785,0,0,High,Medium,Rising Loyalists
478792,0,0,High,Medium,Rising Loyalists
478890,0,0,High,Medium,Rising Loyalists
478912,0,0,High,Medium,Rising Loyalists
478986,0,0,High,Medium,Rising Loyalists
479015,0,0,High,Medium,Rising Loyalists
479198,0,0,High,Medium,Rising Loyalists
479278,0,0,High,Medium,Rising Loyalists
479359,2,0,Medium,Medium,Mainstream Core Travelers
479445,0,1,High,High,Elite Frequent Flyers
479509,2,0,Medium,Medium,Mainstream Core Travelers
479593,0,0,High,Medium,Rising Loyalists
479724,0,0,High,Medium,Rising Loyalists
479766,0,0,High,Medium,Rising Loyalists
479815,0,0,High,Medium,Rising Loyalists
479872,0,0,High,Medium,Rising Loyalists
479950,0,0,High,Medium,Rising Loyalists
479960,0,0,High,Medium,Rising Loyalists
480021,2,0,Medium,Medium,Mainstream Core Travelers
480074,0,0,High,Medium,Rising Loyalists
480158,0,0,High,Medium,Rising Loyalists
480200,0,0,High,Medium,Rising Loyalists
480203,0,0,High,Medium,Rising Loyalists
480239,0,0,High,Medium,Rising Loyalists
480259,0,0,High,Medium,Rising Loyalists
480275,0,1,High,High,Elite Frequent Flyers
480389,2,0,Medium,Medium,Mainstream Core Travelers
480435,2,1,Medium,High,Loyal Premium Travelers
480502,2,0,Medium,Medium,Mainstream Core Travelers
480675,2,0,Medium,Medium,Mainstream Core Travelers
480732,0,0,High,Medium,Rising Loyalists
480760,0,1,High,High,Elite Frequent Flyers
480846,0,0,High,Medium,Rising Loyalists
480858,0,1,High,High,Elite Frequent Flyers
480864,0,0,High,Medium,Rising Loyalists
480872,2,0,Medium,Medium,Mainstream Core Travelers
480909,0,0,High,Medium,Rising Loyalists
480934,0,0,High,Medium,Rising Loyalists
480957,0,1,High,High,Elite Frequent Flyers
481018,0,0,High,Medium,Rising Loyalists
481028,0,1,High,High,Elite Frequent Flyers
481048,0,0,High,Medium,Rising Loyalists
481076,0,0,High,Medium,Rising Loyalists
481105,0,0,High,Medium,Rising Loyalists
481191,2,0,Medium,Medium,Mainstream Core Travelers
481262,2,0,Medium,Medium,Mainstream Core Travelers
481293,0,0,High,Medium,Rising Loyalists
481450,2,0,Medium,Medium,Mainstream Core Travelers
481457,2,0,Medium,Medium,Mainstream Core Travelers
481531,2,0,Medium,Medium,Mainstream Core Travelers
481590,2,1,Medium,High,Loyal Premium Travelers
481660,2,0,Medium,Medium,Mainstream Core Travelers
481699,2,0,Medium,Medium,Mainstream Core Travelers
481851,2,1,Medium,High,Loyal Premium Travelers
481857,0,0,High,Medium,Rising Loyalists
481860,2,0,Medium,Medium,Mainstream Core Travelers
481893,0,0,High,Medium,Rising Loyalists
481902,2,0,Medium,Medium,Mainstream Core Travelers
481931,0,0,High,Medium,Rising Loyalists
481955,0,0,High,Medium,Rising Loyalists
481987,2,0,Medium,Medium,Mainstream Core Travelers
482169,0,0,High,Medium,Rising Loyalists
482218,0,0,High,Medium,Rising Loyalists
482256,0,0,High,Medium,Rising Loyalists
482345,0,0,High,Medium,Rising Loyalists
482351,2,0,Medium,Medium,Mainstream Core Travelers
482370,2,0,Medium,Medium,Mainstream Core Travelers
482402,0,0,High,Medium,Rising Loyalists
482424,2,0,Medium,Medium,Mainstream Core Travelers
482525,0,0,High,Medium,Rising Loyalists
482528,0,0,High,Medium,Rising Loyalists
482551,0,0,High,Medium,Rising Loyalists
482561,0,0,High,Medium,Rising Loyalists
482567,2,0,Medium,Medium,Mainstream Core Travelers
482673,2,0,Medium,Medium,Mainstream Core Travelers
482681,0,0,High,Medium,Rising Loyalists
482711,0,0,High,Medium,Rising Loyalists
482777,2,0,Medium,Medium,Mainstream Core Travelers
482796,2,0,Medium,Medium,Mainstream Core Travelers
482882,2,0,Medium,Medium,Mainstream Core Travelers
482922,2,1,Medium,High,Loyal Premium Travelers
482938,2,0,Medium,Medium,Mainstream Core Travelers
482940,0,0,High,Medium,Rising Loyalists
483125,0,1,High,High,Elite Frequent Flyers
483154,0,0,High,Medium,Rising Loyalists
483198,0,0,High,Medium,Rising Loyalists
483212,1,0,Low,Medium,Value Fading
483274,2,1,Medium,High,Loyal Premium Travelers
483436,0,0,High,Medium,Rising Loyalists
483623,0,0,High,Medium,Rising Loyalists
483627,0,0,High,Medium,Rising Loyalists
483631,0,0,High,Medium,Rising Loyalists
483747,2,0,Medium,Medium,Mainstream Core Travelers
483768,0,0,High,Medium,Rising Loyalists
483802,2,0,Medium,Medium,Mainstream Core Travelers
483863,0,0,High,Medium,Rising Loyalists
483875,2,0,Medium,Medium,Mainstream Core Travelers
483899,0,0,High,Medium,Rising Loyalists
483969,2,0,Medium,Medium,Mainstream Core Travelers
484194,0,0,High,Medium,Rising Loyalists
484225,2,0,Medium,Medium,Mainstream Core Travelers
484243,0,0,High,Medium,Rising Loyalists
484317,0,0,High,Medium,Rising Loyalists
484422,0,0,High,Medium,Rising Loyalists
484446,0,0,High,Medium,Rising Loyalists
484495,0,0,High,Medium,Rising Loyalists
484504,0,0,High,Medium,Rising Loyalists
484543,2,0,Medium,Medium,Mainstream Core Travelers
484592,0,0,High,Medium,Rising Loyalists
484625,0,0,High,Medium,Rising Loyalists
484718,0,0,High,Medium,Rising Loyalists
484733,0,0,High,Medium,Rising Loyalists
484765,2,0,Medium,Medium,Mainstream Core Travelers
484774,2,0,Medium,Medium,Mainstream Core Travelers
484811,0,0,High,Medium,Rising Loyalists
484853,0,0,High,Medium,Rising Loyalists
484894,0,0,High,Medium,Rising Loyalists
484939,2,1,Medium,High,Loyal Premium Travelers
485040,0,0,High,Medium,Rising Loyalists
485062,0,0,High,Medium,Rising Loyalists
485189,2,0,Medium,Medium,Mainstream Core Travelers
485196,0,0,High,Medium,Rising Loyalists
485258,2,0,Medium,Medium,Mainstream Core Travelers
485280,0,0,High,Medium,Rising Loyalists
485281,0,0,High,Medium,Rising Loyalists
485282,0,0,High,Medium,Rising Loyalists
485283,0,0,High,Medium,Rising Loyalists
485300,2,0,Medium,Medium,Mainstream Core Travelers
485330,2,0,Medium,Medium,Mainstream Core Travelers
485383,0,0,High,Medium,Rising Loyalists
485397,0,0,High,Medium,Rising Loyalists
485486,2,0,Medium,Medium,Mainstream Core Travelers
485557,0,0,High,Medium,Rising Loyalists
485674,0,0,High,Medium,Rising Loyalists
485705,2,0,Medium,Medium,Mainstream Core Travelers
485742,0,0,High,Medium,Rising Loyalists
485745,0,1,High,High,Elite Frequent Flyers
485787,0,0,High,Medium,Rising Loyalists
485795,0,0,High,Medium,Rising Loyalists
485845,0,0,High,Medium,Rising Loyalists
485933,0,0,High,Medium,Rising Loyalists
486048,0,0,High,Medium,Rising Loyalists
486075,0,1,High,High,Elite Frequent Flyers
486112,2,0,Medium,Medium,Mainstream Core Travelers
486117,0,0,High,Medium,Rising Loyalists
486139,0,0,High,Medium,Rising Loyalists
486143,0,0,High,Medium,Rising Loyalists
486197,2,0,Medium,Medium,Mainstream Core Travelers
486200,2,0,Medium,Medium,Mainstream Core Travelers
486226,0,0,High,Medium,Rising Loyalists
486359,0,0,High,Medium,Rising Loyalists
486422,2,1,Medium,High,Loyal Premium Travelers
486600,0,0,High,Medium,Rising Loyalists
486708,0,1,High,High,Elite Frequent Flyers
486776,0,0,High,Medium,Rising Loyalists
486812,2,0,Medium,Medium,Mainstream Core Travelers
486831,0,1,High,High,Elite Frequent Flyers
486860,2,0,Medium,Medium,Mainstream Core Travelers
486880,2,0,Medium,Medium,Mainstream Core Travelers
486890,0,0,High,Medium,Rising Loyalists
486897,0,1,High,High,Elite Frequent Flyers
486909,0,0,High,Medium,Rising Loyalists
486933,2,0,Medium,Medium,Mainstream Core Travelers
486955,0,0,High,Medium,Rising Loyalists
486956,0,0,High,Medium,Rising Loyalists
487027,2,0,Medium,Medium,Mainstream Core Travelers
487070,0,1,High,High,Elite Frequent Flyers
487195,0,1,High,High,Elite Frequent Flyers
487212,0,0,High,Medium,Rising Loyalists
487228,2,0,Medium,Medium,Mainstream Core Travelers
487359,0,0,High,Medium,Rising Loyalists
487486,0,0,High,Medium,Rising Loyalists
487536,2,0,Medium,Medium,Mainstream Core Travelers
487605,0,0,High,Medium,Rising Loyalists
487726,0,0,High,Medium,Rising Loyalists
487727,0,0,High,Medium,Rising Loyalists
487777,0,0,High,Medium,Rising Loyalists
487799,2,0,Medium,Medium,Mainstream Core Travelers
487807,0,0,High,Medium,Rising Loyalists
487823,2,0,Medium,Medium,Mainstream Core Travelers
487901,0,0,High,Medium,Rising Loyalists
487930,0,0,High,Medium,Rising Loyalists
488009,0,0,High,Medium,Rising Loyalists
488044,0,0,High,Medium,Rising Loyalists
488071,0,0,High,Medium,Rising Loyalists
488130,0,0,High,Medium,Rising Loyalists
488151,2,0,Medium,Medium,Mainstream Core Travelers
488188,0,0,High,Medium,Rising Loyalists
488224,2,0,Medium,Medium,Mainstream Core Travelers
488268,0,0,High,Medium,Rising Loyalists
488303,0,0,High,Medium,Rising Loyalists
488346,2,0,Medium,Medium,Mainstream Core Travelers
488535,0,0,High,Medium,Rising Loyalists
488549,0,0,High,Medium,Rising Loyalists
488647,2,1,Medium,High,Loyal Premium Travelers
488675,0,1,High,High,Elite Frequent Flyers
488679,0,0,High,Medium,Rising Loyalists
488724,2,1,Medium,High,Loyal Premium Travelers
488799,0,0,High,Medium,Rising Loyalists
488811,2,0,Medium,Medium,Mainstream Core Travelers
488853,0,0,High,Medium,Rising Loyalists
488872,0,0,High,Medium,Rising Loyalists
488884,0,0,High,Medium,Rising Loyalists
488891,2,0,Medium,Medium,Mainstream Core Travelers
489108,0,0,High,Medium,Rising Loyalists
489115,0,0,High,Medium,Rising Loyalists
489221,0,0,High,Medium,Rising Loyalists
489244,0,0,High,Medium,Rising Loyalists
489279,0,0,High,Medium,Rising Loyalists
489301,0,0,High,Medium,Rising Loyalists
489335,0,0,High,Medium,Rising Loyalists
489371,0,0,High,Medium,Rising Loyalists
489391,0,0,High,Medium,Rising Loyalists
489394,2,0,Medium,Medium,Mainstream Core Travelers
489443,2,0,Medium,Medium,Mainstream Core Travelers
489459,2,1,Medium,High,Loyal Premium Travelers
489501,2,0,Medium,Medium,Mainstream Core Travelers
489523,0,1,High,High,Elite Frequent Flyers
489534,0,0,High,Medium,Rising Loyalists
489549,2,0,Medium,Medium,Mainstream Core Travelers
489592,2,0,Medium,Medium,Mainstream Core Travelers
489609,2,0,Medium,Medium,Mainstream Core Travelers
489628,2,0,Medium,Medium,Mainstream Core Travelers
489781,0,0,High,Medium,Rising Loyalists
489842,0,1,High,High,Elite Frequent Flyers
489856,2,0,Medium,Medium,Mainstream Core Travelers
489956,0,0,High,Medium,Rising Loyalists
489985,2,0,Medium,Medium,Mainstream Core Travelers
490053,0,0,High,Medium,Rising Loyalists
490250,0,0,High,Medium,Rising Loyalists
490387,2,0,Medium,Medium,Mainstream Core Travelers
490439,2,0,Medium,Medium,Mainstream Core Travelers
490479,0,0,High,Medium,Rising Loyalists
490487,0,0,High,Medium,Rising Loyalists
490553,0,0,High,Medium,Rising Loyalists
490562,2,0,Medium,Medium,Mainstream Core Travelers
490563,0,0,High,Medium,Rising Loyalists
490774,0,0,High,Medium,Rising Loyalists
490806,0,0,High,Medium,Rising Loyalists
490824,0,0,High,Medium,Rising Loyalists
490840,0,0,High,Medium,Rising Loyalists
490860,0,0,High,Medium,Rising Loyalists
490932,0,0,High,Medium,Rising Loyalists
490984,0,0,High,Medium,Rising Loyalists
491005,0,0,High,Medium,Rising Loyalists
491122,0,0,High,Medium,Rising Loyalists
491242,2,0,Medium,Medium,Mainstream Core Travelers
491244,2,0,Medium,Medium,Mainstream Core Travelers
491253,0,0,High,Medium,Rising Loyalists
491310,0,0,High,Medium,Rising Loyalists
491351,0,0,High,Medium,Rising Loyalists
491369,0,0,High,Medium,Rising Loyalists
491391,0,0,High,Medium,Rising Loyalists
491404,0,0,High,Medium,Rising Loyalists
491481,0,1,High,High,Elite Frequent Flyers
491495,2,1,Medium,High,Loyal Premium Travelers
491513,0,0,High,Medium,Rising Loyalists
491643,2,0,Medium,Medium,Mainstream Core Travelers
491690,2,0,Medium,Medium,Mainstream Core Travelers
491704,2,0,Medium,Medium,Mainstream Core Travelers
491773,0,0,High,Medium,Rising Loyalists
491907,0,1,High,High,Elite Frequent Flyers
491948,2,0,Medium,Medium,Mainstream Core Travelers
491986,0,0,High,Medium,Rising Loyalists
491987,0,0,High,Medium,Rising Loyalists
492011,0,0,High,Medium,Rising Loyalists
492036,2,0,Medium,Medium,Mainstream Core Travelers
492090,0,0,High,Medium,Rising Loyalists
492158,0,0,High,Medium,Rising Loyalists
492159,0,0,High,Medium,Rising Loyalists
492165,0,0,High,Medium,Rising Loyalists
492226,2,0,Medium,Medium,Mainstream Core Travelers
492265,2,0,Medium,Medium,Mainstream Core Travelers
492367,2,0,Medium,Medium,Mainstream Core Travelers
492401,0,0,High,Medium,Rising Loyalists
492433,0,0,High,Medium,Rising Loyalists
492496,0,0,High,Medium,Rising Loyalists
492505,0,1,High,High,Elite Frequent Flyers
492575,2,0,Medium,Medium,Mainstream Core Travelers
492695,2,0,Medium,Medium,Mainstream Core Travelers
492700,2,0,Medium,Medium,Mainstream Core Travelers
492757,0,0,High,Medium,Rising Loyalists
492789,0,0,High,Medium,Rising Loyalists
492812,0,0,High,Medium,Rising Loyalists
492883,0,0,High,Medium,Rising Loyalists
492966,0,0,High,Medium,Rising Loyalists
492973,2,0,Medium,Medium,Mainstream Core Travelers
493061,0,0,High,Medium,Rising Loyalists
493088,0,0,High,Medium,Rising Loyalists
493283,0,0,High,Medium,Rising Loyalists
493337,2,0,Medium,Medium,Mainstream Core Travelers
493350,0,0,High,Medium,Rising Loyalists
493358,2,0,Medium,Medium,Mainstream Core Travelers
493369,2,0,Medium,Medium,Mainstream Core Travelers
493427,0,0,High,Medium,Rising Loyalists
493598,0,0,High,Medium,Rising Loyalists
493606,2,0,Medium,Medium,Mainstream Core Travelers
493640,2,0,Medium,Medium,Mainstream Core Travelers
493677,0,0,High,Medium,Rising Loyalists
493775,0,0,High,Medium,Rising Loyalists
493800,0,0,High,Medium,Rising Loyalists
493819,0,0,High,Medium,Rising Loyalists
493827,2,0,Medium,Medium,Mainstream Core Travelers
493894,0,0,High,Medium,Rising Loyalists
493925,0,0,High,Medium,Rising Loyalists
493972,0,0,High,Medium,Rising Loyalists
494062,0,0,High,Medium,Rising Loyalists
494179,0,0,High,Medium,Rising Loyalists
494206,0,0,High,Medium,Rising Loyalists
494213,0,0,High,Medium,Rising Loyalists
494263,0,0,High,Medium,Rising Loyalists
494284,0,0,High,Medium,Rising Loyalists
494384,0,0,High,Medium,Rising Loyalists
494438,2,0,Medium,Medium,Mainstream Core Travelers
494498,0,0,High,Medium,Rising Loyalists
494515,0,1,High,High,Elite Frequent Flyers
494536,2,0,Medium,Medium,Mainstream Core Travelers
494552,2,0,Medium,Medium,Mainstream Core Travelers
494600,0,0,High,Medium,Rising Loyalists
494885,0,0,High,Medium,Rising Loyalists
494887,0,0,High,Medium,Rising Loyalists
494899,0,0,High,Medium,Rising Loyalists
495027,0,0,High,Medium,Rising Loyalists
495058,0,0,High,Medium,Rising Loyalists
495148,0,0,High,Medium,Rising Loyalists
495168,0,0,High,Medium,Rising Loyalists
495253,0,1,High,High,Elite Frequent Flyers
495286,0,0,High,Medium,Rising Loyalists
495369,2,0,Medium,Medium,Mainstream Core Travelers
495381,0,0,High,Medium,Rising Loyalists
495403,0,0,High,Medium,Rising Loyalists
495473,0,0,High,Medium,Rising Loyalists
495632,2,0,Medium,Medium,Mainstream Core Travelers
495707,2,0,Medium,Medium,Mainstream Core Travelers
495773,0,0,High,Medium,Rising Loyalists
495787,0,0,High,Medium,Rising Loyalists
495912,0,0,High,Medium,Rising Loyalists
495926,2,0,Medium,Medium,Mainstream Core Travelers
495942,0,0,High,Medium,Rising Loyalists
496014,0,0,High,Medium,Rising Loyalists
496052,2,0,Medium,Medium,Mainstream Core Travelers
496159,2,0,Medium,Medium,Mainstream Core Travelers
496191,0,0,High,Medium,Rising Loyalists
496233,0,0,High,Medium,Rising Loyalists
496325,0,0,High,Medium,Rising Loyalists
496329,0,1,High,High,Elite Frequent Flyers
496357,0,0,High,Medium,Rising Loyalists
496371,0,0,High,Medium,Rising Loyalists
496387,0,0,High,Medium,Rising Loyalists
496403,0,0,High,Medium,Rising Loyalists
496482,2,0,Medium,Medium,Mainstream Core Travelers
496668,2,0,Medium,Medium,Mainstream Core Travelers
496675,2,0,Medium,Medium,Mainstream Core Travelers
496686,2,0,Medium,Medium,Mainstream Core Travelers
496728,0,0,High,Medium,Rising Loyalists
496759,0,0,High,Medium,Rising Loyalists
496820,0,0,High,Medium,Rising Loyalists
496830,2,0,Medium,Medium,Mainstream Core Travelers
496831,2,0,Medium,Medium,Mainstream Core Travelers
497030,2,0,Medium,Medium,Mainstream Core Travelers
497070,2,0,Medium,Medium,Mainstream Core Travelers
497106,2,0,Medium,Medium,Mainstream Core Travelers
497108,0,0,High,Medium,Rising Loyalists
497194,0,0,High,Medium,Rising Loyalists
497201,0,0,High,Medium,Rising Loyalists
497226,2,0,Medium,Medium,Mainstream Core Travelers
497281,2,0,Medium,Medium,Mainstream Core Travelers
497421,0,0,High,Medium,Rising Loyalists
497467,0,0,High,Medium,Rising Loyalists
497476,2,0,Medium,Medium,Mainstream Core Travelers
497494,0,0,High,Medium,Rising Loyalists
497576,2,0,Medium,Medium,Mainstream Core Travelers
497613,0,0,High,Medium,Rising Loyalists
497648,2,0,Medium,Medium,Mainstream Core Travelers
497756,2,0,Medium,Medium,Mainstream Core Travelers
497784,0,0,High,Medium,Rising Loyalists
497836,0,0,High,Medium,Rising Loyalists
497854,0,1,High,High,Elite Frequent Flyers
497861,0,0,High,Medium,Rising Loyalists
497891,0,0,High,Medium,Rising Loyalists
498028,0,1,High,High,Elite Frequent Flyers
498030,0,0,High,Medium,Rising Loyalists
498149,2,0,Medium,Medium,Mainstream Core Travelers
498319,2,0,Medium,Medium,Mainstream Core Travelers
498514,2,1,Medium,High,Loyal Premium Travelers
498573,2,0,Medium,Medium,Mainstream Core Travelers
498587,0,0,High,Medium,Rising Loyalists
498610,0,0,High,Medium,Rising Loyalists
498632,0,0,High,Medium,Rising Loyalists
498643,0,0,High,Medium,Rising Loyalists
498644,0,0,High,Medium,Rising Loyalists
498694,0,0,High,Medium,Rising Loyalists
498793,0,0,High,Medium,Rising Loyalists
498897,2,0,Medium,Medium,Mainstream Core Travelers
498923,0,0,High,Medium,Rising Loyalists
498932,0,0,High,Medium,Rising Loyalists
498989,0,0,High,Medium,Rising Loyalists
498998,0,0,High,Medium,Rising Loyalists
499027,0,0,High,Medium,Rising Loyalists
499089,0,0,High,Medium,Rising Loyalists
499128,0,0,High,Medium,Rising Loyalists
499132,0,0,High,Medium,Rising Loyalists
499346,2,0,Medium,Medium,Mainstream Core Travelers
499423,2,0,Medium,Medium,Mainstream Core Travelers
499482,2,0,Medium,Medium,Mainstream Core Travelers
499518,0,0,High,Medium,Rising Loyalists
499563,2,0,Medium,Medium,Mainstream Core Travelers
499583,2,0,Medium,Medium,Mainstream Core Travelers
499658,0,0,High,Medium,Rising Loyalists
499874,0,1,High,High,Elite Frequent Flyers
499875,0,0,High,Medium,Rising Loyalists
499890,0,0,High,Medium,Rising Loyalists
499913,2,0,Medium,Medium,Mainstream Core Travelers
499932,0,0,High,Medium,Rising Loyalists
499945,0,0,High,Medium,Rising Loyalists
499963,0,0,High,Medium,Rising Loyalists
500022,0,0,High,Medium,Rising Loyalists
500026,0,0,High,Medium,Rising Loyalists
500038,0,0,High,Medium,Rising Loyalists
500058,0,0,High,Medium,Rising Loyalists
500060,0,0,High,Medium,Rising Loyalists
500115,2,0,Medium,Medium,Mainstream Core Travelers
500248,0,0,High,Medium,Rising Loyalists
500280,0,0,High,Medium,Rising Loyalists
500374,2,0,Medium,Medium,Mainstream Core Travelers
500437,2,0,Medium,Medium,Mainstream Core Travelers
500455,0,0,High,Medium,Rising Loyalists
500759,0,0,High,Medium,Rising Loyalists
500767,0,0,High,Medium,Rising Loyalists
500782,0,0,High,Medium,Rising Loyalists
500788,0,0,High,Medium,Rising Loyalists
501030,0,0,High,Medium,Rising Loyalists
501037,2,0,Medium,Medium,Mainstream Core Travelers
501109,0,0,High,Medium,Rising Loyalists
501131,0,0,High,Medium,Rising Loyalists
501165,2,0,Medium,Medium,Mainstream Core Travelers
501189,2,0,Medium,Medium,Mainstream Core Travelers
501209,0,0,High,Medium,Rising Loyalists
501217,2,0,Medium,Medium,Mainstream Core Travelers
501278,0,0,High,Medium,Rising Loyalists
501363,0,0,High,Medium,Rising Loyalists
501490,0,1,High,High,Elite Frequent Flyers
501551,0,0,High,Medium,Rising Loyalists
501552,0,0,High,Medium,Rising Loyalists
501569,2,0,Medium,Medium,Mainstream Core Travelers
501602,0,0,High,Medium,Rising Loyalists
501655,0,0,High,Medium,Rising Loyalists
501699,0,0,High,Medium,Rising Loyalists
501704,0,0,High,Medium,Rising Loyalists
501854,0,0,High,Medium,Rising Loyalists
501856,0,0,High,Medium,Rising Loyalists
501875,0,0,High,Medium,Rising Loyalists
501877,0,0,High,Medium,Rising Loyalists
501885,2,1,Medium,High,Loyal Premium Travelers
501976,0,0,High,Medium,Rising Loyalists
502012,0,0,High,Medium,Rising Loyalists
502023,0,0,High,Medium,Rising Loyalists
502047,2,0,Medium,Medium,Mainstream Core Travelers
502141,0,0,High,Medium,Rising Loyalists
502152,2,1,Medium,High,Loyal Premium Travelers
502163,0,0,High,Medium,Rising Loyalists
502212,0,0,High,Medium,Rising Loyalists
502353,0,0,High,Medium,Rising Loyalists
502376,0,0,High,Medium,Rising Loyalists
502390,0,0,High,Medium,Rising Loyalists
502534,0,0,High,Medium,Rising Loyalists
502573,2,0,Medium,Medium,Mainstream Core Travelers
502585,0,0,High,Medium,Rising Loyalists
502592,0,0,High,Medium,Rising Loyalists
502615,0,0,High,Medium,Rising Loyalists
502670,0,1,High,High,Elite Frequent Flyers
502708,0,0,High,Medium,Rising Loyalists
502745,2,0,Medium,Medium,Mainstream Core Travelers
502784,2,0,Medium,Medium,Mainstream Core Travelers
502848,0,0,High,Medium,Rising Loyalists
502943,0,0,High,Medium,Rising Loyalists
502946,2,0,Medium,Medium,Mainstream Core Travelers
502952,2,0,Medium,Medium,Mainstream Core Travelers
502977,0,0,High,Medium,Rising Loyalists
503025,0,0,High,Medium,Rising Loyalists
503096,2,0,Medium,Medium,Mainstream Core Travelers
503217,0,0,High,Medium,Rising Loyalists
503242,2,0,Medium,Medium,Mainstream Core Travelers
503257,2,0,Medium,Medium,Mainstream Core Travelers
503305,0,0,High,Medium,Rising Loyalists
503357,0,0,High,Medium,Rising Loyalists
503494,2,0,Medium,Medium,Mainstream Core Travelers
503560,0,0,High,Medium,Rising Loyalists
503573,0,0,High,Medium,Rising Loyalists
503598,0,0,High,Medium,Rising Loyalists
503615,0,0,High,Medium,Rising Loyalists
503638,2,0,Medium,Medium,Mainstream Core Travelers
503673,0,0,High,Medium,Rising Loyalists
503832,0,0,High,Medium,Rising Loyalists
503938,0,0,High,Medium,Rising Loyalists
503988,2,0,Medium,Medium,Mainstream Core Travelers
504078,0,0,High,Medium,Rising Loyalists
504190,2,0,Medium,Medium,Mainstream Core Travelers
504208,0,0,High,Medium,Rising Loyalists
504219,0,0,High,Medium,Rising Loyalists
504260,0,1,High,High,Elite Frequent Flyers
504311,0,0,High,Medium,Rising Loyalists
504319,2,1,Medium,High,Loyal Premium Travelers
504403,0,0,High,Medium,Rising Loyalists
504455,2,0,Medium,Medium,Mainstream Core Travelers
504525,0,0,High,Medium,Rising Loyalists
504545,2,0,Medium,Medium,Mainstream Core Travelers
504564,2,1,Medium,High,Loyal Premium Travelers
504589,0,0,High,Medium,Rising Loyalists
504638,0,0,High,Medium,Rising Loyalists
504663,2,0,Medium,Medium,Mainstream Core Travelers
504715,0,0,High,Medium,Rising Loyalists
504802,0,0,High,Medium,Rising Loyalists
504860,0,0,High,Medium,Rising Loyalists
504867,2,1,Medium,High,Loyal Premium Travelers
504919,0,0,High,Medium,Rising Loyalists
505070,2,0,Medium,Medium,Mainstream Core Travelers
505167,2,0,Medium,Medium,Mainstream Core Travelers
505179,2,0,Medium,Medium,Mainstream Core Travelers
505204,0,0,High,Medium,Rising Loyalists
505390,0,1,High,High,Elite Frequent Flyers
505522,0,0,High,Medium,Rising Loyalists
505680,0,0,High,Medium,Rising Loyalists
505776,2,0,Medium,Medium,Mainstream Core Travelers
505779,0,0,High,Medium,Rising Loyalists
505790,0,0,High,Medium,Rising Loyalists
505798,0,0,High,Medium,Rising Loyalists
505871,2,1,Medium,High,Loyal Premium Travelers
505962,0,0,High,Medium,Rising Loyalists
505988,0,0,High,Medium,Rising Loyalists
506149,2,0,Medium,Medium,Mainstream Core Travelers
506170,0,0,High,Medium,Rising Loyalists
506190,0,0,High,Medium,Rising Loyalists
506193,2,1,Medium,High,Loyal Premium Travelers
506252,2,0,Medium,Medium,Mainstream Core Travelers
506293,2,0,Medium,Medium,Mainstream Core Travelers
506372,2,0,Medium,Medium,Mainstream Core Travelers
506400,2,0,Medium,Medium,Mainstream Core Travelers
506418,2,0,Medium,Medium,Mainstream Core Travelers
506572,0,0,High,Medium,Rising Loyalists
506746,0,0,High,Medium,Rising Loyalists
506749,2,0,Medium,Medium,Mainstream Core Travelers
506776,0,0,High,Medium,Rising Loyalists
506793,2,0,Medium,Medium,Mainstream Core Travelers
507005,0,0,High,Medium,Rising Loyalists
507008,2,0,Medium,Medium,Mainstream Core Travelers
507112,0,0,High,Medium,Rising Loyalists
507128,2,0,Medium,Medium,Mainstream Core Travelers
507189,0,0,High,Medium,Rising Loyalists
507281,0,0,High,Medium,Rising Loyalists
507360,2,0,Medium,Medium,Mainstream Core Travelers
507486,0,0,High,Medium,Rising Loyalists
507503,0,0,High,Medium,Rising Loyalists
507514,0,1,High,High,Elite Frequent Flyers
507555,0,0,High,Medium,Rising Loyalists
507567,0,0,High,Medium,Rising Loyalists
507838,0,0,High,Medium,Rising Loyalists
507998,0,1,High,High,Elite Frequent Flyers
508022,0,1,High,High,Elite Frequent Flyers
508080,0,0,High,Medium,Rising Loyalists
508115,0,0,High,Medium,Rising Loyalists
508126,0,0,High,Medium,Rising Loyalists
508215,2,0,Medium,Medium,Mainstream Core Travelers
508399,0,0,High,Medium,Rising Loyalists
508402,0,0,High,Medium,Rising Loyalists
508443,2,0,Medium,Medium,Mainstream Core Travelers
508456,2,0,Medium,Medium,Mainstream Core Travelers
508488,0,1,High,High,Elite Frequent Flyers
508501,0,0,High,Medium,Rising Loyalists
508728,2,0,Medium,Medium,Mainstream Core Travelers
508795,2,0,Medium,Medium,Mainstream Core Travelers
508821,0,0,High,Medium,Rising Loyalists
508824,0,0,High,Medium,Rising Loyalists
508854,0,0,High,Medium,Rising Loyalists
508923,0,0,High,Medium,Rising Loyalists
508934,0,0,High,Medium,Rising Loyalists
509044,0,0,High,Medium,Rising Loyalists
509060,2,0,Medium,Medium,Mainstream Core Travelers
509108,2,0,Medium,Medium,Mainstream Core Travelers
509136,0,0,High,Medium,Rising Loyalists
509149,2,0,Medium,Medium,Mainstream Core Travelers
509223,2,0,Medium,Medium,Mainstream Core Travelers
509345,0,0,High,Medium,Rising Loyalists
509474,2,0,Medium,Medium,Mainstream Core Travelers
509513,0,0,High,Medium,Rising Loyalists
509514,0,0,High,Medium,Rising Loyalists
509607,0,0,High,Medium,Rising Loyalists
509614,2,0,Medium,Medium,Mainstream Core Travelers
509669,0,0,High,Medium,Rising Loyalists
509686,0,0,High,Medium,Rising Loyalists
509714,0,0,High,Medium,Rising Loyalists
509746,0,0,High,Medium,Rising Loyalists
509809,2,0,Medium,Medium,Mainstream Core Travelers
509810,0,1,High,High,Elite Frequent Flyers
509909,0,0,High,Medium,Rising Loyalists
509928,0,0,High,Medium,Rising Loyalists
509962,0,0,High,Medium,Rising Loyalists
509965,0,0,High,Medium,Rising Loyalists
510182,0,0,High,Medium,Rising Loyalists
510224,0,0,High,Medium,Rising Loyalists
510264,2,0,Medium,Medium,Mainstream Core Travelers
510329,0,0,High,Medium,Rising Loyalists
510353,0,0,High,Medium,Rising Loyalists
510372,0,0,High,Medium,Rising Loyalists
510440,0,0,High,Medium,Rising Loyalists
510502,0,0,High,Medium,Rising Loyalists
510505,0,0,High,Medium,Rising Loyalists
510513,0,0,High,Medium,Rising Loyalists
510537,0,0,High,Medium,Rising Loyalists
510644,2,0,Medium,Medium,Mainstream Core Travelers
510841,0,0,High,Medium,Rising Loyalists
510865,0,1,High,High,Elite Frequent Flyers
511053,0,0,High,Medium,Rising Loyalists
511226,2,0,Medium,Medium,Mainstream Core Travelers
511253,0,1,High,High,Elite Frequent Flyers
511302,0,0,High,Medium,Rising Loyalists
511342,0,0,High,Medium,Rising Loyalists
511437,2,0,Medium,Medium,Mainstream Core Travelers
511444,0,0,High,Medium,Rising Loyalists
511472,0,0,High,Medium,Rising Loyalists
511483,2,0,Medium,Medium,Mainstream Core Travelers
511541,0,0,High,Medium,Rising Loyalists
511568,0,0,High,Medium,Rising Loyalists
511573,0,0,High,Medium,Rising Loyalists
511584,0,0,High,Medium,Rising Loyalists
511588,0,0,High,Medium,Rising Loyalists
511626,2,0,Medium,Medium,Mainstream Core Travelers
511642,0,0,High,Medium,Rising Loyalists
511765,0,1,High,High,Elite Frequent Flyers
511835,2,0,Medium,Medium,Mainstream Core Travelers
511862,0,0,High,Medium,Rising Loyalists
511875,0,0,High,Medium,Rising Loyalists
511922,2,0,Medium,Medium,Mainstream Core Travelers
511981,2,0,Medium,Medium,Mainstream Core Travelers
512071,0,0,High,Medium,Rising Loyalists
512097,0,1,High,High,Elite Frequent Flyers
512169,2,1,Medium,High,Loyal Premium Travelers
512177,0,1,High,High,Elite Frequent Flyers
512179,0,0,High,Medium,Rising Loyalists
512191,0,0,High,Medium,Rising Loyalists
512219,0,0,High,Medium,Rising Loyalists
512262,0,0,High,Medium,Rising Loyalists
512284,0,0,High,Medium,Rising Loyalists
512296,0,0,High,Medium,Rising Loyalists
512358,2,0,Medium,Medium,Mainstream Core Travelers
512426,0,1,High,High,Elite Frequent Flyers
512471,0,1,High,High,Elite Frequent Flyers
512522,0,0,High,Medium,Rising Loyalists
512580,2,0,Medium,Medium,Mainstream Core Travelers
512599,0,0,High,Medium,Rising Loyalists
512615,0,0,High,Medium,Rising Loyalists
512640,0,0,High,Medium,Rising Loyalists
512869,0,0,High,Medium,Rising Loyalists
512897,0,0,High,Medium,Rising Loyalists
512906,0,0,High,Medium,Rising Loyalists
513000,2,0,Medium,Medium,Mainstream Core Travelers
513081,0,0,High,Medium,Rising Loyalists
513099,0,0,High,Medium,Rising Loyalists
513123,0,0,High,Medium,Rising Loyalists
513125,0,0,High,Medium,Rising Loyalists
513170,0,0,High,Medium,Rising Loyalists
513229,0,0,High,Medium,Rising Loyalists
513246,0,0,High,Medium,Rising Loyalists
513446,0,0,High,Medium,Rising Loyalists
513480,0,0,High,Medium,Rising Loyalists
513553,0,0,High,Medium,Rising Loyalists
513590,0,0,High,Medium,Rising Loyalists
513661,0,0,High,Medium,Rising Loyalists
513708,0,0,High,Medium,Rising Loyalists
513778,0,0,High,Medium,Rising Loyalists
513820,0,0,High,Medium,Rising Loyalists
514042,0,0,High,Medium,Rising Loyalists
514145,0,0,High,Medium,Rising Loyalists
514235,0,0,High,Medium,Rising Loyalists
514272,0,0,High,Medium,Rising Loyalists
514369,2,0,Medium,Medium,Mainstream Core Travelers
514395,0,0,High,Medium,Rising Loyalists
514403,0,1,High,High,Elite Frequent Flyers
514451,0,0,High,Medium,Rising Loyalists
514493,2,0,Medium,Medium,Mainstream Core Travelers
514523,2,0,Medium,Medium,Mainstream Core Travelers
514530,0,0,High,Medium,Rising Loyalists
514552,0,0,High,Medium,Rising Loyalists
514559,0,1,High,High,Elite Frequent Flyers
514616,2,0,Medium,Medium,Mainstream Core Travelers
514632,0,0,High,Medium,Rising Loyalists
514652,2,0,Medium,Medium,Mainstream Core Travelers
514900,2,0,Medium,Medium,Mainstream Core Travelers
514917,0,0,High,Medium,Rising Loyalists
515023,2,0,Medium,Medium,Mainstream Core Travelers
515049,0,0,High,Medium,Rising Loyalists
515134,0,0,High,Medium,Rising Loyalists
515142,2,0,Medium,Medium,Mainstream Core Travelers
515165,0,0,High,Medium,Rising Loyalists
515185,0,0,High,Medium,Rising Loyalists
515298,2,0,Medium,Medium,Mainstream Core Travelers
515315,2,0,Medium,Medium,Mainstream Core Travelers
515386,0,0,High,Medium,Rising Loyalists
515444,2,0,Medium,Medium,Mainstream Core Travelers
515579,0,0,High,Medium,Rising Loyalists
515605,0,0,High,Medium,Rising Loyalists
515634,2,0,Medium,Medium,Mainstream Core Travelers
515639,2,0,Medium,Medium,Mainstream Core Travelers
515645,0,0,High,Medium,Rising Loyalists
515656,0,0,High,Medium,Rising Loyalists
515663,0,0,High,Medium,Rising Loyalists
515667,0,0,High,Medium,Rising Loyalists
515718,2,0,Medium,Medium,Mainstream Core Travelers
515775,0,0,High,Medium,Rising Loyalists
515790,2,1,Medium,High,Loyal Premium Travelers
515805,0,0,High,Medium,Rising Loyalists
515822,0,0,High,Medium,Rising Loyalists
515826,0,0,High,Medium,Rising Loyalists
515860,0,0,High,Medium,Rising Loyalists
515905,0,0,High,Medium,Rising Loyalists
515929,0,0,High,Medium,Rising Loyalists
515969,0,0,High,Medium,Rising Loyalists
515981,0,0,High,Medium,Rising Loyalists
516133,0,0,High,Medium,Rising Loyalists
516224,0,0,High,Medium,Rising Loyalists
516242,0,0,High,Medium,Rising Loyalists
516255,0,0,High,Medium,Rising Loyalists
516271,0,0,High,Medium,Rising Loyalists
516276,2,0,Medium,Medium,Mainstream Core Travelers
516301,0,0,High,Medium,Rising Loyalists
516329,0,0,High,Medium,Rising Loyalists
516337,0,0,High,Medium,Rising Loyalists
516362,0,0,High,Medium,Rising Loyalists
516474,0,0,High,Medium,Rising Loyalists
516491,0,0,High,Medium,Rising Loyalists
516519,2,0,Medium,Medium,Mainstream Core Travelers
516544,0,0,High,Medium,Rising Loyalists
516594,0,0,High,Medium,Rising Loyalists
516674,0,0,High,Medium,Rising Loyalists
516791,0,0,High,Medium,Rising Loyalists
516984,0,0,High,Medium,Rising Loyalists
516995,0,0,High,Medium,Rising Loyalists
517087,0,0,High,Medium,Rising Loyalists
517129,2,0,Medium,Medium,Mainstream Core Travelers
517190,0,0,High,Medium,Rising Loyalists
517222,2,0,Medium,Medium,Mainstream Core Travelers
517262,0,0,High,Medium,Rising Loyalists
517267,0,0,High,Medium,Rising Loyalists
517295,0,0,High,Medium,Rising Loyalists
517405,0,0,High,Medium,Rising Loyalists
517472,2,0,Medium,Medium,Mainstream Core Travelers
517533,0,0,High,Medium,Rising Loyalists
517538,0,0,High,Medium,Rising Loyalists
517559,0,0,High,Medium,Rising Loyalists
517612,2,0,Medium,Medium,Mainstream Core Travelers
517614,2,0,Medium,Medium,Mainstream Core Travelers
517702,2,0,Medium,Medium,Mainstream Core Travelers
517729,0,0,High,Medium,Rising Loyalists
517739,0,1,High,High,Elite Frequent Flyers
517758,0,0,High,Medium,Rising Loyalists
517781,2,0,Medium,Medium,Mainstream Core Travelers
517797,2,0,Medium,Medium,Mainstream Core Travelers
517867,0,0,High,Medium,Rising Loyalists
517940,2,0,Medium,Medium,Mainstream Core Travelers
517945,0,0,High,Medium,Rising Loyalists
518061,0,0,High,Medium,Rising Loyalists
518064,0,0,High,Medium,Rising Loyalists
518210,2,0,Medium,Medium,Mainstream Core Travelers
518236,0,0,High,Medium,Rising Loyalists
518249,0,0,High,Medium,Rising Loyalists
518305,0,0,High,Medium,Rising Loyalists
518533,2,0,Medium,Medium,Mainstream Core Travelers
518561,0,0,High,Medium,Rising Loyalists
518578,2,0,Medium,Medium,Mainstream Core Travelers
518582,0,0,High,Medium,Rising Loyalists
518622,0,0,High,Medium,Rising Loyalists
518677,0,1,High,High,Elite Frequent Flyers
518771,0,0,High,Medium,Rising Loyalists
518834,0,0,High,Medium,Rising Loyalists
519087,0,1,High,High,Elite Frequent Flyers
519203,0,0,High,Medium,Rising Loyalists
519213,2,0,Medium,Medium,Mainstream Core Travelers
519276,0,0,High,Medium,Rising Loyalists
519300,0,0,High,Medium,Rising Loyalists
519419,0,1,High,High,Elite Frequent Flyers
519442,0,1,High,High,Elite Frequent Flyers
519677,0,0,High,Medium,Rising Loyalists
519726,2,0,Medium,Medium,Mainstream Core Travelers
519742,0,0,High,Medium,Rising Loyalists
519766,2,0,Medium,Medium,Mainstream Core Travelers
519796,0,0,High,Medium,Rising Loyalists
519826,0,0,High,Medium,Rising Loyalists
519873,2,0,Medium,Medium,Mainstream Core Travelers
519933,0,0,High,Medium,Rising Loyalists
519984,0,0,High,Medium,Rising Loyalists
520091,0,0,High,Medium,Rising Loyalists
520094,0,0,High,Medium,Rising Loyalists
520137,0,0,High,Medium,Rising Loyalists
520163,0,0,High,Medium,Rising Loyalists
520202,2,0,Medium,Medium,Mainstream Core Travelers
520207,0,0,High,Medium,Rising Loyalists
520321,2,0,Medium,Medium,Mainstream Core Travelers
520428,0,0,High,Medium,Rising Loyalists
520660,0,0,High,Medium,Rising Loyalists
520821,0,0,High,Medium,Rising Loyalists
521043,1,1,Low,High,High-Value At-Risk
521111,0,0,High,Medium,Rising Loyalists
521176,0,0,High,Medium,Rising Loyalists
521217,0,0,High,Medium,Rising Loyalists
521225,0,0,High,Medium,Rising Loyalists
521252,0,0,High,Medium,Rising Loyalists
521311,0,0,High,Medium,Rising Loyalists
521384,0,0,High,Medium,Rising Loyalists
521431,0,0,High,Medium,Rising Loyalists
521486,0,0,High,Medium,Rising Loyalists
521545,0,0,High,Medium,Rising Loyalists
521576,0,0,High,Medium,Rising Loyalists
521653,0,0,High,Medium,Rising Loyalists
521684,0,0,High,Medium,Rising Loyalists
521699,2,0,Medium,Medium,Mainstream Core Travelers
521702,0,0,High,Medium,Rising Loyalists
521875,0,0,High,Medium,Rising Loyalists
521949,2,0,Medium,Medium,Mainstream Core Travelers
522111,0,0,High,Medium,Rising Loyalists
522234,0,0,High,Medium,Rising Loyalists
522251,0,0,High,Medium,Rising Loyalists
522261,0,0,High,Medium,Rising Loyalists
522285,2,0,Medium,Medium,Mainstream Core Travelers
522408,0,0,High,Medium,Rising Loyalists
522493,0,0,High,Medium,Rising Loyalists
522572,0,0,High,Medium,Rising Loyalists
522618,0,0,High,Medium,Rising Loyalists
522677,0,1,High,High,Elite Frequent Flyers
522758,0,0,High,Medium,Rising Loyalists
522763,2,0,Medium,Medium,Mainstream Core Travelers
522788,2,0,Medium,Medium,Mainstream Core Travelers
522851,2,0,Medium,Medium,Mainstream Core Travelers
522866,0,0,High,Medium,Rising Loyalists
522924,0,0,High,Medium,Rising Loyalists
522935,0,0,High,Medium,Rising Loyalists
523037,2,0,Medium,Medium,Mainstream Core Travelers
523110,0,0,High,Medium,Rising Loyalists
523170,0,0,High,Medium,Rising Loyalists
523188,2,0,Medium,Medium,Mainstream Core Travelers
523194,2,0,Medium,Medium,Mainstream Core Travelers
523210,0,0,High,Medium,Rising Loyalists
523246,0,0,High,Medium,Rising Loyalists
523272,0,0,High,Medium,Rising Loyalists
523288,0,0,High,Medium,Rising Loyalists
523296,0,0,High,Medium,Rising Loyalists
523394,0,0,High,Medium,Rising Loyalists
523399,2,0,Medium,Medium,Mainstream Core Travelers
523642,0,0,High,Medium,Rising Loyalists
523722,0,0,High,Medium,Rising Loyalists
523897,0,0,High,Medium,Rising Loyalists
523904,0,0,High,Medium,Rising Loyalists
523979,2,0,Medium,Medium,Mainstream Core Travelers
524055,0,1,High,High,Elite Frequent Flyers
524234,0,0,High,Medium,Rising Loyalists
524379,0,0,High,Medium,Rising Loyalists
524483,0,0,High,Medium,Rising Loyalists
524536,2,0,Medium,Medium,Mainstream Core Travelers
524586,2,0,Medium,Medium,Mainstream Core Travelers
524951,2,1,Medium,High,Loyal Premium Travelers
524968,2,0,Medium,Medium,Mainstream Core Travelers
525129,0,0,High,Medium,Rising Loyalists
525188,0,0,High,Medium,Rising Loyalists
525202,2,0,Medium,Medium,Mainstream Core Travelers
525245,2,0,Medium,Medium,Mainstream Core Travelers
525246,0,0,High,Medium,Rising Loyalists
525476,2,0,Medium,Medium,Mainstream Core Travelers
525508,0,0,High,Medium,Rising Loyalists
525525,0,0,High,Medium,Rising Loyalists
525548,0,0,High,Medium,Rising Loyalists
525579,0,0,High,Medium,Rising Loyalists
525612,0,1,High,High,Elite Frequent Flyers
525740,0,0,High,Medium,Rising Loyalists
525765,0,0,High,Medium,Rising Loyalists
525866,2,0,Medium,Medium,Mainstream Core Travelers
525918,2,0,Medium,Medium,Mainstream Core Travelers
526020,2,1,Medium,High,Loyal Premium Travelers
526064,2,0,Medium,Medium,Mainstream Core Travelers
526094,0,1,High,High,Elite Frequent Flyers
526164,0,0,High,Medium,Rising Loyalists
526165,0,0,High,Medium,Rising Loyalists
526222,0,0,High,Medium,Rising Loyalists
526316,0,0,High,Medium,Rising Loyalists
526344,2,0,Medium,Medium,Mainstream Core Travelers
526349,0,0,High,Medium,Rising Loyalists
526374,0,0,High,Medium,Rising Loyalists
526479,0,0,High,Medium,Rising Loyalists
526481,0,0,High,Medium,Rising Loyalists
526508,0,0,High,Medium,Rising Loyalists
526579,0,0,High,Medium,Rising Loyalists
526586,0,0,High,Medium,Rising Loyalists
526629,2,0,Medium,Medium,Mainstream Core Travelers
526644,0,0,High,Medium,Rising Loyalists
526663,0,0,High,Medium,Rising Loyalists
526736,2,0,Medium,Medium,Mainstream Core Travelers
526747,0,0,High,Medium,Rising Loyalists
526765,0,0,High,Medium,Rising Loyalists
526784,0,0,High,Medium,Rising Loyalists
526822,0,0,High,Medium,Rising Loyalists
526867,2,0,Medium,Medium,Mainstream Core Travelers
526975,2,0,Medium,Medium,Mainstream Core Travelers
527004,0,0,High,Medium,Rising Loyalists
527067,0,0,High,Medium,Rising Loyalists
527090,2,0,Medium,Medium,Mainstream Core Travelers
527194,0,0,High,Medium,Rising Loyalists
527235,0,0,High,Medium,Rising Loyalists
527244,2,0,Medium,Medium,Mainstream Core Travelers
527337,0,0,High,Medium,Rising Loyalists
527414,2,0,Medium,Medium,Mainstream Core Travelers
527434,0,0,High,Medium,Rising Loyalists
527565,0,0,High,Medium,Rising Loyalists
527582,0,0,High,Medium,Rising Loyalists
527622,0,0,High,Medium,Rising Loyalists
527640,0,0,High,Medium,Rising Loyalists
527656,2,0,Medium,Medium,Mainstream Core Travelers
527712,0,0,High,Medium,Rising Loyalists
527773,0,0,High,Medium,Rising Loyalists
527838,0,0,High,Medium,Rising Loyalists
527941,0,0,High,Medium,Rising Loyalists
527944,2,0,Medium,Medium,Mainstream Core Travelers
528055,0,0,High,Medium,Rising Loyalists
528074,2,0,Medium,Medium,Mainstream Core Travelers
528095,2,0,Medium,Medium,Mainstream Core Travelers
528122,0,0,High,Medium,Rising Loyalists
528160,0,0,High,Medium,Rising Loyalists
528173,0,0,High,Medium,Rising Loyalists
528226,0,1,High,High,Elite Frequent Flyers
528229,0,0,High,Medium,Rising Loyalists
528260,2,0,Medium,Medium,Mainstream Core Travelers
528331,0,0,High,Medium,Rising Loyalists
528332,0,0,High,Medium,Rising Loyalists
528363,0,0,High,Medium,Rising Loyalists
528413,0,1,High,High,Elite Frequent Flyers
528447,0,0,High,Medium,Rising Loyalists
528492,0,0,High,Medium,Rising Loyalists
528693,0,0,High,Medium,Rising Loyalists
528697,0,0,High,Medium,Rising Loyalists
528712,0,0,High,Medium,Rising Loyalists
528782,2,0,Medium,Medium,Mainstream Core Travelers
528809,0,0,High,Medium,Rising Loyalists
528985,0,0,High,Medium,Rising Loyalists
529085,0,1,High,High,Elite Frequent Flyers
529098,2,0,Medium,Medium,Mainstream Core Travelers
529106,0,0,High,Medium,Rising Loyalists
529140,0,0,High,Medium,Rising Loyalists
529218,0,0,High,Medium,Rising Loyalists
529331,2,1,Medium,High,Loyal Premium Travelers
529390,0,0,High,Medium,Rising Loyalists
529415,0,0,High,Medium,Rising Loyalists
529458,0,0,High,Medium,Rising Loyalists
529471,0,0,High,Medium,Rising Loyalists
529544,2,1,Medium,High,Loyal Premium Travelers
529579,2,0,Medium,Medium,Mainstream Core Travelers
529733,2,0,Medium,Medium,Mainstream Core Travelers
529746,2,0,Medium,Medium,Mainstream Core Travelers
529922,0,0,High,Medium,Rising Loyalists
529988,2,1,Medium,High,Loyal Premium Travelers
530051,0,0,High,Medium,Rising Loyalists
530098,0,0,High,Medium,Rising Loyalists
530105,2,0,Medium,Medium,Mainstream Core Travelers
530113,2,0,Medium,Medium,Mainstream Core Travelers
530119,2,0,Medium,Medium,Mainstream Core Travelers
530206,0,0,High,Medium,Rising Loyalists
530214,2,0,Medium,Medium,Mainstream Core Travelers
530235,0,0,High,Medium,Rising Loyalists
530281,0,0,High,Medium,Rising Loyalists
530299,0,0,High,Medium,Rising Loyalists
530425,0,0,High,Medium,Rising Loyalists
530436,0,0,High,Medium,Rising Loyalists
530508,0,0,High,Medium,Rising Loyalists
530517,0,0,High,Medium,Rising Loyalists
530613,0,0,High,Medium,Rising Loyalists
530621,2,0,Medium,Medium,Mainstream Core Travelers
530666,0,0,High,Medium,Rising Loyalists
530712,2,1,Medium,High,Loyal Premium Travelers
530770,0,0,High,Medium,Rising Loyalists
530833,0,0,High,Medium,Rising Loyalists
530839,0,0,High,Medium,Rising Loyalists
530880,0,1,High,High,Elite Frequent Flyers
530955,0,0,High,Medium,Rising Loyalists
530978,0,0,High,Medium,Rising Loyalists
531052,0,0,High,Medium,Rising Loyalists
531201,2,0,Medium,Medium,Mainstream Core Travelers
531286,0,0,High,Medium,Rising Loyalists
531290,2,1,Medium,High,Loyal Premium Travelers
531293,0,0,High,Medium,Rising Loyalists
531398,0,0,High,Medium,Rising Loyalists
531430,0,0,High,Medium,Rising Loyalists
531514,0,0,High,Medium,Rising Loyalists
531515,0,0,High,Medium,Rising Loyalists
531619,0,0,High,Medium,Rising Loyalists
531793,0,0,High,Medium,Rising Loyalists
531841,0,0,High,Medium,Rising Loyalists
531868,0,0,High,Medium,Rising Loyalists
531976,0,0,High,Medium,Rising Loyalists
532203,0,0,High,Medium,Rising Loyalists
532333,0,0,High,Medium,Rising Loyalists
532334,2,0,Medium,Medium,Mainstream Core Travelers
532376,1,0,Low,Medium,Value Fading
532378,0,0,High,Medium,Rising Loyalists
532419,2,1,Medium,High,Loyal Premium Travelers
532422,0,0,High,Medium,Rising Loyalists
532464,0,0,High,Medium,Rising Loyalists
532592,0,0,High,Medium,Rising Loyalists
532752,2,0,Medium,Medium,Mainstream Core Travelers
532759,0,0,High,Medium,Rising Loyalists
532813,0,0,High,Medium,Rising Loyalists
532832,0,0,High,Medium,Rising Loyalists
532848,2,0,Medium,Medium,Mainstream Core Travelers
532925,2,0,Medium,Medium,Mainstream Core Travelers
532945,2,0,Medium,Medium,Mainstream Core Travelers
532978,0,0,High,Medium,Rising Loyalists
532997,0,1,High,High,Elite Frequent Flyers
533157,0,0,High,Medium,Rising Loyalists
533198,0,0,High,Medium,Rising Loyalists
533213,2,0,Medium,Medium,Mainstream Core Travelers
533302,0,0,High,Medium,Rising Loyalists
533365,0,0,High,Medium,Rising Loyalists
533388,2,1,Medium,High,Loyal Premium Travelers
533391,2,0,Medium,Medium,Mainstream Core Travelers
533470,0,0,High,Medium,Rising Loyalists
533488,2,0,Medium,Medium,Mainstream Core Travelers
533509,0,0,High,Medium,Rising Loyalists
533539,0,1,High,High,Elite Frequent Flyers
533638,0,0,High,Medium,Rising Loyalists
533666,0,0,High,Medium,Rising Loyalists
533742,0,0,High,Medium,Rising Loyalists
533766,0,0,High,Medium,Rising Loyalists
533950,0,0,High,Medium,Rising Loyalists
534009,0,0,High,Medium,Rising Loyalists
534151,0,0,High,Medium,Rising Loyalists
534324,2,0,Medium,Medium,Mainstream Core Travelers
534452,0,0,High,Medium,Rising Loyalists
534464,0,0,High,Medium,Rising Loyalists
534481,0,0,High,Medium,Rising Loyalists
534505,2,0,Medium,Medium,Mainstream Core Travelers
534510,2,0,Medium,Medium,Mainstream Core Travelers
534571,1,1,Low,High,High-Value At-Risk
534649,0,0,High,Medium,Rising Loyalists
534716,0,0,High,Medium,Rising Loyalists
534734,0,0,High,Medium,Rising Loyalists
534764,2,0,Medium,Medium,Mainstream Core Travelers
534794,2,0,Medium,Medium,Mainstream Core Travelers
534805,2,0,Medium,Medium,Mainstream Core Travelers
534813,0,0,High,Medium,Rising Loyalists
534904,0,0,High,Medium,Rising Loyalists
534905,0,0,High,Medium,Rising Loyalists
534972,0,0,High,Medium,Rising Loyalists
535151,0,1,High,High,Elite Frequent Flyers
535183,2,0,Medium,Medium,Mainstream Core Travelers
535233,0,0,High,Medium,Rising Loyalists
535251,0,0,High,Medium,Rising Loyalists
535320,0,0,High,Medium,Rising Loyalists
535327,0,0,High,Medium,Rising Loyalists
535367,0,0,High,Medium,Rising Loyalists
535413,2,0,Medium,Medium,Mainstream Core Travelers
535436,0,0,High,Medium,Rising Loyalists
535482,0,0,High,Medium,Rising Loyalists
535525,2,0,Medium,Medium,Mainstream Core Travelers
535539,0,0,High,Medium,Rising Loyalists
535544,0,0,High,Medium,Rising Loyalists
535587,0,0,High,Medium,Rising Loyalists
535852,0,0,High,Medium,Rising Loyalists
535892,0,0,High,Medium,Rising Loyalists
535944,0,0,High,Medium,Rising Loyalists
536018,0,0,High,Medium,Rising Loyalists
536021,2,0,Medium,Medium,Mainstream Core Travelers
536066,0,0,High,Medium,Rising Loyalists
536082,0,0,High,Medium,Rising Loyalists
536092,0,0,High,Medium,Rising Loyalists
536124,2,0,Medium,Medium,Mainstream Core Travelers
536132,0,0,High,Medium,Rising Loyalists
536186,0,0,High,Medium,Rising Loyalists
536371,2,1,Medium,High,Loyal Premium Travelers
536409,2,0,Medium,Medium,Mainstream Core Travelers
536485,0,0,High,Medium,Rising Loyalists
536517,0,0,High,Medium,Rising Loyalists
536535,0,0,High,Medium,Rising Loyalists
536567,0,0,High,Medium,Rising Loyalists
536577,0,0,High,Medium,Rising Loyalists
536603,2,0,Medium,Medium,Mainstream Core Travelers
536671,0,0,High,Medium,Rising Loyalists
536699,2,1,Medium,High,Loyal Premium Travelers
536794,0,0,High,Medium,Rising Loyalists
536823,0,0,High,Medium,Rising Loyalists
536848,2,0,Medium,Medium,Mainstream Core Travelers
536941,2,0,Medium,Medium,Mainstream Core Travelers
536959,2,0,Medium,Medium,Mainstream Core Travelers
537013,0,0,High,Medium,Rising Loyalists
537038,0,0,High,Medium,Rising Loyalists
537124,0,0,High,Medium,Rising Loyalists
537132,0,0,High,Medium,Rising Loyalists
537387,0,0,High,Medium,Rising Loyalists
537397,0,0,High,Medium,Rising Loyalists
537405,2,0,Medium,Medium,Mainstream Core Travelers
537421,0,0,High,Medium,Rising Loyalists
537613,0,0,High,Medium,Rising Loyalists
537701,0,0,High,Medium,Rising Loyalists
537711,0,0,High,Medium,Rising Loyalists
537722,0,0,High,Medium,Rising Loyalists
537795,0,0,High,Medium,Rising Loyalists
537829,2,0,Medium,Medium,Mainstream Core Travelers
537852,0,0,High,Medium,Rising Loyalists
537887,2,0,Medium,Medium,Mainstream Core Travelers
537907,0,1,High,High,Elite Frequent Flyers
537914,0,0,High,Medium,Rising Loyalists
537990,0,0,High,Medium,Rising Loyalists
538042,0,0,High,Medium,Rising Loyalists
538308,2,1,Medium,High,Loyal Premium Travelers
538341,0,0,High,Medium,Rising Loyalists
538507,0,0,High,Medium,Rising Loyalists
538550,0,0,High,Medium,Rising Loyalists
538760,2,0,Medium,Medium,Mainstream Core Travelers
538770,0,0,High,Medium,Rising Loyalists
538795,0,0,High,Medium,Rising Loyalists
538854,0,0,High,Medium,Rising Loyalists
538877,0,0,High,Medium,Rising Loyalists
538902,2,0,Medium,Medium,Mainstream Core Travelers
538949,2,0,Medium,Medium,Mainstream Core Travelers
538979,0,0,High,Medium,Rising Loyalists
539106,0,0,High,Medium,Rising Loyalists
539125,0,0,High,Medium,Rising Loyalists
539144,0,0,High,Medium,Rising Loyalists
539322,0,0,High,Medium,Rising Loyalists
539358,0,0,High,Medium,Rising Loyalists
539370,0,0,High,Medium,Rising Loyalists
539436,0,0,High,Medium,Rising Loyalists
539505,2,1,Medium,High,Loyal Premium Travelers
539537,0,0,High,Medium,Rising Loyalists
539599,2,0,Medium,Medium,Mainstream Core Travelers
539673,2,0,Medium,Medium,Mainstream Core Travelers
539674,0,0,High,Medium,Rising Loyalists
539704,0,0,High,Medium,Rising Loyalists
539705,2,0,Medium,Medium,Mainstream Core Travelers
539739,2,0,Medium,Medium,Mainstream Core Travelers
539742,0,0,High,Medium,Rising Loyalists
539746,2,0,Medium,Medium,Mainstream Core Travelers
539760,0,1,High,High,Elite Frequent Flyers
539776,0,0,High,Medium,Rising Loyalists
539854,2,0,Medium,Medium,Mainstream Core Travelers
539941,2,0,Medium,Medium,Mainstream Core Travelers
540011,0,0,High,Medium,Rising Loyalists
540109,0,0,High,Medium,Rising Loyalists
540112,0,1,High,High,Elite Frequent Flyers
540142,0,0,High,Medium,Rising Loyalists
540268,2,0,Medium,Medium,Mainstream Core Travelers
540291,2,0,Medium,Medium,Mainstream Core Travelers
540316,0,0,High,Medium,Rising Loyalists
540380,2,0,Medium,Medium,Mainstream Core Travelers
540497,0,0,High,Medium,Rising Loyalists
540548,0,1,High,High,Elite Frequent Flyers
540551,0,0,High,Medium,Rising Loyalists
540628,0,0,High,Medium,Rising Loyalists
540715,2,0,Medium,Medium,Mainstream Core Travelers
540751,0,0,High,Medium,Rising Loyalists
540756,0,0,High,Medium,Rising Loyalists
540796,2,0,Medium,Medium,Mainstream Core Travelers
540836,2,1,Medium,High,Loyal Premium Travelers
540901,2,1,Medium,High,Loyal Premium Travelers
540905,0,0,High,Medium,Rising Loyalists
540918,0,0,High,Medium,Rising Loyalists
540966,0,0,High,Medium,Rising Loyalists
541000,0,0,High,Medium,Rising Loyalists
541008,2,0,Medium,Medium,Mainstream Core Travelers
541009,0,0,High,Medium,Rising Loyalists
541037,0,0,High,Medium,Rising Loyalists
541040,2,0,Medium,Medium,Mainstream Core Travelers
541078,0,0,High,Medium,Rising Loyalists
541163,0,0,High,Medium,Rising Loyalists
541178,0,0,High,Medium,Rising Loyalists
541239,0,0,High,Medium,Rising Loyalists
541358,0,0,High,Medium,Rising Loyalists
541410,2,0,Medium,Medium,Mainstream Core Travelers
541435,0,0,High,Medium,Rising Loyalists
541557,0,1,High,High,Elite Frequent Flyers
541564,0,0,High,Medium,Rising Loyalists
541741,2,0,Medium,Medium,Mainstream Core Travelers
541751,2,0,Medium,Medium,Mainstream Core Travelers
541898,2,0,Medium,Medium,Mainstream Core Travelers
541953,2,0,Medium,Medium,Mainstream Core Travelers
541961,0,0,High,Medium,Rising Loyalists
542002,0,0,High,Medium,Rising Loyalists
542014,0,0,High,Medium,Rising Loyalists
542043,0,0,High,Medium,Rising Loyalists
542085,0,0,High,Medium,Rising Loyalists
542089,2,0,Medium,Medium,Mainstream Core Travelers
542118,0,0,High,Medium,Rising Loyalists
542180,0,0,High,Medium,Rising Loyalists
542182,0,0,High,Medium,Rising Loyalists
542208,2,0,Medium,Medium,Mainstream Core Travelers
542287,0,0,High,Medium,Rising Loyalists
542296,0,0,High,Medium,Rising Loyalists
542574,0,0,High,Medium,Rising Loyalists
542636,2,1,Medium,High,Loyal Premium Travelers
542696,0,0,High,Medium,Rising Loyalists
542893,0,0,High,Medium,Rising Loyalists
542934,2,0,Medium,Medium,Mainstream Core Travelers
542976,2,1,Medium,High,Loyal Premium Travelers
543119,0,0,High,Medium,Rising Loyalists
543285,2,0,Medium,Medium,Mainstream Core Travelers
543326,0,0,High,Medium,Rising Loyalists
543422,0,1,High,High,Elite Frequent Flyers
543449,2,0,Medium,Medium,Mainstream Core Travelers
543456,2,0,Medium,Medium,Mainstream Core Travelers
543460,0,0,High,Medium,Rising Loyalists
543478,2,0,Medium,Medium,Mainstream Core Travelers
543553,2,0,Medium,Medium,Mainstream Core Travelers
543599,2,0,Medium,Medium,Mainstream Core Travelers
543693,0,0,High,Medium,Rising Loyalists
543852,0,0,High,Medium,Rising Loyalists
543862,0,0,High,Medium,Rising Loyalists
543881,0,0,High,Medium,Rising Loyalists
543901,0,0,High,Medium,Rising Loyalists
543918,0,0,High,Medium,Rising Loyalists
543956,2,0,Medium,Medium,Mainstream Core Travelers
543978,0,0,High,Medium,Rising Loyalists
544167,0,1,High,High,Elite Frequent Flyers
544182,0,0,High,Medium,Rising Loyalists
544301,0,1,High,High,Elite Frequent Flyers
544306,2,0,Medium,Medium,Mainstream Core Travelers
544337,0,0,High,Medium,Rising Loyalists
544421,0,0,High,Medium,Rising Loyalists
544493,0,0,High,Medium,Rising Loyalists
544561,0,0,High,Medium,Rising Loyalists
544569,0,0,High,Medium,Rising Loyalists
544619,2,0,Medium,Medium,Mainstream Core Travelers
544690,0,0,High,Medium,Rising Loyalists
544752,0,0,High,Medium,Rising Loyalists
544837,0,0,High,Medium,Rising Loyalists
544890,0,0,High,Medium,Rising Loyalists
545010,2,0,Medium,Medium,Mainstream Core Travelers
545087,0,0,High,Medium,Rising Loyalists
545127,0,0,High,Medium,Rising Loyalists
545144,2,0,Medium,Medium,Mainstream Core Travelers
545179,0,0,High,Medium,Rising Loyalists
545278,0,0,High,Medium,Rising Loyalists
545378,0,0,High,Medium,Rising Loyalists
545410,0,0,High,Medium,Rising Loyalists
545421,0,0,High,Medium,Rising Loyalists
545497,0,0,High,Medium,Rising Loyalists
545514,2,0,Medium,Medium,Mainstream Core Travelers
545534,0,1,High,High,Elite Frequent Flyers
545541,0,0,High,Medium,Rising Loyalists
545567,0,0,High,Medium,Rising Loyalists
545582,0,1,High,High,Elite Frequent Flyers
545586,0,0,High,Medium,Rising Loyalists
545638,2,0,Medium,Medium,Mainstream Core Travelers
545659,0,0,High,Medium,Rising Loyalists
545744,0,0,High,Medium,Rising Loyalists
545883,0,0,High,Medium,Rising Loyalists
545889,2,1,Medium,High,Loyal Premium Travelers
545917,0,0,High,Medium,Rising Loyalists
545947,0,0,High,Medium,Rising Loyalists
546025,0,0,High,Medium,Rising Loyalists
546037,2,0,Medium,Medium,Mainstream Core Travelers
546039,0,0,High,Medium,Rising Loyalists
546163,2,0,Medium,Medium,Mainstream Core Travelers
546171,2,0,Medium,Medium,Mainstream Core Travelers
546177,0,0,High,Medium,Rising Loyalists
546231,0,0,High,Medium,Rising Loyalists
546259,2,0,Medium,Medium,Mainstream Core Travelers
546456,0,0,High,Medium,Rising Loyalists
546665,0,0,High,Medium,Rising Loyalists
546736,2,1,Medium,High,Loyal Premium Travelers
546758,0,0,High,Medium,Rising Loyalists
546773,0,1,High,High,Elite Frequent Flyers
546796,0,0,High,Medium,Rising Loyalists
546827,0,0,High,Medium,Rising Loyalists
546869,0,0,High,Medium,Rising Loyalists
546994,2,0,Medium,Medium,Mainstream Core Travelers
546997,2,0,Medium,Medium,Mainstream Core Travelers
547016,0,0,High,Medium,Rising Loyalists
547190,0,0,High,Medium,Rising Loyalists
547213,0,0,High,Medium,Rising Loyalists
547217,2,0,Medium,Medium,Mainstream Core Travelers
547342,2,0,Medium,Medium,Mainstream Core Travelers
547355,0,0,High,Medium,Rising Loyalists
547357,0,0,High,Medium,Rising Loyalists
547360,0,0,High,Medium,Rising Loyalists
547407,0,0,High,Medium,Rising Loyalists
547442,2,0,Medium,Medium,Mainstream Core Travelers
547500,0,0,High,Medium,Rising Loyalists
547522,2,0,Medium,Medium,Mainstream Core Travelers
547542,0,0,High,Medium,Rising Loyalists
547559,0,0,High,Medium,Rising Loyalists
547561,0,0,High,Medium,Rising Loyalists
547575,0,0,High,Medium,Rising Loyalists
547649,0,0,High,Medium,Rising Loyalists
547699,0,0,High,Medium,Rising Loyalists
547764,2,0,Medium,Medium,Mainstream Core Travelers
547802,0,0,High,Medium,Rising Loyalists
547994,2,0,Medium,Medium,Mainstream Core Travelers
548037,0,1,High,High,Elite Frequent Flyers
548126,0,0,High,Medium,Rising Loyalists
548202,2,0,Medium,Medium,Mainstream Core Travelers
548228,0,0,High,Medium,Rising Loyalists
548238,0,0,High,Medium,Rising Loyalists
548244,0,0,High,Medium,Rising Loyalists
548251,0,0,High,Medium,Rising Loyalists
548335,0,0,High,Medium,Rising Loyalists
548390,2,0,Medium,Medium,Mainstream Core Travelers
548565,0,0,High,Medium,Rising Loyalists
548638,2,0,Medium,Medium,Mainstream Core Travelers
548682,0,0,High,Medium,Rising Loyalists
548722,0,0,High,Medium,Rising Loyalists
548752,0,0,High,Medium,Rising Loyalists
548883,2,0,Medium,Medium,Mainstream Core Travelers
548999,0,0,High,Medium,Rising Loyalists
549034,0,0,High,Medium,Rising Loyalists
549064,0,0,High,Medium,Rising Loyalists
549080,0,0,High,Medium,Rising Loyalists
549091,2,0,Medium,Medium,Mainstream Core Travelers
549132,0,0,High,Medium,Rising Loyalists
549200,0,0,High,Medium,Rising Loyalists
549238,0,0,High,Medium,Rising Loyalists
549402,0,0,High,Medium,Rising Loyalists
549404,2,0,Medium,Medium,Mainstream Core Travelers
549415,0,0,High,Medium,Rising Loyalists
549444,0,0,High,Medium,Rising Loyalists
549537,0,0,High,Medium,Rising Loyalists
549540,0,0,High,Medium,Rising Loyalists
549541,0,0,High,Medium,Rising Loyalists
549562,2,0,Medium,Medium,Mainstream Core Travelers
549598,2,0,Medium,Medium,Mainstream Core Travelers
549612,0,0,High,Medium,Rising Loyalists
549686,0,0,High,Medium,Rising Loyalists
549715,0,0,High,Medium,Rising Loyalists
549751,0,0,High,Medium,Rising Loyalists
549757,0,0,High,Medium,Rising Loyalists
549858,0,0,High,Medium,Rising Loyalists
549862,0,0,High,Medium,Rising Loyalists
549982,0,0,High,Medium,Rising Loyalists
550058,0,0,High,Medium,Rising Loyalists
550173,0,0,High,Medium,Rising Loyalists
550213,0,0,High,Medium,Rising Loyalists
550262,2,0,Medium,Medium,Mainstream Core Travelers
550303,2,0,Medium,Medium,Mainstream Core Travelers
550352,0,0,High,Medium,Rising Loyalists
550434,0,1,High,High,Elite Frequent Flyers
550519,0,0,High,Medium,Rising Loyalists
550539,2,1,Medium,High,Loyal Premium Travelers
550575,2,0,Medium,Medium,Mainstream Core Travelers
550598,2,0,Medium,Medium,Mainstream Core Travelers
550686,0,0,High,Medium,Rising Loyalists
550769,0,0,High,Medium,Rising Loyalists
550834,2,0,Medium,Medium,Mainstream Core Travelers
550839,0,0,High,Medium,Rising Loyalists
550856,0,0,High,Medium,Rising Loyalists
550896,0,0,High,Medium,Rising Loyalists
551055,0,0,High,Medium,Rising Loyalists
551154,0,0,High,Medium,Rising Loyalists
551248,0,0,High,Medium,Rising Loyalists
551296,0,0,High,Medium,Rising Loyalists
551300,0,0,High,Medium,Rising Loyalists
551313,2,0,Medium,Medium,Mainstream Core Travelers
551391,0,0,High,Medium,Rising Loyalists
551429,0,0,High,Medium,Rising Loyalists
551510,0,0,High,Medium,Rising Loyalists
551533,2,0,Medium,Medium,Mainstream Core Travelers
551652,0,0,High,Medium,Rising Loyalists
551710,2,0,Medium,Medium,Mainstream Core Travelers
551809,0,0,High,Medium,Rising Loyalists
551828,0,0,High,Medium,Rising Loyalists
551833,0,0,High,Medium,Rising Loyalists
551837,0,0,High,Medium,Rising Loyalists
551938,0,0,High,Medium,Rising Loyalists
551946,0,0,High,Medium,Rising Loyalists
551961,2,0,Medium,Medium,Mainstream Core Travelers
551975,0,0,High,Medium,Rising Loyalists
551981,0,0,High,Medium,Rising Loyalists
552016,0,0,High,Medium,Rising Loyalists
552221,2,0,Medium,Medium,Mainstream Core Travelers
552235,2,1,Medium,High,Loyal Premium Travelers
552278,0,0,High,Medium,Rising Loyalists
552328,0,0,High,Medium,Rising Loyalists
552364,0,0,High,Medium,Rising Loyalists
552441,2,0,Medium,Medium,Mainstream Core Travelers
552546,2,0,Medium,Medium,Mainstream Core Travelers
552568,2,1,Medium,High,Loyal Premium Travelers
552576,0,0,High,Medium,Rising Loyalists
552669,0,0,High,Medium,Rising Loyalists
552747,0,0,High,Medium,Rising Loyalists
552755,2,0,Medium,Medium,Mainstream Core Travelers
552776,2,1,Medium,High,Loyal Premium Travelers
552818,0,0,High,Medium,Rising Loyalists
552823,0,0,High,Medium,Rising Loyalists
552936,2,0,Medium,Medium,Mainstream Core Travelers
552945,2,0,Medium,Medium,Mainstream Core Travelers
552965,2,0,Medium,Medium,Mainstream Core Travelers
552966,0,0,High,Medium,Rising Loyalists
553018,2,1,Medium,High,Loyal Premium Travelers
553061,0,0,High,Medium,Rising Loyalists
553089,0,0,High,Medium,Rising Loyalists
553254,0,0,High,Medium,Rising Loyalists
553261,0,1,High,High,Elite Frequent Flyers
553389,0,0,High,Medium,Rising Loyalists
553396,0,0,High,Medium,Rising Loyalists
553412,0,0,High,Medium,Rising Loyalists
553453,0,0,High,Medium,Rising Loyalists
553530,0,0,High,Medium,Rising Loyalists
553558,0,0,High,Medium,Rising Loyalists
553567,2,0,Medium,Medium,Mainstream Core Travelers
553879,0,1,High,High,Elite Frequent Flyers
553936,2,0,Medium,Medium,Mainstream Core Travelers
553943,0,0,High,Medium,Rising Loyalists
553944,2,0,Medium,Medium,Mainstream Core Travelers
553954,0,0,High,Medium,Rising Loyalists
553956,0,1,High,High,Elite Frequent Flyers
553973,0,0,High,Medium,Rising Loyalists
554104,0,0,High,Medium,Rising Loyalists
554136,0,0,High,Medium,Rising Loyalists
554155,0,0,High,Medium,Rising Loyalists
554255,2,0,Medium,Medium,Mainstream Core Travelers
554442,0,1,High,High,Elite Frequent Flyers
554449,0,0,High,Medium,Rising Loyalists
554453,0,0,High,Medium,Rising Loyalists
554487,0,0,High,Medium,Rising Loyalists
554572,2,0,Medium,Medium,Mainstream Core Travelers
554636,0,1,High,High,Elite Frequent Flyers
554712,2,0,Medium,Medium,Mainstream Core Travelers
554761,0,0,High,Medium,Rising Loyalists
554888,2,0,Medium,Medium,Mainstream Core Travelers
554983,0,1,High,High,Elite Frequent Flyers
555001,0,0,High,Medium,Rising Loyalists
555024,2,0,Medium,Medium,Mainstream Core Travelers
555050,0,0,High,Medium,Rising Loyalists
555081,0,0,High,Medium,Rising Loyalists
555102,0,0,High,Medium,Rising Loyalists
555112,2,0,Medium,Medium,Mainstream Core Travelers
555118,0,0,High,Medium,Rising Loyalists
555205,0,0,High,Medium,Rising Loyalists
555218,0,0,High,Medium,Rising Loyalists
555298,0,1,High,High,Elite Frequent Flyers
555301,0,0,High,Medium,Rising Loyalists
555398,0,0,High,Medium,Rising Loyalists
555517,2,1,Medium,High,Loyal Premium Travelers
555541,0,0,High,Medium,Rising Loyalists
555576,0,1,High,High,Elite Frequent Flyers
555745,0,1,High,High,Elite Frequent Flyers
555831,2,0,Medium,Medium,Mainstream Core Travelers
555947,2,0,Medium,Medium,Mainstream Core Travelers
556050,0,0,High,Medium,Rising Loyalists
556136,0,0,High,Medium,Rising Loyalists
556164,0,0,High,Medium,Rising Loyalists
556188,0,0,High,Medium,Rising Loyalists
556266,0,0,High,Medium,Rising Loyalists
556313,0,0,High,Medium,Rising Loyalists
556453,0,0,High,Medium,Rising Loyalists
556492,2,0,Medium,Medium,Mainstream Core Travelers
556622,0,0,High,Medium,Rising Loyalists
556626,0,0,High,Medium,Rising Loyalists
556649,0,0,High,Medium,Rising Loyalists
556688,0,0,High,Medium,Rising Loyalists
556755,2,0,Medium,Medium,Mainstream Core Travelers
556778,0,0,High,Medium,Rising Loyalists
556808,0,0,High,Medium,Rising Loyalists
556865,0,0,High,Medium,Rising Loyalists
556879,2,0,Medium,Medium,Mainstream Core Travelers
556958,0,0,High,Medium,Rising Loyalists
556982,0,0,High,Medium,Rising Loyalists
557138,2,0,Medium,Medium,Mainstream Core Travelers
557289,0,0,High,Medium,Rising Loyalists
557458,0,0,High,Medium,Rising Loyalists
557469,2,0,Medium,Medium,Mainstream Core Travelers
557500,0,0,High,Medium,Rising Loyalists
557519,0,0,High,Medium,Rising Loyalists
557525,0,0,High,Medium,Rising Loyalists
557597,2,0,Medium,Medium,Mainstream Core Travelers
557633,0,0,High,Medium,Rising Loyalists
557640,0,0,High,Medium,Rising Loyalists
557723,0,0,High,Medium,Rising Loyalists
557739,0,0,High,Medium,Rising Loyalists
557752,0,0,High,Medium,Rising Loyalists
557852,2,0,Medium,Medium,Mainstream Core Travelers
557867,0,0,High,Medium,Rising Loyalists
557872,0,0,High,Medium,Rising Loyalists
557880,0,1,High,High,Elite Frequent Flyers
557932,0,0,High,Medium,Rising Loyalists
557996,0,0,High,Medium,Rising Loyalists
558040,0,1,High,High,Elite Frequent Flyers
558097,0,1,High,High,Elite Frequent Flyers
558138,2,0,Medium,Medium,Mainstream Core Travelers
558248,2,0,Medium,Medium,Mainstream Core Travelers
558258,2,0,Medium,Medium,Mainstream Core Travelers
558288,2,0,Medium,Medium,Mainstream Core Travelers
558451,0,0,High,Medium,Rising Loyalists
558469,2,0,Medium,Medium,Mainstream Core Travelers
558511,0,1,High,High,Elite Frequent Flyers
558543,0,0,High,Medium,Rising Loyalists
558598,0,0,High,Medium,Rising Loyalists
558686,0,0,High,Medium,Rising Loyalists
558854,0,0,High,Medium,Rising Loyalists
558969,0,1,High,High,Elite Frequent Flyers
559005,0,0,High,Medium,Rising Loyalists
559007,0,0,High,Medium,Rising Loyalists
559016,0,0,High,Medium,Rising Loyalists
559111,2,1,Medium,High,Loyal Premium Travelers
559124,0,0,High,Medium,Rising Loyalists
559127,2,0,Medium,Medium,Mainstream Core Travelers
559233,2,0,Medium,Medium,Mainstream Core Travelers
559261,2,0,Medium,Medium,Mainstream Core Travelers
559279,0,0,High,Medium,Rising Loyalists
559304,0,0,High,Medium,Rising Loyalists
559342,0,0,High,Medium,Rising Loyalists
559362,0,0,High,Medium,Rising Loyalists
559388,0,0,High,Medium,Rising Loyalists
559483,0,0,High,Medium,Rising Loyalists
559519,2,0,Medium,Medium,Mainstream Core Travelers
559576,0,0,High,Medium,Rising Loyalists
559619,2,0,Medium,Medium,Mainstream Core Travelers
559622,0,0,High,Medium,Rising Loyalists
559657,2,1,Medium,High,Loyal Premium Travelers
559721,0,0,High,Medium,Rising Loyalists
559723,0,0,High,Medium,Rising Loyalists
559726,0,0,High,Medium,Rising Loyalists
559879,0,0,High,Medium,Rising Loyalists
560024,0,0,High,Medium,Rising Loyalists
560104,0,0,High,Medium,Rising Loyalists
560149,0,0,High,Medium,Rising Loyalists
560283,2,0,Medium,Medium,Mainstream Core Travelers
560505,2,0,Medium,Medium,Mainstream Core Travelers
560528,0,0,High,Medium,Rising Loyalists
560597,2,0,Medium,Medium,Mainstream Core Travelers
560713,0,0,High,Medium,Rising Loyalists
560714,0,0,High,Medium,Rising Loyalists
560936,0,0,High,Medium,Rising Loyalists
560990,2,0,Medium,Medium,Mainstream Core Travelers
561041,0,0,High,Medium,Rising Loyalists
561053,0,0,High,Medium,Rising Loyalists
561072,0,0,High,Medium,Rising Loyalists
561092,0,0,High,Medium,Rising Loyalists
561107,0,0,High,Medium,Rising Loyalists
561219,0,0,High,Medium,Rising Loyalists
561228,0,0,High,Medium,Rising Loyalists
561251,0,0,High,Medium,Rising Loyalists
561284,0,0,High,Medium,Rising Loyalists
561307,2,1,Medium,High,Loyal Premium Travelers
561321,0,0,High,Medium,Rising Loyalists
561413,0,0,High,Medium,Rising Loyalists
561481,0,0,High,Medium,Rising Loyalists
561520,0,0,High,Medium,Rising Loyalists
561570,0,0,High,Medium,Rising Loyalists
561620,0,0,High,Medium,Rising Loyalists
561621,0,0,High,Medium,Rising Loyalists
561640,0,0,High,Medium,Rising Loyalists
561654,0,0,High,Medium,Rising Loyalists
561722,2,1,Medium,High,Loyal Premium Travelers
561801,2,0,Medium,Medium,Mainstream Core Travelers
561873,0,0,High,Medium,Rising Loyalists
561874,0,0,High,Medium,Rising Loyalists
561917,2,0,Medium,Medium,Mainstream Core Travelers
561933,2,0,Medium,Medium,Mainstream Core Travelers
561961,0,0,High,Medium,Rising Loyalists
561981,2,0,Medium,Medium,Mainstream Core Travelers
562084,0,0,High,Medium,Rising Loyalists
562093,0,0,High,Medium,Rising Loyalists
562234,0,1,High,High,Elite Frequent Flyers
562305,0,0,High,Medium,Rising Loyalists
562324,2,1,Medium,High,Loyal Premium Travelers
562358,2,0,Medium,Medium,Mainstream Core Travelers
562361,2,0,Medium,Medium,Mainstream Core Travelers
562376,0,0,High,Medium,Rising Loyalists
562404,0,0,High,Medium,Rising Loyalists
562411,0,0,High,Medium,Rising Loyalists
562501,2,1,Medium,High,Loyal Premium Travelers
562510,2,1,Medium,High,Loyal Premium Travelers
562588,2,0,Medium,Medium,Mainstream Core Travelers
562644,0,0,High,Medium,Rising Loyalists
562655,0,0,High,Medium,Rising Loyalists
562661,2,0,Medium,Medium,Mainstream Core Travelers
562677,0,0,High,Medium,Rising Loyalists
562703,2,0,Medium,Medium,Mainstream Core Travelers
562734,0,0,High,Medium,Rising Loyalists
562737,0,0,High,Medium,Rising Loyalists
563076,0,0,High,Medium,Rising Loyalists
563086,0,1,High,High,Elite Frequent Flyers
563094,2,0,Medium,Medium,Mainstream Core Travelers
563142,2,0,Medium,Medium,Mainstream Core Travelers
563188,0,0,High,Medium,Rising Loyalists
563217,0,0,High,Medium,Rising Loyalists
563386,2,0,Medium,Medium,Mainstream Core Travelers
563410,0,0,High,Medium,Rising Loyalists
563428,2,0,Medium,Medium,Mainstream Core Travelers
563587,0,0,High,Medium,Rising Loyalists
563633,0,0,High,Medium,Rising Loyalists
563749,0,0,High,Medium,Rising Loyalists
563774,0,0,High,Medium,Rising Loyalists
563945,0,1,High,High,Elite Frequent Flyers
563977,0,1,High,High,Elite Frequent Flyers
563981,0,0,High,Medium,Rising Loyalists
564111,0,0,High,Medium,Rising Loyalists
564114,0,0,High,Medium,Rising Loyalists
564138,0,0,High,Medium,Rising Loyalists
564141,0,0,High,Medium,Rising Loyalists
564201,0,0,High,Medium,Rising Loyalists
564305,2,0,Medium,Medium,Mainstream Core Travelers
564449,0,0,High,Medium,Rising Loyalists
564650,0,0,High,Medium,Rising Loyalists
564707,0,0,High,Medium,Rising Loyalists
564813,2,0,Medium,Medium,Mainstream Core Travelers
564838,2,0,Medium,Medium,Mainstream Core Travelers
564841,0,0,High,Medium,Rising Loyalists
564882,0,0,High,Medium,Rising Loyalists
564909,0,0,High,Medium,Rising Loyalists
564959,0,0,High,Medium,Rising Loyalists
564973,0,0,High,Medium,Rising Loyalists
565008,2,0,Medium,Medium,Mainstream Core Travelers
565040,0,0,High,Medium,Rising Loyalists
565041,0,0,High,Medium,Rising Loyalists
565074,2,0,Medium,Medium,Mainstream Core Travelers
565133,0,0,High,Medium,Rising Loyalists
565171,0,0,High,Medium,Rising Loyalists
565227,2,1,Medium,High,Loyal Premium Travelers
565242,2,0,Medium,Medium,Mainstream Core Travelers
565351,0,0,High,Medium,Rising Loyalists
565452,0,0,High,Medium,Rising Loyalists
565533,0,0,High,Medium,Rising Loyalists
565602,0,0,High,Medium,Rising Loyalists
565634,2,1,Medium,High,Loyal Premium Travelers
565690,0,0,High,Medium,Rising Loyalists
565710,0,0,High,Medium,Rising Loyalists
565787,2,0,Medium,Medium,Mainstream Core Travelers
565805,0,0,High,Medium,Rising Loyalists
565811,0,0,High,Medium,Rising Loyalists
565841,0,0,High,Medium,Rising Loyalists
565876,0,0,High,Medium,Rising Loyalists
565900,0,0,High,Medium,Rising Loyalists
565960,0,0,High,Medium,Rising Loyalists
565991,2,0,Medium,Medium,Mainstream Core Travelers
566033,2,0,Medium,Medium,Mainstream Core Travelers
566165,0,0,High,Medium,Rising Loyalists
566182,0,0,High,Medium,Rising Loyalists
566343,2,0,Medium,Medium,Mainstream Core Travelers
566374,0,1,High,High,Elite Frequent Flyers
566550,2,0,Medium,Medium,Mainstream Core Travelers
566630,0,0,High,Medium,Rising Loyalists
566640,0,0,High,Medium,Rising Loyalists
566663,2,0,Medium,Medium,Mainstream Core Travelers
566696,0,0,High,Medium,Rising Loyalists
566714,0,0,High,Medium,Rising Loyalists
566737,0,0,High,Medium,Rising Loyalists
566767,0,0,High,Medium,Rising Loyalists
566802,2,0,Medium,Medium,Mainstream Core Travelers
566808,0,0,High,Medium,Rising Loyalists
566851,0,0,High,Medium,Rising Loyalists
566951,0,1,High,High,Elite Frequent Flyers
566957,0,0,High,Medium,Rising Loyalists
566961,0,0,High,Medium,Rising Loyalists
566991,0,0,High,Medium,Rising Loyalists
567048,0,0,High,Medium,Rising Loyalists
567070,0,0,High,Medium,Rising Loyalists
567082,2,0,Medium,Medium,Mainstream Core Travelers
567151,2,0,Medium,Medium,Mainstream Core Travelers
567210,0,0,High,Medium,Rising Loyalists
567219,2,0,Medium,Medium,Mainstream Core Travelers
567227,0,0,High,Medium,Rising Loyalists
567256,0,0,High,Medium,Rising Loyalists
567261,0,0,High,Medium,Rising Loyalists
567319,0,0,High,Medium,Rising Loyalists
567412,0,0,High,Medium,Rising Loyalists
567420,0,1,High,High,Elite Frequent Flyers
567571,0,0,High,Medium,Rising Loyalists
567670,2,0,Medium,Medium,Mainstream Core Travelers
567805,2,0,Medium,Medium,Mainstream Core Travelers
567865,2,0,Medium,Medium,Mainstream Core Travelers
567875,0,0,High,Medium,Rising Loyalists
568111,0,0,High,Medium,Rising Loyalists
568171,0,0,High,Medium,Rising Loyalists
568172,0,0,High,Medium,Rising Loyalists
568205,0,0,High,Medium,Rising Loyalists
568286,0,0,High,Medium,Rising Loyalists
568329,0,0,High,Medium,Rising Loyalists
568442,0,0,High,Medium,Rising Loyalists
568484,0,0,High,Medium,Rising Loyalists
568525,0,0,High,Medium,Rising Loyalists
568547,0,0,High,Medium,Rising Loyalists
568594,0,0,High,Medium,Rising Loyalists
568667,2,0,Medium,Medium,Mainstream Core Travelers
568678,0,0,High,Medium,Rising Loyalists
568681,2,0,Medium,Medium,Mainstream Core Travelers
568712,0,0,High,Medium,Rising Loyalists
568734,0,0,High,Medium,Rising Loyalists
568769,0,0,High,Medium,Rising Loyalists
568786,0,0,High,Medium,Rising Loyalists
568798,2,0,Medium,Medium,Mainstream Core Travelers
568814,0,0,High,Medium,Rising Loyalists
568870,0,1,High,High,Elite Frequent Flyers
568880,0,0,High,Medium,Rising Loyalists
568953,0,0,High,Medium,Rising Loyalists
569188,2,0,Medium,Medium,Mainstream Core Travelers
569236,0,0,High,Medium,Rising Loyalists
569313,0,0,High,Medium,Rising Loyalists
569315,0,0,High,Medium,Rising Loyalists
569319,0,0,High,Medium,Rising Loyalists
569347,0,0,High,Medium,Rising Loyalists
569369,0,0,High,Medium,Rising Loyalists
569603,0,0,High,Medium,Rising Loyalists
569677,2,1,Medium,High,Loyal Premium Travelers
569720,0,0,High,Medium,Rising Loyalists
569769,2,0,Medium,Medium,Mainstream Core Travelers
569846,2,0,Medium,Medium,Mainstream Core Travelers
569880,0,0,High,Medium,Rising Loyalists
569940,0,1,High,High,Elite Frequent Flyers
569972,2,0,Medium,Medium,Mainstream Core Travelers
570116,0,0,High,Medium,Rising Loyalists
570299,0,1,High,High,Elite Frequent Flyers
570318,0,0,High,Medium,Rising Loyalists
570406,0,0,High,Medium,Rising Loyalists
570469,0,0,High,Medium,Rising Loyalists
570531,2,0,Medium,Medium,Mainstream Core Travelers
570600,0,0,High,Medium,Rising Loyalists
570637,0,0,High,Medium,Rising Loyalists
570668,2,0,Medium,Medium,Mainstream Core Travelers
570683,0,0,High,Medium,Rising Loyalists
570784,0,0,High,Medium,Rising Loyalists
570796,0,0,High,Medium,Rising Loyalists
570806,0,0,High,Medium,Rising Loyalists
570920,0,0,High,Medium,Rising Loyalists
570971,2,0,Medium,Medium,Mainstream Core Travelers
571017,0,0,High,Medium,Rising Loyalists
571123,0,0,High,Medium,Rising Loyalists
571163,0,1,High,High,Elite Frequent Flyers
571169,2,0,Medium,Medium,Mainstream Core Travelers
571180,0,0,High,Medium,Rising Loyalists
571215,0,0,High,Medium,Rising Loyalists
571239,0,0,High,Medium,Rising Loyalists
571340,2,0,Medium,Medium,Mainstream Core Travelers
571406,2,1,Medium,High,Loyal Premium Travelers
571409,2,0,Medium,Medium,Mainstream Core Travelers
571479,2,0,Medium,Medium,Mainstream Core Travelers
571498,0,0,High,Medium,Rising Loyalists
571603,2,0,Medium,Medium,Mainstream Core Travelers
571643,0,0,High,Medium,Rising Loyalists
571670,0,0,High,Medium,Rising Loyalists
571760,0,0,High,Medium,Rising Loyalists
571845,2,0,Medium,Medium,Mainstream Core Travelers
571942,0,0,High,Medium,Rising Loyalists
571964,0,0,High,Medium,Rising Loyalists
571970,0,0,High,Medium,Rising Loyalists
571992,0,1,High,High,Elite Frequent Flyers
572015,0,0,High,Medium,Rising Loyalists
572045,2,0,Medium,Medium,Mainstream Core Travelers
572062,2,0,Medium,Medium,Mainstream Core Travelers
572066,2,0,Medium,Medium,Mainstream Core Travelers
572073,0,1,High,High,Elite Frequent Flyers
572094,0,0,High,Medium,Rising Loyalists
572263,0,0,High,Medium,Rising Loyalists
572265,0,0,High,Medium,Rising Loyalists
572282,0,0,High,Medium,Rising Loyalists
572345,0,0,High,Medium,Rising Loyalists
572410,0,0,High,Medium,Rising Loyalists
572448,2,0,Medium,Medium,Mainstream Core Travelers
572463,2,0,Medium,Medium,Mainstream Core Travelers
572505,2,0,Medium,Medium,Mainstream Core Travelers
572547,0,1,High,High,Elite Frequent Flyers
572647,0,0,High,Medium,Rising Loyalists
572663,0,0,High,Medium,Rising Loyalists
572668,0,0,High,Medium,Rising Loyalists
572768,2,0,Medium,Medium,Mainstream Core Travelers
572811,0,0,High,Medium,Rising Loyalists
572812,2,0,Medium,Medium,Mainstream Core Travelers
572836,2,0,Medium,Medium,Mainstream Core Travelers
572890,0,0,High,Medium,Rising Loyalists
572927,2,0,Medium,Medium,Mainstream Core Travelers
573078,0,0,High,Medium,Rising Loyalists
573217,0,0,High,Medium,Rising Loyalists
573290,2,0,Medium,Medium,Mainstream Core Travelers
573332,0,0,High,Medium,Rising Loyalists
573344,0,0,High,Medium,Rising Loyalists
573347,2,0,Medium,Medium,Mainstream Core Travelers
573446,0,0,High,Medium,Rising Loyalists
573458,0,0,High,Medium,Rising Loyalists
573475,0,0,High,Medium,Rising Loyalists
573505,0,0,High,Medium,Rising Loyalists
573649,0,0,High,Medium,Rising Loyalists
573661,2,0,Medium,Medium,Mainstream Core Travelers
573681,0,0,High,Medium,Rising Loyalists
573830,2,1,Medium,High,Loyal Premium Travelers
573897,0,0,High,Medium,Rising Loyalists
573954,0,0,High,Medium,Rising Loyalists
573964,0,0,High,Medium,Rising Loyalists
573972,0,0,High,Medium,Rising Loyalists
573986,2,0,Medium,Medium,Mainstream Core Travelers
573995,2,0,Medium,Medium,Mainstream Core Travelers
574005,2,0,Medium,Medium,Mainstream Core Travelers
574081,2,0,Medium,Medium,Mainstream Core Travelers
574163,0,0,High,Medium,Rising Loyalists
574302,2,0,Medium,Medium,Mainstream Core Travelers
574330,0,0,High,Medium,Rising Loyalists
574391,2,0,Medium,Medium,Mainstream Core Travelers
574492,2,1,Medium,High,Loyal Premium Travelers
574506,2,0,Medium,Medium,Mainstream Core Travelers
574542,0,0,High,Medium,Rising Loyalists
574560,2,0,Medium,Medium,Mainstream Core Travelers
574613,2,0,Medium,Medium,Mainstream Core Travelers
574627,2,0,Medium,Medium,Mainstream Core Travelers
574640,0,0,High,Medium,Rising Loyalists
574674,0,0,High,Medium,Rising Loyalists
574688,2,1,Medium,High,Loyal Premium Travelers
574723,0,0,High,Medium,Rising Loyalists
574726,0,0,High,Medium,Rising Loyalists
574745,2,0,Medium,Medium,Mainstream Core Travelers
574771,0,0,High,Medium,Rising Loyalists
574835,0,0,High,Medium,Rising Loyalists
574899,0,0,High,Medium,Rising Loyalists
574930,0,0,High,Medium,Rising Loyalists
575015,2,0,Medium,Medium,Mainstream Core Travelers
575030,0,0,High,Medium,Rising Loyalists
575070,0,0,High,Medium,Rising Loyalists
575089,2,1,Medium,High,Loyal Premium Travelers
575123,0,0,High,Medium,Rising Loyalists
575145,2,1,Medium,High,Loyal Premium Travelers
575147,0,0,High,Medium,Rising Loyalists
575342,2,0,Medium,Medium,Mainstream Core Travelers
575411,2,0,Medium,Medium,Mainstream Core Travelers
575434,0,0,High,Medium,Rising Loyalists
575487,2,0,Medium,Medium,Mainstream Core Travelers
575571,0,0,High,Medium,Rising Loyalists
575573,0,0,High,Medium,Rising Loyalists
575574,0,0,High,Medium,Rising Loyalists
575612,0,0,High,Medium,Rising Loyalists
575818,0,0,High,Medium,Rising Loyalists
575821,2,0,Medium,Medium,Mainstream Core Travelers
575833,0,0,High,Medium,Rising Loyalists
575844,0,0,High,Medium,Rising Loyalists
575849,0,0,High,Medium,Rising Loyalists
575948,0,0,High,Medium,Rising Loyalists
576051,0,0,High,Medium,Rising Loyalists
576057,2,0,Medium,Medium,Mainstream Core Travelers
576071,0,0,High,Medium,Rising Loyalists
576074,0,0,High,Medium,Rising Loyalists
576110,0,1,High,High,Elite Frequent Flyers
576176,0,0,High,Medium,Rising Loyalists
576184,0,0,High,Medium,Rising Loyalists
576217,0,0,High,Medium,Rising Loyalists
576294,0,0,High,Medium,Rising Loyalists
576345,0,0,High,Medium,Rising Loyalists
576354,0,0,High,Medium,Rising Loyalists
576363,0,0,High,Medium,Rising Loyalists
576498,0,0,High,Medium,Rising Loyalists
576576,0,0,High,Medium,Rising Loyalists
576587,0,0,High,Medium,Rising Loyalists
576654,2,0,Medium,Medium,Mainstream Core Travelers
576658,2,0,Medium,Medium,Mainstream Core Travelers
576690,0,0,High,Medium,Rising Loyalists
576692,0,0,High,Medium,Rising Loyalists
576716,0,0,High,Medium,Rising Loyalists
576736,0,0,High,Medium,Rising Loyalists
576871,0,0,High,Medium,Rising Loyalists
576878,0,0,High,Medium,Rising Loyalists
576911,0,0,High,Medium,Rising Loyalists
576936,0,0,High,Medium,Rising Loyalists
576947,0,0,High,Medium,Rising Loyalists
577124,0,0,High,Medium,Rising Loyalists
577151,0,0,High,Medium,Rising Loyalists
577156,0,0,High,Medium,Rising Loyalists
577195,2,0,Medium,Medium,Mainstream Core Travelers
577232,2,0,Medium,Medium,Mainstream Core Travelers
577265,0,0,High,Medium,Rising Loyalists
577278,0,0,High,Medium,Rising Loyalists
577322,0,0,High,Medium,Rising Loyalists
577360,0,0,High,Medium,Rising Loyalists
577374,0,0,High,Medium,Rising Loyalists
577386,0,0,High,Medium,Rising Loyalists
577398,0,1,High,High,Elite Frequent Flyers
577405,0,0,High,Medium,Rising Loyalists
577467,0,0,High,Medium,Rising Loyalists
577501,0,0,High,Medium,Rising Loyalists
577535,0,0,High,Medium,Rising Loyalists
577726,0,0,High,Medium,Rising Loyalists
577795,0,0,High,Medium,Rising Loyalists
577844,0,0,High,Medium,Rising Loyalists
577860,0,0,High,Medium,Rising Loyalists
577872,2,0,Medium,Medium,Mainstream Core Travelers
577901,2,0,Medium,Medium,Mainstream Core Travelers
577998,2,1,Medium,High,Loyal Premium Travelers
578013,0,0,High,Medium,Rising Loyalists
578020,2,0,Medium,Medium,Mainstream Core Travelers
578114,0,0,High,Medium,Rising Loyalists
578167,0,0,High,Medium,Rising Loyalists
578203,0,0,High,Medium,Rising Loyalists
578234,2,0,Medium,Medium,Mainstream Core Travelers
578688,0,0,High,Medium,Rising Loyalists
578751,2,0,Medium,Medium,Mainstream Core Travelers
578788,2,0,Medium,Medium,Mainstream Core Travelers
578811,0,0,High,Medium,Rising Loyalists
578837,0,0,High,Medium,Rising Loyalists
578944,0,0,High,Medium,Rising Loyalists
578998,0,1,High,High,Elite Frequent Flyers
579005,0,0,High,Medium,Rising Loyalists
579015,0,0,High,Medium,Rising Loyalists
579034,0,0,High,Medium,Rising Loyalists
579093,2,0,Medium,Medium,Mainstream Core Travelers
579245,2,0,Medium,Medium,Mainstream Core Travelers
579283,2,0,Medium,Medium,Mainstream Core Travelers
579318,0,0,High,Medium,Rising Loyalists
579322,0,0,High,Medium,Rising Loyalists
579377,0,0,High,Medium,Rising Loyalists
579424,0,1,High,High,Elite Frequent Flyers
579438,2,0,Medium,Medium,Mainstream Core Travelers
579581,0,0,High,Medium,Rising Loyalists
579584,2,1,Medium,High,Loyal Premium Travelers
579684,0,0,High,Medium,Rising Loyalists
579710,0,0,High,Medium,Rising Loyalists
579726,0,0,High,Medium,Rising Loyalists
579785,2,0,Medium,Medium,Mainstream Core Travelers
579847,0,0,High,Medium,Rising Loyalists
579883,2,0,Medium,Medium,Mainstream Core Travelers
579890,0,0,High,Medium,Rising Loyalists
579931,0,0,High,Medium,Rising Loyalists
579943,0,0,High,Medium,Rising Loyalists
579990,0,0,High,Medium,Rising Loyalists
580068,2,0,Medium,Medium,Mainstream Core Travelers
580159,0,0,High,Medium,Rising Loyalists
580169,0,0,High,Medium,Rising Loyalists
580201,0,0,High,Medium,Rising Loyalists
580212,0,0,High,Medium,Rising Loyalists
580324,0,0,High,Medium,Rising Loyalists
580341,0,0,High,Medium,Rising Loyalists
580356,0,0,High,Medium,Rising Loyalists
580472,0,0,High,Medium,Rising Loyalists
580493,0,0,High,Medium,Rising Loyalists
580500,2,0,Medium,Medium,Mainstream Core Travelers
580508,0,0,High,Medium,Rising Loyalists
580554,0,0,High,Medium,Rising Loyalists
580586,0,0,High,Medium,Rising Loyalists
580592,2,0,Medium,Medium,Mainstream Core Travelers
580628,2,0,Medium,Medium,Mainstream Core Travelers
580834,0,0,High,Medium,Rising Loyalists
580979,2,0,Medium,Medium,Mainstream Core Travelers
581007,0,0,High,Medium,Rising Loyalists
581079,0,0,High,Medium,Rising Loyalists
581260,0,0,High,Medium,Rising Loyalists
581294,0,0,High,Medium,Rising Loyalists
581380,2,0,Medium,Medium,Mainstream Core Travelers
581396,0,0,High,Medium,Rising Loyalists
581419,2,0,Medium,Medium,Mainstream Core Travelers
581427,0,0,High,Medium,Rising Loyalists
581481,0,0,High,Medium,Rising Loyalists
581513,0,0,High,Medium,Rising Loyalists
581531,0,0,High,Medium,Rising Loyalists
581533,0,0,High,Medium,Rising Loyalists
581596,0,0,High,Medium,Rising Loyalists
581651,2,0,Medium,Medium,Mainstream Core Travelers
581661,0,0,High,Medium,Rising Loyalists
581668,0,0,High,Medium,Rising Loyalists
581682,0,0,High,Medium,Rising Loyalists
581712,0,0,High,Medium,Rising Loyalists
581913,0,0,High,Medium,Rising Loyalists
581999,0,0,High,Medium,Rising Loyalists
582066,0,0,High,Medium,Rising Loyalists
582067,2,0,Medium,Medium,Mainstream Core Travelers
582097,2,0,Medium,Medium,Mainstream Core Travelers
582166,2,0,Medium,Medium,Mainstream Core Travelers
582244,2,0,Medium,Medium,Mainstream Core Travelers
582256,2,0,Medium,Medium,Mainstream Core Travelers
582257,0,0,High,Medium,Rising Loyalists
582364,0,0,High,Medium,Rising Loyalists
582427,0,0,High,Medium,Rising Loyalists
582429,2,0,Medium,Medium,Mainstream Core Travelers
582493,0,0,High,Medium,Rising Loyalists
582646,2,0,Medium,Medium,Mainstream Core Travelers
582674,2,0,Medium,Medium,Mainstream Core Travelers
582690,0,0,High,Medium,Rising Loyalists
582843,2,0,Medium,Medium,Mainstream Core Travelers
582861,0,0,High,Medium,Rising Loyalists
582874,2,0,Medium,Medium,Mainstream Core Travelers
582883,0,0,High,Medium,Rising Loyalists
582929,0,0,High,Medium,Rising Loyalists
582930,0,0,High,Medium,Rising Loyalists
582990,2,0,Medium,Medium,Mainstream Core Travelers
583003,2,0,Medium,Medium,Mainstream Core Travelers
583005,0,0,High,Medium,Rising Loyalists
583165,2,0,Medium,Medium,Mainstream Core Travelers
583175,2,0,Medium,Medium,Mainstream Core Travelers
583223,0,0,High,Medium,Rising Loyalists
583227,0,0,High,Medium,Rising Loyalists
583252,0,0,High,Medium,Rising Loyalists
583271,0,0,High,Medium,Rising Loyalists
583272,2,0,Medium,Medium,Mainstream Core Travelers
583327,0,0,High,Medium,Rising Loyalists
583415,0,0,High,Medium,Rising Loyalists
583513,0,0,High,Medium,Rising Loyalists
583539,0,0,High,Medium,Rising Loyalists
583565,0,0,High,Medium,Rising Loyalists
583601,2,0,Medium,Medium,Mainstream Core Travelers
583610,0,0,High,Medium,Rising Loyalists
583648,0,0,High,Medium,Rising Loyalists
583670,0,1,High,High,Elite Frequent Flyers
583718,0,0,High,Medium,Rising Loyalists
583754,2,0,Medium,Medium,Mainstream Core Travelers
583788,2,0,Medium,Medium,Mainstream Core Travelers
584017,0,0,High,Medium,Rising Loyalists
584173,0,0,High,Medium,Rising Loyalists
584285,0,0,High,Medium,Rising Loyalists
584377,0,0,High,Medium,Rising Loyalists
584405,0,0,High,Medium,Rising Loyalists
584426,2,0,Medium,Medium,Mainstream Core Travelers
584458,0,0,High,Medium,Rising Loyalists
584463,0,0,High,Medium,Rising Loyalists
584536,0,0,High,Medium,Rising Loyalists
584537,0,0,High,Medium,Rising Loyalists
584564,0,0,High,Medium,Rising Loyalists
584727,0,0,High,Medium,Rising Loyalists
584737,0,0,High,Medium,Rising Loyalists
584782,0,0,High,Medium,Rising Loyalists
584796,2,1,Medium,High,Loyal Premium Travelers
584833,2,0,Medium,Medium,Mainstream Core Travelers
584845,0,0,High,Medium,Rising Loyalists
584880,0,0,High,Medium,Rising Loyalists
585039,0,0,High,Medium,Rising Loyalists
585066,2,0,Medium,Medium,Mainstream Core Travelers
585082,0,0,High,Medium,Rising Loyalists
585162,2,0,Medium,Medium,Mainstream Core Travelers
585271,2,0,Medium,Medium,Mainstream Core Travelers
585275,0,0,High,Medium,Rising Loyalists
585277,2,0,Medium,Medium,Mainstream Core Travelers
585316,0,0,High,Medium,Rising Loyalists
585357,0,0,High,Medium,Rising Loyalists
585377,0,0,High,Medium,Rising Loyalists
585386,0,0,High,Medium,Rising Loyalists
585420,0,0,High,Medium,Rising Loyalists
585495,2,1,Medium,High,Loyal Premium Travelers
585509,2,0,Medium,Medium,Mainstream Core Travelers
585629,0,0,High,Medium,Rising Loyalists
585642,0,0,High,Medium,Rising Loyalists
585756,0,0,High,Medium,Rising Loyalists
585780,0,0,High,Medium,Rising Loyalists
585793,0,0,High,Medium,Rising Loyalists
585850,0,0,High,Medium,Rising Loyalists
585853,0,0,High,Medium,Rising Loyalists
585854,0,0,High,Medium,Rising Loyalists
585947,0,0,High,Medium,Rising Loyalists
585975,0,0,High,Medium,Rising Loyalists
585976,2,0,Medium,Medium,Mainstream Core Travelers
585978,0,0,High,Medium,Rising Loyalists
586056,0,0,High,Medium,Rising Loyalists
586076,2,0,Medium,Medium,Mainstream Core Travelers
586100,0,0,High,Medium,Rising Loyalists
586164,0,0,High,Medium,Rising Loyalists
586191,0,0,High,Medium,Rising Loyalists
586199,0,0,High,Medium,Rising Loyalists
586365,2,0,Medium,Medium,Mainstream Core Travelers
586401,2,0,Medium,Medium,Mainstream Core Travelers
586446,0,0,High,Medium,Rising Loyalists
586542,0,0,High,Medium,Rising Loyalists
586686,0,0,High,Medium,Rising Loyalists
586711,0,0,High,Medium,Rising Loyalists
586734,0,1,High,High,Elite Frequent Flyers
586753,0,0,High,Medium,Rising Loyalists
586870,0,0,High,Medium,Rising Loyalists
586891,0,0,High,Medium,Rising Loyalists
586944,0,0,High,Medium,Rising Loyalists
587136,2,0,Medium,Medium,Mainstream Core Travelers
587196,2,0,Medium,Medium,Mainstream Core Travelers
587284,2,0,Medium,Medium,Mainstream Core Travelers
587378,0,0,High,Medium,Rising Loyalists
587420,0,0,High,Medium,Rising Loyalists
587480,0,0,High,Medium,Rising Loyalists
587543,2,0,Medium,Medium,Mainstream Core Travelers
587591,0,0,High,Medium,Rising Loyalists
587619,0,0,High,Medium,Rising Loyalists
587623,0,0,High,Medium,Rising Loyalists
587633,0,0,High,Medium,Rising Loyalists
587769,2,1,Medium,High,Loyal Premium Travelers
587800,0,0,High,Medium,Rising Loyalists
587867,0,0,High,Medium,Rising Loyalists
588015,0,1,High,High,Elite Frequent Flyers
588095,0,0,High,Medium,Rising Loyalists
588220,0,0,High,Medium,Rising Loyalists
588237,0,0,High,Medium,Rising Loyalists
588292,2,0,Medium,Medium,Mainstream Core Travelers
588445,0,0,High,Medium,Rising Loyalists
588516,0,0,High,Medium,Rising Loyalists
588657,0,0,High,Medium,Rising Loyalists
588789,0,0,High,Medium,Rising Loyalists
588864,2,0,Medium,Medium,Mainstream Core Travelers
588917,0,1,High,High,Elite Frequent Flyers
588943,2,0,Medium,Medium,Mainstream Core Travelers
588980,0,0,High,Medium,Rising Loyalists
588993,2,0,Medium,Medium,Mainstream Core Travelers
589074,2,0,Medium,Medium,Mainstream Core Travelers
589101,0,0,High,Medium,Rising Loyalists
589394,2,0,Medium,Medium,Mainstream Core Travelers
589427,0,0,High,Medium,Rising Loyalists
589430,2,0,Medium,Medium,Mainstream Core Travelers
589466,0,0,High,Medium,Rising Loyalists
589580,0,0,High,Medium,Rising Loyalists
589745,0,0,High,Medium,Rising Loyalists
589765,0,0,High,Medium,Rising Loyalists
589795,0,0,High,Medium,Rising Loyalists
589818,0,0,High,Medium,Rising Loyalists
589840,0,0,High,Medium,Rising Loyalists
590012,2,0,Medium,Medium,Mainstream Core Travelers
590025,0,0,High,Medium,Rising Loyalists
590098,0,0,High,Medium,Rising Loyalists
590246,0,0,High,Medium,Rising Loyalists
590280,0,1,High,High,Elite Frequent Flyers
590301,0,0,High,Medium,Rising Loyalists
590393,2,0,Medium,Medium,Mainstream Core Travelers
590485,0,0,High,Medium,Rising Loyalists
590514,0,1,High,High,Elite Frequent Flyers
590621,2,0,Medium,Medium,Mainstream Core Travelers
590647,0,0,High,Medium,Rising Loyalists
590727,2,0,Medium,Medium,Mainstream Core Travelers
590752,0,0,High,Medium,Rising Loyalists
590778,2,1,Medium,High,Loyal Premium Travelers
590936,0,0,High,Medium,Rising Loyalists
590981,0,0,High,Medium,Rising Loyalists
590989,0,0,High,Medium,Rising Loyalists
591174,2,0,Medium,Medium,Mainstream Core Travelers
591234,2,0,Medium,Medium,Mainstream Core Travelers
591272,0,0,High,Medium,Rising Loyalists
591367,0,0,High,Medium,Rising Loyalists
591377,0,0,High,Medium,Rising Loyalists
591414,2,0,Medium,Medium,Mainstream Core Travelers
591476,0,0,High,Medium,Rising Loyalists
591547,0,0,High,Medium,Rising Loyalists
591576,2,0,Medium,Medium,Mainstream Core Travelers
591579,2,0,Medium,Medium,Mainstream Core Travelers
591608,0,0,High,Medium,Rising Loyalists
591641,0,0,High,Medium,Rising Loyalists
591731,0,0,High,Medium,Rising Loyalists
591758,0,0,High,Medium,Rising Loyalists
591841,0,0,High,Medium,Rising Loyalists
591854,0,0,High,Medium,Rising Loyalists
592003,0,1,High,High,Elite Frequent Flyers
592034,2,0,Medium,Medium,Mainstream Core Travelers
592064,2,0,Medium,Medium,Mainstream Core Travelers
592088,0,0,High,Medium,Rising Loyalists
592145,0,0,High,Medium,Rising Loyalists
592213,2,0,Medium,Medium,Mainstream Core Travelers
592218,2,0,Medium,Medium,Mainstream Core Travelers
592251,0,1,High,High,Elite Frequent Flyers
592302,2,0,Medium,Medium,Mainstream Core Travelers
592350,0,0,High,Medium,Rising Loyalists
592431,0,0,High,Medium,Rising Loyalists
592485,0,0,High,Medium,Rising Loyalists
592515,2,0,Medium,Medium,Mainstream Core Travelers
592532,2,0,Medium,Medium,Mainstream Core Travelers
592966,0,0,High,Medium,Rising Loyalists
592992,0,1,High,High,Elite Frequent Flyers
593007,0,0,High,Medium,Rising Loyalists
593039,2,0,Medium,Medium,Mainstream Core Travelers
593116,0,0,High,Medium,Rising Loyalists
593190,0,0,High,Medium,Rising Loyalists
593252,0,0,High,Medium,Rising Loyalists
593277,2,0,Medium,Medium,Mainstream Core Travelers
593327,2,0,Medium,Medium,Mainstream Core Travelers
593340,0,0,High,Medium,Rising Loyalists
593386,0,0,High,Medium,Rising Loyalists
593421,0,0,High,Medium,Rising Loyalists
593506,0,0,High,Medium,Rising Loyalists
593651,0,0,High,Medium,Rising Loyalists
593684,0,0,High,Medium,Rising Loyalists
593710,0,0,High,Medium,Rising Loyalists
593781,0,0,High,Medium,Rising Loyalists
593868,0,0,High,Medium,Rising Loyalists
593885,2,0,Medium,Medium,Mainstream Core Travelers
594028,0,0,High,Medium,Rising Loyalists
594044,2,0,Medium,Medium,Mainstream Core Travelers
594200,2,1,Medium,High,Loyal Premium Travelers
594468,2,1,Medium,High,Loyal Premium Travelers
594598,0,0,High,Medium,Rising Loyalists
594606,2,0,Medium,Medium,Mainstream Core Travelers
594626,2,0,Medium,Medium,Mainstream Core Travelers
594636,2,0,Medium,Medium,Mainstream Core Travelers
594649,0,0,High,Medium,Rising Loyalists
594672,0,1,High,High,Elite Frequent Flyers
594681,2,0,Medium,Medium,Mainstream Core Travelers
594997,0,0,High,Medium,Rising Loyalists
595024,0,0,High,Medium,Rising Loyalists
595027,0,0,High,Medium,Rising Loyalists
595028,0,0,High,Medium,Rising Loyalists
595083,0,1,High,High,Elite Frequent Flyers
595169,0,0,High,Medium,Rising Loyalists
595215,0,0,High,Medium,Rising Loyalists
595235,0,0,High,Medium,Rising Loyalists
595236,2,0,Medium,Medium,Mainstream Core Travelers
595320,0,0,High,Medium,Rising Loyalists
595323,0,0,High,Medium,Rising Loyalists
595325,0,0,High,Medium,Rising Loyalists
595334,2,0,Medium,Medium,Mainstream Core Travelers
595529,2,0,Medium,Medium,Mainstream Core Travelers
595624,2,0,Medium,Medium,Mainstream Core Travelers
595658,0,0,High,Medium,Rising Loyalists
595681,0,0,High,Medium,Rising Loyalists
595747,0,0,High,Medium,Rising Loyalists
595775,2,0,Medium,Medium,Mainstream Core Travelers
595965,0,0,High,Medium,Rising Loyalists
595978,0,0,High,Medium,Rising Loyalists
595980,0,0,High,Medium,Rising Loyalists
596004,0,0,High,Medium,Rising Loyalists
596033,2,0,Medium,Medium,Mainstream Core Travelers
596153,0,0,High,Medium,Rising Loyalists
596171,2,0,Medium,Medium,Mainstream Core Travelers
596173,2,1,Medium,High,Loyal Premium Travelers
596179,0,0,High,Medium,Rising Loyalists
596297,2,0,Medium,Medium,Mainstream Core Travelers
596327,0,0,High,Medium,Rising Loyalists
596390,0,0,High,Medium,Rising Loyalists
596462,2,0,Medium,Medium,Mainstream Core Travelers
596544,2,0,Medium,Medium,Mainstream Core Travelers
596586,0,0,High,Medium,Rising Loyalists
596674,0,0,High,Medium,Rising Loyalists
596787,0,0,High,Medium,Rising Loyalists
596818,0,0,High,Medium,Rising Loyalists
596911,0,1,High,High,Elite Frequent Flyers
597023,0,0,High,Medium,Rising Loyalists
597124,2,0,Medium,Medium,Mainstream Core Travelers
597156,0,0,High,Medium,Rising Loyalists
597189,0,0,High,Medium,Rising Loyalists
597191,0,0,High,Medium,Rising Loyalists
597197,0,0,High,Medium,Rising Loyalists
597209,0,0,High,Medium,Rising Loyalists
597228,0,0,High,Medium,Rising Loyalists
597237,0,0,High,Medium,Rising Loyalists
597267,0,0,High,Medium,Rising Loyalists
597294,2,0,Medium,Medium,Mainstream Core Travelers
597300,0,0,High,Medium,Rising Loyalists
597313,0,0,High,Medium,Rising Loyalists
597522,2,0,Medium,Medium,Mainstream Core Travelers
597532,0,0,High,Medium,Rising Loyalists
597630,2,0,Medium,Medium,Mainstream Core Travelers
597837,0,0,High,Medium,Rising Loyalists
597897,2,0,Medium,Medium,Mainstream Core Travelers
597981,0,0,High,Medium,Rising Loyalists
598016,0,0,High,Medium,Rising Loyalists
598059,0,0,High,Medium,Rising Loyalists
598258,2,0,Medium,Medium,Mainstream Core Travelers
598360,0,0,High,Medium,Rising Loyalists
598364,0,0,High,Medium,Rising Loyalists
598369,0,0,High,Medium,Rising Loyalists
598398,0,0,High,Medium,Rising Loyalists
598705,0,0,High,Medium,Rising Loyalists
598706,0,0,High,Medium,Rising Loyalists
598711,2,0,Medium,Medium,Mainstream Core Travelers
598760,0,1,High,High,Elite Frequent Flyers
598799,0,0,High,Medium,Rising Loyalists
599078,2,0,Medium,Medium,Mainstream Core Travelers
599145,0,0,High,Medium,Rising Loyalists
599184,0,0,High,Medium,Rising Loyalists
599341,0,0,High,Medium,Rising Loyalists
599369,0,0,High,Medium,Rising Loyalists
599372,0,0,High,Medium,Rising Loyalists
599394,2,0,Medium,Medium,Mainstream Core Travelers
599442,0,0,High,Medium,Rising Loyalists
599483,0,0,High,Medium,Rising Loyalists
599491,0,0,High,Medium,Rising Loyalists
599560,2,0,Medium,Medium,Mainstream Core Travelers
599746,0,0,High,Medium,Rising Loyalists
599778,0,0,High,Medium,Rising Loyalists
599873,2,0,Medium,Medium,Mainstream Core Travelers
599925,2,0,Medium,Medium,Mainstream Core Travelers
600013,2,0,Medium,Medium,Mainstream Core Travelers
600021,2,0,Medium,Medium,Mainstream Core Travelers
600063,0,0,High,Medium,Rising Loyalists
600220,2,0,Medium,Medium,Mainstream Core Travelers
600302,0,0,High,Medium,Rising Loyalists
600309,2,0,Medium,Medium,Mainstream Core Travelers
600432,0,1,High,High,Elite Frequent Flyers
600482,0,0,High,Medium,Rising Loyalists
600541,2,1,Medium,High,Loyal Premium Travelers
600563,0,0,High,Medium,Rising Loyalists
600598,0,0,High,Medium,Rising Loyalists
600651,0,0,High,Medium,Rising Loyalists
600664,0,0,High,Medium,Rising Loyalists
600712,0,0,High,Medium,Rising Loyalists
600746,0,1,High,High,Elite Frequent Flyers
600756,0,0,High,Medium,Rising Loyalists
600785,0,0,High,Medium,Rising Loyalists
600792,0,0,High,Medium,Rising Loyalists
600820,2,0,Medium,Medium,Mainstream Core Travelers
600884,0,0,High,Medium,Rising Loyalists
600914,0,0,High,Medium,Rising Loyalists
600923,2,0,Medium,Medium,Mainstream Core Travelers
601027,0,0,High,Medium,Rising Loyalists
601068,2,0,Medium,Medium,Mainstream Core Travelers
601105,0,0,High,Medium,Rising Loyalists
601131,0,0,High,Medium,Rising Loyalists
601143,0,0,High,Medium,Rising Loyalists
601167,0,0,High,Medium,Rising Loyalists
601332,0,0,High,Medium,Rising Loyalists
601341,0,1,High,High,Elite Frequent Flyers
601407,0,0,High,Medium,Rising Loyalists
601448,0,0,High,Medium,Rising Loyalists
601583,2,0,Medium,Medium,Mainstream Core Travelers
601586,0,0,High,Medium,Rising Loyalists
601597,0,0,High,Medium,Rising Loyalists
601625,0,0,High,Medium,Rising Loyalists
601626,0,0,High,Medium,Rising Loyalists
601681,0,0,High,Medium,Rising Loyalists
601775,0,0,High,Medium,Rising Loyalists
601834,0,0,High,Medium,Rising Loyalists
601940,0,0,High,Medium,Rising Loyalists
601997,2,1,Medium,High,Loyal Premium Travelers
602014,0,0,High,Medium,Rising Loyalists
602043,2,1,Medium,High,Loyal Premium Travelers
602068,2,0,Medium,Medium,Mainstream Core Travelers
602086,2,0,Medium,Medium,Mainstream Core Travelers
602150,0,0,High,Medium,Rising Loyalists
602176,2,0,Medium,Medium,Mainstream Core Travelers
602213,0,1,High,High,Elite Frequent Flyers
602222,0,0,High,Medium,Rising Loyalists
602275,2,0,Medium,Medium,Mainstream Core Travelers
602346,0,0,High,Medium,Rising Loyalists
602361,0,0,High,Medium,Rising Loyalists
602384,2,0,Medium,Medium,Mainstream Core Travelers
602574,0,1,High,High,Elite Frequent Flyers
602585,0,1,High,High,Elite Frequent Flyers
602587,0,0,High,Medium,Rising Loyalists
602649,2,0,Medium,Medium,Mainstream Core Travelers
602685,0,1,High,High,Elite Frequent Flyers
602694,2,0,Medium,Medium,Mainstream Core Travelers
602783,0,0,High,Medium,Rising Loyalists
602900,0,0,High,Medium,Rising Loyalists
602931,0,1,High,High,Elite Frequent Flyers
603005,2,0,Medium,Medium,Mainstream Core Travelers
603009,2,0,Medium,Medium,Mainstream Core Travelers
603050,2,0,Medium,Medium,Mainstream Core Travelers
603070,0,0,High,Medium,Rising Loyalists
603077,0,0,High,Medium,Rising Loyalists
603079,0,0,High,Medium,Rising Loyalists
603082,2,0,Medium,Medium,Mainstream Core Travelers
603248,2,0,Medium,Medium,Mainstream Core Travelers
603371,0,0,High,Medium,Rising Loyalists
603407,0,0,High,Medium,Rising Loyalists
603433,2,0,Medium,Medium,Mainstream Core Travelers
603446,0,0,High,Medium,Rising Loyalists
603531,0,0,High,Medium,Rising Loyalists
603539,0,0,High,Medium,Rising Loyalists
603545,0,0,High,Medium,Rising Loyalists
603587,0,0,High,Medium,Rising Loyalists
603653,2,0,Medium,Medium,Mainstream Core Travelers
603658,0,0,High,Medium,Rising Loyalists
603674,0,0,High,Medium,Rising Loyalists
603739,0,0,High,Medium,Rising Loyalists
603744,0,0,High,Medium,Rising Loyalists
603775,0,0,High,Medium,Rising Loyalists
603968,0,0,High,Medium,Rising Loyalists
604019,0,0,High,Medium,Rising Loyalists
604039,2,0,Medium,Medium,Mainstream Core Travelers
604076,2,0,Medium,Medium,Mainstream Core Travelers
604077,2,0,Medium,Medium,Mainstream Core Travelers
604116,2,0,Medium,Medium,Mainstream Core Travelers
604274,0,0,High,Medium,Rising Loyalists
604328,2,0,Medium,Medium,Mainstream Core Travelers
604332,0,1,High,High,Elite Frequent Flyers
604436,2,0,Medium,Medium,Mainstream Core Travelers
604461,0,0,High,Medium,Rising Loyalists
604470,0,0,High,Medium,Rising Loyalists
604471,2,0,Medium,Medium,Mainstream Core Travelers
604510,2,1,Medium,High,Loyal Premium Travelers
604526,0,0,High,Medium,Rising Loyalists
604630,2,1,Medium,High,Loyal Premium Travelers
604645,0,0,High,Medium,Rising Loyalists
604681,0,0,High,Medium,Rising Loyalists
604724,0,0,High,Medium,Rising Loyalists
604772,0,0,High,Medium,Rising Loyalists
604783,2,0,Medium,Medium,Mainstream Core Travelers
604792,0,0,High,Medium,Rising Loyalists
604822,0,0,High,Medium,Rising Loyalists
604825,2,0,Medium,Medium,Mainstream Core Travelers
604839,2,0,Medium,Medium,Mainstream Core Travelers
604870,0,0,High,Medium,Rising Loyalists
604943,0,0,High,Medium,Rising Loyalists
605127,0,0,High,Medium,Rising Loyalists
605134,0,1,High,High,Elite Frequent Flyers
605184,0,1,High,High,Elite Frequent Flyers
605269,0,0,High,Medium,Rising Loyalists
605320,0,0,High,Medium,Rising Loyalists
605322,0,0,High,Medium,Rising Loyalists
605341,0,0,High,Medium,Rising Loyalists
605343,0,0,High,Medium,Rising Loyalists
605421,0,0,High,Medium,Rising Loyalists
605500,0,1,High,High,Elite Frequent Flyers
605505,0,0,High,Medium,Rising Loyalists
605723,0,1,High,High,Elite Frequent Flyers
605761,0,0,High,Medium,Rising Loyalists
605768,2,1,Medium,High,Loyal Premium Travelers
605787,0,0,High,Medium,Rising Loyalists
605790,0,0,High,Medium,Rising Loyalists
605803,0,0,High,Medium,Rising Loyalists
605849,0,0,High,Medium,Rising Loyalists
605874,2,0,Medium,Medium,Mainstream Core Travelers
605877,0,0,High,Medium,Rising Loyalists
605907,0,0,High,Medium,Rising Loyalists
605926,0,0,High,Medium,Rising Loyalists
606004,2,1,Medium,High,Loyal Premium Travelers
606026,0,0,High,Medium,Rising Loyalists
606060,0,0,High,Medium,Rising Loyalists
606074,0,0,High,Medium,Rising Loyalists
606076,2,0,Medium,Medium,Mainstream Core Travelers
606117,2,1,Medium,High,Loyal Premium Travelers
606214,0,0,High,Medium,Rising Loyalists
606344,2,0,Medium,Medium,Mainstream Core Travelers
606371,0,0,High,Medium,Rising Loyalists
606396,2,0,Medium,Medium,Mainstream Core Travelers
606455,0,0,High,Medium,Rising Loyalists
606563,0,0,High,Medium,Rising Loyalists
606600,0,0,High,Medium,Rising Loyalists
606712,0,0,High,Medium,Rising Loyalists
606811,2,0,Medium,Medium,Mainstream Core Travelers
606846,0,1,High,High,Elite Frequent Flyers
606852,0,0,High,Medium,Rising Loyalists
606875,0,0,High,Medium,Rising Loyalists
606877,0,0,High,Medium,Rising Loyalists
606962,2,0,Medium,Medium,Mainstream Core Travelers
606989,0,0,High,Medium,Rising Loyalists
607115,0,0,High,Medium,Rising Loyalists
607117,0,0,High,Medium,Rising Loyalists
607123,0,0,High,Medium,Rising Loyalists
607266,2,0,Medium,Medium,Mainstream Core Travelers
607275,0,0,High,Medium,Rising Loyalists
607292,0,0,High,Medium,Rising Loyalists
607347,0,0,High,Medium,Rising Loyalists
607405,0,0,High,Medium,Rising Loyalists
607453,0,0,High,Medium,Rising Loyalists
607480,0,0,High,Medium,Rising Loyalists
607489,0,0,High,Medium,Rising Loyalists
607538,2,0,Medium,Medium,Mainstream Core Travelers
607548,0,0,High,Medium,Rising Loyalists
607555,0,0,High,Medium,Rising Loyalists
607565,0,1,High,High,Elite Frequent Flyers
607588,2,0,Medium,Medium,Mainstream Core Travelers
607662,0,0,High,Medium,Rising Loyalists
607696,0,0,High,Medium,Rising Loyalists
607752,2,0,Medium,Medium,Mainstream Core Travelers
607769,2,0,Medium,Medium,Mainstream Core Travelers
607847,2,0,Medium,Medium,Mainstream Core Travelers
607856,0,0,High,Medium,Rising Loyalists
607885,0,0,High,Medium,Rising Loyalists
607993,2,0,Medium,Medium,Mainstream Core Travelers
607997,0,0,High,Medium,Rising Loyalists
608070,0,0,High,Medium,Rising Loyalists
608087,0,0,High,Medium,Rising Loyalists
608116,0,0,High,Medium,Rising Loyalists
608159,0,0,High,Medium,Rising Loyalists
608241,0,0,High,Medium,Rising Loyalists
608326,2,0,Medium,Medium,Mainstream Core Travelers
608370,0,0,High,Medium,Rising Loyalists
608384,0,0,High,Medium,Rising Loyalists
608419,0,0,High,Medium,Rising Loyalists
608493,0,0,High,Medium,Rising Loyalists
608504,2,1,Medium,High,Loyal Premium Travelers
608508,0,0,High,Medium,Rising Loyalists
608517,0,0,High,Medium,Rising Loyalists
608537,2,0,Medium,Medium,Mainstream Core Travelers
608601,0,0,High,Medium,Rising Loyalists
608605,0,0,High,Medium,Rising Loyalists
608739,0,0,High,Medium,Rising Loyalists
608758,0,0,High,Medium,Rising Loyalists
608850,0,0,High,Medium,Rising Loyalists
608974,0,0,High,Medium,Rising Loyalists
609009,0,0,High,Medium,Rising Loyalists
609072,0,0,High,Medium,Rising Loyalists
609174,0,0,High,Medium,Rising Loyalists
609184,0,0,High,Medium,Rising Loyalists
609296,0,0,High,Medium,Rising Loyalists
609532,0,0,High,Medium,Rising Loyalists
609650,2,0,Medium,Medium,Mainstream Core Travelers
609664,2,0,Medium,Medium,Mainstream Core Travelers
609667,0,0,High,Medium,Rising Loyalists
609730,0,0,High,Medium,Rising Loyalists
609778,0,1,High,High,Elite Frequent Flyers
609878,2,0,Medium,Medium,Mainstream Core Travelers
609971,0,0,High,Medium,Rising Loyalists
610096,0,0,High,Medium,Rising Loyalists
610393,0,0,High,Medium,Rising Loyalists
610432,0,0,High,Medium,Rising Loyalists
610465,0,1,High,High,Elite Frequent Flyers
610482,0,0,High,Medium,Rising Loyalists
610573,0,0,High,Medium,Rising Loyalists
610585,0,0,High,Medium,Rising Loyalists
610631,2,1,Medium,High,Loyal Premium Travelers
610684,0,0,High,Medium,Rising Loyalists
610860,2,0,Medium,Medium,Mainstream Core Travelers
610916,2,0,Medium,Medium,Mainstream Core Travelers
610946,0,0,High,Medium,Rising Loyalists
611029,0,1,High,High,Elite Frequent Flyers
611046,2,0,Medium,Medium,Mainstream Core Travelers
611051,0,0,High,Medium,Rising Loyalists
611084,0,0,High,Medium,Rising Loyalists
611086,0,0,High,Medium,Rising Loyalists
611247,2,0,Medium,Medium,Mainstream Core Travelers
611356,0,0,High,Medium,Rising Loyalists
611366,0,0,High,Medium,Rising Loyalists
611415,0,0,High,Medium,Rising Loyalists
611436,0,0,High,Medium,Rising Loyalists
611464,0,0,High,Medium,Rising Loyalists
611481,0,0,High,Medium,Rising Loyalists
611538,0,0,High,Medium,Rising Loyalists
611582,0,0,High,Medium,Rising Loyalists
611618,0,0,High,Medium,Rising Loyalists
611667,2,0,Medium,Medium,Mainstream Core Travelers
611673,0,0,High,Medium,Rising Loyalists
611689,0,0,High,Medium,Rising Loyalists
611765,2,0,Medium,Medium,Mainstream Core Travelers
611817,0,0,High,Medium,Rising Loyalists
611873,0,0,High,Medium,Rising Loyalists
611990,0,0,High,Medium,Rising Loyalists
612013,2,0,Medium,Medium,Mainstream Core Travelers
612019,2,0,Medium,Medium,Mainstream Core Travelers
612060,0,0,High,Medium,Rising Loyalists
612074,0,0,High,Medium,Rising Loyalists
612122,0,0,High,Medium,Rising Loyalists
612140,0,1,High,High,Elite Frequent Flyers
612144,0,1,High,High,Elite Frequent Flyers
612162,0,0,High,Medium,Rising Loyalists
612186,0,0,High,Medium,Rising Loyalists
612233,0,0,High,Medium,Rising Loyalists
612269,0,1,High,High,Elite Frequent Flyers
612294,0,0,High,Medium,Rising Loyalists
612311,0,0,High,Medium,Rising Loyalists
612339,0,0,High,Medium,Rising Loyalists
612370,2,0,Medium,Medium,Mainstream Core Travelers
612488,0,0,High,Medium,Rising Loyalists
612510,0,0,High,Medium,Rising Loyalists
612555,0,0,High,Medium,Rising Loyalists
612595,2,0,Medium,Medium,Mainstream Core Travelers
612650,2,0,Medium,Medium,Mainstream Core Travelers
612664,0,0,High,Medium,Rising Loyalists
612703,0,0,High,Medium,Rising Loyalists
612719,0,0,High,Medium,Rising Loyalists
612742,2,0,Medium,Medium,Mainstream Core Travelers
612795,0,0,High,Medium,Rising Loyalists
612834,0,0,High,Medium,Rising Loyalists
612905,0,0,High,Medium,Rising Loyalists
612955,0,0,High,Medium,Rising Loyalists
612963,2,0,Medium,Medium,Mainstream Core Travelers
612995,0,0,High,Medium,Rising Loyalists
613076,0,0,High,Medium,Rising Loyalists
613185,0,0,High,Medium,Rising Loyalists
613195,0,0,High,Medium,Rising Loyalists
613234,0,0,High,Medium,Rising Loyalists
613265,0,0,High,Medium,Rising Loyalists
613303,0,0,High,Medium,Rising Loyalists
613546,0,0,High,Medium,Rising Loyalists
613709,2,0,Medium,Medium,Mainstream Core Travelers
613747,0,0,High,Medium,Rising Loyalists
613804,0,0,High,Medium,Rising Loyalists
613860,2,0,Medium,Medium,Mainstream Core Travelers
613908,0,0,High,Medium,Rising Loyalists
613925,2,0,Medium,Medium,Mainstream Core Travelers
614000,0,0,High,Medium,Rising Loyalists
614063,0,0,High,Medium,Rising Loyalists
614100,0,0,High,Medium,Rising Loyalists
614106,0,0,High,Medium,Rising Loyalists
614122,0,0,High,Medium,Rising Loyalists
614164,0,0,High,Medium,Rising Loyalists
614219,0,0,High,Medium,Rising Loyalists
614221,2,0,Medium,Medium,Mainstream Core Travelers
614246,0,0,High,Medium,Rising Loyalists
614307,0,0,High,Medium,Rising Loyalists
614350,0,0,High,Medium,Rising Loyalists
614373,0,0,High,Medium,Rising Loyalists
614377,2,0,Medium,Medium,Mainstream Core Travelers
614379,0,0,High,Medium,Rising Loyalists
614428,2,0,Medium,Medium,Mainstream Core Travelers
614441,0,0,High,Medium,Rising Loyalists
614574,2,0,Medium,Medium,Mainstream Core Travelers
614634,0,0,High,Medium,Rising Loyalists
614720,2,0,Medium,Medium,Mainstream Core Travelers
614721,0,0,High,Medium,Rising Loyalists
614782,2,0,Medium,Medium,Mainstream Core Travelers
614787,2,0,Medium,Medium,Mainstream Core Travelers
614810,0,0,High,Medium,Rising Loyalists
614830,0,0,High,Medium,Rising Loyalists
614871,2,0,Medium,Medium,Mainstream Core Travelers
615022,0,0,High,Medium,Rising Loyalists
615054,0,0,High,Medium,Rising Loyalists
615131,0,1,High,High,Elite Frequent Flyers
615201,0,0,High,Medium,Rising Loyalists
615214,0,0,High,Medium,Rising Loyalists
615244,0,0,High,Medium,Rising Loyalists
615251,0,0,High,Medium,Rising Loyalists
615327,2,0,Medium,Medium,Mainstream Core Travelers
615385,2,0,Medium,Medium,Mainstream Core Travelers
615394,0,0,High,Medium,Rising Loyalists
615411,0,0,High,Medium,Rising Loyalists
615439,0,0,High,Medium,Rising Loyalists
615459,2,1,Medium,High,Loyal Premium Travelers
615528,0,0,High,Medium,Rising Loyalists
615529,0,0,High,Medium,Rising Loyalists
615561,0,0,High,Medium,Rising Loyalists
615578,0,0,High,Medium,Rising Loyalists
615617,0,0,High,Medium,Rising Loyalists
615662,0,0,High,Medium,Rising Loyalists
615673,0,0,High,Medium,Rising Loyalists
615678,2,0,Medium,Medium,Mainstream Core Travelers
615826,0,1,High,High,Elite Frequent Flyers
615854,0,0,High,Medium,Rising Loyalists
615945,2,0,Medium,Medium,Mainstream Core Travelers
615989,0,0,High,Medium,Rising Loyalists
616083,0,0,High,Medium,Rising Loyalists
616137,2,0,Medium,Medium,Mainstream Core Travelers
616162,0,0,High,Medium,Rising Loyalists
616183,2,0,Medium,Medium,Mainstream Core Travelers
616207,2,0,Medium,Medium,Mainstream Core Travelers
616220,0,0,High,Medium,Rising Loyalists
616226,0,0,High,Medium,Rising Loyalists
616342,0,0,High,Medium,Rising Loyalists
616350,2,0,Medium,Medium,Mainstream Core Travelers
616374,2,0,Medium,Medium,Mainstream Core Travelers
616416,0,0,High,Medium,Rising Loyalists
616447,2,0,Medium,Medium,Mainstream Core Travelers
616500,0,0,High,Medium,Rising Loyalists
616522,2,0,Medium,Medium,Mainstream Core Travelers
616611,2,0,Medium,Medium,Mainstream Core Travelers
616641,2,0,Medium,Medium,Mainstream Core Travelers
616650,0,0,High,Medium,Rising Loyalists
616667,0,0,High,Medium,Rising Loyalists
616722,0,0,High,Medium,Rising Loyalists
616739,0,0,High,Medium,Rising Loyalists
616746,2,0,Medium,Medium,Mainstream Core Travelers
616835,0,0,High,Medium,Rising Loyalists
616857,0,0,High,Medium,Rising Loyalists
616875,0,0,High,Medium,Rising Loyalists
616920,0,0,High,Medium,Rising Loyalists
616956,2,0,Medium,Medium,Mainstream Core Travelers
617008,0,0,High,Medium,Rising Loyalists
617079,0,0,High,Medium,Rising Loyalists
617099,0,0,High,Medium,Rising Loyalists
617108,2,0,Medium,Medium,Mainstream Core Travelers
617171,0,0,High,Medium,Rising Loyalists
617263,0,0,High,Medium,Rising Loyalists
617296,0,1,High,High,Elite Frequent Flyers
617326,0,0,High,Medium,Rising Loyalists
617348,0,0,High,Medium,Rising Loyalists
617447,0,0,High,Medium,Rising Loyalists
617471,0,0,High,Medium,Rising Loyalists
617484,0,0,High,Medium,Rising Loyalists
617489,0,1,High,High,Elite Frequent Flyers
617516,2,0,Medium,Medium,Mainstream Core Travelers
617670,0,0,High,Medium,Rising Loyalists
617916,0,0,High,Medium,Rising Loyalists
617960,0,0,High,Medium,Rising Loyalists
618022,0,0,High,Medium,Rising Loyalists
618089,0,0,High,Medium,Rising Loyalists
618100,0,0,High,Medium,Rising Loyalists
618112,0,0,High,Medium,Rising Loyalists
618124,0,0,High,Medium,Rising Loyalists
618226,2,0,Medium,Medium,Mainstream Core Travelers
618300,0,0,High,Medium,Rising Loyalists
618302,0,0,High,Medium,Rising Loyalists
618309,0,0,High,Medium,Rising Loyalists
618329,0,0,High,Medium,Rising Loyalists
618379,0,0,High,Medium,Rising Loyalists
618390,0,0,High,Medium,Rising Loyalists
618409,0,0,High,Medium,Rising Loyalists
618461,0,0,High,Medium,Rising Loyalists
618494,0,0,High,Medium,Rising Loyalists
618523,0,0,High,Medium,Rising Loyalists
618524,0,1,High,High,Elite Frequent Flyers
618601,0,0,High,Medium,Rising Loyalists
618656,0,0,High,Medium,Rising Loyalists
618719,0,0,High,Medium,Rising Loyalists
618731,0,0,High,Medium,Rising Loyalists
618817,0,0,High,Medium,Rising Loyalists
618823,0,0,High,Medium,Rising Loyalists
618824,0,0,High,Medium,Rising Loyalists
618830,0,0,High,Medium,Rising Loyalists
618871,2,0,Medium,Medium,Mainstream Core Travelers
618877,2,0,Medium,Medium,Mainstream Core Travelers
618886,0,0,High,Medium,Rising Loyalists
619141,2,0,Medium,Medium,Mainstream Core Travelers
619268,0,0,High,Medium,Rising Loyalists
619337,2,0,Medium,Medium,Mainstream Core Travelers
619404,0,0,High,Medium,Rising Loyalists
619483,0,0,High,Medium,Rising Loyalists
619537,0,0,High,Medium,Rising Loyalists
619548,0,0,High,Medium,Rising Loyalists
619596,2,0,Medium,Medium,Mainstream Core Travelers
619693,0,0,High,Medium,Rising Loyalists
619826,0,0,High,Medium,Rising Loyalists
619840,0,0,High,Medium,Rising Loyalists
619916,0,0,High,Medium,Rising Loyalists
619920,0,0,High,Medium,Rising Loyalists
620078,2,0,Medium,Medium,Mainstream Core Travelers
620084,0,0,High,Medium,Rising Loyalists
620094,0,0,High,Medium,Rising Loyalists
620122,0,0,High,Medium,Rising Loyalists
620406,0,0,High,Medium,Rising Loyalists
620446,0,0,High,Medium,Rising Loyalists
620465,0,0,High,Medium,Rising Loyalists
620480,0,0,High,Medium,Rising Loyalists
620563,0,0,High,Medium,Rising Loyalists
620584,0,0,High,Medium,Rising Loyalists
620587,2,0,Medium,Medium,Mainstream Core Travelers
620674,2,0,Medium,Medium,Mainstream Core Travelers
620741,0,0,High,Medium,Rising Loyalists
620792,2,0,Medium,Medium,Mainstream Core Travelers
620858,0,0,High,Medium,Rising Loyalists
620969,2,1,Medium,High,Loyal Premium Travelers
620990,2,0,Medium,Medium,Mainstream Core Travelers
621006,0,0,High,Medium,Rising Loyalists
621072,2,0,Medium,Medium,Mainstream Core Travelers
621093,0,0,High,Medium,Rising Loyalists
621180,0,0,High,Medium,Rising Loyalists
621190,0,0,High,Medium,Rising Loyalists
621218,0,0,High,Medium,Rising Loyalists
621279,0,0,High,Medium,Rising Loyalists
621583,0,0,High,Medium,Rising Loyalists
621695,0,0,High,Medium,Rising Loyalists
621731,0,0,High,Medium,Rising Loyalists
621750,0,0,High,Medium,Rising Loyalists
621814,0,0,High,Medium,Rising Loyalists
621823,2,0,Medium,Medium,Mainstream Core Travelers
621832,0,0,High,Medium,Rising Loyalists
621876,0,0,High,Medium,Rising Loyalists
621940,2,0,Medium,Medium,Mainstream Core Travelers
621951,0,0,High,Medium,Rising Loyalists
622006,0,0,High,Medium,Rising Loyalists
622019,0,1,High,High,Elite Frequent Flyers
622036,2,0,Medium,Medium,Mainstream Core Travelers
622171,2,0,Medium,Medium,Mainstream Core Travelers
622269,2,0,Medium,Medium,Mainstream Core Travelers
622302,2,0,Medium,Medium,Mainstream Core Travelers
622324,0,0,High,Medium,Rising Loyalists
622334,0,0,High,Medium,Rising Loyalists
622527,0,0,High,Medium,Rising Loyalists
622610,0,0,High,Medium,Rising Loyalists
622632,2,0,Medium,Medium,Mainstream Core Travelers
622697,2,0,Medium,Medium,Mainstream Core Travelers
622776,0,0,High,Medium,Rising Loyalists
622794,0,1,High,High,Elite Frequent Flyers
622801,2,1,Medium,High,Loyal Premium Travelers
622822,2,0,Medium,Medium,Mainstream Core Travelers
622883,0,1,High,High,Elite Frequent Flyers
622906,0,0,High,Medium,Rising Loyalists
622953,2,0,Medium,Medium,Mainstream Core Travelers
622975,0,0,High,Medium,Rising Loyalists
622992,2,0,Medium,Medium,Mainstream Core Travelers
623008,2,0,Medium,Medium,Mainstream Core Travelers
623071,2,0,Medium,Medium,Mainstream Core Travelers
623144,0,0,High,Medium,Rising Loyalists
623154,2,0,Medium,Medium,Mainstream Core Travelers
623222,0,0,High,Medium,Rising Loyalists
623327,0,0,High,Medium,Rising Loyalists
623341,2,0,Medium,Medium,Mainstream Core Travelers
623478,0,0,High,Medium,Rising Loyalists
623537,0,0,High,Medium,Rising Loyalists
623569,0,0,High,Medium,Rising Loyalists
623654,2,0,Medium,Medium,Mainstream Core Travelers
623688,0,0,High,Medium,Rising Loyalists
623861,0,0,High,Medium,Rising Loyalists
623903,0,0,High,Medium,Rising Loyalists
623946,2,0,Medium,Medium,Mainstream Core Travelers
624065,0,0,High,Medium,Rising Loyalists
624216,0,0,High,Medium,Rising Loyalists
624407,0,0,High,Medium,Rising Loyalists
624463,0,0,High,Medium,Rising Loyalists
624485,2,0,Medium,Medium,Mainstream Core Travelers
624487,0,0,High,Medium,Rising Loyalists
624528,2,0,Medium,Medium,Mainstream Core Travelers
624569,2,0,Medium,Medium,Mainstream Core Travelers
624621,0,0,High,Medium,Rising Loyalists
624704,2,0,Medium,Medium,Mainstream Core Travelers
624881,0,1,High,High,Elite Frequent Flyers
624929,0,0,High,Medium,Rising Loyalists
624935,0,0,High,Medium,Rising Loyalists
624980,0,0,High,Medium,Rising Loyalists
625033,0,1,High,High,Elite Frequent Flyers
625123,0,0,High,Medium,Rising Loyalists
625183,0,0,High,Medium,Rising Loyalists
625318,2,0,Medium,Medium,Mainstream Core Travelers
625320,2,0,Medium,Medium,Mainstream Core Travelers
625434,0,0,High,Medium,Rising Loyalists
625451,0,0,High,Medium,Rising Loyalists
625458,0,0,High,Medium,Rising Loyalists
625497,0,0,High,Medium,Rising Loyalists
625524,0,0,High,Medium,Rising Loyalists
625557,0,0,High,Medium,Rising Loyalists
625599,0,0,High,Medium,Rising Loyalists
625621,0,0,High,Medium,Rising Loyalists
625784,0,0,High,Medium,Rising Loyalists
625859,0,0,High,Medium,Rising Loyalists
625870,0,0,High,Medium,Rising Loyalists
625945,0,0,High,Medium,Rising Loyalists
626030,0,0,High,Medium,Rising Loyalists
626046,2,0,Medium,Medium,Mainstream Core Travelers
626068,2,0,Medium,Medium,Mainstream Core Travelers
626070,2,0,Medium,Medium,Mainstream Core Travelers
626149,0,0,High,Medium,Rising Loyalists
626211,0,0,High,Medium,Rising Loyalists
626217,2,0,Medium,Medium,Mainstream Core Travelers
626312,2,0,Medium,Medium,Mainstream Core Travelers
626326,2,0,Medium,Medium,Mainstream Core Travelers
626474,0,0,High,Medium,Rising Loyalists
626510,2,1,Medium,High,Loyal Premium Travelers
626542,0,0,High,Medium,Rising Loyalists
626560,2,0,Medium,Medium,Mainstream Core Travelers
626664,0,0,High,Medium,Rising Loyalists
626746,0,0,High,Medium,Rising Loyalists
626762,2,0,Medium,Medium,Mainstream Core Travelers
626767,2,0,Medium,Medium,Mainstream Core Travelers
626973,0,0,High,Medium,Rising Loyalists
627107,2,0,Medium,Medium,Mainstream Core Travelers
627191,2,0,Medium,Medium,Mainstream Core Travelers
627244,2,0,Medium,Medium,Mainstream Core Travelers
627354,0,0,High,Medium,Rising Loyalists
627373,2,0,Medium,Medium,Mainstream Core Travelers
627428,0,0,High,Medium,Rising Loyalists
627485,0,0,High,Medium,Rising Loyalists
627489,0,0,High,Medium,Rising Loyalists
627502,2,0,Medium,Medium,Mainstream Core Travelers
627568,2,0,Medium,Medium,Mainstream Core Travelers
627670,0,0,High,Medium,Rising Loyalists
627778,0,0,High,Medium,Rising Loyalists
627791,0,0,High,Medium,Rising Loyalists
627826,0,0,High,Medium,Rising Loyalists
627869,2,0,Medium,Medium,Mainstream Core Travelers
627893,0,0,High,Medium,Rising Loyalists
627913,2,0,Medium,Medium,Mainstream Core Travelers
627915,0,0,High,Medium,Rising Loyalists
627970,0,0,High,Medium,Rising Loyalists
628017,0,0,High,Medium,Rising Loyalists
628081,0,0,High,Medium,Rising Loyalists
628096,0,0,High,Medium,Rising Loyalists
628130,0,0,High,Medium,Rising Loyalists
628169,0,0,High,Medium,Rising Loyalists
628180,0,0,High,Medium,Rising Loyalists
628211,0,0,High,Medium,Rising Loyalists
628258,0,0,High,Medium,Rising Loyalists
628320,0,0,High,Medium,Rising Loyalists
628409,0,0,High,Medium,Rising Loyalists
628431,0,0,High,Medium,Rising Loyalists
628452,2,0,Medium,Medium,Mainstream Core Travelers
628475,0,0,High,Medium,Rising Loyalists
628533,0,0,High,Medium,Rising Loyalists
628578,0,0,High,Medium,Rising Loyalists
628596,0,0,High,Medium,Rising Loyalists
628618,0,0,High,Medium,Rising Loyalists
628669,0,0,High,Medium,Rising Loyalists
628837,2,0,Medium,Medium,Mainstream Core Travelers
628840,2,1,Medium,High,Loyal Premium Travelers
628844,0,0,High,Medium,Rising Loyalists
628860,0,0,High,Medium,Rising Loyalists
628917,0,0,High,Medium,Rising Loyalists
628924,0,0,High,Medium,Rising Loyalists
628952,0,0,High,Medium,Rising Loyalists
629177,0,0,High,Medium,Rising Loyalists
629267,2,0,Medium,Medium,Mainstream Core Travelers
629299,0,0,High,Medium,Rising Loyalists
629341,2,0,Medium,Medium,Mainstream Core Travelers
629394,2,0,Medium,Medium,Mainstream Core Travelers
629410,0,0,High,Medium,Rising Loyalists
629642,0,0,High,Medium,Rising Loyalists
629706,0,0,High,Medium,Rising Loyalists
629753,0,0,High,Medium,Rising Loyalists
629966,2,0,Medium,Medium,Mainstream Core Travelers
629995,2,0,Medium,Medium,Mainstream Core Travelers
630034,2,0,Medium,Medium,Mainstream Core Travelers
630071,0,0,High,Medium,Rising Loyalists
630209,0,0,High,Medium,Rising Loyalists
630265,0,1,High,High,Elite Frequent Flyers
630290,2,0,Medium,Medium,Mainstream Core Travelers
630320,0,0,High,Medium,Rising Loyalists
630338,0,1,High,High,Elite Frequent Flyers
630396,0,0,High,Medium,Rising Loyalists
630588,0,0,High,Medium,Rising Loyalists
630694,2,0,Medium,Medium,Mainstream Core Travelers
630711,0,0,High,Medium,Rising Loyalists
630869,0,0,High,Medium,Rising Loyalists
630880,0,0,High,Medium,Rising Loyalists
630920,2,0,Medium,Medium,Mainstream Core Travelers
631051,0,0,High,Medium,Rising Loyalists
631070,2,0,Medium,Medium,Mainstream Core Travelers
631100,2,0,Medium,Medium,Mainstream Core Travelers
631200,0,0,High,Medium,Rising Loyalists
631232,2,0,Medium,Medium,Mainstream Core Travelers
631369,2,1,Medium,High,Loyal Premium Travelers
631379,0,0,High,Medium,Rising Loyalists
631406,0,0,High,Medium,Rising Loyalists
631442,2,0,Medium,Medium,Mainstream Core Travelers
631543,0,0,High,Medium,Rising Loyalists
631557,0,0,High,Medium,Rising Loyalists
631583,0,0,High,Medium,Rising Loyalists
631661,0,0,High,Medium,Rising Loyalists
631683,0,0,High,Medium,Rising Loyalists
631704,0,0,High,Medium,Rising Loyalists
631714,2,1,Medium,High,Loyal Premium Travelers
631801,2,0,Medium,Medium,Mainstream Core Travelers
631821,0,0,High,Medium,Rising Loyalists
631839,0,0,High,Medium,Rising Loyalists
631853,0,0,High,Medium,Rising Loyalists
631854,0,0,High,Medium,Rising Loyalists
631869,0,0,High,Medium,Rising Loyalists
632097,0,0,High,Medium,Rising Loyalists
632103,0,0,High,Medium,Rising Loyalists
632130,0,0,High,Medium,Rising Loyalists
632199,0,1,High,High,Elite Frequent Flyers
632352,0,0,High,Medium,Rising Loyalists
632398,0,0,High,Medium,Rising Loyalists
632399,0,0,High,Medium,Rising Loyalists
632435,2,0,Medium,Medium,Mainstream Core Travelers
632515,2,0,Medium,Medium,Mainstream Core Travelers
632556,0,0,High,Medium,Rising Loyalists
632638,0,0,High,Medium,Rising Loyalists
632720,0,0,High,Medium,Rising Loyalists
632793,0,0,High,Medium,Rising Loyalists
632816,2,0,Medium,Medium,Mainstream Core Travelers
632826,0,0,High,Medium,Rising Loyalists
632951,2,1,Medium,High,Loyal Premium Travelers
632974,2,0,Medium,Medium,Mainstream Core Travelers
632981,0,0,High,Medium,Rising Loyalists
633067,2,0,Medium,Medium,Mainstream Core Travelers
633135,0,0,High,Medium,Rising Loyalists
633140,0,0,High,Medium,Rising Loyalists
633162,1,0,Low,Medium,Value Fading
633202,0,0,High,Medium,Rising Loyalists
633299,0,0,High,Medium,Rising Loyalists
633330,0,0,High,Medium,Rising Loyalists
633332,2,0,Medium,Medium,Mainstream Core Travelers
633339,2,0,Medium,Medium,Mainstream Core Travelers
633458,0,0,High,Medium,Rising Loyalists
633490,2,0,Medium,Medium,Mainstream Core Travelers
633627,0,0,High,Medium,Rising Loyalists
633631,0,0,High,Medium,Rising Loyalists
633640,0,0,High,Medium,Rising Loyalists
633734,2,0,Medium,Medium,Mainstream Core Travelers
633749,0,0,High,Medium,Rising Loyalists
633787,0,0,High,Medium,Rising Loyalists
633861,0,0,High,Medium,Rising Loyalists
633910,2,0,Medium,Medium,Mainstream Core Travelers
633938,0,0,High,Medium,Rising Loyalists
633992,0,0,High,Medium,Rising Loyalists
633999,2,0,Medium,Medium,Mainstream Core Travelers
634181,0,0,High,Medium,Rising Loyalists
634185,0,0,High,Medium,Rising Loyalists
634269,0,0,High,Medium,Rising Loyalists
634328,1,1,Low,High,High-Value At-Risk
634386,0,0,High,Medium,Rising Loyalists
634392,0,0,High,Medium,Rising Loyalists
634418,0,0,High,Medium,Rising Loyalists
634423,0,0,High,Medium,Rising Loyalists
634503,0,1,High,High,Elite Frequent Flyers
634615,2,0,Medium,Medium,Mainstream Core Travelers
634727,0,0,High,Medium,Rising Loyalists
634807,0,0,High,Medium,Rising Loyalists
634850,0,0,High,Medium,Rising Loyalists
634900,0,0,High,Medium,Rising Loyalists
634916,0,0,High,Medium,Rising Loyalists
635026,2,1,Medium,High,Loyal Premium Travelers
635084,0,0,High,Medium,Rising Loyalists
635162,0,0,High,Medium,Rising Loyalists
635225,0,0,High,Medium,Rising Loyalists
635249,0,0,High,Medium,Rising Loyalists
635302,2,0,Medium,Medium,Mainstream Core Travelers
635334,0,1,High,High,Elite Frequent Flyers
635398,2,0,Medium,Medium,Mainstream Core Travelers
635509,2,0,Medium,Medium,Mainstream Core Travelers
635517,2,0,Medium,Medium,Mainstream Core Travelers
635531,0,0,High,Medium,Rising Loyalists
635616,0,0,High,Medium,Rising Loyalists
635715,0,0,High,Medium,Rising Loyalists
635719,0,0,High,Medium,Rising Loyalists
635805,2,0,Medium,Medium,Mainstream Core Travelers
635907,2,0,Medium,Medium,Mainstream Core Travelers
636000,0,0,High,Medium,Rising Loyalists
636012,0,0,High,Medium,Rising Loyalists
636017,2,0,Medium,Medium,Mainstream Core Travelers
636045,0,0,High,Medium,Rising Loyalists
636177,0,0,High,Medium,Rising Loyalists
636206,2,0,Medium,Medium,Mainstream Core Travelers
636213,0,1,High,High,Elite Frequent Flyers
636293,0,0,High,Medium,Rising Loyalists
636413,0,0,High,Medium,Rising Loyalists
636505,0,0,High,Medium,Rising Loyalists
636533,2,0,Medium,Medium,Mainstream Core Travelers
636673,0,0,High,Medium,Rising Loyalists
636745,2,0,Medium,Medium,Mainstream Core Travelers
636749,0,1,High,High,Elite Frequent Flyers
636753,0,0,High,Medium,Rising Loyalists
636813,0,0,High,Medium,Rising Loyalists
636965,0,0,High,Medium,Rising Loyalists
637100,2,0,Medium,Medium,Mainstream Core Travelers
637151,0,0,High,Medium,Rising Loyalists
637235,2,0,Medium,Medium,Mainstream Core Travelers
637249,0,0,High,Medium,Rising Loyalists
637396,0,0,High,Medium,Rising Loyalists
637453,2,0,Medium,Medium,Mainstream Core Travelers
637532,0,0,High,Medium,Rising Loyalists
637580,0,0,High,Medium,Rising Loyalists
637641,0,0,High,Medium,Rising Loyalists
637655,0,0,High,Medium,Rising Loyalists
637687,0,0,High,Medium,Rising Loyalists
637721,0,0,High,Medium,Rising Loyalists
637760,0,0,High,Medium,Rising Loyalists
637765,0,0,High,Medium,Rising Loyalists
637927,2,0,Medium,Medium,Mainstream Core Travelers
637986,0,0,High,Medium,Rising Loyalists
638004,2,0,Medium,Medium,Mainstream Core Travelers
638085,2,0,Medium,Medium,Mainstream Core Travelers
638152,0,0,High,Medium,Rising Loyalists
638162,0,0,High,Medium,Rising Loyalists
638207,0,0,High,Medium,Rising Loyalists
638237,0,0,High,Medium,Rising Loyalists
638253,0,0,High,Medium,Rising Loyalists
638264,2,0,Medium,Medium,Mainstream Core Travelers
638368,0,0,High,Medium,Rising Loyalists
638389,0,0,High,Medium,Rising Loyalists
638466,0,0,High,Medium,Rising Loyalists
638469,0,0,High,Medium,Rising Loyalists
638495,0,1,High,High,Elite Frequent Flyers
638506,0,0,High,Medium,Rising Loyalists
638528,2,0,Medium,Medium,Mainstream Core Travelers
638602,0,0,High,Medium,Rising Loyalists
638618,0,0,High,Medium,Rising Loyalists
638685,0,0,High,Medium,Rising Loyalists
638732,0,0,High,Medium,Rising Loyalists
638733,0,0,High,Medium,Rising Loyalists
638740,2,0,Medium,Medium,Mainstream Core Travelers
638754,2,0,Medium,Medium,Mainstream Core Travelers
638804,0,0,High,Medium,Rising Loyalists
639116,2,0,Medium,Medium,Mainstream Core Travelers
639117,0,0,High,Medium,Rising Loyalists
639145,0,0,High,Medium,Rising Loyalists
639258,2,0,Medium,Medium,Mainstream Core Travelers
639346,2,0,Medium,Medium,Mainstream Core Travelers
639383,2,0,Medium,Medium,Mainstream Core Travelers
639419,0,1,High,High,Elite Frequent Flyers
639466,2,0,Medium,Medium,Mainstream Core Travelers
639510,0,0,High,Medium,Rising Loyalists
639584,2,0,Medium,Medium,Mainstream Core Travelers
639613,0,0,High,Medium,Rising Loyalists
639626,2,0,Medium,Medium,Mainstream Core Travelers
639701,0,0,High,Medium,Rising Loyalists
639705,0,0,High,Medium,Rising Loyalists
639807,0,0,High,Medium,Rising Loyalists
640009,2,1,Medium,High,Loyal Premium Travelers
640082,0,0,High,Medium,Rising Loyalists
640110,0,0,High,Medium,Rising Loyalists
640116,0,0,High,Medium,Rising Loyalists
640163,0,0,High,Medium,Rising Loyalists
640238,0,0,High,Medium,Rising Loyalists
640244,0,0,High,Medium,Rising Loyalists
640285,0,1,High,High,Elite Frequent Flyers
640418,0,0,High,Medium,Rising Loyalists
640555,0,0,High,Medium,Rising Loyalists
640588,0,0,High,Medium,Rising Loyalists
640614,0,0,High,Medium,Rising Loyalists
640831,0,1,High,High,Elite Frequent Flyers
640833,0,0,High,Medium,Rising Loyalists
640920,2,0,Medium,Medium,Mainstream Core Travelers
641039,2,1,Medium,High,Loyal Premium Travelers
641050,0,0,High,Medium,Rising Loyalists
641103,2,0,Medium,Medium,Mainstream Core Travelers
641121,2,0,Medium,Medium,Mainstream Core Travelers
641123,0,0,High,Medium,Rising Loyalists
641159,0,0,High,Medium,Rising Loyalists
641160,0,0,High,Medium,Rising Loyalists
641162,2,0,Medium,Medium,Mainstream Core Travelers
641164,0,0,High,Medium,Rising Loyalists
641189,0,0,High,Medium,Rising Loyalists
641327,0,0,High,Medium,Rising Loyalists
641384,0,0,High,Medium,Rising Loyalists
641448,0,0,High,Medium,Rising Loyalists
641586,0,0,High,Medium,Rising Loyalists
641612,2,0,Medium,Medium,Mainstream Core Travelers
641642,2,0,Medium,Medium,Mainstream Core Travelers
641704,0,0,High,Medium,Rising Loyalists
641734,0,0,High,Medium,Rising Loyalists
641827,2,0,Medium,Medium,Mainstream Core Travelers
641869,0,0,High,Medium,Rising Loyalists
641879,0,0,High,Medium,Rising Loyalists
641884,0,1,High,High,Elite Frequent Flyers
641903,2,0,Medium,Medium,Mainstream Core Travelers
641970,0,0,High,Medium,Rising Loyalists
641997,0,0,High,Medium,Rising Loyalists
642000,0,0,High,Medium,Rising Loyalists
642002,0,0,High,Medium,Rising Loyalists
642020,0,0,High,Medium,Rising Loyalists
642031,2,1,Medium,High,Loyal Premium Travelers
642043,0,0,High,Medium,Rising Loyalists
642099,0,1,High,High,Elite Frequent Flyers
642102,0,0,High,Medium,Rising Loyalists
642109,0,0,High,Medium,Rising Loyalists
642247,1,1,Low,High,High-Value At-Risk
642313,0,0,High,Medium,Rising Loyalists
642323,2,1,Medium,High,Loyal Premium Travelers
642401,2,0,Medium,Medium,Mainstream Core Travelers
642409,2,0,Medium,Medium,Mainstream Core Travelers
642449,0,0,High,Medium,Rising Loyalists
642485,2,0,Medium,Medium,Mainstream Core Travelers
642738,2,0,Medium,Medium,Mainstream Core Travelers
642784,2,0,Medium,Medium,Mainstream Core Travelers
642808,0,0,High,Medium,Rising Loyalists
642901,0,0,High,Medium,Rising Loyalists
642976,2,0,Medium,Medium,Mainstream Core Travelers
643026,0,0,High,Medium,Rising Loyalists
643059,0,1,High,High,Elite Frequent Flyers
643099,2,0,Medium,Medium,Mainstream Core Travelers
643117,0,0,High,Medium,Rising Loyalists
643225,0,0,High,Medium,Rising Loyalists
643300,0,1,High,High,Elite Frequent Flyers
643362,2,0,Medium,Medium,Mainstream Core Travelers
643364,0,0,High,Medium,Rising Loyalists
643476,2,0,Medium,Medium,Mainstream Core Travelers
643480,0,0,High,Medium,Rising Loyalists
643507,0,1,High,High,Elite Frequent Flyers
643605,0,0,High,Medium,Rising Loyalists
643643,2,1,Medium,High,Loyal Premium Travelers
643669,0,1,High,High,Elite Frequent Flyers
643705,0,0,High,Medium,Rising Loyalists
643854,0,0,High,Medium,Rising Loyalists
643912,0,0,High,Medium,Rising Loyalists
644014,0,0,High,Medium,Rising Loyalists
644017,0,1,High,High,Elite Frequent Flyers
644163,0,0,High,Medium,Rising Loyalists
644251,0,0,High,Medium,Rising Loyalists
644265,0,1,High,High,Elite Frequent Flyers
644374,0,0,High,Medium,Rising Loyalists
644390,0,0,High,Medium,Rising Loyalists
644417,2,0,Medium,Medium,Mainstream Core Travelers
644434,0,0,High,Medium,Rising Loyalists
644551,0,0,High,Medium,Rising Loyalists
644630,0,0,High,Medium,Rising Loyalists
644652,0,0,High,Medium,Rising Loyalists
644769,0,0,High,Medium,Rising Loyalists
644786,0,0,High,Medium,Rising Loyalists
644865,0,1,High,High,Elite Frequent Flyers
644893,2,0,Medium,Medium,Mainstream Core Travelers
644938,0,0,High,Medium,Rising Loyalists
644945,0,0,High,Medium,Rising Loyalists
645057,0,0,High,Medium,Rising Loyalists
645072,0,0,High,Medium,Rising Loyalists
645078,2,0,Medium,Medium,Mainstream Core Travelers
645081,0,0,High,Medium,Rising Loyalists
645114,2,0,Medium,Medium,Mainstream Core Travelers
645145,0,0,High,Medium,Rising Loyalists
645147,0,0,High,Medium,Rising Loyalists
645244,0,0,High,Medium,Rising Loyalists
645265,0,0,High,Medium,Rising Loyalists
645280,0,0,High,Medium,Rising Loyalists
645333,2,1,Medium,High,Loyal Premium Travelers
645450,0,0,High,Medium,Rising Loyalists
645508,0,0,High,Medium,Rising Loyalists
645566,0,0,High,Medium,Rising Loyalists
645600,0,0,High,Medium,Rising Loyalists
645635,2,0,Medium,Medium,Mainstream Core Travelers
645653,0,0,High,Medium,Rising Loyalists
645688,0,0,High,Medium,Rising Loyalists
645712,0,1,High,High,Elite Frequent Flyers
645742,2,0,Medium,Medium,Mainstream Core Travelers
645895,0,0,High,Medium,Rising Loyalists
645919,0,0,High,Medium,Rising Loyalists
645927,0,0,High,Medium,Rising Loyalists
645986,0,0,High,Medium,Rising Loyalists
646022,0,0,High,Medium,Rising Loyalists
646023,2,0,Medium,Medium,Mainstream Core Travelers
646038,0,0,High,Medium,Rising Loyalists
646137,0,0,High,Medium,Rising Loyalists
646168,0,0,High,Medium,Rising Loyalists
646178,0,0,High,Medium,Rising Loyalists
646187,2,0,Medium,Medium,Mainstream Core Travelers
646189,0,0,High,Medium,Rising Loyalists
646198,2,0,Medium,Medium,Mainstream Core Travelers
646225,0,0,High,Medium,Rising Loyalists
646262,2,0,Medium,Medium,Mainstream Core Travelers
646277,0,0,High,Medium,Rising Loyalists
646289,0,0,High,Medium,Rising Loyalists
646359,0,0,High,Medium,Rising Loyalists
646399,0,0,High,Medium,Rising Loyalists
646502,0,0,High,Medium,Rising Loyalists
646519,0,0,High,Medium,Rising Loyalists
646756,2,0,Medium,Medium,Mainstream Core Travelers
646935,0,0,High,Medium,Rising Loyalists
647005,2,0,Medium,Medium,Mainstream Core Travelers
647041,0,0,High,Medium,Rising Loyalists
647133,0,0,High,Medium,Rising Loyalists
647214,0,0,High,Medium,Rising Loyalists
647393,2,0,Medium,Medium,Mainstream Core Travelers
647491,0,0,High,Medium,Rising Loyalists
647658,2,0,Medium,Medium,Mainstream Core Travelers
647672,0,0,High,Medium,Rising Loyalists
647684,0,0,High,Medium,Rising Loyalists
647726,0,0,High,Medium,Rising Loyalists
647791,2,0,Medium,Medium,Mainstream Core Travelers
647894,0,0,High,Medium,Rising Loyalists
647933,2,0,Medium,Medium,Mainstream Core Travelers
647956,0,1,High,High,Elite Frequent Flyers
648043,0,0,High,Medium,Rising Loyalists
648077,0,0,High,Medium,Rising Loyalists
648231,2,0,Medium,Medium,Mainstream Core Travelers
648286,2,0,Medium,Medium,Mainstream Core Travelers
648365,0,0,High,Medium,Rising Loyalists
648380,0,0,High,Medium,Rising Loyalists
648432,0,0,High,Medium,Rising Loyalists
648455,0,1,High,High,Elite Frequent Flyers
648533,0,0,High,Medium,Rising Loyalists
648575,0,1,High,High,Elite Frequent Flyers
648586,0,0,High,Medium,Rising Loyalists
648596,0,0,High,Medium,Rising Loyalists
648648,0,0,High,Medium,Rising Loyalists
648653,0,0,High,Medium,Rising Loyalists
648924,0,0,High,Medium,Rising Loyalists
649052,0,0,High,Medium,Rising Loyalists
649054,0,0,High,Medium,Rising Loyalists
649089,2,0,Medium,Medium,Mainstream Core Travelers
649104,0,0,High,Medium,Rising Loyalists
649194,0,1,High,High,Elite Frequent Flyers
649321,0,0,High,Medium,Rising Loyalists
649404,2,0,Medium,Medium,Mainstream Core Travelers
649422,0,0,High,Medium,Rising Loyalists
649442,0,0,High,Medium,Rising Loyalists
649487,2,0,Medium,Medium,Mainstream Core Travelers
649656,0,0,High,Medium,Rising Loyalists
649680,2,0,Medium,Medium,Mainstream Core Travelers
649770,0,0,High,Medium,Rising Loyalists
649802,0,0,High,Medium,Rising Loyalists
649855,0,0,High,Medium,Rising Loyalists
649918,2,0,Medium,Medium,Mainstream Core Travelers
649961,0,0,High,Medium,Rising Loyalists
649972,2,0,Medium,Medium,Mainstream Core Travelers
649994,0,0,High,Medium,Rising Loyalists
650290,2,0,Medium,Medium,Mainstream Core Travelers
650358,0,0,High,Medium,Rising Loyalists
650366,2,0,Medium,Medium,Mainstream Core Travelers
650377,0,0,High,Medium,Rising Loyalists
650420,0,0,High,Medium,Rising Loyalists
650445,0,0,High,Medium,Rising Loyalists
650466,0,0,High,Medium,Rising Loyalists
650486,0,0,High,Medium,Rising Loyalists
650529,0,0,High,Medium,Rising Loyalists
650553,0,0,High,Medium,Rising Loyalists
650621,0,0,High,Medium,Rising Loyalists
650657,0,0,High,Medium,Rising Loyalists
650704,0,0,High,Medium,Rising Loyalists
650721,0,0,High,Medium,Rising Loyalists
650801,2,0,Medium,Medium,Mainstream Core Travelers
650870,0,0,High,Medium,Rising Loyalists
650957,2,0,Medium,Medium,Mainstream Core Travelers
651006,0,0,High,Medium,Rising Loyalists
651020,0,0,High,Medium,Rising Loyalists
651054,2,0,Medium,Medium,Mainstream Core Travelers
651097,0,1,High,High,Elite Frequent Flyers
651210,2,0,Medium,Medium,Mainstream Core Travelers
651250,0,0,High,Medium,Rising Loyalists
651277,2,1,Medium,High,Loyal Premium Travelers
651281,0,1,High,High,Elite Frequent Flyers
651377,0,1,High,High,Elite Frequent Flyers
651469,2,0,Medium,Medium,Mainstream Core Travelers
651605,0,0,High,Medium,Rising Loyalists
651622,0,0,High,Medium,Rising Loyalists
651631,0,0,High,Medium,Rising Loyalists
651645,2,0,Medium,Medium,Mainstream Core Travelers
651694,0,0,High,Medium,Rising Loyalists
651740,0,0,High,Medium,Rising Loyalists
651835,0,0,High,Medium,Rising Loyalists
651959,0,0,High,Medium,Rising Loyalists
652034,0,0,High,Medium,Rising Loyalists
652047,0,0,High,Medium,Rising Loyalists
652194,0,0,High,Medium,Rising Loyalists
652212,0,0,High,Medium,Rising Loyalists
652291,0,0,High,Medium,Rising Loyalists
652300,2,1,Medium,High,Loyal Premium Travelers
652357,2,1,Medium,High,Loyal Premium Travelers
652370,0,0,High,Medium,Rising Loyalists
652374,2,0,Medium,Medium,Mainstream Core Travelers
652394,0,0,High,Medium,Rising Loyalists
652431,2,1,Medium,High,Loyal Premium Travelers
652498,0,0,High,Medium,Rising Loyalists
652499,2,0,Medium,Medium,Mainstream Core Travelers
652501,0,0,High,Medium,Rising Loyalists
652518,0,0,High,Medium,Rising Loyalists
652614,0,0,High,Medium,Rising Loyalists
652627,2,1,Medium,High,Loyal Premium Travelers
652636,2,0,Medium,Medium,Mainstream Core Travelers
652642,0,0,High,Medium,Rising Loyalists
652741,2,0,Medium,Medium,Mainstream Core Travelers
652756,2,0,Medium,Medium,Mainstream Core Travelers
652781,2,0,Medium,Medium,Mainstream Core Travelers
652790,0,0,High,Medium,Rising Loyalists
652809,2,0,Medium,Medium,Mainstream Core Travelers
652816,0,0,High,Medium,Rising Loyalists
652852,0,0,High,Medium,Rising Loyalists
652862,0,0,High,Medium,Rising Loyalists
653015,0,0,High,Medium,Rising Loyalists
653070,0,0,High,Medium,Rising Loyalists
653081,0,0,High,Medium,Rising Loyalists
653191,0,0,High,Medium,Rising Loyalists
653259,0,0,High,Medium,Rising Loyalists
653304,2,0,Medium,Medium,Mainstream Core Travelers
653324,2,0,Medium,Medium,Mainstream Core Travelers
653337,0,0,High,Medium,Rising Loyalists
653340,0,0,High,Medium,Rising Loyalists
653354,2,0,Medium,Medium,Mainstream Core Travelers
653400,0,0,High,Medium,Rising Loyalists
653441,0,0,High,Medium,Rising Loyalists
653539,0,0,High,Medium,Rising Loyalists
653542,0,0,High,Medium,Rising Loyalists
653572,0,0,High,Medium,Rising Loyalists
653636,0,0,High,Medium,Rising Loyalists
653637,0,0,High,Medium,Rising Loyalists
653698,0,0,High,Medium,Rising Loyalists
653851,0,0,High,Medium,Rising Loyalists
653890,2,0,Medium,Medium,Mainstream Core Travelers
653973,0,0,High,Medium,Rising Loyalists
654073,0,0,High,Medium,Rising Loyalists
654086,0,0,High,Medium,Rising Loyalists
654122,0,0,High,Medium,Rising Loyalists
654187,0,0,High,Medium,Rising Loyalists
654225,2,0,Medium,Medium,Mainstream Core Travelers
654249,2,0,Medium,Medium,Mainstream Core Travelers
654288,0,0,High,Medium,Rising Loyalists
654389,2,0,Medium,Medium,Mainstream Core Travelers
654433,2,0,Medium,Medium,Mainstream Core Travelers
654540,2,0,Medium,Medium,Mainstream Core Travelers
654578,0,0,High,Medium,Rising Loyalists
654748,2,0,Medium,Medium,Mainstream Core Travelers
654751,0,0,High,Medium,Rising Loyalists
654817,0,0,High,Medium,Rising Loyalists
654890,0,0,High,Medium,Rising Loyalists
654919,2,1,Medium,High,Loyal Premium Travelers
654941,0,0,High,Medium,Rising Loyalists
654983,2,0,Medium,Medium,Mainstream Core Travelers
655016,2,0,Medium,Medium,Mainstream Core Travelers
655039,2,0,Medium,Medium,Mainstream Core Travelers
655044,0,0,High,Medium,Rising Loyalists
655082,0,0,High,Medium,Rising Loyalists
655085,2,0,Medium,Medium,Mainstream Core Travelers
655263,2,0,Medium,Medium,Mainstream Core Travelers
655325,0,0,High,Medium,Rising Loyalists
655453,0,0,High,Medium,Rising Loyalists
655473,2,0,Medium,Medium,Mainstream Core Travelers
655480,0,0,High,Medium,Rising Loyalists
655614,2,0,Medium,Medium,Mainstream Core Travelers
655715,0,0,High,Medium,Rising Loyalists
655721,2,0,Medium,Medium,Mainstream Core Travelers
655743,0,0,High,Medium,Rising Loyalists
655892,0,0,High,Medium,Rising Loyalists
655957,0,0,High,Medium,Rising Loyalists
655995,2,1,Medium,High,Loyal Premium Travelers
656027,0,0,High,Medium,Rising Loyalists
656036,2,0,Medium,Medium,Mainstream Core Travelers
656288,0,0,High,Medium,Rising Loyalists
656360,0,0,High,Medium,Rising Loyalists
656415,0,0,High,Medium,Rising Loyalists
656454,0,1,High,High,Elite Frequent Flyers
656487,0,0,High,Medium,Rising Loyalists
656572,0,0,High,Medium,Rising Loyalists
656639,0,0,High,Medium,Rising Loyalists
656650,0,0,High,Medium,Rising Loyalists
656858,2,0,Medium,Medium,Mainstream Core Travelers
656942,0,0,High,Medium,Rising Loyalists
656958,2,1,Medium,High,Loyal Premium Travelers
656993,2,0,Medium,Medium,Mainstream Core Travelers
657116,0,0,High,Medium,Rising Loyalists
657118,0,0,High,Medium,Rising Loyalists
657339,0,0,High,Medium,Rising Loyalists
657492,0,0,High,Medium,Rising Loyalists
657668,0,0,High,Medium,Rising Loyalists
657730,2,0,Medium,Medium,Mainstream Core Travelers
657748,0,0,High,Medium,Rising Loyalists
657777,2,0,Medium,Medium,Mainstream Core Travelers
657842,2,0,Medium,Medium,Mainstream Core Travelers
657865,0,0,High,Medium,Rising Loyalists
657946,2,0,Medium,Medium,Mainstream Core Travelers
657980,2,1,Medium,High,Loyal Premium Travelers
658076,2,0,Medium,Medium,Mainstream Core Travelers
658175,0,0,High,Medium,Rising Loyalists
658257,2,0,Medium,Medium,Mainstream Core Travelers
658310,0,0,High,Medium,Rising Loyalists
658330,0,0,High,Medium,Rising Loyalists
658407,0,0,High,Medium,Rising Loyalists
658546,0,0,High,Medium,Rising Loyalists
658726,2,0,Medium,Medium,Mainstream Core Travelers
658861,0,0,High,Medium,Rising Loyalists
658996,0,0,High,Medium,Rising Loyalists
659011,0,0,High,Medium,Rising Loyalists
659112,0,0,High,Medium,Rising Loyalists
659147,0,0,High,Medium,Rising Loyalists
659205,0,0,High,Medium,Rising Loyalists
659251,0,0,High,Medium,Rising Loyalists
659400,0,0,High,Medium,Rising Loyalists
659419,0,0,High,Medium,Rising Loyalists
659454,2,0,Medium,Medium,Mainstream Core Travelers
659481,0,0,High,Medium,Rising Loyalists
659536,0,0,High,Medium,Rising Loyalists
659607,0,0,High,Medium,Rising Loyalists
659637,0,0,High,Medium,Rising Loyalists
659731,2,1,Medium,High,Loyal Premium Travelers
659767,0,0,High,Medium,Rising Loyalists
659781,0,0,High,Medium,Rising Loyalists
659792,2,0,Medium,Medium,Mainstream Core Travelers
659882,2,0,Medium,Medium,Mainstream Core Travelers
659967,0,0,High,Medium,Rising Loyalists
660030,0,0,High,Medium,Rising Loyalists
660047,0,0,High,Medium,Rising Loyalists
660098,1,0,Low,Medium,Value Fading
660119,0,0,High,Medium,Rising Loyalists
660178,0,0,High,Medium,Rising Loyalists
660197,0,0,High,Medium,Rising Loyalists
660294,0,0,High,Medium,Rising Loyalists
660349,2,0,Medium,Medium,Mainstream Core Travelers
660376,0,0,High,Medium,Rising Loyalists
660395,0,0,High,Medium,Rising Loyalists
660436,0,0,High,Medium,Rising Loyalists
660457,0,0,High,Medium,Rising Loyalists
660554,0,0,High,Medium,Rising Loyalists
660684,0,0,High,Medium,Rising Loyalists
660768,0,0,High,Medium,Rising Loyalists
660922,0,0,High,Medium,Rising Loyalists
660958,0,0,High,Medium,Rising Loyalists
661035,0,0,High,Medium,Rising Loyalists
661050,0,0,High,Medium,Rising Loyalists
661054,0,0,High,Medium,Rising Loyalists
661069,2,0,Medium,Medium,Mainstream Core Travelers
661088,0,0,High,Medium,Rising Loyalists
661118,0,0,High,Medium,Rising Loyalists
661150,0,0,High,Medium,Rising Loyalists
661193,0,0,High,Medium,Rising Loyalists
661274,0,0,High,Medium,Rising Loyalists
661321,0,0,High,Medium,Rising Loyalists
661411,0,1,High,High,Elite Frequent Flyers
661442,2,0,Medium,Medium,Mainstream Core Travelers
661451,0,0,High,Medium,Rising Loyalists
661469,0,0,High,Medium,Rising Loyalists
661487,0,0,High,Medium,Rising Loyalists
661502,0,1,High,High,Elite Frequent Flyers
661546,2,0,Medium,Medium,Mainstream Core Travelers
661587,2,0,Medium,Medium,Mainstream Core Travelers
661708,2,0,Medium,Medium,Mainstream Core Travelers
661744,0,0,High,Medium,Rising Loyalists
662022,0,0,High,Medium,Rising Loyalists
662045,2,0,Medium,Medium,Mainstream Core Travelers
662164,0,0,High,Medium,Rising Loyalists
662166,0,0,High,Medium,Rising Loyalists
662209,0,0,High,Medium,Rising Loyalists
662268,0,0,High,Medium,Rising Loyalists
662272,0,1,High,High,Elite Frequent Flyers
662380,0,0,High,Medium,Rising Loyalists
662392,2,0,Medium,Medium,Mainstream Core Travelers
662406,0,1,High,High,Elite Frequent Flyers
662489,2,1,Medium,High,Loyal Premium Travelers
662521,0,0,High,Medium,Rising Loyalists
662594,0,0,High,Medium,Rising Loyalists
662665,0,0,High,Medium,Rising Loyalists
662723,2,0,Medium,Medium,Mainstream Core Travelers
662750,0,0,High,Medium,Rising Loyalists
662848,0,0,High,Medium,Rising Loyalists
662880,0,0,High,Medium,Rising Loyalists
662934,2,0,Medium,Medium,Mainstream Core Travelers
662936,0,0,High,Medium,Rising Loyalists
662973,0,0,High,Medium,Rising Loyalists
663062,0,0,High,Medium,Rising Loyalists
663067,0,0,High,Medium,Rising Loyalists
663072,2,0,Medium,Medium,Mainstream Core Travelers
663098,2,1,Medium,High,Loyal Premium Travelers
663133,0,0,High,Medium,Rising Loyalists
663150,0,0,High,Medium,Rising Loyalists
663213,2,0,Medium,Medium,Mainstream Core Travelers
663270,0,0,High,Medium,Rising Loyalists
663343,0,0,High,Medium,Rising Loyalists
663382,0,0,High,Medium,Rising Loyalists
663402,2,0,Medium,Medium,Mainstream Core Travelers
663416,0,0,High,Medium,Rising Loyalists
663422,2,0,Medium,Medium,Mainstream Core Travelers
663513,0,0,High,Medium,Rising Loyalists
663514,0,0,High,Medium,Rising Loyalists
663521,0,0,High,Medium,Rising Loyalists
663573,0,0,High,Medium,Rising Loyalists
663641,2,0,Medium,Medium,Mainstream Core Travelers
663659,2,0,Medium,Medium,Mainstream Core Travelers
663719,0,0,High,Medium,Rising Loyalists
663746,2,0,Medium,Medium,Mainstream Core Travelers
663757,2,0,Medium,Medium,Mainstream Core Travelers
663897,2,0,Medium,Medium,Mainstream Core Travelers
663918,0,0,High,Medium,Rising Loyalists
663975,2,0,Medium,Medium,Mainstream Core Travelers
664008,2,0,Medium,Medium,Mainstream Core Travelers
664034,0,0,High,Medium,Rising Loyalists
664052,0,0,High,Medium,Rising Loyalists
664054,0,0,High,Medium,Rising Loyalists
664062,0,0,High,Medium,Rising Loyalists
664084,0,0,High,Medium,Rising Loyalists
664112,0,0,High,Medium,Rising Loyalists
664183,1,0,Low,Medium,Value Fading
664277,0,0,High,Medium,Rising Loyalists
664379,0,0,High,Medium,Rising Loyalists
664493,0,0,High,Medium,Rising Loyalists
664666,0,0,High,Medium,Rising Loyalists
664684,2,0,Medium,Medium,Mainstream Core Travelers
664705,0,0,High,Medium,Rising Loyalists
664737,0,0,High,Medium,Rising Loyalists
664759,2,0,Medium,Medium,Mainstream Core Travelers
664771,0,0,High,Medium,Rising Loyalists
664799,0,0,High,Medium,Rising Loyalists
664856,0,0,High,Medium,Rising Loyalists
665024,0,1,High,High,Elite Frequent Flyers
665031,2,1,Medium,High,Loyal Premium Travelers
665100,0,0,High,Medium,Rising Loyalists
665373,2,0,Medium,Medium,Mainstream Core Travelers
665374,2,0,Medium,Medium,Mainstream Core Travelers
665403,0,1,High,High,Elite Frequent Flyers
665454,2,1,Medium,High,Loyal Premium Travelers
665467,0,0,High,Medium,Rising Loyalists
665533,2,0,Medium,Medium,Mainstream Core Travelers
665548,0,0,High,Medium,Rising Loyalists
665645,2,0,Medium,Medium,Mainstream Core Travelers
665646,0,0,High,Medium,Rising Loyalists
665679,2,0,Medium,Medium,Mainstream Core Travelers
665701,0,0,High,Medium,Rising Loyalists
665763,2,0,Medium,Medium,Mainstream Core Travelers
665773,2,0,Medium,Medium,Mainstream Core Travelers
665890,0,0,High,Medium,Rising Loyalists
666189,2,0,Medium,Medium,Mainstream Core Travelers
666222,0,0,High,Medium,Rising Loyalists
666301,0,0,High,Medium,Rising Loyalists
666337,0,1,High,High,Elite Frequent Flyers
666381,0,0,High,Medium,Rising Loyalists
666417,0,0,High,Medium,Rising Loyalists
666473,0,0,High,Medium,Rising Loyalists
666504,0,0,High,Medium,Rising Loyalists
666556,0,0,High,Medium,Rising Loyalists
666572,0,0,High,Medium,Rising Loyalists
666597,0,0,High,Medium,Rising Loyalists
666608,0,0,High,Medium,Rising Loyalists
666667,0,0,High,Medium,Rising Loyalists
666680,0,0,High,Medium,Rising Loyalists
666702,2,0,Medium,Medium,Mainstream Core Travelers
666761,2,0,Medium,Medium,Mainstream Core Travelers
666877,0,0,High,Medium,Rising Loyalists
666878,0,0,High,Medium,Rising Loyalists
666933,0,0,High,Medium,Rising Loyalists
666952,0,0,High,Medium,Rising Loyalists
667041,0,0,High,Medium,Rising Loyalists
667117,0,0,High,Medium,Rising Loyalists
667157,2,1,Medium,High,Loyal Premium Travelers
667262,0,0,High,Medium,Rising Loyalists
667275,2,1,Medium,High,Loyal Premium Travelers
667293,2,0,Medium,Medium,Mainstream Core Travelers
667314,2,1,Medium,High,Loyal Premium Travelers
667341,0,0,High,Medium,Rising Loyalists
667356,2,0,Medium,Medium,Mainstream Core Travelers
667398,2,1,Medium,High,Loyal Premium Travelers
667517,2,0,Medium,Medium,Mainstream Core Travelers
667615,2,0,Medium,Medium,Mainstream Core Travelers
667634,0,0,High,Medium,Rising Loyalists
667678,2,1,Medium,High,Loyal Premium Travelers
667687,2,0,Medium,Medium,Mainstream Core Travelers
667692,0,0,High,Medium,Rising Loyalists
667718,0,1,High,High,Elite Frequent Flyers
667767,0,0,High,Medium,Rising Loyalists
667781,0,0,High,Medium,Rising Loyalists
667798,0,0,High,Medium,Rising Loyalists
667800,2,1,Medium,High,Loyal Premium Travelers
667860,0,0,High,Medium,Rising Loyalists
667901,0,0,High,Medium,Rising Loyalists
667974,0,0,High,Medium,Rising Loyalists
668000,0,0,High,Medium,Rising Loyalists
668020,0,0,High,Medium,Rising Loyalists
668136,2,0,Medium,Medium,Mainstream Core Travelers
668213,2,0,Medium,Medium,Mainstream Core Travelers
668235,2,0,Medium,Medium,Mainstream Core Travelers
668253,0,0,High,Medium,Rising Loyalists
668325,0,0,High,Medium,Rising Loyalists
668510,0,0,High,Medium,Rising Loyalists
668576,0,0,High,Medium,Rising Loyalists
668599,0,0,High,Medium,Rising Loyalists
668624,0,0,High,Medium,Rising Loyalists
668692,0,0,High,Medium,Rising Loyalists
668843,2,0,Medium,Medium,Mainstream Core Travelers
668865,0,1,High,High,Elite Frequent Flyers
668959,0,0,High,Medium,Rising Loyalists
668968,0,0,High,Medium,Rising Loyalists
668970,2,0,Medium,Medium,Mainstream Core Travelers
669028,0,0,High,Medium,Rising Loyalists
669065,0,0,High,Medium,Rising Loyalists
669066,0,0,High,Medium,Rising Loyalists
669222,0,0,High,Medium,Rising Loyalists
669368,0,0,High,Medium,Rising Loyalists
669373,0,0,High,Medium,Rising Loyalists
669493,2,0,Medium,Medium,Mainstream Core Travelers
669501,0,0,High,Medium,Rising Loyalists
669810,0,0,High,Medium,Rising Loyalists
669812,0,0,High,Medium,Rising Loyalists
669890,0,0,High,Medium,Rising Loyalists
669894,0,1,High,High,Elite Frequent Flyers
669978,0,0,High,Medium,Rising Loyalists
670000,0,1,High,High,Elite Frequent Flyers
670002,0,1,High,High,Elite Frequent Flyers
670040,0,0,High,Medium,Rising Loyalists
670131,0,1,High,High,Elite Frequent Flyers
670210,0,0,High,Medium,Rising Loyalists
670215,0,0,High,Medium,Rising Loyalists
670230,2,0,Medium,Medium,Mainstream Core Travelers
670289,2,0,Medium,Medium,Mainstream Core Travelers
670294,0,0,High,Medium,Rising Loyalists
670371,0,0,High,Medium,Rising Loyalists
670430,0,0,High,Medium,Rising Loyalists
670606,0,0,High,Medium,Rising Loyalists
670666,0,1,High,High,Elite Frequent Flyers
670686,0,0,High,Medium,Rising Loyalists
670751,0,1,High,High,Elite Frequent Flyers
670817,0,0,High,Medium,Rising Loyalists
670836,2,1,Medium,High,Loyal Premium Travelers
670939,0,0,High,Medium,Rising Loyalists
670981,2,1,Medium,High,Loyal Premium Travelers
670985,0,0,High,Medium,Rising Loyalists
671077,2,0,Medium,Medium,Mainstream Core Travelers
671115,0,1,High,High,Elite Frequent Flyers
671119,0,0,High,Medium,Rising Loyalists
671173,0,0,High,Medium,Rising Loyalists
671309,2,0,Medium,Medium,Mainstream Core Travelers
671359,2,0,Medium,Medium,Mainstream Core Travelers
671368,0,0,High,Medium,Rising Loyalists
671383,0,0,High,Medium,Rising Loyalists
671528,0,0,High,Medium,Rising Loyalists
671534,0,0,High,Medium,Rising Loyalists
671628,2,0,Medium,Medium,Mainstream Core Travelers
671639,0,0,High,Medium,Rising Loyalists
671764,2,1,Medium,High,Loyal Premium Travelers
671803,0,1,High,High,Elite Frequent Flyers
671849,0,0,High,Medium,Rising Loyalists
671906,2,0,Medium,Medium,Mainstream Core Travelers
671911,0,0,High,Medium,Rising Loyalists
671928,0,0,High,Medium,Rising Loyalists
671933,0,0,High,Medium,Rising Loyalists
672039,0,0,High,Medium,Rising Loyalists
672089,0,0,High,Medium,Rising Loyalists
672103,0,0,High,Medium,Rising Loyalists
672170,0,0,High,Medium,Rising Loyalists
672236,0,0,High,Medium,Rising Loyalists
672255,2,0,Medium,Medium,Mainstream Core Travelers
672308,0,0,High,Medium,Rising Loyalists
672336,0,0,High,Medium,Rising Loyalists
672391,2,0,Medium,Medium,Mainstream Core Travelers
672395,0,0,High,Medium,Rising Loyalists
672430,0,0,High,Medium,Rising Loyalists
672431,0,0,High,Medium,Rising Loyalists
672570,0,0,High,Medium,Rising Loyalists
672582,2,0,Medium,Medium,Mainstream Core Travelers
672600,0,1,High,High,Elite Frequent Flyers
672635,2,0,Medium,Medium,Mainstream Core Travelers
672649,2,0,Medium,Medium,Mainstream Core Travelers
672679,2,0,Medium,Medium,Mainstream Core Travelers
672781,0,0,High,Medium,Rising Loyalists
672819,2,0,Medium,Medium,Mainstream Core Travelers
672893,0,0,High,Medium,Rising Loyalists
672904,0,0,High,Medium,Rising Loyalists
672917,2,1,Medium,High,Loyal Premium Travelers
673054,0,0,High,Medium,Rising Loyalists
673061,2,0,Medium,Medium,Mainstream Core Travelers
673192,0,0,High,Medium,Rising Loyalists
673301,2,0,Medium,Medium,Mainstream Core Travelers
673399,0,0,High,Medium,Rising Loyalists
673401,0,0,High,Medium,Rising Loyalists
673424,0,0,High,Medium,Rising Loyalists
673492,2,0,Medium,Medium,Mainstream Core Travelers
673872,2,0,Medium,Medium,Mainstream Core Travelers
673934,0,0,High,Medium,Rising Loyalists
674118,0,0,High,Medium,Rising Loyalists
674281,0,0,High,Medium,Rising Loyalists
674327,0,0,High,Medium,Rising Loyalists
674372,2,0,Medium,Medium,Mainstream Core Travelers
674375,2,0,Medium,Medium,Mainstream Core Travelers
674394,0,0,High,Medium,Rising Loyalists
674462,0,0,High,Medium,Rising Loyalists
674497,0,0,High,Medium,Rising Loyalists
674637,0,0,High,Medium,Rising Loyalists
674643,2,0,Medium,Medium,Mainstream Core Travelers
674689,0,0,High,Medium,Rising Loyalists
674738,2,0,Medium,Medium,Mainstream Core Travelers
674781,0,0,High,Medium,Rising Loyalists
674805,0,0,High,Medium,Rising Loyalists
674876,2,0,Medium,Medium,Mainstream Core Travelers
674923,0,0,High,Medium,Rising Loyalists
674933,0,0,High,Medium,Rising Loyalists
675057,0,0,High,Medium,Rising Loyalists
675104,0,0,High,Medium,Rising Loyalists
675106,0,0,High,Medium,Rising Loyalists
675204,0,0,High,Medium,Rising Loyalists
675240,2,1,Medium,High,Loyal Premium Travelers
675243,0,0,High,Medium,Rising Loyalists
675385,0,0,High,Medium,Rising Loyalists
675405,0,0,High,Medium,Rising Loyalists
675409,0,1,High,High,Elite Frequent Flyers
675419,2,1,Medium,High,Loyal Premium Travelers
675442,0,0,High,Medium,Rising Loyalists
675457,0,0,High,Medium,Rising Loyalists
675506,2,0,Medium,Medium,Mainstream Core Travelers
675516,0,0,High,Medium,Rising Loyalists
675535,0,0,High,Medium,Rising Loyalists
675538,0,0,High,Medium,Rising Loyalists
675541,0,0,High,Medium,Rising Loyalists
675616,0,0,High,Medium,Rising Loyalists
675651,0,0,High,Medium,Rising Loyalists
675710,2,0,Medium,Medium,Mainstream Core Travelers
675848,0,0,High,Medium,Rising Loyalists
675879,2,0,Medium,Medium,Mainstream Core Travelers
675936,0,0,High,Medium,Rising Loyalists
675956,0,1,High,High,Elite Frequent Flyers
676203,0,0,High,Medium,Rising Loyalists
676289,0,0,High,Medium,Rising Loyalists
676371,2,0,Medium,Medium,Mainstream Core Travelers
676376,0,0,High,Medium,Rising Loyalists
676406,0,0,High,Medium,Rising Loyalists
676408,0,0,High,Medium,Rising Loyalists
676409,0,0,High,Medium,Rising Loyalists
676585,0,0,High,Medium,Rising Loyalists
676622,0,0,High,Medium,Rising Loyalists
676631,0,0,High,Medium,Rising Loyalists
676639,0,0,High,Medium,Rising Loyalists
676669,0,1,High,High,Elite Frequent Flyers
676676,2,0,Medium,Medium,Mainstream Core Travelers
676873,0,0,High,Medium,Rising Loyalists
676877,0,1,High,High,Elite Frequent Flyers
676941,0,0,High,Medium,Rising Loyalists
677045,0,0,High,Medium,Rising Loyalists
677068,0,0,High,Medium,Rising Loyalists
677141,0,0,High,Medium,Rising Loyalists
677153,2,0,Medium,Medium,Mainstream Core Travelers
677174,0,0,High,Medium,Rising Loyalists
677213,0,0,High,Medium,Rising Loyalists
677217,0,1,High,High,Elite Frequent Flyers
677218,0,0,High,Medium,Rising Loyalists
677292,2,1,Medium,High,Loyal Premium Travelers
677322,0,0,High,Medium,Rising Loyalists
677329,2,1,Medium,High,Loyal Premium Travelers
677335,2,0,Medium,Medium,Mainstream Core Travelers
677404,0,1,High,High,Elite Frequent Flyers
677435,0,0,High,Medium,Rising Loyalists
677513,0,1,High,High,Elite Frequent Flyers
677527,0,0,High,Medium,Rising Loyalists
677560,0,0,High,Medium,Rising Loyalists
677606,0,0,High,Medium,Rising Loyalists
677669,2,0,Medium,Medium,Mainstream Core Travelers
677695,0,0,High,Medium,Rising Loyalists
677704,0,0,High,Medium,Rising Loyalists
677717,0,0,High,Medium,Rising Loyalists
677751,0,0,High,Medium,Rising Loyalists
677901,2,1,Medium,High,Loyal Premium Travelers
677925,2,0,Medium,Medium,Mainstream Core Travelers
677963,0,0,High,Medium,Rising Loyalists
677976,2,0,Medium,Medium,Mainstream Core Travelers
678205,2,1,Medium,High,Loyal Premium Travelers
678217,2,0,Medium,Medium,Mainstream Core Travelers
678243,0,0,High,Medium,Rising Loyalists
678284,0,0,High,Medium,Rising Loyalists
678341,0,0,High,Medium,Rising Loyalists
678454,0,0,High,Medium,Rising Loyalists
678460,0,0,High,Medium,Rising Loyalists
678493,0,0,High,Medium,Rising Loyalists
678514,0,0,High,Medium,Rising Loyalists
678544,2,1,Medium,High,Loyal Premium Travelers
678603,0,0,High,Medium,Rising Loyalists
678616,0,0,High,Medium,Rising Loyalists
678722,0,0,High,Medium,Rising Loyalists
678786,0,0,High,Medium,Rising Loyalists
678837,0,0,High,Medium,Rising Loyalists
678858,2,1,Medium,High,Loyal Premium Travelers
678925,0,1,High,High,Elite Frequent Flyers
678933,0,0,High,Medium,Rising Loyalists
678967,0,0,High,Medium,Rising Loyalists
678991,2,1,Medium,High,Loyal Premium Travelers
679075,0,0,High,Medium,Rising Loyalists
679132,2,0,Medium,Medium,Mainstream Core Travelers
679155,2,1,Medium,High,Loyal Premium Travelers
679253,2,0,Medium,Medium,Mainstream Core Travelers
679311,0,0,High,Medium,Rising Loyalists
679414,2,0,Medium,Medium,Mainstream Core Travelers
679437,0,0,High,Medium,Rising Loyalists
679485,0,0,High,Medium,Rising Loyalists
679531,2,0,Medium,Medium,Mainstream Core Travelers
679607,0,0,High,Medium,Rising Loyalists
679609,0,0,High,Medium,Rising Loyalists
679623,0,0,High,Medium,Rising Loyalists
679638,0,0,High,Medium,Rising Loyalists
679859,0,0,High,Medium,Rising Loyalists
679908,0,0,High,Medium,Rising Loyalists
679994,2,0,Medium,Medium,Mainstream Core Travelers
680168,2,1,Medium,High,Loyal Premium Travelers
680181,0,0,High,Medium,Rising Loyalists
680193,2,0,Medium,Medium,Mainstream Core Travelers
680304,2,0,Medium,Medium,Mainstream Core Travelers
680376,2,0,Medium,Medium,Mainstream Core Travelers
680379,0,0,High,Medium,Rising Loyalists
680444,0,0,High,Medium,Rising Loyalists
680445,0,0,High,Medium,Rising Loyalists
680485,1,0,Low,Medium,Value Fading
680553,2,0,Medium,Medium,Mainstream Core Travelers
680565,0,0,High,Medium,Rising Loyalists
680569,0,0,High,Medium,Rising Loyalists
680581,0,0,High,Medium,Rising Loyalists
680738,0,1,High,High,Elite Frequent Flyers
680754,2,0,Medium,Medium,Mainstream Core Travelers
680839,0,0,High,Medium,Rising Loyalists
680878,2,0,Medium,Medium,Mainstream Core Travelers
680886,0,1,High,High,Elite Frequent Flyers
680945,2,0,Medium,Medium,Mainstream Core Travelers
681032,0,1,High,High,Elite Frequent Flyers
681250,0,0,High,Medium,Rising Loyalists
681270,0,0,High,Medium,Rising Loyalists
681309,0,0,High,Medium,Rising Loyalists
681328,2,0,Medium,Medium,Mainstream Core Travelers
681399,0,0,High,Medium,Rising Loyalists
681593,2,0,Medium,Medium,Mainstream Core Travelers
681649,0,0,High,Medium,Rising Loyalists
681722,0,0,High,Medium,Rising Loyalists
681785,0,0,High,Medium,Rising Loyalists
681822,0,0,High,Medium,Rising Loyalists
681887,0,0,High,Medium,Rising Loyalists
681921,0,0,High,Medium,Rising Loyalists
681961,2,1,Medium,High,Loyal Premium Travelers
681984,0,0,High,Medium,Rising Loyalists
682064,2,0,Medium,Medium,Mainstream Core Travelers
682103,0,0,High,Medium,Rising Loyalists
682194,0,0,High,Medium,Rising Loyalists
682288,0,0,High,Medium,Rising Loyalists
682308,0,0,High,Medium,Rising Loyalists
682337,2,0,Medium,Medium,Mainstream Core Travelers
682356,0,0,High,Medium,Rising Loyalists
682419,0,0,High,Medium,Rising Loyalists
682521,2,0,Medium,Medium,Mainstream Core Travelers
682528,0,0,High,Medium,Rising Loyalists
682533,2,0,Medium,Medium,Mainstream Core Travelers
682571,0,0,High,Medium,Rising Loyalists
682654,0,0,High,Medium,Rising Loyalists
682707,0,0,High,Medium,Rising Loyalists
682709,0,0,High,Medium,Rising Loyalists
682813,0,0,High,Medium,Rising Loyalists
682819,0,0,High,Medium,Rising Loyalists
682826,0,0,High,Medium,Rising Loyalists
682840,0,0,High,Medium,Rising Loyalists
682979,0,0,High,Medium,Rising Loyalists
682980,2,0,Medium,Medium,Mainstream Core Travelers
683126,0,0,High,Medium,Rising Loyalists
683239,2,0,Medium,Medium,Mainstream Core Travelers
683250,2,0,Medium,Medium,Mainstream Core Travelers
683276,2,1,Medium,High,Loyal Premium Travelers
683288,2,0,Medium,Medium,Mainstream Core Travelers
683356,0,0,High,Medium,Rising Loyalists
683361,2,0,Medium,Medium,Mainstream Core Travelers
683458,2,0,Medium,Medium,Mainstream Core Travelers
683470,0,0,High,Medium,Rising Loyalists
683485,0,0,High,Medium,Rising Loyalists
683487,0,0,High,Medium,Rising Loyalists
683503,0,0,High,Medium,Rising Loyalists
683550,2,0,Medium,Medium,Mainstream Core Travelers
683660,0,0,High,Medium,Rising Loyalists
683664,2,0,Medium,Medium,Mainstream Core Travelers
683685,2,1,Medium,High,Loyal Premium Travelers
683699,0,0,High,Medium,Rising Loyalists
683751,0,0,High,Medium,Rising Loyalists
683791,0,0,High,Medium,Rising Loyalists
683838,2,1,Medium,High,Loyal Premium Travelers
683875,2,1,Medium,High,Loyal Premium Travelers
683901,0,1,High,High,Elite Frequent Flyers
683909,2,0,Medium,Medium,Mainstream Core Travelers
683910,2,0,Medium,Medium,Mainstream Core Travelers
683920,0,0,High,Medium,Rising Loyalists
684022,0,0,High,Medium,Rising Loyalists
684081,2,0,Medium,Medium,Mainstream Core Travelers
684103,2,0,Medium,Medium,Mainstream Core Travelers
684123,0,0,High,Medium,Rising Loyalists
684133,0,0,High,Medium,Rising Loyalists
684155,0,0,High,Medium,Rising Loyalists
684201,0,1,High,High,Elite Frequent Flyers
684296,2,0,Medium,Medium,Mainstream Core Travelers
684305,0,1,High,High,Elite Frequent Flyers
684371,0,0,High,Medium,Rising Loyalists
684386,0,0,High,Medium,Rising Loyalists
684491,0,0,High,Medium,Rising Loyalists
684691,0,0,High,Medium,Rising Loyalists
684699,2,0,Medium,Medium,Mainstream Core Travelers
684776,0,0,High,Medium,Rising Loyalists
684826,0,0,High,Medium,Rising Loyalists
684835,2,0,Medium,Medium,Mainstream Core Travelers
684881,0,0,High,Medium,Rising Loyalists
684889,0,0,High,Medium,Rising Loyalists
684934,0,0,High,Medium,Rising Loyalists
685171,0,1,High,High,Elite Frequent Flyers
685208,0,0,High,Medium,Rising Loyalists
685314,0,0,High,Medium,Rising Loyalists
685346,0,0,High,Medium,Rising Loyalists
685375,0,1,High,High,Elite Frequent Flyers
685408,0,0,High,Medium,Rising Loyalists
685518,2,1,Medium,High,Loyal Premium Travelers
685533,0,0,High,Medium,Rising Loyalists
685546,0,0,High,Medium,Rising Loyalists
685608,0,0,High,Medium,Rising Loyalists
685631,2,0,Medium,Medium,Mainstream Core Travelers
685653,2,0,Medium,Medium,Mainstream Core Travelers
685683,0,0,High,Medium,Rising Loyalists
685720,0,0,High,Medium,Rising Loyalists
685792,2,0,Medium,Medium,Mainstream Core Travelers
685982,0,0,High,Medium,Rising Loyalists
686031,0,0,High,Medium,Rising Loyalists
686044,0,0,High,Medium,Rising Loyalists
686059,0,1,High,High,Elite Frequent Flyers
686196,0,0,High,Medium,Rising Loyalists
686220,0,0,High,Medium,Rising Loyalists
686223,2,0,Medium,Medium,Mainstream Core Travelers
686224,0,0,High,Medium,Rising Loyalists
686232,0,1,High,High,Elite Frequent Flyers
686371,2,0,Medium,Medium,Mainstream Core Travelers
686397,2,0,Medium,Medium,Mainstream Core Travelers
686432,2,0,Medium,Medium,Mainstream Core Travelers
686471,0,0,High,Medium,Rising Loyalists
686474,2,0,Medium,Medium,Mainstream Core Travelers
686509,0,0,High,Medium,Rising Loyalists
686555,0,0,High,Medium,Rising Loyalists
686561,2,0,Medium,Medium,Mainstream Core Travelers
686612,2,0,Medium,Medium,Mainstream Core Travelers
686709,0,1,High,High,Elite Frequent Flyers
686728,2,0,Medium,Medium,Mainstream Core Travelers
686769,0,0,High,Medium,Rising Loyalists
686783,0,0,High,Medium,Rising Loyalists
686838,0,0,High,Medium,Rising Loyalists
687108,2,0,Medium,Medium,Mainstream Core Travelers
687170,0,0,High,Medium,Rising Loyalists
687186,0,0,High,Medium,Rising Loyalists
687199,0,0,High,Medium,Rising Loyalists
687262,0,1,High,High,Elite Frequent Flyers
687401,0,1,High,High,Elite Frequent Flyers
687412,0,0,High,Medium,Rising Loyalists
687463,0,0,High,Medium,Rising Loyalists
687525,0,0,High,Medium,Rising Loyalists
687533,0,1,High,High,Elite Frequent Flyers
687589,0,0,High,Medium,Rising Loyalists
687593,2,0,Medium,Medium,Mainstream Core Travelers
687639,0,0,High,Medium,Rising Loyalists
687748,2,0,Medium,Medium,Mainstream Core Travelers
687820,0,0,High,Medium,Rising Loyalists
687895,0,0,High,Medium,Rising Loyalists
687951,2,0,Medium,Medium,Mainstream Core Travelers
687962,0,0,High,Medium,Rising Loyalists
687984,2,1,Medium,High,Loyal Premium Travelers
688058,0,0,High,Medium,Rising Loyalists
688132,2,1,Medium,High,Loyal Premium Travelers
688139,0,0,High,Medium,Rising Loyalists
688168,0,0,High,Medium,Rising Loyalists
688178,0,0,High,Medium,Rising Loyalists
688319,0,1,High,High,Elite Frequent Flyers
688410,0,0,High,Medium,Rising Loyalists
688524,0,0,High,Medium,Rising Loyalists
688533,0,1,High,High,Elite Frequent Flyers
688557,0,0,High,Medium,Rising Loyalists
688615,0,0,High,Medium,Rising Loyalists
688627,0,0,High,Medium,Rising Loyalists
688691,0,0,High,Medium,Rising Loyalists
688731,1,0,Low,Medium,Value Fading
688748,2,0,Medium,Medium,Mainstream Core Travelers
688820,0,0,High,Medium,Rising Loyalists
688891,2,0,Medium,Medium,Mainstream Core Travelers
688902,2,0,Medium,Medium,Mainstream Core Travelers
689000,0,0,High,Medium,Rising Loyalists
689112,0,0,High,Medium,Rising Loyalists
689275,0,1,High,High,Elite Frequent Flyers
689353,0,1,High,High,Elite Frequent Flyers
689389,0,0,High,Medium,Rising Loyalists
689440,2,0,Medium,Medium,Mainstream Core Travelers
689459,0,0,High,Medium,Rising Loyalists
689477,0,0,High,Medium,Rising Loyalists
689818,0,0,High,Medium,Rising Loyalists
689839,2,0,Medium,Medium,Mainstream Core Travelers
689909,0,0,High,Medium,Rising Loyalists
689912,0,0,High,Medium,Rising Loyalists
689981,0,0,High,Medium,Rising Loyalists
689993,2,0,Medium,Medium,Mainstream Core Travelers
690029,0,0,High,Medium,Rising Loyalists
690191,0,0,High,Medium,Rising Loyalists
690199,0,0,High,Medium,Rising Loyalists
690494,2,0,Medium,Medium,Mainstream Core Travelers
690510,2,0,Medium,Medium,Mainstream Core Travelers
690554,0,0,High,Medium,Rising Loyalists
690563,0,0,High,Medium,Rising Loyalists
690637,0,0,High,Medium,Rising Loyalists
690641,0,0,High,Medium,Rising Loyalists
690671,0,0,High,Medium,Rising Loyalists
690776,0,0,High,Medium,Rising Loyalists
690797,0,0,High,Medium,Rising Loyalists
690862,0,0,High,Medium,Rising Loyalists
690866,0,0,High,Medium,Rising Loyalists
690890,0,0,High,Medium,Rising Loyalists
690916,0,1,High,High,Elite Frequent Flyers
690969,0,0,High,Medium,Rising Loyalists
690970,0,0,High,Medium,Rising Loyalists
690971,0,0,High,Medium,Rising Loyalists
690984,2,0,Medium,Medium,Mainstream Core Travelers
691077,0,0,High,Medium,Rising Loyalists
691220,0,0,High,Medium,Rising Loyalists
691259,0,0,High,Medium,Rising Loyalists
691262,2,0,Medium,Medium,Mainstream Core Travelers
691332,2,0,Medium,Medium,Mainstream Core Travelers
691365,2,1,Medium,High,Loyal Premium Travelers
691520,0,0,High,Medium,Rising Loyalists
691542,0,0,High,Medium,Rising Loyalists
691626,2,0,Medium,Medium,Mainstream Core Travelers
691645,2,0,Medium,Medium,Mainstream Core Travelers
691700,0,0,High,Medium,Rising Loyalists
691761,0,0,High,Medium,Rising Loyalists
691855,1,0,Low,Medium,Value Fading
691909,0,0,High,Medium,Rising Loyalists
692096,0,0,High,Medium,Rising Loyalists
692097,2,0,Medium,Medium,Mainstream Core Travelers
692121,2,0,Medium,Medium,Mainstream Core Travelers
692129,0,0,High,Medium,Rising Loyalists
692151,0,0,High,Medium,Rising Loyalists
692252,0,0,High,Medium,Rising Loyalists
692275,0,0,High,Medium,Rising Loyalists
692291,2,0,Medium,Medium,Mainstream Core Travelers
692304,0,0,High,Medium,Rising Loyalists
692328,0,0,High,Medium,Rising Loyalists
692535,0,0,High,Medium,Rising Loyalists
692628,0,0,High,Medium,Rising Loyalists
692671,0,0,High,Medium,Rising Loyalists
692685,0,0,High,Medium,Rising Loyalists
692729,0,0,High,Medium,Rising Loyalists
692741,2,0,Medium,Medium,Mainstream Core Travelers
692841,2,0,Medium,Medium,Mainstream Core Travelers
692856,0,0,High,Medium,Rising Loyalists
692936,2,1,Medium,High,Loyal Premium Travelers
692992,0,0,High,Medium,Rising Loyalists
693045,2,0,Medium,Medium,Mainstream Core Travelers
693133,0,0,High,Medium,Rising Loyalists
693138,0,0,High,Medium,Rising Loyalists
693196,0,0,High,Medium,Rising Loyalists
693212,0,0,High,Medium,Rising Loyalists
693238,0,0,High,Medium,Rising Loyalists
693256,0,0,High,Medium,Rising Loyalists
693295,0,0,High,Medium,Rising Loyalists
693372,0,0,High,Medium,Rising Loyalists
693393,2,1,Medium,High,Loyal Premium Travelers
693494,2,0,Medium,Medium,Mainstream Core Travelers
693528,0,0,High,Medium,Rising Loyalists
693608,0,0,High,Medium,Rising Loyalists
693625,0,0,High,Medium,Rising Loyalists
693659,0,0,High,Medium,Rising Loyalists
693665,0,0,High,Medium,Rising Loyalists
693791,0,0,High,Medium,Rising Loyalists
693852,0,0,High,Medium,Rising Loyalists
693913,0,0,High,Medium,Rising Loyalists
693922,0,1,High,High,Elite Frequent Flyers
693926,2,0,Medium,Medium,Mainstream Core Travelers
694021,2,0,Medium,Medium,Mainstream Core Travelers
694158,0,0,High,Medium,Rising Loyalists
694168,2,0,Medium,Medium,Mainstream Core Travelers
694241,0,0,High,Medium,Rising Loyalists
694388,0,0,High,Medium,Rising Loyalists
694472,0,0,High,Medium,Rising Loyalists
694497,0,0,High,Medium,Rising Loyalists
694512,0,0,High,Medium,Rising Loyalists
694648,2,0,Medium,Medium,Mainstream Core Travelers
694723,0,0,High,Medium,Rising Loyalists
694743,0,0,High,Medium,Rising Loyalists
694757,0,0,High,Medium,Rising Loyalists
694828,0,0,High,Medium,Rising Loyalists
694915,2,0,Medium,Medium,Mainstream Core Travelers
694942,0,0,High,Medium,Rising Loyalists
695069,2,0,Medium,Medium,Mainstream Core Travelers
695076,0,0,High,Medium,Rising Loyalists
695107,0,0,High,Medium,Rising Loyalists
695162,2,1,Medium,High,Loyal Premium Travelers
695250,0,0,High,Medium,Rising Loyalists
695342,0,0,High,Medium,Rising Loyalists
695385,2,0,Medium,Medium,Mainstream Core Travelers
695428,2,0,Medium,Medium,Mainstream Core Travelers
695529,0,0,High,Medium,Rising Loyalists
695564,2,1,Medium,High,Loyal Premium Travelers
695596,2,0,Medium,Medium,Mainstream Core Travelers
695624,0,0,High,Medium,Rising Loyalists
695686,0,0,High,Medium,Rising Loyalists
695755,2,0,Medium,Medium,Mainstream Core Travelers
695855,0,0,High,Medium,Rising Loyalists
695878,0,0,High,Medium,Rising Loyalists
695965,2,0,Medium,Medium,Mainstream Core Travelers
695978,0,0,High,Medium,Rising Loyalists
695987,0,1,High,High,Elite Frequent Flyers
696026,2,0,Medium,Medium,Mainstream Core Travelers
696090,0,0,High,Medium,Rising Loyalists
696096,0,0,High,Medium,Rising Loyalists
696128,0,0,High,Medium,Rising Loyalists
696199,0,0,High,Medium,Rising Loyalists
696329,0,0,High,Medium,Rising Loyalists
696431,0,0,High,Medium,Rising Loyalists
696444,0,0,High,Medium,Rising Loyalists
696486,0,0,High,Medium,Rising Loyalists
696502,0,0,High,Medium,Rising Loyalists
696504,2,0,Medium,Medium,Mainstream Core Travelers
696562,2,0,Medium,Medium,Mainstream Core Travelers
696577,0,0,High,Medium,Rising Loyalists
696609,0,0,High,Medium,Rising Loyalists
696732,2,0,Medium,Medium,Mainstream Core Travelers
696826,0,0,High,Medium,Rising Loyalists
696864,0,0,High,Medium,Rising Loyalists
696897,0,0,High,Medium,Rising Loyalists
697029,0,0,High,Medium,Rising Loyalists
697079,2,0,Medium,Medium,Mainstream Core Travelers
697091,0,0,High,Medium,Rising Loyalists
697162,2,0,Medium,Medium,Mainstream Core Travelers
697169,0,0,High,Medium,Rising Loyalists
697272,0,0,High,Medium,Rising Loyalists
697323,2,1,Medium,High,Loyal Premium Travelers
697356,0,0,High,Medium,Rising Loyalists
697393,2,0,Medium,Medium,Mainstream Core Travelers
697477,0,0,High,Medium,Rising Loyalists
697680,2,0,Medium,Medium,Mainstream Core Travelers
697766,0,0,High,Medium,Rising Loyalists
697824,2,0,Medium,Medium,Mainstream Core Travelers
697837,0,0,High,Medium,Rising Loyalists
697840,2,0,Medium,Medium,Mainstream Core Travelers
697905,0,0,High,Medium,Rising Loyalists
697917,2,0,Medium,Medium,Mainstream Core Travelers
697962,2,0,Medium,Medium,Mainstream Core Travelers
698072,0,0,High,Medium,Rising Loyalists
698122,0,0,High,Medium,Rising Loyalists
698159,2,0,Medium,Medium,Mainstream Core Travelers
698180,2,0,Medium,Medium,Mainstream Core Travelers
698242,0,0,High,Medium,Rising Loyalists
698390,0,0,High,Medium,Rising Loyalists
698395,0,0,High,Medium,Rising Loyalists
698443,0,0,High,Medium,Rising Loyalists
698505,0,0,High,Medium,Rising Loyalists
698510,0,0,High,Medium,Rising Loyalists
698546,0,0,High,Medium,Rising Loyalists
698573,0,1,High,High,Elite Frequent Flyers
698627,2,0,Medium,Medium,Mainstream Core Travelers
698647,0,0,High,Medium,Rising Loyalists
698915,2,0,Medium,Medium,Mainstream Core Travelers
698932,2,0,Medium,Medium,Mainstream Core Travelers
698937,0,0,High,Medium,Rising Loyalists
698988,0,0,High,Medium,Rising Loyalists
699194,2,0,Medium,Medium,Mainstream Core Travelers
699220,2,0,Medium,Medium,Mainstream Core Travelers
699243,0,0,High,Medium,Rising Loyalists
699281,2,1,Medium,High,Loyal Premium Travelers
699343,0,0,High,Medium,Rising Loyalists
699397,0,0,High,Medium,Rising Loyalists
699511,0,0,High,Medium,Rising Loyalists
699739,0,0,High,Medium,Rising Loyalists
699750,0,0,High,Medium,Rising Loyalists
699751,0,1,High,High,Elite Frequent Flyers
699875,0,0,High,Medium,Rising Loyalists
699962,0,0,High,Medium,Rising Loyalists
700011,2,0,Medium,Medium,Mainstream Core Travelers
700096,0,0,High,Medium,Rising Loyalists
700145,0,0,High,Medium,Rising Loyalists
700207,0,0,High,Medium,Rising Loyalists
700225,0,0,High,Medium,Rising Loyalists
700245,0,0,High,Medium,Rising Loyalists
700260,0,0,High,Medium,Rising Loyalists
700276,0,0,High,Medium,Rising Loyalists
700286,2,0,Medium,Medium,Mainstream Core Travelers
700335,0,0,High,Medium,Rising Loyalists
700343,0,0,High,Medium,Rising Loyalists
700356,2,0,Medium,Medium,Mainstream Core Travelers
700430,0,0,High,Medium,Rising Loyalists
700474,2,1,Medium,High,Loyal Premium Travelers
700497,2,0,Medium,Medium,Mainstream Core Travelers
700566,0,0,High,Medium,Rising Loyalists
700650,2,1,Medium,High,Loyal Premium Travelers
700705,0,0,High,Medium,Rising Loyalists
700731,2,0,Medium,Medium,Mainstream Core Travelers
700748,0,0,High,Medium,Rising Loyalists
700770,0,0,High,Medium,Rising Loyalists
700871,0,0,High,Medium,Rising Loyalists
700918,0,0,High,Medium,Rising Loyalists
700924,2,0,Medium,Medium,Mainstream Core Travelers
700958,2,1,Medium,High,Loyal Premium Travelers
701012,2,0,Medium,Medium,Mainstream Core Travelers
701036,0,0,High,Medium,Rising Loyalists
701216,0,0,High,Medium,Rising Loyalists
701223,0,0,High,Medium,Rising Loyalists
701235,0,0,High,Medium,Rising Loyalists
701308,0,0,High,Medium,Rising Loyalists
701391,0,0,High,Medium,Rising Loyalists
701485,0,0,High,Medium,Rising Loyalists
701617,0,0,High,Medium,Rising Loyalists
701622,0,0,High,Medium,Rising Loyalists
701645,2,0,Medium,Medium,Mainstream Core Travelers
701708,2,0,Medium,Medium,Mainstream Core Travelers
701732,2,0,Medium,Medium,Mainstream Core Travelers
701792,2,0,Medium,Medium,Mainstream Core Travelers
701803,0,0,High,Medium,Rising Loyalists
701954,0,0,High,Medium,Rising Loyalists
702005,2,0,Medium,Medium,Mainstream Core Travelers
702048,0,0,High,Medium,Rising Loyalists
702147,2,0,Medium,Medium,Mainstream Core Travelers
702161,2,0,Medium,Medium,Mainstream Core Travelers
702257,0,0,High,Medium,Rising Loyalists
702269,2,0,Medium,Medium,Mainstream Core Travelers
702284,0,0,High,Medium,Rising Loyalists
702325,2,0,Medium,Medium,Mainstream Core Travelers
702327,0,0,High,Medium,Rising Loyalists
702406,0,0,High,Medium,Rising Loyalists
702478,0,0,High,Medium,Rising Loyalists
702482,2,0,Medium,Medium,Mainstream Core Travelers
702493,2,0,Medium,Medium,Mainstream Core Travelers
702522,0,1,High,High,Elite Frequent Flyers
702528,0,1,High,High,Elite Frequent Flyers
702542,0,0,High,Medium,Rising Loyalists
702588,0,0,High,Medium,Rising Loyalists
702677,0,0,High,Medium,Rising Loyalists
702686,2,0,Medium,Medium,Mainstream Core Travelers
702746,0,0,High,Medium,Rising Loyalists
702800,0,0,High,Medium,Rising Loyalists
702809,2,0,Medium,Medium,Mainstream Core Travelers
702863,0,0,High,Medium,Rising Loyalists
702868,0,0,High,Medium,Rising Loyalists
702884,0,0,High,Medium,Rising Loyalists
702915,0,0,High,Medium,Rising Loyalists
702938,2,0,Medium,Medium,Mainstream Core Travelers
703104,0,0,High,Medium,Rising Loyalists
703109,0,0,High,Medium,Rising Loyalists
703160,2,0,Medium,Medium,Mainstream Core Travelers
703249,2,0,Medium,Medium,Mainstream Core Travelers
703278,2,1,Medium,High,Loyal Premium Travelers
703338,2,0,Medium,Medium,Mainstream Core Travelers
703374,0,0,High,Medium,Rising Loyalists
703505,0,0,High,Medium,Rising Loyalists
703507,0,1,High,High,Elite Frequent Flyers
703621,0,0,High,Medium,Rising Loyalists
703711,2,0,Medium,Medium,Mainstream Core Travelers
703804,0,1,High,High,Elite Frequent Flyers
703852,0,0,High,Medium,Rising Loyalists
703882,2,0,Medium,Medium,Mainstream Core Travelers
703937,0,0,High,Medium,Rising Loyalists
703972,2,1,Medium,High,Loyal Premium Travelers
704074,0,0,High,Medium,Rising Loyalists
704112,0,0,High,Medium,Rising Loyalists
704149,0,1,High,High,Elite Frequent Flyers
704150,0,0,High,Medium,Rising Loyalists
704267,2,0,Medium,Medium,Mainstream Core Travelers
704270,0,0,High,Medium,Rising Loyalists
704308,2,0,Medium,Medium,Mainstream Core Travelers
704423,0,0,High,Medium,Rising Loyalists
704559,0,0,High,Medium,Rising Loyalists
704600,0,0,High,Medium,Rising Loyalists
704603,0,0,High,Medium,Rising Loyalists
704607,2,0,Medium,Medium,Mainstream Core Travelers
704709,0,1,High,High,Elite Frequent Flyers
704835,0,0,High,Medium,Rising Loyalists
704967,0,0,High,Medium,Rising Loyalists
704968,0,0,High,Medium,Rising Loyalists
705006,0,0,High,Medium,Rising Loyalists
705020,0,1,High,High,Elite Frequent Flyers
705113,0,0,High,Medium,Rising Loyalists
705196,0,0,High,Medium,Rising Loyalists
705243,0,0,High,Medium,Rising Loyalists
705262,2,0,Medium,Medium,Mainstream Core Travelers
705353,0,0,High,Medium,Rising Loyalists
705453,0,0,High,Medium,Rising Loyalists
705490,2,0,Medium,Medium,Mainstream Core Travelers
705496,0,0,High,Medium,Rising Loyalists
705589,0,0,High,Medium,Rising Loyalists
705633,2,0,Medium,Medium,Mainstream Core Travelers
705641,0,0,High,Medium,Rising Loyalists
705756,2,1,Medium,High,Loyal Premium Travelers
705806,2,0,Medium,Medium,Mainstream Core Travelers
705911,0,0,High,Medium,Rising Loyalists
705980,0,0,High,Medium,Rising Loyalists
706007,2,0,Medium,Medium,Mainstream Core Travelers
706106,0,0,High,Medium,Rising Loyalists
706125,0,0,High,Medium,Rising Loyalists
706185,2,0,Medium,Medium,Mainstream Core Travelers
706199,2,0,Medium,Medium,Mainstream Core Travelers
706425,2,0,Medium,Medium,Mainstream Core Travelers
706497,0,0,High,Medium,Rising Loyalists
706510,0,0,High,Medium,Rising Loyalists
706628,2,0,Medium,Medium,Mainstream Core Travelers
706747,2,0,Medium,Medium,Mainstream Core Travelers
706792,0,0,High,Medium,Rising Loyalists
706820,0,0,High,Medium,Rising Loyalists
706876,2,0,Medium,Medium,Mainstream Core Travelers
706884,2,0,Medium,Medium,Mainstream Core Travelers
706918,0,0,High,Medium,Rising Loyalists
706962,0,0,High,Medium,Rising Loyalists
706970,2,0,Medium,Medium,Mainstream Core Travelers
707017,2,0,Medium,Medium,Mainstream Core Travelers
707023,0,0,High,Medium,Rising Loyalists
707042,0,0,High,Medium,Rising Loyalists
707114,0,0,High,Medium,Rising Loyalists
707146,0,0,High,Medium,Rising Loyalists
707152,0,0,High,Medium,Rising Loyalists
707273,2,0,Medium,Medium,Mainstream Core Travelers
707276,0,0,High,Medium,Rising Loyalists
707424,0,0,High,Medium,Rising Loyalists
707470,0,0,High,Medium,Rising Loyalists
707513,0,0,High,Medium,Rising Loyalists
707557,0,0,High,Medium,Rising Loyalists
707588,0,0,High,Medium,Rising Loyalists
707592,2,1,Medium,High,Loyal Premium Travelers
707698,0,0,High,Medium,Rising Loyalists
707699,0,0,High,Medium,Rising Loyalists
707710,2,0,Medium,Medium,Mainstream Core Travelers
707716,0,0,High,Medium,Rising Loyalists
707754,0,0,High,Medium,Rising Loyalists
707762,2,0,Medium,Medium,Mainstream Core Travelers
707860,2,0,Medium,Medium,Mainstream Core Travelers
707869,0,0,High,Medium,Rising Loyalists
707967,0,0,High,Medium,Rising Loyalists
707974,2,0,Medium,Medium,Mainstream Core Travelers
707999,2,0,Medium,Medium,Mainstream Core Travelers
708020,0,0,High,Medium,Rising Loyalists
708151,2,0,Medium,Medium,Mainstream Core Travelers
708160,0,0,High,Medium,Rising Loyalists
708210,0,0,High,Medium,Rising Loyalists
708230,0,0,High,Medium,Rising Loyalists
708258,0,0,High,Medium,Rising Loyalists
708271,0,0,High,Medium,Rising Loyalists
708337,2,0,Medium,Medium,Mainstream Core Travelers
708343,0,0,High,Medium,Rising Loyalists
708360,0,0,High,Medium,Rising Loyalists
708373,0,0,High,Medium,Rising Loyalists
708458,2,0,Medium,Medium,Mainstream Core Travelers
708519,0,0,High,Medium,Rising Loyalists
708539,0,0,High,Medium,Rising Loyalists
708555,2,0,Medium,Medium,Mainstream Core Travelers
708566,0,0,High,Medium,Rising Loyalists
708634,0,0,High,Medium,Rising Loyalists
708654,0,0,High,Medium,Rising Loyalists
708692,0,0,High,Medium,Rising Loyalists
708807,0,0,High,Medium,Rising Loyalists
708892,0,0,High,Medium,Rising Loyalists
708933,2,0,Medium,Medium,Mainstream Core Travelers
708982,0,0,High,Medium,Rising Loyalists
709059,2,0,Medium,Medium,Mainstream Core Travelers
709123,0,0,High,Medium,Rising Loyalists
709212,2,0,Medium,Medium,Mainstream Core Travelers
709238,0,0,High,Medium,Rising Loyalists
709279,0,0,High,Medium,Rising Loyalists
709385,0,0,High,Medium,Rising Loyalists
709415,0,0,High,Medium,Rising Loyalists
709472,0,0,High,Medium,Rising Loyalists
709479,2,0,Medium,Medium,Mainstream Core Travelers
709499,0,0,High,Medium,Rising Loyalists
709550,0,0,High,Medium,Rising Loyalists
709566,0,0,High,Medium,Rising Loyalists
709595,0,0,High,Medium,Rising Loyalists
709656,2,1,Medium,High,Loyal Premium Travelers
709659,0,0,High,Medium,Rising Loyalists
709724,0,1,High,High,Elite Frequent Flyers
709726,0,0,High,Medium,Rising Loyalists
709747,0,0,High,Medium,Rising Loyalists
709844,2,0,Medium,Medium,Mainstream Core Travelers
709869,2,0,Medium,Medium,Mainstream Core Travelers
709920,0,0,High,Medium,Rising Loyalists
709948,0,0,High,Medium,Rising Loyalists
709982,0,0,High,Medium,Rising Loyalists
710003,2,0,Medium,Medium,Mainstream Core Travelers
710005,0,0,High,Medium,Rising Loyalists
710029,0,1,High,High,Elite Frequent Flyers
710053,0,0,High,Medium,Rising Loyalists
710069,0,0,High,Medium,Rising Loyalists
710115,0,0,High,Medium,Rising Loyalists
710145,0,0,High,Medium,Rising Loyalists
710203,2,0,Medium,Medium,Mainstream Core Travelers
710255,0,0,High,Medium,Rising Loyalists
710364,0,0,High,Medium,Rising Loyalists
710473,2,0,Medium,Medium,Mainstream Core Travelers
710515,2,0,Medium,Medium,Mainstream Core Travelers
710598,2,0,Medium,Medium,Mainstream Core Travelers
711129,2,1,Medium,High,Loyal Premium Travelers
711214,0,0,High,Medium,Rising Loyalists
711248,0,0,High,Medium,Rising Loyalists
711263,2,0,Medium,Medium,Mainstream Core Travelers
711285,2,1,Medium,High,Loyal Premium Travelers
711319,2,0,Medium,Medium,Mainstream Core Travelers
711363,2,0,Medium,Medium,Mainstream Core Travelers
711490,2,0,Medium,Medium,Mainstream Core Travelers
711500,2,0,Medium,Medium,Mainstream Core Travelers
711510,0,0,High,Medium,Rising Loyalists
711541,0,0,High,Medium,Rising Loyalists
711552,0,0,High,Medium,Rising Loyalists
711565,2,1,Medium,High,Loyal Premium Travelers
711567,0,0,High,Medium,Rising Loyalists
711571,2,0,Medium,Medium,Mainstream Core Travelers
711577,0,0,High,Medium,Rising Loyalists
711605,2,1,Medium,High,Loyal Premium Travelers
711625,0,0,High,Medium,Rising Loyalists
711680,0,1,High,High,Elite Frequent Flyers
711775,2,0,Medium,Medium,Mainstream Core Travelers
711795,0,0,High,Medium,Rising Loyalists
711823,0,0,High,Medium,Rising Loyalists
711853,2,0,Medium,Medium,Mainstream Core Travelers
711864,0,0,High,Medium,Rising Loyalists
711874,0,0,High,Medium,Rising Loyalists
712026,0,0,High,Medium,Rising Loyalists
712062,0,0,High,Medium,Rising Loyalists
712114,2,0,Medium,Medium,Mainstream Core Travelers
712130,0,0,High,Medium,Rising Loyalists
712132,2,0,Medium,Medium,Mainstream Core Travelers
712220,2,0,Medium,Medium,Mainstream Core Travelers
712236,2,0,Medium,Medium,Mainstream Core Travelers
712248,0,0,High,Medium,Rising Loyalists
712362,0,0,High,Medium,Rising Loyalists
712426,0,1,High,High,Elite Frequent Flyers
712521,0,0,High,Medium,Rising Loyalists
712584,0,0,High,Medium,Rising Loyalists
712590,0,0,High,Medium,Rising Loyalists
712605,0,0,High,Medium,Rising Loyalists
712636,2,0,Medium,Medium,Mainstream Core Travelers
712874,2,1,Medium,High,Loyal Premium Travelers
713039,2,0,Medium,Medium,Mainstream Core Travelers
713067,2,1,Medium,High,Loyal Premium Travelers
713085,0,0,High,Medium,Rising Loyalists
713094,0,1,High,High,Elite Frequent Flyers
713132,0,0,High,Medium,Rising Loyalists
713236,0,0,High,Medium,Rising Loyalists
713257,0,0,High,Medium,Rising Loyalists
713299,0,0,High,Medium,Rising Loyalists
713329,0,0,High,Medium,Rising Loyalists
713406,0,1,High,High,Elite Frequent Flyers
713423,0,0,High,Medium,Rising Loyalists
713465,0,0,High,Medium,Rising Loyalists
713520,0,0,High,Medium,Rising Loyalists
713580,0,0,High,Medium,Rising Loyalists
713636,0,0,High,Medium,Rising Loyalists
713831,0,0,High,Medium,Rising Loyalists
713853,0,0,High,Medium,Rising Loyalists
713981,2,0,Medium,Medium,Mainstream Core Travelers
713998,0,0,High,Medium,Rising Loyalists
714121,0,0,High,Medium,Rising Loyalists
714123,0,0,High,Medium,Rising Loyalists
714161,2,1,Medium,High,Loyal Premium Travelers
714163,2,0,Medium,Medium,Mainstream Core Travelers
714206,0,0,High,Medium,Rising Loyalists
714270,0,0,High,Medium,Rising Loyalists
714316,0,0,High,Medium,Rising Loyalists
714379,0,0,High,Medium,Rising Loyalists
714536,0,0,High,Medium,Rising Loyalists
714555,0,0,High,Medium,Rising Loyalists
714757,0,0,High,Medium,Rising Loyalists
714825,0,0,High,Medium,Rising Loyalists
714840,2,1,Medium,High,Loyal Premium Travelers
714939,0,0,High,Medium,Rising Loyalists
714944,0,0,High,Medium,Rising Loyalists
714962,0,0,High,Medium,Rising Loyalists
715015,0,0,High,Medium,Rising Loyalists
715184,2,0,Medium,Medium,Mainstream Core Travelers
715255,2,0,Medium,Medium,Mainstream Core Travelers
715271,0,1,High,High,Elite Frequent Flyers
715300,0,0,High,Medium,Rising Loyalists
715369,0,0,High,Medium,Rising Loyalists
715462,0,0,High,Medium,Rising Loyalists
715514,2,0,Medium,Medium,Mainstream Core Travelers
715555,2,0,Medium,Medium,Mainstream Core Travelers
715640,0,0,High,Medium,Rising Loyalists
715645,0,0,High,Medium,Rising Loyalists
715668,2,0,Medium,Medium,Mainstream Core Travelers
715678,0,0,High,Medium,Rising Loyalists
715689,0,0,High,Medium,Rising Loyalists
715764,0,0,High,Medium,Rising Loyalists
715792,0,0,High,Medium,Rising Loyalists
715797,2,0,Medium,Medium,Mainstream Core Travelers
715817,0,0,High,Medium,Rising Loyalists
715947,0,0,High,Medium,Rising Loyalists
716019,2,0,Medium,Medium,Mainstream Core Travelers
716068,0,0,High,Medium,Rising Loyalists
716197,0,0,High,Medium,Rising Loyalists
716236,2,0,Medium,Medium,Mainstream Core Travelers
716294,0,0,High,Medium,Rising Loyalists
716360,0,0,High,Medium,Rising Loyalists
716362,0,0,High,Medium,Rising Loyalists
716371,2,1,Medium,High,Loyal Premium Travelers
716393,0,0,High,Medium,Rising Loyalists
716435,2,0,Medium,Medium,Mainstream Core Travelers
716533,0,0,High,Medium,Rising Loyalists
716548,0,1,High,High,Elite Frequent Flyers
716589,2,0,Medium,Medium,Mainstream Core Travelers
716690,0,0,High,Medium,Rising Loyalists
716750,0,0,High,Medium,Rising Loyalists
716785,0,0,High,Medium,Rising Loyalists
716812,0,0,High,Medium,Rising Loyalists
716863,0,0,High,Medium,Rising Loyalists
716932,0,0,High,Medium,Rising Loyalists
716948,0,0,High,Medium,Rising Loyalists
716961,0,0,High,Medium,Rising Loyalists
717026,0,0,High,Medium,Rising Loyalists
717100,0,0,High,Medium,Rising Loyalists
717150,0,0,High,Medium,Rising Loyalists
717229,0,1,High,High,Elite Frequent Flyers
717232,0,0,High,Medium,Rising Loyalists
717250,0,0,High,Medium,Rising Loyalists
717308,0,0,High,Medium,Rising Loyalists
717359,2,0,Medium,Medium,Mainstream Core Travelers
717407,0,0,High,Medium,Rising Loyalists
717459,0,0,High,Medium,Rising Loyalists
717521,0,0,High,Medium,Rising Loyalists
717565,0,0,High,Medium,Rising Loyalists
717632,0,1,High,High,Elite Frequent Flyers
717660,0,0,High,Medium,Rising Loyalists
717700,0,0,High,Medium,Rising Loyalists
717762,2,0,Medium,Medium,Mainstream Core Travelers
717772,2,0,Medium,Medium,Mainstream Core Travelers
717780,0,0,High,Medium,Rising Loyalists
717806,0,0,High,Medium,Rising Loyalists
717891,0,0,High,Medium,Rising Loyalists
718029,0,0,High,Medium,Rising Loyalists
718031,0,0,High,Medium,Rising Loyalists
718199,2,0,Medium,Medium,Mainstream Core Travelers
718227,0,1,High,High,Elite Frequent Flyers
718409,0,0,High,Medium,Rising Loyalists
718454,0,0,High,Medium,Rising Loyalists
718491,2,1,Medium,High,Loyal Premium Travelers
718516,0,0,High,Medium,Rising Loyalists
718655,2,0,Medium,Medium,Mainstream Core Travelers
718745,0,0,High,Medium,Rising Loyalists
718752,0,1,High,High,Elite Frequent Flyers
718764,0,0,High,Medium,Rising Loyalists
718887,0,0,High,Medium,Rising Loyalists
718922,0,0,High,Medium,Rising Loyalists
718962,0,0,High,Medium,Rising Loyalists
718972,0,0,High,Medium,Rising Loyalists
719135,0,1,High,High,Elite Frequent Flyers
719162,2,0,Medium,Medium,Mainstream Core Travelers
719192,0,0,High,Medium,Rising Loyalists
719213,0,0,High,Medium,Rising Loyalists
719242,0,0,High,Medium,Rising Loyalists
719300,2,1,Medium,High,Loyal Premium Travelers
719383,0,0,High,Medium,Rising Loyalists
719576,2,0,Medium,Medium,Mainstream Core Travelers
719633,2,0,Medium,Medium,Mainstream Core Travelers
719673,0,0,High,Medium,Rising Loyalists
719706,0,0,High,Medium,Rising Loyalists
719719,2,0,Medium,Medium,Mainstream Core Travelers
719736,0,0,High,Medium,Rising Loyalists
719824,0,1,High,High,Elite Frequent Flyers
719850,2,1,Medium,High,Loyal Premium Travelers
720007,0,0,High,Medium,Rising Loyalists
720079,0,0,High,Medium,Rising Loyalists
720131,2,0,Medium,Medium,Mainstream Core Travelers
720146,0,0,High,Medium,Rising Loyalists
720178,2,0,Medium,Medium,Mainstream Core Travelers
720197,0,0,High,Medium,Rising Loyalists
720300,0,0,High,Medium,Rising Loyalists
720465,0,0,High,Medium,Rising Loyalists
720514,0,0,High,Medium,Rising Loyalists
720536,2,0,Medium,Medium,Mainstream Core Travelers
720557,0,0,High,Medium,Rising Loyalists
720626,0,0,High,Medium,Rising Loyalists
720765,0,0,High,Medium,Rising Loyalists
720939,0,1,High,High,Elite Frequent Flyers
721088,0,0,High,Medium,Rising Loyalists
721225,0,0,High,Medium,Rising Loyalists
721300,0,0,High,Medium,Rising Loyalists
721364,2,0,Medium,Medium,Mainstream Core Travelers
721366,0,1,High,High,Elite Frequent Flyers
721372,0,0,High,Medium,Rising Loyalists
721377,0,0,High,Medium,Rising Loyalists
721406,0,0,High,Medium,Rising Loyalists
721423,0,0,High,Medium,Rising Loyalists
721437,0,0,High,Medium,Rising Loyalists
721438,0,0,High,Medium,Rising Loyalists
721456,2,0,Medium,Medium,Mainstream Core Travelers
721494,2,1,Medium,High,Loyal Premium Travelers
721639,2,0,Medium,Medium,Mainstream Core Travelers
721664,0,0,High,Medium,Rising Loyalists
721688,0,0,High,Medium,Rising Loyalists
721707,0,0,High,Medium,Rising Loyalists
721713,0,0,High,Medium,Rising Loyalists
721786,0,0,High,Medium,Rising Loyalists
721973,0,0,High,Medium,Rising Loyalists
721984,0,0,High,Medium,Rising Loyalists
722003,0,0,High,Medium,Rising Loyalists
722089,0,0,High,Medium,Rising Loyalists
722120,0,0,High,Medium,Rising Loyalists
722154,1,0,Low,Medium,Value Fading
722169,0,0,High,Medium,Rising Loyalists
722324,0,0,High,Medium,Rising Loyalists
722368,0,0,High,Medium,Rising Loyalists
722399,0,0,High,Medium,Rising Loyalists
722518,0,0,High,Medium,Rising Loyalists
722538,0,0,High,Medium,Rising Loyalists
722566,0,0,High,Medium,Rising Loyalists
722629,0,0,High,Medium,Rising Loyalists
722976,0,0,High,Medium,Rising Loyalists
722988,0,0,High,Medium,Rising Loyalists
723015,0,0,High,Medium,Rising Loyalists
723055,0,0,High,Medium,Rising Loyalists
723061,0,0,High,Medium,Rising Loyalists
723091,0,0,High,Medium,Rising Loyalists
723112,0,0,High,Medium,Rising Loyalists
723186,0,0,High,Medium,Rising Loyalists
723208,2,0,Medium,Medium,Mainstream Core Travelers
723262,2,0,Medium,Medium,Mainstream Core Travelers
723298,0,0,High,Medium,Rising Loyalists
723347,0,0,High,Medium,Rising Loyalists
723390,2,0,Medium,Medium,Mainstream Core Travelers
723438,2,0,Medium,Medium,Mainstream Core Travelers
723457,2,0,Medium,Medium,Mainstream Core Travelers
723476,0,0,High,Medium,Rising Loyalists
723591,0,0,High,Medium,Rising Loyalists
723672,0,0,High,Medium,Rising Loyalists
723691,0,1,High,High,Elite Frequent Flyers
723707,2,0,Medium,Medium,Mainstream Core Travelers
723715,2,0,Medium,Medium,Mainstream Core Travelers
723820,2,0,Medium,Medium,Mainstream Core Travelers
723912,0,0,High,Medium,Rising Loyalists
723968,2,1,Medium,High,Loyal Premium Travelers
723969,2,0,Medium,Medium,Mainstream Core Travelers
723978,0,0,High,Medium,Rising Loyalists
724028,0,0,High,Medium,Rising Loyalists
724033,0,0,High,Medium,Rising Loyalists
724071,2,0,Medium,Medium,Mainstream Core Travelers
724139,0,0,High,Medium,Rising Loyalists
724168,0,0,High,Medium,Rising Loyalists
724222,0,0,High,Medium,Rising Loyalists
724272,0,0,High,Medium,Rising Loyalists
724378,0,0,High,Medium,Rising Loyalists
724414,0,0,High,Medium,Rising Loyalists
724424,0,0,High,Medium,Rising Loyalists
724435,0,0,High,Medium,Rising Loyalists
724510,2,0,Medium,Medium,Mainstream Core Travelers
724513,2,0,Medium,Medium,Mainstream Core Travelers
724599,2,0,Medium,Medium,Mainstream Core Travelers
724626,2,0,Medium,Medium,Mainstream Core Travelers
724660,0,0,High,Medium,Rising Loyalists
724720,0,0,High,Medium,Rising Loyalists
724723,0,0,High,Medium,Rising Loyalists
724781,0,1,High,High,Elite Frequent Flyers
724818,0,0,High,Medium,Rising Loyalists
724979,2,0,Medium,Medium,Mainstream Core Travelers
724987,0,0,High,Medium,Rising Loyalists
724989,0,0,High,Medium,Rising Loyalists
725004,2,0,Medium,Medium,Mainstream Core Travelers
725086,0,0,High,Medium,Rising Loyalists
725100,0,0,High,Medium,Rising Loyalists
725120,0,0,High,Medium,Rising Loyalists
725129,0,0,High,Medium,Rising Loyalists
725182,0,0,High,Medium,Rising Loyalists
725294,0,0,High,Medium,Rising Loyalists
725326,0,0,High,Medium,Rising Loyalists
725413,0,0,High,Medium,Rising Loyalists
725510,0,0,High,Medium,Rising Loyalists
725575,0,0,High,Medium,Rising Loyalists
725580,2,0,Medium,Medium,Mainstream Core Travelers
725705,0,0,High,Medium,Rising Loyalists
725795,0,0,High,Medium,Rising Loyalists
725807,0,0,High,Medium,Rising Loyalists
725835,0,0,High,Medium,Rising Loyalists
725962,2,0,Medium,Medium,Mainstream Core Travelers
726065,0,0,High,Medium,Rising Loyalists
726077,2,0,Medium,Medium,Mainstream Core Travelers
726139,0,0,High,Medium,Rising Loyalists
726268,0,0,High,Medium,Rising Loyalists
726309,2,0,Medium,Medium,Mainstream Core Travelers
726472,2,0,Medium,Medium,Mainstream Core Travelers
726499,0,0,High,Medium,Rising Loyalists
726544,2,0,Medium,Medium,Mainstream Core Travelers
726684,0,0,High,Medium,Rising Loyalists
726688,0,0,High,Medium,Rising Loyalists
726701,0,0,High,Medium,Rising Loyalists
726732,2,0,Medium,Medium,Mainstream Core Travelers
726735,0,0,High,Medium,Rising Loyalists
726848,0,0,High,Medium,Rising Loyalists
726873,0,1,High,High,Elite Frequent Flyers
726932,0,0,High,Medium,Rising Loyalists
726940,1,0,Low,Medium,Value Fading
726980,0,0,High,Medium,Rising Loyalists
727047,2,0,Medium,Medium,Mainstream Core Travelers
727053,2,0,Medium,Medium,Mainstream Core Travelers
727072,2,1,Medium,High,Loyal Premium Travelers
727091,2,1,Medium,High,Loyal Premium Travelers
727095,0,0,High,Medium,Rising Loyalists
727175,0,0,High,Medium,Rising Loyalists
727179,2,0,Medium,Medium,Mainstream Core Travelers
727197,2,0,Medium,Medium,Mainstream Core Travelers
727348,0,1,High,High,Elite Frequent Flyers
727363,2,0,Medium,Medium,Mainstream Core Travelers
727415,0,0,High,Medium,Rising Loyalists
727428,2,0,Medium,Medium,Mainstream Core Travelers
727446,0,0,High,Medium,Rising Loyalists
727497,0,0,High,Medium,Rising Loyalists
727507,0,0,High,Medium,Rising Loyalists
727573,0,1,High,High,Elite Frequent Flyers
727595,0,0,High,Medium,Rising Loyalists
727648,0,0,High,Medium,Rising Loyalists
727686,2,0,Medium,Medium,Mainstream Core Travelers
727847,0,0,High,Medium,Rising Loyalists
727873,2,0,Medium,Medium,Mainstream Core Travelers
727952,2,0,Medium,Medium,Mainstream Core Travelers
728009,2,1,Medium,High,Loyal Premium Travelers
728021,0,0,High,Medium,Rising Loyalists
728043,2,0,Medium,Medium,Mainstream Core Travelers
728085,0,0,High,Medium,Rising Loyalists
728135,0,0,High,Medium,Rising Loyalists
728228,0,0,High,Medium,Rising Loyalists
728302,0,0,High,Medium,Rising Loyalists
728316,2,0,Medium,Medium,Mainstream Core Travelers
728386,2,0,Medium,Medium,Mainstream Core Travelers
728486,0,0,High,Medium,Rising Loyalists
728563,2,0,Medium,Medium,Mainstream Core Travelers
728568,0,1,High,High,Elite Frequent Flyers
728586,0,0,High,Medium,Rising Loyalists
728655,0,0,High,Medium,Rising Loyalists
728679,0,0,High,Medium,Rising Loyalists
728687,2,0,Medium,Medium,Mainstream Core Travelers
728748,0,0,High,Medium,Rising Loyalists
728818,2,0,Medium,Medium,Mainstream Core Travelers
728837,0,0,High,Medium,Rising Loyalists
729084,0,0,High,Medium,Rising Loyalists
729094,0,0,High,Medium,Rising Loyalists
729154,0,0,High,Medium,Rising Loyalists
729161,2,0,Medium,Medium,Mainstream Core Travelers
729173,0,0,High,Medium,Rising Loyalists
729205,0,0,High,Medium,Rising Loyalists
729293,0,0,High,Medium,Rising Loyalists
729394,0,0,High,Medium,Rising Loyalists
729418,2,0,Medium,Medium,Mainstream Core Travelers
729444,2,0,Medium,Medium,Mainstream Core Travelers
729518,0,0,High,Medium,Rising Loyalists
729537,0,0,High,Medium,Rising Loyalists
729542,2,0,Medium,Medium,Mainstream Core Travelers
729561,2,0,Medium,Medium,Mainstream Core Travelers
729581,0,0,High,Medium,Rising Loyalists
729677,0,0,High,Medium,Rising Loyalists
729752,2,0,Medium,Medium,Mainstream Core Travelers
729762,2,0,Medium,Medium,Mainstream Core Travelers
729805,2,1,Medium,High,Loyal Premium Travelers
730008,2,0,Medium,Medium,Mainstream Core Travelers
730088,0,0,High,Medium,Rising Loyalists
730214,0,1,High,High,Elite Frequent Flyers
730246,2,0,Medium,Medium,Mainstream Core Travelers
730370,0,0,High,Medium,Rising Loyalists
730388,0,0,High,Medium,Rising Loyalists
730561,2,0,Medium,Medium,Mainstream Core Travelers
730641,0,0,High,Medium,Rising Loyalists
730715,0,0,High,Medium,Rising Loyalists
730726,0,0,High,Medium,Rising Loyalists
730737,0,0,High,Medium,Rising Loyalists
730742,2,0,Medium,Medium,Mainstream Core Travelers
730748,2,0,Medium,Medium,Mainstream Core Travelers
730768,2,1,Medium,High,Loyal Premium Travelers
730771,0,0,High,Medium,Rising Loyalists
730795,2,1,Medium,High,Loyal Premium Travelers
730901,2,0,Medium,Medium,Mainstream Core Travelers
731001,0,0,High,Medium,Rising Loyalists
731160,0,0,High,Medium,Rising Loyalists
731238,0,0,High,Medium,Rising Loyalists
731254,1,0,Low,Medium,Value Fading
731286,2,1,Medium,High,Loyal Premium Travelers
731373,1,0,Low,Medium,Value Fading
731494,0,0,High,Medium,Rising Loyalists
731510,0,0,High,Medium,Rising Loyalists
731540,0,0,High,Medium,Rising Loyalists
731593,0,0,High,Medium,Rising Loyalists
731696,0,0,High,Medium,Rising Loyalists
731819,0,0,High,Medium,Rising Loyalists
731958,0,0,High,Medium,Rising Loyalists
732009,0,0,High,Medium,Rising Loyalists
732013,0,0,High,Medium,Rising Loyalists
732081,0,0,High,Medium,Rising Loyalists
732113,2,0,Medium,Medium,Mainstream Core Travelers
732144,0,0,High,Medium,Rising Loyalists
732213,0,1,High,High,Elite Frequent Flyers
732231,0,1,High,High,Elite Frequent Flyers
732304,2,0,Medium,Medium,Mainstream Core Travelers
732362,0,0,High,Medium,Rising Loyalists
732368,0,0,High,Medium,Rising Loyalists
732377,2,0,Medium,Medium,Mainstream Core Travelers
732488,0,0,High,Medium,Rising Loyalists
732524,0,0,High,Medium,Rising Loyalists
732602,2,0,Medium,Medium,Mainstream Core Travelers
732606,0,0,High,Medium,Rising Loyalists
732694,0,0,High,Medium,Rising Loyalists
732808,0,1,High,High,Elite Frequent Flyers
732813,0,0,High,Medium,Rising Loyalists
732862,2,0,Medium,Medium,Mainstream Core Travelers
732863,0,0,High,Medium,Rising Loyalists
732880,2,0,Medium,Medium,Mainstream Core Travelers
733046,0,0,High,Medium,Rising Loyalists
733096,0,0,High,Medium,Rising Loyalists
733181,0,0,High,Medium,Rising Loyalists
733226,2,0,Medium,Medium,Mainstream Core Travelers
733324,0,0,High,Medium,Rising Loyalists
733338,2,0,Medium,Medium,Mainstream Core Travelers
733350,0,0,High,Medium,Rising Loyalists
733370,0,0,High,Medium,Rising Loyalists
733434,2,0,Medium,Medium,Mainstream Core Travelers
733467,2,1,Medium,High,Loyal Premium Travelers
733497,2,0,Medium,Medium,Mainstream Core Travelers
733515,2,0,Medium,Medium,Mainstream Core Travelers
733582,0,0,High,Medium,Rising Loyalists
733601,2,0,Medium,Medium,Mainstream Core Travelers
733603,0,0,High,Medium,Rising Loyalists
733608,0,0,High,Medium,Rising Loyalists
733627,0,0,High,Medium,Rising Loyalists
733658,0,0,High,Medium,Rising Loyalists
733693,0,0,High,Medium,Rising Loyalists
733728,0,0,High,Medium,Rising Loyalists
733746,0,0,High,Medium,Rising Loyalists
733889,0,0,High,Medium,Rising Loyalists
733903,0,1,High,High,Elite Frequent Flyers
733906,0,0,High,Medium,Rising Loyalists
733907,2,0,Medium,Medium,Mainstream Core Travelers
734035,0,0,High,Medium,Rising Loyalists
734077,0,0,High,Medium,Rising Loyalists
734119,2,0,Medium,Medium,Mainstream Core Travelers
734192,0,0,High,Medium,Rising Loyalists
734224,0,0,High,Medium,Rising Loyalists
734226,0,0,High,Medium,Rising Loyalists
734307,0,0,High,Medium,Rising Loyalists
734458,0,0,High,Medium,Rising Loyalists
734459,0,0,High,Medium,Rising Loyalists
734490,0,0,High,Medium,Rising Loyalists
734556,2,0,Medium,Medium,Mainstream Core Travelers
734647,0,0,High,Medium,Rising Loyalists
734727,0,0,High,Medium,Rising Loyalists
734752,0,0,High,Medium,Rising Loyalists
734791,0,0,High,Medium,Rising Loyalists
734801,0,0,High,Medium,Rising Loyalists
734824,0,0,High,Medium,Rising Loyalists
734838,2,0,Medium,Medium,Mainstream Core Travelers
734880,0,0,High,Medium,Rising Loyalists
734938,2,0,Medium,Medium,Mainstream Core Travelers
734952,2,0,Medium,Medium,Mainstream Core Travelers
735000,2,0,Medium,Medium,Mainstream Core Travelers
735038,0,1,High,High,Elite Frequent Flyers
735171,2,0,Medium,Medium,Mainstream Core Travelers
735263,0,1,High,High,Elite Frequent Flyers
735266,0,0,High,Medium,Rising Loyalists
735304,0,0,High,Medium,Rising Loyalists
735341,0,0,High,Medium,Rising Loyalists
735515,0,0,High,Medium,Rising Loyalists
735605,2,0,Medium,Medium,Mainstream Core Travelers
735627,0,0,High,Medium,Rising Loyalists
735666,0,0,High,Medium,Rising Loyalists
735676,2,0,Medium,Medium,Mainstream Core Travelers
735770,0,0,High,Medium,Rising Loyalists
735790,0,0,High,Medium,Rising Loyalists
735846,0,0,High,Medium,Rising Loyalists
735964,0,0,High,Medium,Rising Loyalists
735966,2,0,Medium,Medium,Mainstream Core Travelers
736004,2,0,Medium,Medium,Mainstream Core Travelers
736109,0,0,High,Medium,Rising Loyalists
736219,2,1,Medium,High,Loyal Premium Travelers
736220,2,1,Medium,High,Loyal Premium Travelers
736258,2,0,Medium,Medium,Mainstream Core Travelers
736389,0,0,High,Medium,Rising Loyalists
736414,0,0,High,Medium,Rising Loyalists
736459,0,0,High,Medium,Rising Loyalists
736504,0,0,High,Medium,Rising Loyalists
736518,0,0,High,Medium,Rising Loyalists
736615,2,0,Medium,Medium,Mainstream Core Travelers
736646,0,0,High,Medium,Rising Loyalists
736685,0,1,High,High,Elite Frequent Flyers
736813,0,0,High,Medium,Rising Loyalists
736829,0,0,High,Medium,Rising Loyalists
736970,0,0,High,Medium,Rising Loyalists
737027,2,1,Medium,High,Loyal Premium Travelers
737221,2,0,Medium,Medium,Mainstream Core Travelers
737451,2,0,Medium,Medium,Mainstream Core Travelers
737474,0,0,High,Medium,Rising Loyalists
737477,0,0,High,Medium,Rising Loyalists
737509,2,0,Medium,Medium,Mainstream Core Travelers
737519,0,0,High,Medium,Rising Loyalists
737534,0,1,High,High,Elite Frequent Flyers
737542,0,1,High,High,Elite Frequent Flyers
737602,2,0,Medium,Medium,Mainstream Core Travelers
737604,0,1,High,High,Elite Frequent Flyers
737676,2,0,Medium,Medium,Mainstream Core Travelers
737755,0,0,High,Medium,Rising Loyalists
737756,0,0,High,Medium,Rising Loyalists
737764,0,0,High,Medium,Rising Loyalists
737791,0,0,High,Medium,Rising Loyalists
737842,0,1,High,High,Elite Frequent Flyers
737906,0,0,High,Medium,Rising Loyalists
737940,0,0,High,Medium,Rising Loyalists
737949,0,0,High,Medium,Rising Loyalists
738005,0,0,High,Medium,Rising Loyalists
738096,0,0,High,Medium,Rising Loyalists
738141,0,0,High,Medium,Rising Loyalists
738204,0,0,High,Medium,Rising Loyalists
738253,2,1,Medium,High,Loyal Premium Travelers
738279,0,0,High,Medium,Rising Loyalists
738320,0,0,High,Medium,Rising Loyalists
738332,0,0,High,Medium,Rising Loyalists
738427,0,0,High,Medium,Rising Loyalists
738431,0,1,High,High,Elite Frequent Flyers
738432,0,0,High,Medium,Rising Loyalists
738435,0,0,High,Medium,Rising Loyalists
738459,0,0,High,Medium,Rising Loyalists
738467,0,0,High,Medium,Rising Loyalists
738473,0,0,High,Medium,Rising Loyalists
738567,0,0,High,Medium,Rising Loyalists
738597,0,0,High,Medium,Rising Loyalists
738651,2,0,Medium,Medium,Mainstream Core Travelers
738652,0,0,High,Medium,Rising Loyalists
738732,2,0,Medium,Medium,Mainstream Core Travelers
738874,2,0,Medium,Medium,Mainstream Core Travelers
738890,2,0,Medium,Medium,Mainstream Core Travelers
739005,0,0,High,Medium,Rising Loyalists
739021,0,0,High,Medium,Rising Loyalists
739084,0,0,High,Medium,Rising Loyalists
739138,0,0,High,Medium,Rising Loyalists
739227,2,1,Medium,High,Loyal Premium Travelers
739284,0,0,High,Medium,Rising Loyalists
739345,0,1,High,High,Elite Frequent Flyers
739352,0,1,High,High,Elite Frequent Flyers
739513,2,0,Medium,Medium,Mainstream Core Travelers
739617,2,0,Medium,Medium,Mainstream Core Travelers
739684,2,0,Medium,Medium,Mainstream Core Travelers
739704,2,0,Medium,Medium,Mainstream Core Travelers
739767,2,0,Medium,Medium,Mainstream Core Travelers
739781,0,1,High,High,Elite Frequent Flyers
739808,0,0,High,Medium,Rising Loyalists
739820,0,0,High,Medium,Rising Loyalists
739933,0,0,High,Medium,Rising Loyalists
740025,0,0,High,Medium,Rising Loyalists
740063,0,1,High,High,Elite Frequent Flyers
740083,0,1,High,High,Elite Frequent Flyers
740090,0,0,High,Medium,Rising Loyalists
740105,0,0,High,Medium,Rising Loyalists
740326,2,0,Medium,Medium,Mainstream Core Travelers
740349,2,0,Medium,Medium,Mainstream Core Travelers
740407,2,0,Medium,Medium,Mainstream Core Travelers
740422,0,1,High,High,Elite Frequent Flyers
740509,2,0,Medium,Medium,Mainstream Core Travelers
740577,0,0,High,Medium,Rising Loyalists
740603,0,0,High,Medium,Rising Loyalists
740608,0,0,High,Medium,Rising Loyalists
740703,0,0,High,Medium,Rising Loyalists
740754,0,0,High,Medium,Rising Loyalists
740762,0,0,High,Medium,Rising Loyalists
740763,0,0,High,Medium,Rising Loyalists
740814,0,0,High,Medium,Rising Loyalists
740918,0,0,High,Medium,Rising Loyalists
740992,0,0,High,Medium,Rising Loyalists
741031,0,0,High,Medium,Rising Loyalists
741138,0,1,High,High,Elite Frequent Flyers
741244,2,0,Medium,Medium,Mainstream Core Travelers
741313,0,0,High,Medium,Rising Loyalists
741384,2,0,Medium,Medium,Mainstream Core Travelers
741421,0,0,High,Medium,Rising Loyalists
741422,0,0,High,Medium,Rising Loyalists
741428,0,0,High,Medium,Rising Loyalists
741470,2,0,Medium,Medium,Mainstream Core Travelers
741483,0,0,High,Medium,Rising Loyalists
741657,2,0,Medium,Medium,Mainstream Core Travelers
741677,0,0,High,Medium,Rising Loyalists
741700,0,0,High,Medium,Rising Loyalists
741725,2,0,Medium,Medium,Mainstream Core Travelers
741801,0,1,High,High,Elite Frequent Flyers
741842,0,0,High,Medium,Rising Loyalists
741848,2,0,Medium,Medium,Mainstream Core Travelers
741892,0,0,High,Medium,Rising Loyalists
741926,2,1,Medium,High,Loyal Premium Travelers
742002,0,0,High,Medium,Rising Loyalists
742009,0,0,High,Medium,Rising Loyalists
742062,0,0,High,Medium,Rising Loyalists
742064,2,0,Medium,Medium,Mainstream Core Travelers
742281,0,0,High,Medium,Rising Loyalists
742319,0,0,High,Medium,Rising Loyalists
742321,0,1,High,High,Elite Frequent Flyers
742356,2,0,Medium,Medium,Mainstream Core Travelers
742359,2,0,Medium,Medium,Mainstream Core Travelers
742493,0,0,High,Medium,Rising Loyalists
742509,0,0,High,Medium,Rising Loyalists
742612,0,0,High,Medium,Rising Loyalists
742666,2,1,Medium,High,Loyal Premium Travelers
742669,0,0,High,Medium,Rising Loyalists
742673,2,0,Medium,Medium,Mainstream Core Travelers
742732,0,1,High,High,Elite Frequent Flyers
742749,0,0,High,Medium,Rising Loyalists
742822,0,0,High,Medium,Rising Loyalists
742854,2,0,Medium,Medium,Mainstream Core Travelers
742886,0,0,High,Medium,Rising Loyalists
743001,0,0,High,Medium,Rising Loyalists
743018,0,0,High,Medium,Rising Loyalists
743108,2,0,Medium,Medium,Mainstream Core Travelers
743121,0,0,High,Medium,Rising Loyalists
743241,0,0,High,Medium,Rising Loyalists
743256,0,0,High,Medium,Rising Loyalists
743257,2,1,Medium,High,Loyal Premium Travelers
743263,0,0,High,Medium,Rising Loyalists
743320,2,0,Medium,Medium,Mainstream Core Travelers
743335,2,0,Medium,Medium,Mainstream Core Travelers
743481,2,0,Medium,Medium,Mainstream Core Travelers
743510,0,0,High,Medium,Rising Loyalists
743610,0,0,High,Medium,Rising Loyalists
743734,0,0,High,Medium,Rising Loyalists
743766,0,0,High,Medium,Rising Loyalists
743768,0,0,High,Medium,Rising Loyalists
743798,0,0,High,Medium,Rising Loyalists
743835,0,0,High,Medium,Rising Loyalists
743849,0,0,High,Medium,Rising Loyalists
743879,0,0,High,Medium,Rising Loyalists
743953,2,0,Medium,Medium,Mainstream Core Travelers
744117,2,0,Medium,Medium,Mainstream Core Travelers
744135,0,0,High,Medium,Rising Loyalists
744138,0,0,High,Medium,Rising Loyalists
744181,2,1,Medium,High,Loyal Premium Travelers
744204,0,0,High,Medium,Rising Loyalists
744228,2,0,Medium,Medium,Mainstream Core Travelers
744234,0,0,High,Medium,Rising Loyalists
744304,2,0,Medium,Medium,Mainstream Core Travelers
744320,2,0,Medium,Medium,Mainstream Core Travelers
744406,2,0,Medium,Medium,Mainstream Core Travelers
744441,2,0,Medium,Medium,Mainstream Core Travelers
744528,0,0,High,Medium,Rising Loyalists
744567,0,0,High,Medium,Rising Loyalists
744608,0,0,High,Medium,Rising Loyalists
744612,0,0,High,Medium,Rising Loyalists
744675,0,0,High,Medium,Rising Loyalists
744698,0,0,High,Medium,Rising Loyalists
744711,2,0,Medium,Medium,Mainstream Core Travelers
744731,2,0,Medium,Medium,Mainstream Core Travelers
744746,2,1,Medium,High,Loyal Premium Travelers
744778,0,0,High,Medium,Rising Loyalists
744789,0,0,High,Medium,Rising Loyalists
744837,2,0,Medium,Medium,Mainstream Core Travelers
744860,2,0,Medium,Medium,Mainstream Core Travelers
745028,2,1,Medium,High,Loyal Premium Travelers
745080,2,0,Medium,Medium,Mainstream Core Travelers
745290,0,0,High,Medium,Rising Loyalists
745336,2,0,Medium,Medium,Mainstream Core Travelers
745354,0,1,High,High,Elite Frequent Flyers
745383,2,0,Medium,Medium,Mainstream Core Travelers
745420,0,0,High,Medium,Rising Loyalists
745454,2,0,Medium,Medium,Mainstream Core Travelers
745565,2,0,Medium,Medium,Mainstream Core Travelers
745600,0,0,High,Medium,Rising Loyalists
745636,2,0,Medium,Medium,Mainstream Core Travelers
745668,0,0,High,Medium,Rising Loyalists
745729,0,0,High,Medium,Rising Loyalists
745738,0,0,High,Medium,Rising Loyalists
745769,0,0,High,Medium,Rising Loyalists
745792,0,0,High,Medium,Rising Loyalists
745811,0,0,High,Medium,Rising Loyalists
745830,0,0,High,Medium,Rising Loyalists
745870,2,1,Medium,High,Loyal Premium Travelers
745901,0,0,High,Medium,Rising Loyalists
745908,0,0,High,Medium,Rising Loyalists
745920,0,0,High,Medium,Rising Loyalists
745938,2,0,Medium,Medium,Mainstream Core Travelers
746031,0,1,High,High,Elite Frequent Flyers
746060,0,0,High,Medium,Rising Loyalists
746061,0,1,High,High,Elite Frequent Flyers
746171,0,0,High,Medium,Rising Loyalists
746226,2,0,Medium,Medium,Mainstream Core Travelers
746235,2,0,Medium,Medium,Mainstream Core Travelers
746296,0,0,High,Medium,Rising Loyalists
746314,2,0,Medium,Medium,Mainstream Core Travelers
746377,1,0,Low,Medium,Value Fading
746385,2,0,Medium,Medium,Mainstream Core Travelers
746402,0,0,High,Medium,Rising Loyalists
746502,0,0,High,Medium,Rising Loyalists
746520,0,0,High,Medium,Rising Loyalists
746536,0,0,High,Medium,Rising Loyalists
746554,0,0,High,Medium,Rising Loyalists
746580,2,0,Medium,Medium,Mainstream Core Travelers
746677,0,0,High,Medium,Rising Loyalists
746772,0,0,High,Medium,Rising Loyalists
746796,2,0,Medium,Medium,Mainstream Core Travelers
746807,0,0,High,Medium,Rising Loyalists
746837,0,0,High,Medium,Rising Loyalists
746853,2,0,Medium,Medium,Mainstream Core Travelers
746863,2,0,Medium,Medium,Mainstream Core Travelers
747187,0,0,High,Medium,Rising Loyalists
747227,2,0,Medium,Medium,Mainstream Core Travelers
747304,0,0,High,Medium,Rising Loyalists
747315,0,0,High,Medium,Rising Loyalists
747339,0,0,High,Medium,Rising Loyalists
747395,0,0,High,Medium,Rising Loyalists
747483,2,0,Medium,Medium,Mainstream Core Travelers
747509,2,0,Medium,Medium,Mainstream Core Travelers
747571,0,0,High,Medium,Rising Loyalists
747578,0,1,High,High,Elite Frequent Flyers
747604,2,0,Medium,Medium,Mainstream Core Travelers
747609,0,0,High,Medium,Rising Loyalists
747655,2,0,Medium,Medium,Mainstream Core Travelers
747668,0,0,High,Medium,Rising Loyalists
747681,0,0,High,Medium,Rising Loyalists
747704,0,0,High,Medium,Rising Loyalists
747759,0,0,High,Medium,Rising Loyalists
747816,2,0,Medium,Medium,Mainstream Core Travelers
747926,0,0,High,Medium,Rising Loyalists
747939,0,0,High,Medium,Rising Loyalists
747993,0,0,High,Medium,Rising Loyalists
748019,0,0,High,Medium,Rising Loyalists
748033,2,0,Medium,Medium,Mainstream Core Travelers
748055,0,0,High,Medium,Rising Loyalists
748105,2,0,Medium,Medium,Mainstream Core Travelers
748174,2,0,Medium,Medium,Mainstream Core Travelers
748198,0,0,High,Medium,Rising Loyalists
748286,2,0,Medium,Medium,Mainstream Core Travelers
748299,0,1,High,High,Elite Frequent Flyers
748586,2,0,Medium,Medium,Mainstream Core Travelers
748635,0,0,High,Medium,Rising Loyalists
748649,0,0,High,Medium,Rising Loyalists
748682,0,0,High,Medium,Rising Loyalists
748701,0,0,High,Medium,Rising Loyalists
748717,0,0,High,Medium,Rising Loyalists
748810,0,0,High,Medium,Rising Loyalists
748831,2,0,Medium,Medium,Mainstream Core Travelers
748890,0,0,High,Medium,Rising Loyalists
748914,2,0,Medium,Medium,Mainstream Core Travelers
749033,0,0,High,Medium,Rising Loyalists
749112,0,0,High,Medium,Rising Loyalists
749212,0,0,High,Medium,Rising Loyalists
749257,2,0,Medium,Medium,Mainstream Core Travelers
749328,0,0,High,Medium,Rising Loyalists
749362,2,0,Medium,Medium,Mainstream Core Travelers
749418,2,1,Medium,High,Loyal Premium Travelers
749430,0,1,High,High,Elite Frequent Flyers
749441,0,0,High,Medium,Rising Loyalists
749459,0,0,High,Medium,Rising Loyalists
749566,0,0,High,Medium,Rising Loyalists
749684,0,0,High,Medium,Rising Loyalists
749705,0,0,High,Medium,Rising Loyalists
749801,0,0,High,Medium,Rising Loyalists
749817,0,0,High,Medium,Rising Loyalists
749827,2,0,Medium,Medium,Mainstream Core Travelers
749883,0,0,High,Medium,Rising Loyalists
749972,0,0,High,Medium,Rising Loyalists
750130,0,0,High,Medium,Rising Loyalists
750152,0,0,High,Medium,Rising Loyalists
750153,2,1,Medium,High,Loyal Premium Travelers
750154,2,0,Medium,Medium,Mainstream Core Travelers
750162,2,0,Medium,Medium,Mainstream Core Travelers
750171,0,0,High,Medium,Rising Loyalists
750199,2,1,Medium,High,Loyal Premium Travelers
750247,2,0,Medium,Medium,Mainstream Core Travelers
750280,0,0,High,Medium,Rising Loyalists
750300,0,0,High,Medium,Rising Loyalists
750324,0,0,High,Medium,Rising Loyalists
750384,0,0,High,Medium,Rising Loyalists
750454,2,0,Medium,Medium,Mainstream Core Travelers
750457,2,0,Medium,Medium,Mainstream Core Travelers
750578,2,0,Medium,Medium,Mainstream Core Travelers
750649,0,0,High,Medium,Rising Loyalists
750665,0,0,High,Medium,Rising Loyalists
750688,0,0,High,Medium,Rising Loyalists
750710,0,0,High,Medium,Rising Loyalists
750739,0,0,High,Medium,Rising Loyalists
750776,2,0,Medium,Medium,Mainstream Core Travelers
750862,0,0,High,Medium,Rising Loyalists
750893,2,1,Medium,High,Loyal Premium Travelers
750922,2,0,Medium,Medium,Mainstream Core Travelers
750955,0,0,High,Medium,Rising Loyalists
750974,0,0,High,Medium,Rising Loyalists
751223,2,0,Medium,Medium,Mainstream Core Travelers
751270,2,0,Medium,Medium,Mainstream Core Travelers
751351,0,0,High,Medium,Rising Loyalists
751594,0,0,High,Medium,Rising Loyalists
751602,0,0,High,Medium,Rising Loyalists
751612,0,0,High,Medium,Rising Loyalists
751616,0,0,High,Medium,Rising Loyalists
751628,0,0,High,Medium,Rising Loyalists
751664,0,0,High,Medium,Rising Loyalists
751718,0,1,High,High,Elite Frequent Flyers
751779,0,0,High,Medium,Rising Loyalists
751820,0,0,High,Medium,Rising Loyalists
751823,0,0,High,Medium,Rising Loyalists
751824,0,0,High,Medium,Rising Loyalists
751829,0,0,High,Medium,Rising Loyalists
751990,0,0,High,Medium,Rising Loyalists
752047,0,0,High,Medium,Rising Loyalists
752107,0,0,High,Medium,Rising Loyalists
752140,0,0,High,Medium,Rising Loyalists
752217,0,1,High,High,Elite Frequent Flyers
752259,0,0,High,Medium,Rising Loyalists
752274,0,0,High,Medium,Rising Loyalists
752331,0,0,High,Medium,Rising Loyalists
752462,0,0,High,Medium,Rising Loyalists
752548,2,0,Medium,Medium,Mainstream Core Travelers
752580,0,0,High,Medium,Rising Loyalists
752609,0,0,High,Medium,Rising Loyalists
752663,0,0,High,Medium,Rising Loyalists
752688,0,0,High,Medium,Rising Loyalists
752704,0,0,High,Medium,Rising Loyalists
752729,0,0,High,Medium,Rising Loyalists
752826,0,0,High,Medium,Rising Loyalists
752874,0,0,High,Medium,Rising Loyalists
752885,2,0,Medium,Medium,Mainstream Core Travelers
753038,0,0,High,Medium,Rising Loyalists
753089,0,0,High,Medium,Rising Loyalists
753130,2,0,Medium,Medium,Mainstream Core Travelers
753141,0,0,High,Medium,Rising Loyalists
753149,0,0,High,Medium,Rising Loyalists
753219,0,0,High,Medium,Rising Loyalists
753306,2,0,Medium,Medium,Mainstream Core Travelers
753452,0,0,High,Medium,Rising Loyalists
753456,2,0,Medium,Medium,Mainstream Core Travelers
753473,0,0,High,Medium,Rising Loyalists
753533,0,0,High,Medium,Rising Loyalists
753637,0,0,High,Medium,Rising Loyalists
753814,0,0,High,Medium,Rising Loyalists
753864,2,1,Medium,High,Loyal Premium Travelers
753887,0,0,High,Medium,Rising Loyalists
753977,2,0,Medium,Medium,Mainstream Core Travelers
753987,0,0,High,Medium,Rising Loyalists
753994,0,0,High,Medium,Rising Loyalists
754042,0,0,High,Medium,Rising Loyalists
754163,2,0,Medium,Medium,Mainstream Core Travelers
754175,2,0,Medium,Medium,Mainstream Core Travelers
754264,0,0,High,Medium,Rising Loyalists
754292,0,0,High,Medium,Rising Loyalists
754338,0,0,High,Medium,Rising Loyalists
754416,0,0,High,Medium,Rising Loyalists
754436,0,0,High,Medium,Rising Loyalists
754517,0,0,High,Medium,Rising Loyalists
754539,0,0,High,Medium,Rising Loyalists
754599,0,0,High,Medium,Rising Loyalists
754774,0,0,High,Medium,Rising Loyalists
754850,2,0,Medium,Medium,Mainstream Core Travelers
754936,2,0,Medium,Medium,Mainstream Core Travelers
755014,0,0,High,Medium,Rising Loyalists
755015,2,0,Medium,Medium,Mainstream Core Travelers
755070,0,0,High,Medium,Rising Loyalists
755073,0,1,High,High,Elite Frequent Flyers
755082,0,0,High,Medium,Rising Loyalists
755145,2,1,Medium,High,Loyal Premium Travelers
755276,0,0,High,Medium,Rising Loyalists
755290,0,1,High,High,Elite Frequent Flyers
755337,0,0,High,Medium,Rising Loyalists
755362,0,0,High,Medium,Rising Loyalists
755367,0,0,High,Medium,Rising Loyalists
755374,0,0,High,Medium,Rising Loyalists
755406,0,0,High,Medium,Rising Loyalists
755533,0,0,High,Medium,Rising Loyalists
755538,0,0,High,Medium,Rising Loyalists
755582,2,0,Medium,Medium,Mainstream Core Travelers
755668,0,1,High,High,Elite Frequent Flyers
755759,0,0,High,Medium,Rising Loyalists
755867,0,1,High,High,Elite Frequent Flyers
755977,0,1,High,High,Elite Frequent Flyers
756043,2,1,Medium,High,Loyal Premium Travelers
756065,0,0,High,Medium,Rising Loyalists
756280,2,1,Medium,High,Loyal Premium Travelers
756317,0,0,High,Medium,Rising Loyalists
756341,0,0,High,Medium,Rising Loyalists
756355,0,0,High,Medium,Rising Loyalists
756481,0,0,High,Medium,Rising Loyalists
756496,0,0,High,Medium,Rising Loyalists
756515,0,0,High,Medium,Rising Loyalists
756526,2,1,Medium,High,Loyal Premium Travelers
756543,0,0,High,Medium,Rising Loyalists
756559,2,0,Medium,Medium,Mainstream Core Travelers
756592,2,0,Medium,Medium,Mainstream Core Travelers
756636,2,0,Medium,Medium,Mainstream Core Travelers
756646,0,0,High,Medium,Rising Loyalists
756663,1,0,Low,Medium,Value Fading
756668,0,0,High,Medium,Rising Loyalists
756791,0,0,High,Medium,Rising Loyalists
756833,0,0,High,Medium,Rising Loyalists
756862,0,0,High,Medium,Rising Loyalists
756867,0,0,High,Medium,Rising Loyalists
756891,0,0,High,Medium,Rising Loyalists
756892,0,0,High,Medium,Rising Loyalists
756907,0,0,High,Medium,Rising Loyalists
756928,0,0,High,Medium,Rising Loyalists
756929,0,0,High,Medium,Rising Loyalists
756967,0,0,High,Medium,Rising Loyalists
756973,2,0,Medium,Medium,Mainstream Core Travelers
757010,0,0,High,Medium,Rising Loyalists
757041,0,0,High,Medium,Rising Loyalists
757047,0,0,High,Medium,Rising Loyalists
757060,2,0,Medium,Medium,Mainstream Core Travelers
757127,2,0,Medium,Medium,Mainstream Core Travelers
757270,2,0,Medium,Medium,Mainstream Core Travelers
757387,0,0,High,Medium,Rising Loyalists
757416,2,1,Medium,High,Loyal Premium Travelers
757420,0,0,High,Medium,Rising Loyalists
757446,0,0,High,Medium,Rising Loyalists
757547,0,0,High,Medium,Rising Loyalists
757634,0,0,High,Medium,Rising Loyalists
757691,0,0,High,Medium,Rising Loyalists
757696,0,1,High,High,Elite Frequent Flyers
757704,2,0,Medium,Medium,Mainstream Core Travelers
757834,0,0,High,Medium,Rising Loyalists
757879,0,0,High,Medium,Rising Loyalists
757885,0,0,High,Medium,Rising Loyalists
757938,0,0,High,Medium,Rising Loyalists
758113,0,0,High,Medium,Rising Loyalists
758165,0,0,High,Medium,Rising Loyalists
758210,0,0,High,Medium,Rising Loyalists
758262,0,0,High,Medium,Rising Loyalists
758322,2,1,Medium,High,Loyal Premium Travelers
758328,0,0,High,Medium,Rising Loyalists
758372,0,0,High,Medium,Rising Loyalists
758389,0,0,High,Medium,Rising Loyalists
758432,0,0,High,Medium,Rising Loyalists
758635,2,0,Medium,Medium,Mainstream Core Travelers
758656,2,0,Medium,Medium,Mainstream Core Travelers
758695,0,0,High,Medium,Rising Loyalists
758738,0,0,High,Medium,Rising Loyalists
758789,2,1,Medium,High,Loyal Premium Travelers
758840,0,1,High,High,Elite Frequent Flyers
758927,2,0,Medium,Medium,Mainstream Core Travelers
759017,0,0,High,Medium,Rising Loyalists
759093,0,0,High,Medium,Rising Loyalists
759132,2,0,Medium,Medium,Mainstream Core Travelers
759223,2,0,Medium,Medium,Mainstream Core Travelers
759310,1,1,Low,High,High-Value At-Risk
759311,0,0,High,Medium,Rising Loyalists
759322,0,0,High,Medium,Rising Loyalists
759370,0,0,High,Medium,Rising Loyalists
759417,0,0,High,Medium,Rising Loyalists
759518,0,0,High,Medium,Rising Loyalists
759551,0,1,High,High,Elite Frequent Flyers
759603,0,0,High,Medium,Rising Loyalists
759785,0,0,High,Medium,Rising Loyalists
759847,0,0,High,Medium,Rising Loyalists
759899,0,0,High,Medium,Rising Loyalists
759983,2,0,Medium,Medium,Mainstream Core Travelers
759991,0,0,High,Medium,Rising Loyalists
760061,0,0,High,Medium,Rising Loyalists
760077,2,0,Medium,Medium,Mainstream Core Travelers
760111,0,0,High,Medium,Rising Loyalists
760155,0,0,High,Medium,Rising Loyalists
760158,2,0,Medium,Medium,Mainstream Core Travelers
760166,0,0,High,Medium,Rising Loyalists
760176,0,0,High,Medium,Rising Loyalists
760196,0,0,High,Medium,Rising Loyalists
760424,0,1,High,High,Elite Frequent Flyers
760508,0,0,High,Medium,Rising Loyalists
760614,0,0,High,Medium,Rising Loyalists
760645,0,0,High,Medium,Rising Loyalists
760672,0,0,High,Medium,Rising Loyalists
760835,0,0,High,Medium,Rising Loyalists
760842,0,0,High,Medium,Rising Loyalists
760876,0,0,High,Medium,Rising Loyalists
760975,0,0,High,Medium,Rising Loyalists
761007,2,0,Medium,Medium,Mainstream Core Travelers
761015,0,0,High,Medium,Rising Loyalists
761114,0,0,High,Medium,Rising Loyalists
761150,2,0,Medium,Medium,Mainstream Core Travelers
761240,0,0,High,Medium,Rising Loyalists
761305,2,1,Medium,High,Loyal Premium Travelers
761403,0,0,High,Medium,Rising Loyalists
761423,0,0,High,Medium,Rising Loyalists
761444,2,0,Medium,Medium,Mainstream Core Travelers
761459,0,0,High,Medium,Rising Loyalists
761510,0,0,High,Medium,Rising Loyalists
761600,2,0,Medium,Medium,Mainstream Core Travelers
761613,0,0,High,Medium,Rising Loyalists
761674,0,0,High,Medium,Rising Loyalists
761694,0,0,High,Medium,Rising Loyalists
761966,0,0,High,Medium,Rising Loyalists
762044,0,0,High,Medium,Rising Loyalists
762072,2,1,Medium,High,Loyal Premium Travelers
762117,0,0,High,Medium,Rising Loyalists
762255,2,0,Medium,Medium,Mainstream Core Travelers
762259,0,0,High,Medium,Rising Loyalists
762272,0,0,High,Medium,Rising Loyalists
762355,0,0,High,Medium,Rising Loyalists
762389,0,0,High,Medium,Rising Loyalists
762446,2,0,Medium,Medium,Mainstream Core Travelers
762474,2,0,Medium,Medium,Mainstream Core Travelers
762485,0,0,High,Medium,Rising Loyalists
762562,2,0,Medium,Medium,Mainstream Core Travelers
762671,2,0,Medium,Medium,Mainstream Core Travelers
762681,0,0,High,Medium,Rising Loyalists
762715,2,0,Medium,Medium,Mainstream Core Travelers
762951,0,0,High,Medium,Rising Loyalists
762971,2,0,Medium,Medium,Mainstream Core Travelers
762990,2,0,Medium,Medium,Mainstream Core Travelers
763000,2,0,Medium,Medium,Mainstream Core Travelers
763061,0,0,High,Medium,Rising Loyalists
763071,0,0,High,Medium,Rising Loyalists
763084,0,0,High,Medium,Rising Loyalists
763113,0,0,High,Medium,Rising Loyalists
763132,0,0,High,Medium,Rising Loyalists
763177,0,0,High,Medium,Rising Loyalists
763183,0,0,High,Medium,Rising Loyalists
763224,2,0,Medium,Medium,Mainstream Core Travelers
763241,0,0,High,Medium,Rising Loyalists
763248,2,0,Medium,Medium,Mainstream Core Travelers
763341,0,0,High,Medium,Rising Loyalists
763403,0,0,High,Medium,Rising Loyalists
763406,0,1,High,High,Elite Frequent Flyers
763520,0,0,High,Medium,Rising Loyalists
763591,0,0,High,Medium,Rising Loyalists
763615,0,0,High,Medium,Rising Loyalists
763618,2,0,Medium,Medium,Mainstream Core Travelers
763621,2,0,Medium,Medium,Mainstream Core Travelers
763702,0,0,High,Medium,Rising Loyalists
763761,0,0,High,Medium,Rising Loyalists
763797,0,0,High,Medium,Rising Loyalists
763806,2,0,Medium,Medium,Mainstream Core Travelers
764167,0,0,High,Medium,Rising Loyalists
764227,2,0,Medium,Medium,Mainstream Core Travelers
764302,2,0,Medium,Medium,Mainstream Core Travelers
764305,0,0,High,Medium,Rising Loyalists
764513,0,0,High,Medium,Rising Loyalists
764544,0,0,High,Medium,Rising Loyalists
764555,0,0,High,Medium,Rising Loyalists
764578,0,0,High,Medium,Rising Loyalists
764595,0,1,High,High,Elite Frequent Flyers
764634,0,0,High,Medium,Rising Loyalists
764703,2,0,Medium,Medium,Mainstream Core Travelers
764844,2,0,Medium,Medium,Mainstream Core Travelers
764869,0,0,High,Medium,Rising Loyalists
764889,0,0,High,Medium,Rising Loyalists
764896,0,0,High,Medium,Rising Loyalists
764980,0,0,High,Medium,Rising Loyalists
765079,0,0,High,Medium,Rising Loyalists
765127,0,0,High,Medium,Rising Loyalists
765202,0,0,High,Medium,Rising Loyalists
765223,1,1,Low,High,High-Value At-Risk
765252,0,0,High,Medium,Rising Loyalists
765261,0,0,High,Medium,Rising Loyalists
765293,0,0,High,Medium,Rising Loyalists
765323,0,0,High,Medium,Rising Loyalists
765338,0,1,High,High,Elite Frequent Flyers
765408,2,1,Medium,High,Loyal Premium Travelers
765428,0,0,High,Medium,Rising Loyalists
765446,2,1,Medium,High,Loyal Premium Travelers
765481,0,0,High,Medium,Rising Loyalists
765518,0,0,High,Medium,Rising Loyalists
765542,2,0,Medium,Medium,Mainstream Core Travelers
765655,0,0,High,Medium,Rising Loyalists
765747,0,0,High,Medium,Rising Loyalists
765793,0,0,High,Medium,Rising Loyalists
765877,0,0,High,Medium,Rising Loyalists
765924,0,0,High,Medium,Rising Loyalists
765955,0,0,High,Medium,Rising Loyalists
765973,2,0,Medium,Medium,Mainstream Core Travelers
765989,0,0,High,Medium,Rising Loyalists
766012,2,1,Medium,High,Loyal Premium Travelers
766024,0,0,High,Medium,Rising Loyalists
766091,2,0,Medium,Medium,Mainstream Core Travelers
766262,2,0,Medium,Medium,Mainstream Core Travelers
766335,0,0,High,Medium,Rising Loyalists
766355,2,0,Medium,Medium,Mainstream Core Travelers
766401,2,0,Medium,Medium,Mainstream Core Travelers
766530,0,0,High,Medium,Rising Loyalists
766562,2,0,Medium,Medium,Mainstream Core Travelers
766691,2,0,Medium,Medium,Mainstream Core Travelers
766733,0,0,High,Medium,Rising Loyalists
766766,2,0,Medium,Medium,Mainstream Core Travelers
766775,0,0,High,Medium,Rising Loyalists
766777,0,0,High,Medium,Rising Loyalists
766861,2,0,Medium,Medium,Mainstream Core Travelers
766886,0,0,High,Medium,Rising Loyalists
766909,2,0,Medium,Medium,Mainstream Core Travelers
766927,0,0,High,Medium,Rising Loyalists
766969,0,0,High,Medium,Rising Loyalists
767006,0,1,High,High,Elite Frequent Flyers
767058,0,0,High,Medium,Rising Loyalists
767089,0,0,High,Medium,Rising Loyalists
767175,2,1,Medium,High,Loyal Premium Travelers
767331,0,0,High,Medium,Rising Loyalists
767366,2,1,Medium,High,Loyal Premium Travelers
767385,0,0,High,Medium,Rising Loyalists
767416,0,0,High,Medium,Rising Loyalists
767428,0,0,High,Medium,Rising Loyalists
767456,2,0,Medium,Medium,Mainstream Core Travelers
767494,2,0,Medium,Medium,Mainstream Core Travelers
767507,0,0,High,Medium,Rising Loyalists
767534,0,0,High,Medium,Rising Loyalists
767648,0,0,High,Medium,Rising Loyalists
767672,0,0,High,Medium,Rising Loyalists
767678,2,0,Medium,Medium,Mainstream Core Travelers
767728,2,0,Medium,Medium,Mainstream Core Travelers
767752,0,1,High,High,Elite Frequent Flyers
767767,0,0,High,Medium,Rising Loyalists
767774,2,0,Medium,Medium,Mainstream Core Travelers
767857,2,0,Medium,Medium,Mainstream Core Travelers
767864,2,0,Medium,Medium,Mainstream Core Travelers
767894,0,0,High,Medium,Rising Loyalists
767907,0,0,High,Medium,Rising Loyalists
767908,0,0,High,Medium,Rising Loyalists
767971,2,1,Medium,High,Loyal Premium Travelers
768010,0,0,High,Medium,Rising Loyalists
768012,0,0,High,Medium,Rising Loyalists
768030,0,0,High,Medium,Rising Loyalists
768072,0,0,High,Medium,Rising Loyalists
768078,0,0,High,Medium,Rising Loyalists
768113,0,0,High,Medium,Rising Loyalists
768255,2,0,Medium,Medium,Mainstream Core Travelers
768313,2,1,Medium,High,Loyal Premium Travelers
768354,0,0,High,Medium,Rising Loyalists
768365,0,1,High,High,Elite Frequent Flyers
768415,0,0,High,Medium,Rising Loyalists
768518,0,0,High,Medium,Rising Loyalists
768748,0,0,High,Medium,Rising Loyalists
768959,2,0,Medium,Medium,Mainstream Core Travelers
768996,0,0,High,Medium,Rising Loyalists
769023,0,0,High,Medium,Rising Loyalists
769030,0,0,High,Medium,Rising Loyalists
769166,2,0,Medium,Medium,Mainstream Core Travelers
769346,0,0,High,Medium,Rising Loyalists
769361,0,0,High,Medium,Rising Loyalists
769495,2,0,Medium,Medium,Mainstream Core Travelers
769521,0,1,High,High,Elite Frequent Flyers
769560,0,0,High,Medium,Rising Loyalists
769602,2,0,Medium,Medium,Mainstream Core Travelers
769623,0,0,High,Medium,Rising Loyalists
769669,2,0,Medium,Medium,Mainstream Core Travelers
769709,0,0,High,Medium,Rising Loyalists
769731,0,0,High,Medium,Rising Loyalists
769763,0,0,High,Medium,Rising Loyalists
769891,0,0,High,Medium,Rising Loyalists
769976,2,0,Medium,Medium,Mainstream Core Travelers
770094,0,0,High,Medium,Rising Loyalists
770327,0,0,High,Medium,Rising Loyalists
770362,2,0,Medium,Medium,Mainstream Core Travelers
770452,0,0,High,Medium,Rising Loyalists
770524,2,0,Medium,Medium,Mainstream Core Travelers
770568,2,0,Medium,Medium,Mainstream Core Travelers
770591,0,0,High,Medium,Rising Loyalists
770634,0,0,High,Medium,Rising Loyalists
770651,2,0,Medium,Medium,Mainstream Core Travelers
770702,2,0,Medium,Medium,Mainstream Core Travelers
770727,2,0,Medium,Medium,Mainstream Core Travelers
770759,2,1,Medium,High,Loyal Premium Travelers
770968,0,0,High,Medium,Rising Loyalists
771035,0,0,High,Medium,Rising Loyalists
771056,0,0,High,Medium,Rising Loyalists
771133,2,0,Medium,Medium,Mainstream Core Travelers
771220,2,0,Medium,Medium,Mainstream Core Travelers
771259,0,0,High,Medium,Rising Loyalists
771285,0,0,High,Medium,Rising Loyalists
771307,0,0,High,Medium,Rising Loyalists
771353,2,0,Medium,Medium,Mainstream Core Travelers
771667,0,0,High,Medium,Rising Loyalists
771713,0,0,High,Medium,Rising Loyalists
771753,2,0,Medium,Medium,Mainstream Core Travelers
771757,0,0,High,Medium,Rising Loyalists
771872,2,0,Medium,Medium,Mainstream Core Travelers
771880,2,0,Medium,Medium,Mainstream Core Travelers
771901,0,0,High,Medium,Rising Loyalists
771932,0,0,High,Medium,Rising Loyalists
771943,0,0,High,Medium,Rising Loyalists
771960,0,0,High,Medium,Rising Loyalists
771976,2,0,Medium,Medium,Mainstream Core Travelers
772019,0,0,High,Medium,Rising Loyalists
772025,2,0,Medium,Medium,Mainstream Core Travelers
772081,2,0,Medium,Medium,Mainstream Core Travelers
772152,0,0,High,Medium,Rising Loyalists
772181,0,0,High,Medium,Rising Loyalists
772194,0,1,High,High,Elite Frequent Flyers
772237,0,0,High,Medium,Rising Loyalists
772362,0,1,High,High,Elite Frequent Flyers
772370,0,0,High,Medium,Rising Loyalists
772381,0,0,High,Medium,Rising Loyalists
772395,2,0,Medium,Medium,Mainstream Core Travelers
772397,0,0,High,Medium,Rising Loyalists
772437,0,0,High,Medium,Rising Loyalists
772438,0,0,High,Medium,Rising Loyalists
772484,0,0,High,Medium,Rising Loyalists
772532,2,0,Medium,Medium,Mainstream Core Travelers
772608,2,0,Medium,Medium,Mainstream Core Travelers
772628,0,0,High,Medium,Rising Loyalists
772827,0,0,High,Medium,Rising Loyalists
772834,0,0,High,Medium,Rising Loyalists
772952,0,0,High,Medium,Rising Loyalists
772960,0,0,High,Medium,Rising Loyalists
773012,0,0,High,Medium,Rising Loyalists
773019,2,0,Medium,Medium,Mainstream Core Travelers
773086,0,0,High,Medium,Rising Loyalists
773095,2,0,Medium,Medium,Mainstream Core Travelers
773112,0,0,High,Medium,Rising Loyalists
773219,2,0,Medium,Medium,Mainstream Core Travelers
773261,0,0,High,Medium,Rising Loyalists
773290,0,0,High,Medium,Rising Loyalists
773293,0,0,High,Medium,Rising Loyalists
773364,0,0,High,Medium,Rising Loyalists
773390,0,0,High,Medium,Rising Loyalists
773397,0,0,High,Medium,Rising Loyalists
773418,0,0,High,Medium,Rising Loyalists
773546,0,1,High,High,Elite Frequent Flyers
773571,0,1,High,High,Elite Frequent Flyers
773593,2,0,Medium,Medium,Mainstream Core Travelers
773598,0,0,High,Medium,Rising Loyalists
773648,0,0,High,Medium,Rising Loyalists
773676,2,0,Medium,Medium,Mainstream Core Travelers
773739,0,0,High,Medium,Rising Loyalists
773805,0,0,High,Medium,Rising Loyalists
773844,2,0,Medium,Medium,Mainstream Core Travelers
773857,2,0,Medium,Medium,Mainstream Core Travelers
773865,0,0,High,Medium,Rising Loyalists
773943,0,0,High,Medium,Rising Loyalists
773973,0,0,High,Medium,Rising Loyalists
773986,0,0,High,Medium,Rising Loyalists
774103,0,1,High,High,Elite Frequent Flyers
774168,2,0,Medium,Medium,Mainstream Core Travelers
774226,0,0,High,Medium,Rising Loyalists
774234,0,0,High,Medium,Rising Loyalists
774249,2,0,Medium,Medium,Mainstream Core Travelers
774272,0,0,High,Medium,Rising Loyalists
774275,0,0,High,Medium,Rising Loyalists
774321,0,0,High,Medium,Rising Loyalists
774326,0,0,High,Medium,Rising Loyalists
774386,2,0,Medium,Medium,Mainstream Core Travelers
774724,0,0,High,Medium,Rising Loyalists
774931,2,1,Medium,High,Loyal Premium Travelers
775158,2,0,Medium,Medium,Mainstream Core Travelers
775160,0,0,High,Medium,Rising Loyalists
775170,0,0,High,Medium,Rising Loyalists
775176,0,0,High,Medium,Rising Loyalists
775185,0,0,High,Medium,Rising Loyalists
775193,0,0,High,Medium,Rising Loyalists
775304,0,0,High,Medium,Rising Loyalists
775407,2,0,Medium,Medium,Mainstream Core Travelers
775440,0,0,High,Medium,Rising Loyalists
775520,2,1,Medium,High,Loyal Premium Travelers
775562,2,0,Medium,Medium,Mainstream Core Travelers
775573,0,0,High,Medium,Rising Loyalists
775639,0,0,High,Medium,Rising Loyalists
775678,2,0,Medium,Medium,Mainstream Core Travelers
775724,0,0,High,Medium,Rising Loyalists
775768,0,0,High,Medium,Rising Loyalists
776139,0,0,High,Medium,Rising Loyalists
776153,2,0,Medium,Medium,Mainstream Core Travelers
776187,0,1,High,High,Elite Frequent Flyers
776317,2,0,Medium,Medium,Mainstream Core Travelers
776399,2,1,Medium,High,Loyal Premium Travelers
776443,0,1,High,High,Elite Frequent Flyers
776453,0,0,High,Medium,Rising Loyalists
776464,0,1,High,High,Elite Frequent Flyers
776466,2,1,Medium,High,Loyal Premium Travelers
776547,0,1,High,High,Elite Frequent Flyers
776613,0,0,High,Medium,Rising Loyalists
776736,0,0,High,Medium,Rising Loyalists
776782,2,0,Medium,Medium,Mainstream Core Travelers
776795,0,0,High,Medium,Rising Loyalists
776830,2,0,Medium,Medium,Mainstream Core Travelers
776931,2,0,Medium,Medium,Mainstream Core Travelers
776956,0,0,High,Medium,Rising Loyalists
777108,0,0,High,Medium,Rising Loyalists
777118,0,0,High,Medium,Rising Loyalists
777171,0,0,High,Medium,Rising Loyalists
777197,0,0,High,Medium,Rising Loyalists
777231,0,0,High,Medium,Rising Loyalists
777300,0,1,High,High,Elite Frequent Flyers
777351,0,0,High,Medium,Rising Loyalists
777418,2,0,Medium,Medium,Mainstream Core Travelers
777514,0,0,High,Medium,Rising Loyalists
777531,0,0,High,Medium,Rising Loyalists
777540,0,0,High,Medium,Rising Loyalists
777544,2,0,Medium,Medium,Mainstream Core Travelers
777549,0,0,High,Medium,Rising Loyalists
777561,0,0,High,Medium,Rising Loyalists
777714,0,0,High,Medium,Rising Loyalists
777861,2,0,Medium,Medium,Mainstream Core Travelers
777871,0,0,High,Medium,Rising Loyalists
777875,0,0,High,Medium,Rising Loyalists
777931,0,0,High,Medium,Rising Loyalists
777990,0,0,High,Medium,Rising Loyalists
778027,2,0,Medium,Medium,Mainstream Core Travelers
778030,0,0,High,Medium,Rising Loyalists
778031,0,0,High,Medium,Rising Loyalists
778066,0,0,High,Medium,Rising Loyalists
778168,0,0,High,Medium,Rising Loyalists
778310,0,0,High,Medium,Rising Loyalists
778317,0,0,High,Medium,Rising Loyalists
778393,0,0,High,Medium,Rising Loyalists
778426,0,0,High,Medium,Rising Loyalists
778590,0,0,High,Medium,Rising Loyalists
778865,0,0,High,Medium,Rising Loyalists
778920,0,0,High,Medium,Rising Loyalists
778952,0,0,High,Medium,Rising Loyalists
779046,0,0,High,Medium,Rising Loyalists
779066,0,0,High,Medium,Rising Loyalists
779082,0,0,High,Medium,Rising Loyalists
779085,0,0,High,Medium,Rising Loyalists
779106,0,0,High,Medium,Rising Loyalists
779159,0,0,High,Medium,Rising Loyalists
779171,0,0,High,Medium,Rising Loyalists
779184,0,0,High,Medium,Rising Loyalists
779211,2,0,Medium,Medium,Mainstream Core Travelers
779247,0,0,High,Medium,Rising Loyalists
779291,0,0,High,Medium,Rising Loyalists
779412,2,0,Medium,Medium,Mainstream Core Travelers
779427,0,0,High,Medium,Rising Loyalists
779434,0,0,High,Medium,Rising Loyalists
779435,2,0,Medium,Medium,Mainstream Core Travelers
779444,2,0,Medium,Medium,Mainstream Core Travelers
779468,2,0,Medium,Medium,Mainstream Core Travelers
779573,0,0,High,Medium,Rising Loyalists
779679,0,0,High,Medium,Rising Loyalists
779882,0,0,High,Medium,Rising Loyalists
779929,0,0,High,Medium,Rising Loyalists
779977,0,0,High,Medium,Rising Loyalists
780104,2,0,Medium,Medium,Mainstream Core Travelers
780140,0,0,High,Medium,Rising Loyalists
780150,0,0,High,Medium,Rising Loyalists
780236,0,0,High,Medium,Rising Loyalists
780266,2,0,Medium,Medium,Mainstream Core Travelers
780298,0,0,High,Medium,Rising Loyalists
780389,2,0,Medium,Medium,Mainstream Core Travelers
780423,0,0,High,Medium,Rising Loyalists
780428,0,0,High,Medium,Rising Loyalists
780504,0,0,High,Medium,Rising Loyalists
780525,2,0,Medium,Medium,Mainstream Core Travelers
780529,2,0,Medium,Medium,Mainstream Core Travelers
780631,2,0,Medium,Medium,Mainstream Core Travelers
780728,0,0,High,Medium,Rising Loyalists
780855,2,0,Medium,Medium,Mainstream Core Travelers
780944,0,0,High,Medium,Rising Loyalists
780973,0,0,High,Medium,Rising Loyalists
780991,2,0,Medium,Medium,Mainstream Core Travelers
781052,0,0,High,Medium,Rising Loyalists
781062,0,0,High,Medium,Rising Loyalists
781110,0,0,High,Medium,Rising Loyalists
781187,0,0,High,Medium,Rising Loyalists
781219,0,0,High,Medium,Rising Loyalists
781227,2,0,Medium,Medium,Mainstream Core Travelers
781293,2,1,Medium,High,Loyal Premium Travelers
781347,0,0,High,Medium,Rising Loyalists
781354,0,0,High,Medium,Rising Loyalists
781355,0,0,High,Medium,Rising Loyalists
781463,0,0,High,Medium,Rising Loyalists
781480,0,0,High,Medium,Rising Loyalists
781495,0,0,High,Medium,Rising Loyalists
781519,0,0,High,Medium,Rising Loyalists
781570,0,0,High,Medium,Rising Loyalists
781621,0,0,High,Medium,Rising Loyalists
781647,0,0,High,Medium,Rising Loyalists
781777,0,0,High,Medium,Rising Loyalists
781797,0,0,High,Medium,Rising Loyalists
781924,0,0,High,Medium,Rising Loyalists
781963,2,1,Medium,High,Loyal Premium Travelers
781970,0,0,High,Medium,Rising Loyalists
782078,2,0,Medium,Medium,Mainstream Core Travelers
782100,0,0,High,Medium,Rising Loyalists
782124,0,0,High,Medium,Rising Loyalists
782241,0,0,High,Medium,Rising Loyalists
782282,0,0,High,Medium,Rising Loyalists
782284,0,0,High,Medium,Rising Loyalists
782318,2,0,Medium,Medium,Mainstream Core Travelers
782329,0,0,High,Medium,Rising Loyalists
782393,0,0,High,Medium,Rising Loyalists
782485,0,0,High,Medium,Rising Loyalists
782503,2,0,Medium,Medium,Mainstream Core Travelers
782515,0,1,High,High,Elite Frequent Flyers
782523,2,0,Medium,Medium,Mainstream Core Travelers
782549,0,0,High,Medium,Rising Loyalists
782596,0,0,High,Medium,Rising Loyalists
782606,2,0,Medium,Medium,Mainstream Core Travelers
782654,0,0,High,Medium,Rising Loyalists
782719,0,0,High,Medium,Rising Loyalists
782804,2,1,Medium,High,Loyal Premium Travelers
782818,0,0,High,Medium,Rising Loyalists
783145,0,0,High,Medium,Rising Loyalists
783165,2,1,Medium,High,Loyal Premium Travelers
783255,0,0,High,Medium,Rising Loyalists
783300,0,0,High,Medium,Rising Loyalists
783363,2,0,Medium,Medium,Mainstream Core Travelers
783438,2,0,Medium,Medium,Mainstream Core Travelers
783515,2,0,Medium,Medium,Mainstream Core Travelers
783604,0,0,High,Medium,Rising Loyalists
783610,2,0,Medium,Medium,Mainstream Core Travelers
783789,0,0,High,Medium,Rising Loyalists
783791,0,0,High,Medium,Rising Loyalists
783928,0,0,High,Medium,Rising Loyalists
784113,0,0,High,Medium,Rising Loyalists
784185,0,0,High,Medium,Rising Loyalists
784271,0,0,High,Medium,Rising Loyalists
784356,2,0,Medium,Medium,Mainstream Core Travelers
784380,2,0,Medium,Medium,Mainstream Core Travelers
784490,0,1,High,High,Elite Frequent Flyers
784537,0,0,High,Medium,Rising Loyalists
784570,2,0,Medium,Medium,Mainstream Core Travelers
784597,2,1,Medium,High,Loyal Premium Travelers
784608,0,0,High,Medium,Rising Loyalists
784710,2,1,Medium,High,Loyal Premium Travelers
784782,0,0,High,Medium,Rising Loyalists
784787,2,0,Medium,Medium,Mainstream Core Travelers
784804,0,0,High,Medium,Rising Loyalists
784838,0,0,High,Medium,Rising Loyalists
784847,0,0,High,Medium,Rising Loyalists
784945,0,0,High,Medium,Rising Loyalists
784946,0,0,High,Medium,Rising Loyalists
784962,0,0,High,Medium,Rising Loyalists
785076,0,0,High,Medium,Rising Loyalists
785114,2,0,Medium,Medium,Mainstream Core Travelers
785129,2,0,Medium,Medium,Mainstream Core Travelers
785185,0,0,High,Medium,Rising Loyalists
785223,0,0,High,Medium,Rising Loyalists
785389,2,1,Medium,High,Loyal Premium Travelers
785398,0,0,High,Medium,Rising Loyalists
785738,0,0,High,Medium,Rising Loyalists
785826,0,0,High,Medium,Rising Loyalists
785836,0,0,High,Medium,Rising Loyalists
785965,2,0,Medium,Medium,Mainstream Core Travelers
785992,0,0,High,Medium,Rising Loyalists
786230,2,0,Medium,Medium,Mainstream Core Travelers
786255,0,0,High,Medium,Rising Loyalists
786287,0,0,High,Medium,Rising Loyalists
786330,2,0,Medium,Medium,Mainstream Core Travelers
786391,0,0,High,Medium,Rising Loyalists
786442,0,1,High,High,Elite Frequent Flyers
786525,0,0,High,Medium,Rising Loyalists
786613,0,0,High,Medium,Rising Loyalists
786624,0,0,High,Medium,Rising Loyalists
786703,0,0,High,Medium,Rising Loyalists
786709,0,0,High,Medium,Rising Loyalists
786710,0,0,High,Medium,Rising Loyalists
786827,2,0,Medium,Medium,Mainstream Core Travelers
786966,2,0,Medium,Medium,Mainstream Core Travelers
787001,0,0,High,Medium,Rising Loyalists
787018,2,1,Medium,High,Loyal Premium Travelers
787086,2,0,Medium,Medium,Mainstream Core Travelers
787172,2,0,Medium,Medium,Mainstream Core Travelers
787249,2,0,Medium,Medium,Mainstream Core Travelers
787276,0,0,High,Medium,Rising Loyalists
787277,2,0,Medium,Medium,Mainstream Core Travelers
787322,2,0,Medium,Medium,Mainstream Core Travelers
787416,0,0,High,Medium,Rising Loyalists
787472,0,0,High,Medium,Rising Loyalists
787525,0,0,High,Medium,Rising Loyalists
787548,0,0,High,Medium,Rising Loyalists
787571,2,0,Medium,Medium,Mainstream Core Travelers
787606,0,0,High,Medium,Rising Loyalists
787625,0,0,High,Medium,Rising Loyalists
787651,2,0,Medium,Medium,Mainstream Core Travelers
787660,0,1,High,High,Elite Frequent Flyers
787763,0,0,High,Medium,Rising Loyalists
787833,0,0,High,Medium,Rising Loyalists
787875,0,0,High,Medium,Rising Loyalists
787899,2,1,Medium,High,Loyal Premium Travelers
787911,2,0,Medium,Medium,Mainstream Core Travelers
788001,0,0,High,Medium,Rising Loyalists
788091,0,0,High,Medium,Rising Loyalists
788159,0,0,High,Medium,Rising Loyalists
788217,2,0,Medium,Medium,Mainstream Core Travelers
788283,2,0,Medium,Medium,Mainstream Core Travelers
788292,0,0,High,Medium,Rising Loyalists
788325,0,0,High,Medium,Rising Loyalists
788332,0,0,High,Medium,Rising Loyalists
788354,0,0,High,Medium,Rising Loyalists
788407,0,0,High,Medium,Rising Loyalists
788460,2,0,Medium,Medium,Mainstream Core Travelers
788515,0,0,High,Medium,Rising Loyalists
788555,2,0,Medium,Medium,Mainstream Core Travelers
788759,0,0,High,Medium,Rising Loyalists
788870,0,0,High,Medium,Rising Loyalists
788947,0,0,High,Medium,Rising Loyalists
788997,0,0,High,Medium,Rising Loyalists
789001,0,0,High,Medium,Rising Loyalists
789004,0,0,High,Medium,Rising Loyalists
789052,0,0,High,Medium,Rising Loyalists
789057,2,0,Medium,Medium,Mainstream Core Travelers
789120,0,0,High,Medium,Rising Loyalists
789148,0,0,High,Medium,Rising Loyalists
789149,0,1,High,High,Elite Frequent Flyers
789157,2,0,Medium,Medium,Mainstream Core Travelers
789190,0,0,High,Medium,Rising Loyalists
789206,0,0,High,Medium,Rising Loyalists
789288,2,0,Medium,Medium,Mainstream Core Travelers
789303,0,0,High,Medium,Rising Loyalists
789421,0,0,High,Medium,Rising Loyalists
789431,2,0,Medium,Medium,Mainstream Core Travelers
789444,0,0,High,Medium,Rising Loyalists
789465,2,0,Medium,Medium,Mainstream Core Travelers
789573,0,0,High,Medium,Rising Loyalists
789624,0,0,High,Medium,Rising Loyalists
789797,0,0,High,Medium,Rising Loyalists
789826,0,0,High,Medium,Rising Loyalists
789859,0,0,High,Medium,Rising Loyalists
789892,0,0,High,Medium,Rising Loyalists
789932,0,0,High,Medium,Rising Loyalists
790008,0,1,High,High,Elite Frequent Flyers
790089,0,0,High,Medium,Rising Loyalists
790094,0,0,High,Medium,Rising Loyalists
790123,0,0,High,Medium,Rising Loyalists
790165,0,1,High,High,Elite Frequent Flyers
790178,0,0,High,Medium,Rising Loyalists
790240,0,0,High,Medium,Rising Loyalists
790287,2,0,Medium,Medium,Mainstream Core Travelers
790303,0,0,High,Medium,Rising Loyalists
790341,0,0,High,Medium,Rising Loyalists
790346,2,0,Medium,Medium,Mainstream Core Travelers
790366,2,0,Medium,Medium,Mainstream Core Travelers
790450,0,0,High,Medium,Rising Loyalists
790475,0,0,High,Medium,Rising Loyalists
790649,0,0,High,Medium,Rising Loyalists
790734,0,0,High,Medium,Rising Loyalists
790740,0,0,High,Medium,Rising Loyalists
790813,0,0,High,Medium,Rising Loyalists
790940,2,0,Medium,Medium,Mainstream Core Travelers
790943,2,0,Medium,Medium,Mainstream Core Travelers
791132,0,0,High,Medium,Rising Loyalists
791202,0,0,High,Medium,Rising Loyalists
791280,0,0,High,Medium,Rising Loyalists
791282,2,0,Medium,Medium,Mainstream Core Travelers
791342,0,0,High,Medium,Rising Loyalists
791355,0,0,High,Medium,Rising Loyalists
791466,0,0,High,Medium,Rising Loyalists
791678,0,0,High,Medium,Rising Loyalists
791765,0,0,High,Medium,Rising Loyalists
791809,0,0,High,Medium,Rising Loyalists
791852,0,0,High,Medium,Rising Loyalists
791978,0,0,High,Medium,Rising Loyalists
792086,0,0,High,Medium,Rising Loyalists
792094,2,0,Medium,Medium,Mainstream Core Travelers
792103,0,0,High,Medium,Rising Loyalists
792229,0,0,High,Medium,Rising Loyalists
792277,2,1,Medium,High,Loyal Premium Travelers
792332,0,0,High,Medium,Rising Loyalists
792361,2,0,Medium,Medium,Mainstream Core Travelers
792383,0,0,High,Medium,Rising Loyalists
792412,2,0,Medium,Medium,Mainstream Core Travelers
792418,0,0,High,Medium,Rising Loyalists
792514,0,0,High,Medium,Rising Loyalists
792695,0,0,High,Medium,Rising Loyalists
792698,0,0,High,Medium,Rising Loyalists
792707,0,0,High,Medium,Rising Loyalists
792795,0,0,High,Medium,Rising Loyalists
792873,0,0,High,Medium,Rising Loyalists
792898,0,0,High,Medium,Rising Loyalists
792915,0,0,High,Medium,Rising Loyalists
792932,2,0,Medium,Medium,Mainstream Core Travelers
793094,0,0,High,Medium,Rising Loyalists
793125,2,0,Medium,Medium,Mainstream Core Travelers
793126,0,0,High,Medium,Rising Loyalists
793134,0,0,High,Medium,Rising Loyalists
793154,0,0,High,Medium,Rising Loyalists
793178,0,0,High,Medium,Rising Loyalists
793180,2,0,Medium,Medium,Mainstream Core Travelers
793285,0,0,High,Medium,Rising Loyalists
793318,0,0,High,Medium,Rising Loyalists
793328,0,0,High,Medium,Rising Loyalists
793384,0,1,High,High,Elite Frequent Flyers
793423,0,0,High,Medium,Rising Loyalists
793473,0,0,High,Medium,Rising Loyalists
793549,0,0,High,Medium,Rising Loyalists
793608,2,0,Medium,Medium,Mainstream Core Travelers
793618,0,0,High,Medium,Rising Loyalists
793619,0,0,High,Medium,Rising Loyalists
793645,0,0,High,Medium,Rising Loyalists
793662,0,0,High,Medium,Rising Loyalists
793742,2,0,Medium,Medium,Mainstream Core Travelers
793761,0,0,High,Medium,Rising Loyalists
793801,2,0,Medium,Medium,Mainstream Core Travelers
793838,0,0,High,Medium,Rising Loyalists
793892,2,0,Medium,Medium,Mainstream Core Travelers
793904,0,0,High,Medium,Rising Loyalists
793980,0,0,High,Medium,Rising Loyalists
793995,0,0,High,Medium,Rising Loyalists
794024,0,0,High,Medium,Rising Loyalists
794136,0,0,High,Medium,Rising Loyalists
794202,2,0,Medium,Medium,Mainstream Core Travelers
794248,2,0,Medium,Medium,Mainstream Core Travelers
794286,0,0,High,Medium,Rising Loyalists
794323,0,0,High,Medium,Rising Loyalists
794334,2,1,Medium,High,Loyal Premium Travelers
794348,2,0,Medium,Medium,Mainstream Core Travelers
794480,2,0,Medium,Medium,Mainstream Core Travelers
794496,0,0,High,Medium,Rising Loyalists
794502,0,0,High,Medium,Rising Loyalists
794523,0,0,High,Medium,Rising Loyalists
794552,0,0,High,Medium,Rising Loyalists
794602,0,0,High,Medium,Rising Loyalists
794620,2,0,Medium,Medium,Mainstream Core Travelers
794625,2,1,Medium,High,Loyal Premium Travelers
794677,0,0,High,Medium,Rising Loyalists
794723,0,0,High,Medium,Rising Loyalists
794752,0,0,High,Medium,Rising Loyalists
794784,0,0,High,Medium,Rising Loyalists
794863,0,0,High,Medium,Rising Loyalists
794951,2,0,Medium,Medium,Mainstream Core Travelers
795084,2,1,Medium,High,Loyal Premium Travelers
795129,0,0,High,Medium,Rising Loyalists
795155,2,0,Medium,Medium,Mainstream Core Travelers
795174,0,0,High,Medium,Rising Loyalists
795230,0,0,High,Medium,Rising Loyalists
795235,2,0,Medium,Medium,Mainstream Core Travelers
795283,0,0,High,Medium,Rising Loyalists
795446,0,1,High,High,Elite Frequent Flyers
795468,0,0,High,Medium,Rising Loyalists
795486,0,0,High,Medium,Rising Loyalists
795492,0,0,High,Medium,Rising Loyalists
795512,0,0,High,Medium,Rising Loyalists
795554,2,0,Medium,Medium,Mainstream Core Travelers
795607,2,0,Medium,Medium,Mainstream Core Travelers
795714,2,0,Medium,Medium,Mainstream Core Travelers
795743,2,1,Medium,High,Loyal Premium Travelers
795820,0,0,High,Medium,Rising Loyalists
795840,2,0,Medium,Medium,Mainstream Core Travelers
795908,2,0,Medium,Medium,Mainstream Core Travelers
796099,0,0,High,Medium,Rising Loyalists
796104,0,0,High,Medium,Rising Loyalists
796213,0,0,High,Medium,Rising Loyalists
796281,0,0,High,Medium,Rising Loyalists
796347,0,0,High,Medium,Rising Loyalists
796429,2,0,Medium,Medium,Mainstream Core Travelers
796484,0,0,High,Medium,Rising Loyalists
796508,0,0,High,Medium,Rising Loyalists
796541,0,0,High,Medium,Rising Loyalists
796544,2,0,Medium,Medium,Mainstream Core Travelers
796627,2,0,Medium,Medium,Mainstream Core Travelers
796670,0,0,High,Medium,Rising Loyalists
796692,0,0,High,Medium,Rising Loyalists
796705,0,0,High,Medium,Rising Loyalists
796900,0,1,High,High,Elite Frequent Flyers
796943,2,0,Medium,Medium,Mainstream Core Travelers
796990,2,0,Medium,Medium,Mainstream Core Travelers
797078,0,0,High,Medium,Rising Loyalists
797120,2,0,Medium,Medium,Mainstream Core Travelers
797158,0,0,High,Medium,Rising Loyalists
797187,2,0,Medium,Medium,Mainstream Core Travelers
797216,0,0,High,Medium,Rising Loyalists
797326,2,0,Medium,Medium,Mainstream Core Travelers
797391,2,0,Medium,Medium,Mainstream Core Travelers
797398,0,0,High,Medium,Rising Loyalists
797432,0,0,High,Medium,Rising Loyalists
797675,2,0,Medium,Medium,Mainstream Core Travelers
797685,0,0,High,Medium,Rising Loyalists
797704,2,1,Medium,High,Loyal Premium Travelers
797714,0,0,High,Medium,Rising Loyalists
797845,0,0,High,Medium,Rising Loyalists
797854,2,0,Medium,Medium,Mainstream Core Travelers
797897,0,0,High,Medium,Rising Loyalists
797902,0,1,High,High,Elite Frequent Flyers
797991,0,0,High,Medium,Rising Loyalists
797992,2,0,Medium,Medium,Mainstream Core Travelers
798029,2,0,Medium,Medium,Mainstream Core Travelers
798216,0,0,High,Medium,Rising Loyalists
798248,0,0,High,Medium,Rising Loyalists
798279,0,1,High,High,Elite Frequent Flyers
798351,0,0,High,Medium,Rising Loyalists
798352,2,0,Medium,Medium,Mainstream Core Travelers
798375,0,0,High,Medium,Rising Loyalists
798433,0,0,High,Medium,Rising Loyalists
798525,0,0,High,Medium,Rising Loyalists
798533,0,1,High,High,Elite Frequent Flyers
798662,0,0,High,Medium,Rising Loyalists
798672,0,0,High,Medium,Rising Loyalists
798708,2,0,Medium,Medium,Mainstream Core Travelers
798752,2,0,Medium,Medium,Mainstream Core Travelers
798814,0,0,High,Medium,Rising Loyalists
798817,0,0,High,Medium,Rising Loyalists
798832,0,0,High,Medium,Rising Loyalists
798854,0,0,High,Medium,Rising Loyalists
798869,2,1,Medium,High,Loyal Premium Travelers
798871,0,0,High,Medium,Rising Loyalists
798881,0,0,High,Medium,Rising Loyalists
798954,0,0,High,Medium,Rising Loyalists
799064,2,0,Medium,Medium,Mainstream Core Travelers
799148,0,0,High,Medium,Rising Loyalists
799157,0,0,High,Medium,Rising Loyalists
799399,0,0,High,Medium,Rising Loyalists
799437,0,0,High,Medium,Rising Loyalists
799510,0,0,High,Medium,Rising Loyalists
799622,2,0,Medium,Medium,Mainstream Core Travelers
799630,0,0,High,Medium,Rising Loyalists
799655,0,0,High,Medium,Rising Loyalists
799657,2,0,Medium,Medium,Mainstream Core Travelers
799690,0,0,High,Medium,Rising Loyalists
799781,0,0,High,Medium,Rising Loyalists
799857,0,0,High,Medium,Rising Loyalists
799919,0,0,High,Medium,Rising Loyalists
799967,0,0,High,Medium,Rising Loyalists
799992,0,0,High,Medium,Rising Loyalists
800016,0,0,High,Medium,Rising Loyalists
800075,0,0,High,Medium,Rising Loyalists
800094,0,0,High,Medium,Rising Loyalists
800137,0,0,High,Medium,Rising Loyalists
800196,2,1,Medium,High,Loyal Premium Travelers
800220,2,0,Medium,Medium,Mainstream Core Travelers
800268,2,0,Medium,Medium,Mainstream Core Travelers
800357,0,0,High,Medium,Rising Loyalists
800433,0,0,High,Medium,Rising Loyalists
800450,0,0,High,Medium,Rising Loyalists
800481,0,0,High,Medium,Rising Loyalists
800499,0,0,High,Medium,Rising Loyalists
800571,0,0,High,Medium,Rising Loyalists
800610,0,0,High,Medium,Rising Loyalists
800726,0,0,High,Medium,Rising Loyalists
800800,0,0,High,Medium,Rising Loyalists
800831,2,0,Medium,Medium,Mainstream Core Travelers
800878,0,0,High,Medium,Rising Loyalists
800923,0,0,High,Medium,Rising Loyalists
800945,2,1,Medium,High,Loyal Premium Travelers
800998,2,0,Medium,Medium,Mainstream Core Travelers
801146,0,1,High,High,Elite Frequent Flyers
801176,0,0,High,Medium,Rising Loyalists
801227,0,0,High,Medium,Rising Loyalists
801241,2,0,Medium,Medium,Mainstream Core Travelers
801338,0,0,High,Medium,Rising Loyalists
801368,0,0,High,Medium,Rising Loyalists
801391,0,0,High,Medium,Rising Loyalists
801483,0,0,High,Medium,Rising Loyalists
801542,2,1,Medium,High,Loyal Premium Travelers
801607,2,0,Medium,Medium,Mainstream Core Travelers
801738,0,1,High,High,Elite Frequent Flyers
801788,0,1,High,High,Elite Frequent Flyers
801821,0,0,High,Medium,Rising Loyalists
801832,2,0,Medium,Medium,Mainstream Core Travelers
801882,0,0,High,Medium,Rising Loyalists
801948,2,0,Medium,Medium,Mainstream Core Travelers
801953,0,0,High,Medium,Rising Loyalists
802002,0,0,High,Medium,Rising Loyalists
802023,2,0,Medium,Medium,Mainstream Core Travelers
802084,2,0,Medium,Medium,Mainstream Core Travelers
802196,0,0,High,Medium,Rising Loyalists
802200,0,0,High,Medium,Rising Loyalists
802206,0,0,High,Medium,Rising Loyalists
802305,0,0,High,Medium,Rising Loyalists
802316,0,0,High,Medium,Rising Loyalists
802336,2,0,Medium,Medium,Mainstream Core Travelers
802425,0,0,High,Medium,Rising Loyalists
802452,0,0,High,Medium,Rising Loyalists
802470,0,0,High,Medium,Rising Loyalists
802478,0,1,High,High,Elite Frequent Flyers
802519,2,0,Medium,Medium,Mainstream Core Travelers
802535,0,0,High,Medium,Rising Loyalists
802556,0,1,High,High,Elite Frequent Flyers
802621,0,1,High,High,Elite Frequent Flyers
802645,0,0,High,Medium,Rising Loyalists
802797,0,0,High,Medium,Rising Loyalists
802860,0,0,High,Medium,Rising Loyalists
802870,0,0,High,Medium,Rising Loyalists
802958,2,0,Medium,Medium,Mainstream Core Travelers
802974,2,1,Medium,High,Loyal Premium Travelers
803084,2,0,Medium,Medium,Mainstream Core Travelers
803150,0,0,High,Medium,Rising Loyalists
803177,2,0,Medium,Medium,Mainstream Core Travelers
803234,0,0,High,Medium,Rising Loyalists
803252,2,0,Medium,Medium,Mainstream Core Travelers
803357,2,0,Medium,Medium,Mainstream Core Travelers
803407,0,0,High,Medium,Rising Loyalists
803529,0,0,High,Medium,Rising Loyalists
803586,2,0,Medium,Medium,Mainstream Core Travelers
803587,2,1,Medium,High,Loyal Premium Travelers
803656,2,0,Medium,Medium,Mainstream Core Travelers
803747,0,0,High,Medium,Rising Loyalists
803796,0,0,High,Medium,Rising Loyalists
803830,0,0,High,Medium,Rising Loyalists
803844,0,0,High,Medium,Rising Loyalists
803956,0,0,High,Medium,Rising Loyalists
803976,0,1,High,High,Elite Frequent Flyers
804137,0,0,High,Medium,Rising Loyalists
804239,0,0,High,Medium,Rising Loyalists
804259,0,0,High,Medium,Rising Loyalists
804328,0,0,High,Medium,Rising Loyalists
804368,2,0,Medium,Medium,Mainstream Core Travelers
804402,0,0,High,Medium,Rising Loyalists
804438,0,0,High,Medium,Rising Loyalists
804510,2,0,Medium,Medium,Mainstream Core Travelers
804521,0,0,High,Medium,Rising Loyalists
804534,0,0,High,Medium,Rising Loyalists
804536,0,0,High,Medium,Rising Loyalists
804557,0,0,High,Medium,Rising Loyalists
804710,0,0,High,Medium,Rising Loyalists
804770,2,0,Medium,Medium,Mainstream Core Travelers
804784,2,0,Medium,Medium,Mainstream Core Travelers
804816,2,0,Medium,Medium,Mainstream Core Travelers
804890,2,0,Medium,Medium,Mainstream Core Travelers
804911,2,1,Medium,High,Loyal Premium Travelers
804930,0,0,High,Medium,Rising Loyalists
805008,0,0,High,Medium,Rising Loyalists
805013,2,0,Medium,Medium,Mainstream Core Travelers
805110,0,0,High,Medium,Rising Loyalists
805140,0,0,High,Medium,Rising Loyalists
805159,0,0,High,Medium,Rising Loyalists
805170,0,0,High,Medium,Rising Loyalists
805226,0,0,High,Medium,Rising Loyalists
805349,0,0,High,Medium,Rising Loyalists
805377,0,0,High,Medium,Rising Loyalists
805431,0,0,High,Medium,Rising Loyalists
805545,2,0,Medium,Medium,Mainstream Core Travelers
805574,0,0,High,Medium,Rising Loyalists
805598,2,0,Medium,Medium,Mainstream Core Travelers
805816,0,0,High,Medium,Rising Loyalists
805890,0,0,High,Medium,Rising Loyalists
805902,0,1,High,High,Elite Frequent Flyers
805932,0,1,High,High,Elite Frequent Flyers
805977,0,0,High,Medium,Rising Loyalists
806008,0,0,High,Medium,Rising Loyalists
806030,2,0,Medium,Medium,Mainstream Core Travelers
806157,0,0,High,Medium,Rising Loyalists
806168,0,0,High,Medium,Rising Loyalists
806196,0,0,High,Medium,Rising Loyalists
806283,0,0,High,Medium,Rising Loyalists
806348,0,0,High,Medium,Rising Loyalists
806598,0,0,High,Medium,Rising Loyalists
806639,0,0,High,Medium,Rising Loyalists
806815,0,0,High,Medium,Rising Loyalists
806839,0,0,High,Medium,Rising Loyalists
806850,0,0,High,Medium,Rising Loyalists
806859,0,0,High,Medium,Rising Loyalists
806995,0,0,High,Medium,Rising Loyalists
807058,2,0,Medium,Medium,Mainstream Core Travelers
807074,2,0,Medium,Medium,Mainstream Core Travelers
807134,0,0,High,Medium,Rising Loyalists
807152,0,0,High,Medium,Rising Loyalists
807211,2,0,Medium,Medium,Mainstream Core Travelers
807256,0,0,High,Medium,Rising Loyalists
807262,2,0,Medium,Medium,Mainstream Core Travelers
807289,0,0,High,Medium,Rising Loyalists
807297,0,0,High,Medium,Rising Loyalists
807553,0,1,High,High,Elite Frequent Flyers
807570,0,0,High,Medium,Rising Loyalists
807589,0,0,High,Medium,Rising Loyalists
807681,0,0,High,Medium,Rising Loyalists
807769,0,0,High,Medium,Rising Loyalists
807902,0,0,High,Medium,Rising Loyalists
807942,2,1,Medium,High,Loyal Premium Travelers
807970,2,0,Medium,Medium,Mainstream Core Travelers
808005,0,0,High,Medium,Rising Loyalists
808096,0,1,High,High,Elite Frequent Flyers
808206,0,0,High,Medium,Rising Loyalists
808341,1,0,Low,Medium,Value Fading
808353,0,0,High,Medium,Rising Loyalists
808392,0,0,High,Medium,Rising Loyalists
808399,0,0,High,Medium,Rising Loyalists
808498,0,0,High,Medium,Rising Loyalists
808524,0,1,High,High,Elite Frequent Flyers
808721,0,0,High,Medium,Rising Loyalists
808920,2,0,Medium,Medium,Mainstream Core Travelers
809016,0,0,High,Medium,Rising Loyalists
809024,0,0,High,Medium,Rising Loyalists
809107,2,0,Medium,Medium,Mainstream Core Travelers
809207,2,0,Medium,Medium,Mainstream Core Travelers
809216,0,0,High,Medium,Rising Loyalists
809218,0,0,High,Medium,Rising Loyalists
809299,0,0,High,Medium,Rising Loyalists
809301,2,1,Medium,High,Loyal Premium Travelers
809404,0,0,High,Medium,Rising Loyalists
809449,0,0,High,Medium,Rising Loyalists
809587,0,0,High,Medium,Rising Loyalists
809681,0,0,High,Medium,Rising Loyalists
809728,2,0,Medium,Medium,Mainstream Core Travelers
809733,0,0,High,Medium,Rising Loyalists
810028,0,0,High,Medium,Rising Loyalists
810071,0,0,High,Medium,Rising Loyalists
810100,0,0,High,Medium,Rising Loyalists
810257,0,0,High,Medium,Rising Loyalists
810338,0,0,High,Medium,Rising Loyalists
810448,0,0,High,Medium,Rising Loyalists
810482,0,0,High,Medium,Rising Loyalists
810503,2,0,Medium,Medium,Mainstream Core Travelers
810517,2,0,Medium,Medium,Mainstream Core Travelers
810581,0,0,High,Medium,Rising Loyalists
810621,0,0,High,Medium,Rising Loyalists
810668,0,1,High,High,Elite Frequent Flyers
810693,2,0,Medium,Medium,Mainstream Core Travelers
810755,0,0,High,Medium,Rising Loyalists
810833,0,0,High,Medium,Rising Loyalists
810899,0,0,High,Medium,Rising Loyalists
810990,0,0,High,Medium,Rising Loyalists
811022,2,0,Medium,Medium,Mainstream Core Travelers
811139,0,0,High,Medium,Rising Loyalists
811140,2,0,Medium,Medium,Mainstream Core Travelers
811162,0,0,High,Medium,Rising Loyalists
811289,0,0,High,Medium,Rising Loyalists
811333,0,1,High,High,Elite Frequent Flyers
811335,0,0,High,Medium,Rising Loyalists
811429,2,0,Medium,Medium,Mainstream Core Travelers
811430,2,0,Medium,Medium,Mainstream Core Travelers
811471,0,0,High,Medium,Rising Loyalists
811567,0,0,High,Medium,Rising Loyalists
811569,0,0,High,Medium,Rising Loyalists
811612,2,0,Medium,Medium,Mainstream Core Travelers
811619,0,0,High,Medium,Rising Loyalists
811684,2,0,Medium,Medium,Mainstream Core Travelers
811746,0,0,High,Medium,Rising Loyalists
811748,2,0,Medium,Medium,Mainstream Core Travelers
811802,0,0,High,Medium,Rising Loyalists
811959,2,0,Medium,Medium,Mainstream Core Travelers
812042,0,0,High,Medium,Rising Loyalists
812057,0,0,High,Medium,Rising Loyalists
812149,0,0,High,Medium,Rising Loyalists
812152,0,0,High,Medium,Rising Loyalists
812248,0,0,High,Medium,Rising Loyalists
812282,0,0,High,Medium,Rising Loyalists
812373,0,0,High,Medium,Rising Loyalists
812417,0,0,High,Medium,Rising Loyalists
812513,0,0,High,Medium,Rising Loyalists
812599,0,0,High,Medium,Rising Loyalists
812617,2,0,Medium,Medium,Mainstream Core Travelers
812628,0,0,High,Medium,Rising Loyalists
812804,2,0,Medium,Medium,Mainstream Core Travelers
812894,0,1,High,High,Elite Frequent Flyers
812899,0,0,High,Medium,Rising Loyalists
813320,0,0,High,Medium,Rising Loyalists
813352,2,1,Medium,High,Loyal Premium Travelers
813439,0,0,High,Medium,Rising Loyalists
813455,0,0,High,Medium,Rising Loyalists
813520,0,0,High,Medium,Rising Loyalists
813567,0,0,High,Medium,Rising Loyalists
813620,0,1,High,High,Elite Frequent Flyers
813652,0,0,High,Medium,Rising Loyalists
813681,0,0,High,Medium,Rising Loyalists
813725,0,0,High,Medium,Rising Loyalists
813739,0,0,High,Medium,Rising Loyalists
813868,2,0,Medium,Medium,Mainstream Core Travelers
813931,0,0,High,Medium,Rising Loyalists
814067,0,0,High,Medium,Rising Loyalists
814112,2,0,Medium,Medium,Mainstream Core Travelers
814236,0,0,High,Medium,Rising Loyalists
814490,0,0,High,Medium,Rising Loyalists
814653,0,0,High,Medium,Rising Loyalists
814698,2,0,Medium,Medium,Mainstream Core Travelers
814703,0,0,High,Medium,Rising Loyalists
814748,0,0,High,Medium,Rising Loyalists
814894,2,0,Medium,Medium,Mainstream Core Travelers
815207,0,1,High,High,Elite Frequent Flyers
815248,2,0,Medium,Medium,Mainstream Core Travelers
815328,0,0,High,Medium,Rising Loyalists
815344,2,0,Medium,Medium,Mainstream Core Travelers
815381,2,1,Medium,High,Loyal Premium Travelers
815498,0,0,High,Medium,Rising Loyalists
815541,0,0,High,Medium,Rising Loyalists
815584,2,0,Medium,Medium,Mainstream Core Travelers
815603,2,0,Medium,Medium,Mainstream Core Travelers
815626,0,0,High,Medium,Rising Loyalists
815643,0,1,High,High,Elite Frequent Flyers
815718,0,0,High,Medium,Rising Loyalists
815789,0,0,High,Medium,Rising Loyalists
815796,0,1,High,High,Elite Frequent Flyers
815804,0,0,High,Medium,Rising Loyalists
815834,0,0,High,Medium,Rising Loyalists
815841,2,0,Medium,Medium,Mainstream Core Travelers
815850,0,1,High,High,Elite Frequent Flyers
816110,0,0,High,Medium,Rising Loyalists
816122,2,0,Medium,Medium,Mainstream Core Travelers
816196,0,0,High,Medium,Rising Loyalists
816323,0,0,High,Medium,Rising Loyalists
816330,2,0,Medium,Medium,Mainstream Core Travelers
816406,2,1,Medium,High,Loyal Premium Travelers
816420,0,0,High,Medium,Rising Loyalists
816510,0,0,High,Medium,Rising Loyalists
816593,0,0,High,Medium,Rising Loyalists
816608,0,0,High,Medium,Rising Loyalists
816705,0,0,High,Medium,Rising Loyalists
816763,0,0,High,Medium,Rising Loyalists
816881,0,0,High,Medium,Rising Loyalists
816937,2,0,Medium,Medium,Mainstream Core Travelers
816983,0,0,High,Medium,Rising Loyalists
817041,2,1,Medium,High,Loyal Premium Travelers
817066,0,0,High,Medium,Rising Loyalists
817069,2,0,Medium,Medium,Mainstream Core Travelers
817070,0,0,High,Medium,Rising Loyalists
817074,2,0,Medium,Medium,Mainstream Core Travelers
817102,0,0,High,Medium,Rising Loyalists
817135,2,0,Medium,Medium,Mainstream Core Travelers
817136,0,0,High,Medium,Rising Loyalists
817158,0,0,High,Medium,Rising Loyalists
817168,0,0,High,Medium,Rising Loyalists
817191,0,0,High,Medium,Rising Loyalists
817245,0,0,High,Medium,Rising Loyalists
817288,2,1,Medium,High,Loyal Premium Travelers
817298,2,1,Medium,High,Loyal Premium Travelers
817375,0,0,High,Medium,Rising Loyalists
817456,0,0,High,Medium,Rising Loyalists
817520,0,0,High,Medium,Rising Loyalists
817527,0,0,High,Medium,Rising Loyalists
817573,0,0,High,Medium,Rising Loyalists
817609,0,0,High,Medium,Rising Loyalists
817613,0,0,High,Medium,Rising Loyalists
817714,0,1,High,High,Elite Frequent Flyers
817744,0,0,High,Medium,Rising Loyalists
817822,0,0,High,Medium,Rising Loyalists
817851,0,0,High,Medium,Rising Loyalists
817932,0,0,High,Medium,Rising Loyalists
818040,2,0,Medium,Medium,Mainstream Core Travelers
818077,0,0,High,Medium,Rising Loyalists
818114,0,0,High,Medium,Rising Loyalists
818271,2,0,Medium,Medium,Mainstream Core Travelers
818329,2,0,Medium,Medium,Mainstream Core Travelers
818391,2,0,Medium,Medium,Mainstream Core Travelers
818454,2,0,Medium,Medium,Mainstream Core Travelers
818484,0,0,High,Medium,Rising Loyalists
818567,0,0,High,Medium,Rising Loyalists
818597,0,0,High,Medium,Rising Loyalists
818616,0,0,High,Medium,Rising Loyalists
818864,0,1,High,High,Elite Frequent Flyers
818870,2,0,Medium,Medium,Mainstream Core Travelers
818881,2,0,Medium,Medium,Mainstream Core Travelers
818886,2,1,Medium,High,Loyal Premium Travelers
818940,0,0,High,Medium,Rising Loyalists
818995,0,0,High,Medium,Rising Loyalists
819055,0,0,High,Medium,Rising Loyalists
819077,0,0,High,Medium,Rising Loyalists
819149,0,0,High,Medium,Rising Loyalists
819246,2,0,Medium,Medium,Mainstream Core Travelers
819255,2,0,Medium,Medium,Mainstream Core Travelers
819267,0,0,High,Medium,Rising Loyalists
819315,2,0,Medium,Medium,Mainstream Core Travelers
819375,0,1,High,High,Elite Frequent Flyers
819448,2,0,Medium,Medium,Mainstream Core Travelers
819497,0,0,High,Medium,Rising Loyalists
819498,2,0,Medium,Medium,Mainstream Core Travelers
819521,2,0,Medium,Medium,Mainstream Core Travelers
819569,0,0,High,Medium,Rising Loyalists
819592,0,0,High,Medium,Rising Loyalists
819664,0,0,High,Medium,Rising Loyalists
819718,0,0,High,Medium,Rising Loyalists
819765,0,0,High,Medium,Rising Loyalists
819809,0,0,High,Medium,Rising Loyalists
819842,0,1,High,High,Elite Frequent Flyers
819924,0,1,High,High,Elite Frequent Flyers
819969,0,0,High,Medium,Rising Loyalists
820164,0,0,High,Medium,Rising Loyalists
820187,2,0,Medium,Medium,Mainstream Core Travelers
820204,0,0,High,Medium,Rising Loyalists
820223,0,0,High,Medium,Rising Loyalists
820265,2,0,Medium,Medium,Mainstream Core Travelers
820341,0,0,High,Medium,Rising Loyalists
820344,2,0,Medium,Medium,Mainstream Core Travelers
820370,0,0,High,Medium,Rising Loyalists
820406,0,0,High,Medium,Rising Loyalists
820454,0,0,High,Medium,Rising Loyalists
820501,0,0,High,Medium,Rising Loyalists
820541,0,0,High,Medium,Rising Loyalists
820542,0,0,High,Medium,Rising Loyalists
821010,0,0,High,Medium,Rising Loyalists
821043,0,0,High,Medium,Rising Loyalists
821117,0,0,High,Medium,Rising Loyalists
821137,0,0,High,Medium,Rising Loyalists
821202,0,0,High,Medium,Rising Loyalists
821216,0,0,High,Medium,Rising Loyalists
821296,0,0,High,Medium,Rising Loyalists
821314,0,0,High,Medium,Rising Loyalists
821325,2,0,Medium,Medium,Mainstream Core Travelers
821379,2,0,Medium,Medium,Mainstream Core Travelers
821404,0,0,High,Medium,Rising Loyalists
821419,2,0,Medium,Medium,Mainstream Core Travelers
821462,2,0,Medium,Medium,Mainstream Core Travelers
821515,2,0,Medium,Medium,Mainstream Core Travelers
821705,2,0,Medium,Medium,Mainstream Core Travelers
821712,2,1,Medium,High,Loyal Premium Travelers
821739,0,0,High,Medium,Rising Loyalists
821820,0,0,High,Medium,Rising Loyalists
821918,0,1,High,High,Elite Frequent Flyers
821944,2,0,Medium,Medium,Mainstream Core Travelers
822051,0,0,High,Medium,Rising Loyalists
822066,2,0,Medium,Medium,Mainstream Core Travelers
822102,2,0,Medium,Medium,Mainstream Core Travelers
822122,0,1,High,High,Elite Frequent Flyers
822205,2,0,Medium,Medium,Mainstream Core Travelers
822211,0,0,High,Medium,Rising Loyalists
822305,0,0,High,Medium,Rising Loyalists
822507,0,0,High,Medium,Rising Loyalists
822555,0,0,High,Medium,Rising Loyalists
822653,2,0,Medium,Medium,Mainstream Core Travelers
822665,0,0,High,Medium,Rising Loyalists
822694,0,0,High,Medium,Rising Loyalists
822696,0,0,High,Medium,Rising Loyalists
822723,2,0,Medium,Medium,Mainstream Core Travelers
822727,0,0,High,Medium,Rising Loyalists
822749,0,0,High,Medium,Rising Loyalists
822765,0,0,High,Medium,Rising Loyalists
822811,2,0,Medium,Medium,Mainstream Core Travelers
822901,2,0,Medium,Medium,Mainstream Core Travelers
822956,0,0,High,Medium,Rising Loyalists
822995,0,1,High,High,Elite Frequent Flyers
823048,2,0,Medium,Medium,Mainstream Core Travelers
823112,0,0,High,Medium,Rising Loyalists
823113,0,1,High,High,Elite Frequent Flyers
823208,0,0,High,Medium,Rising Loyalists
823212,2,0,Medium,Medium,Mainstream Core Travelers
823257,2,0,Medium,Medium,Mainstream Core Travelers
823319,0,0,High,Medium,Rising Loyalists
823436,2,0,Medium,Medium,Mainstream Core Travelers
823453,2,1,Medium,High,Loyal Premium Travelers
823567,0,1,High,High,Elite Frequent Flyers
823590,0,0,High,Medium,Rising Loyalists
823628,2,0,Medium,Medium,Mainstream Core Travelers
823663,2,0,Medium,Medium,Mainstream Core Travelers
823665,0,0,High,Medium,Rising Loyalists
823740,0,0,High,Medium,Rising Loyalists
823761,0,0,High,Medium,Rising Loyalists
823768,0,1,High,High,Elite Frequent Flyers
823789,0,0,High,Medium,Rising Loyalists
823816,0,0,High,Medium,Rising Loyalists
823986,2,0,Medium,Medium,Mainstream Core Travelers
823998,0,1,High,High,Elite Frequent Flyers
824076,2,0,Medium,Medium,Mainstream Core Travelers
824133,0,0,High,Medium,Rising Loyalists
824163,0,0,High,Medium,Rising Loyalists
824216,0,0,High,Medium,Rising Loyalists
824259,0,0,High,Medium,Rising Loyalists
824315,0,0,High,Medium,Rising Loyalists
824351,0,0,High,Medium,Rising Loyalists
824360,0,0,High,Medium,Rising Loyalists
824414,0,0,High,Medium,Rising Loyalists
824462,0,0,High,Medium,Rising Loyalists
824486,0,0,High,Medium,Rising Loyalists
824610,0,0,High,Medium,Rising Loyalists
824668,0,0,High,Medium,Rising Loyalists
824712,0,0,High,Medium,Rising Loyalists
824906,0,0,High,Medium,Rising Loyalists
824917,0,0,High,Medium,Rising Loyalists
824990,0,0,High,Medium,Rising Loyalists
825165,0,0,High,Medium,Rising Loyalists
825217,0,0,High,Medium,Rising Loyalists
825239,0,0,High,Medium,Rising Loyalists
825254,2,0,Medium,Medium,Mainstream Core Travelers
825315,0,0,High,Medium,Rising Loyalists
825333,2,0,Medium,Medium,Mainstream Core Travelers
825336,0,0,High,Medium,Rising Loyalists
825464,0,0,High,Medium,Rising Loyalists
825465,0,0,High,Medium,Rising Loyalists
825484,0,1,High,High,Elite Frequent Flyers
825490,0,0,High,Medium,Rising Loyalists
825517,0,0,High,Medium,Rising Loyalists
825569,0,0,High,Medium,Rising Loyalists
825593,0,0,High,Medium,Rising Loyalists
825730,2,1,Medium,High,Loyal Premium Travelers
825809,0,0,High,Medium,Rising Loyalists
825920,2,0,Medium,Medium,Mainstream Core Travelers
826113,2,0,Medium,Medium,Mainstream Core Travelers
826136,0,0,High,Medium,Rising Loyalists
826149,0,0,High,Medium,Rising Loyalists
826166,2,0,Medium,Medium,Mainstream Core Travelers
826230,2,0,Medium,Medium,Mainstream Core Travelers
826271,2,0,Medium,Medium,Mainstream Core Travelers
826304,0,0,High,Medium,Rising Loyalists
826312,2,0,Medium,Medium,Mainstream Core Travelers
826556,2,0,Medium,Medium,Mainstream Core Travelers
826589,0,0,High,Medium,Rising Loyalists
826697,2,0,Medium,Medium,Mainstream Core Travelers
826930,2,1,Medium,High,Loyal Premium Travelers
826975,2,0,Medium,Medium,Mainstream Core Travelers
826984,2,0,Medium,Medium,Mainstream Core Travelers
827147,0,0,High,Medium,Rising Loyalists
827164,0,0,High,Medium,Rising Loyalists
827172,0,0,High,Medium,Rising Loyalists
827190,0,0,High,Medium,Rising Loyalists
827194,2,0,Medium,Medium,Mainstream Core Travelers
827215,0,1,High,High,Elite Frequent Flyers
827275,0,1,High,High,Elite Frequent Flyers
827288,2,0,Medium,Medium,Mainstream Core Travelers
827309,0,0,High,Medium,Rising Loyalists
827334,0,0,High,Medium,Rising Loyalists
827339,0,0,High,Medium,Rising Loyalists
827353,2,0,Medium,Medium,Mainstream Core Travelers
827546,0,0,High,Medium,Rising Loyalists
827668,2,1,Medium,High,Loyal Premium Travelers
827677,2,0,Medium,Medium,Mainstream Core Travelers
827731,0,0,High,Medium,Rising Loyalists
827790,2,0,Medium,Medium,Mainstream Core Travelers
827815,2,0,Medium,Medium,Mainstream Core Travelers
827819,0,0,High,Medium,Rising Loyalists
828026,2,0,Medium,Medium,Mainstream Core Travelers
828040,2,0,Medium,Medium,Mainstream Core Travelers
828076,0,0,High,Medium,Rising Loyalists
828109,2,0,Medium,Medium,Mainstream Core Travelers
828136,0,0,High,Medium,Rising Loyalists
828182,0,1,High,High,Elite Frequent Flyers
828232,0,0,High,Medium,Rising Loyalists
828328,1,0,Low,Medium,Value Fading
828353,0,0,High,Medium,Rising Loyalists
828481,0,0,High,Medium,Rising Loyalists
828643,0,0,High,Medium,Rising Loyalists
828731,0,0,High,Medium,Rising Loyalists
828735,0,0,High,Medium,Rising Loyalists
828776,0,0,High,Medium,Rising Loyalists
828816,0,0,High,Medium,Rising Loyalists
828817,0,0,High,Medium,Rising Loyalists
828852,0,0,High,Medium,Rising Loyalists
828862,2,0,Medium,Medium,Mainstream Core Travelers
828884,2,0,Medium,Medium,Mainstream Core Travelers
828895,0,0,High,Medium,Rising Loyalists
828918,0,0,High,Medium,Rising Loyalists
828924,2,1,Medium,High,Loyal Premium Travelers
828959,0,0,High,Medium,Rising Loyalists
828967,0,0,High,Medium,Rising Loyalists
828988,0,0,High,Medium,Rising Loyalists
829003,0,0,High,Medium,Rising Loyalists
829162,0,0,High,Medium,Rising Loyalists
829263,0,0,High,Medium,Rising Loyalists
829291,0,0,High,Medium,Rising Loyalists
829316,2,1,Medium,High,Loyal Premium Travelers
829476,0,0,High,Medium,Rising Loyalists
829505,0,0,High,Medium,Rising Loyalists
829588,0,0,High,Medium,Rising Loyalists
829627,0,0,High,Medium,Rising Loyalists
829663,0,0,High,Medium,Rising Loyalists
829684,0,0,High,Medium,Rising Loyalists
829861,0,0,High,Medium,Rising Loyalists
829863,2,0,Medium,Medium,Mainstream Core Travelers
829886,0,1,High,High,Elite Frequent Flyers
830024,0,0,High,Medium,Rising Loyalists
830071,2,0,Medium,Medium,Mainstream Core Travelers
830171,0,0,High,Medium,Rising Loyalists
830223,0,0,High,Medium,Rising Loyalists
830225,0,0,High,Medium,Rising Loyalists
830385,0,0,High,Medium,Rising Loyalists
830394,2,0,Medium,Medium,Mainstream Core Travelers
830446,0,0,High,Medium,Rising Loyalists
830503,0,0,High,Medium,Rising Loyalists
830547,2,0,Medium,Medium,Mainstream Core Travelers
830564,0,0,High,Medium,Rising Loyalists
830673,0,0,High,Medium,Rising Loyalists
830743,0,0,High,Medium,Rising Loyalists
830777,0,0,High,Medium,Rising Loyalists
830811,0,0,High,Medium,Rising Loyalists
830818,2,0,Medium,Medium,Mainstream Core Travelers
830836,2,1,Medium,High,Loyal Premium Travelers
830903,2,0,Medium,Medium,Mainstream Core Travelers
830931,0,0,High,Medium,Rising Loyalists
830975,0,0,High,Medium,Rising Loyalists
831035,0,0,High,Medium,Rising Loyalists
831087,0,0,High,Medium,Rising Loyalists
831180,0,0,High,Medium,Rising Loyalists
831253,0,0,High,Medium,Rising Loyalists
831341,2,0,Medium,Medium,Mainstream Core Travelers
831404,0,0,High,Medium,Rising Loyalists
831424,2,0,Medium,Medium,Mainstream Core Travelers
831442,0,0,High,Medium,Rising Loyalists
831545,2,0,Medium,Medium,Mainstream Core Travelers
831644,2,0,Medium,Medium,Mainstream Core Travelers
831693,2,0,Medium,Medium,Mainstream Core Travelers
831696,0,0,High,Medium,Rising Loyalists
831780,2,0,Medium,Medium,Mainstream Core Travelers
831797,2,0,Medium,Medium,Mainstream Core Travelers
831812,2,0,Medium,Medium,Mainstream Core Travelers
831829,0,0,High,Medium,Rising Loyalists
831854,2,0,Medium,Medium,Mainstream Core Travelers
831860,0,0,High,Medium,Rising Loyalists
831928,2,0,Medium,Medium,Mainstream Core Travelers
831948,0,0,High,Medium,Rising Loyalists
831964,0,1,High,High,Elite Frequent Flyers
831987,2,0,Medium,Medium,Mainstream Core Travelers
832046,2,0,Medium,Medium,Mainstream Core Travelers
832062,0,0,High,Medium,Rising Loyalists
832155,2,0,Medium,Medium,Mainstream Core Travelers
832301,0,1,High,High,Elite Frequent Flyers
832367,0,0,High,Medium,Rising Loyalists
832431,0,0,High,Medium,Rising Loyalists
832566,0,1,High,High,Elite Frequent Flyers
832597,0,0,High,Medium,Rising Loyalists
832625,0,0,High,Medium,Rising Loyalists
832663,0,0,High,Medium,Rising Loyalists
832665,0,0,High,Medium,Rising Loyalists
832745,0,0,High,Medium,Rising Loyalists
832810,2,0,Medium,Medium,Mainstream Core Travelers
832864,0,0,High,Medium,Rising Loyalists
832921,0,0,High,Medium,Rising Loyalists
832983,2,0,Medium,Medium,Mainstream Core Travelers
833024,0,0,High,Medium,Rising Loyalists
833052,0,0,High,Medium,Rising Loyalists
833148,2,1,Medium,High,Loyal Premium Travelers
833165,2,0,Medium,Medium,Mainstream Core Travelers
833169,2,1,Medium,High,Loyal Premium Travelers
833197,0,0,High,Medium,Rising Loyalists
833221,2,0,Medium,Medium,Mainstream Core Travelers
833233,0,0,High,Medium,Rising Loyalists
833305,0,0,High,Medium,Rising Loyalists
833317,0,0,High,Medium,Rising Loyalists
833322,0,1,High,High,Elite Frequent Flyers
833397,0,0,High,Medium,Rising Loyalists
833436,0,0,High,Medium,Rising Loyalists
833547,2,0,Medium,Medium,Mainstream Core Travelers
833569,2,0,Medium,Medium,Mainstream Core Travelers
833576,0,0,High,Medium,Rising Loyalists
833627,2,0,Medium,Medium,Mainstream Core Travelers
833679,2,0,Medium,Medium,Mainstream Core Travelers
833683,0,0,High,Medium,Rising Loyalists
833701,0,0,High,Medium,Rising Loyalists
833704,0,0,High,Medium,Rising Loyalists
833728,0,0,High,Medium,Rising Loyalists
833754,2,0,Medium,Medium,Mainstream Core Travelers
833765,0,0,High,Medium,Rising Loyalists
833783,0,0,High,Medium,Rising Loyalists
833793,2,0,Medium,Medium,Mainstream Core Travelers
833801,0,0,High,Medium,Rising Loyalists
833844,0,0,High,Medium,Rising Loyalists
833891,0,0,High,Medium,Rising Loyalists
833998,0,0,High,Medium,Rising Loyalists
834012,2,0,Medium,Medium,Mainstream Core Travelers
834063,2,0,Medium,Medium,Mainstream Core Travelers
834066,0,0,High,Medium,Rising Loyalists
834081,0,0,High,Medium,Rising Loyalists
834120,0,0,High,Medium,Rising Loyalists
834270,0,0,High,Medium,Rising Loyalists
834286,0,0,High,Medium,Rising Loyalists
834304,0,0,High,Medium,Rising Loyalists
834306,0,0,High,Medium,Rising Loyalists
834453,0,0,High,Medium,Rising Loyalists
834522,2,0,Medium,Medium,Mainstream Core Travelers
834523,0,0,High,Medium,Rising Loyalists
834537,2,0,Medium,Medium,Mainstream Core Travelers
834544,0,0,High,Medium,Rising Loyalists
834550,0,0,High,Medium,Rising Loyalists
834571,0,0,High,Medium,Rising Loyalists
834576,0,1,High,High,Elite Frequent Flyers
834615,0,0,High,Medium,Rising Loyalists
834726,0,0,High,Medium,Rising Loyalists
834733,0,0,High,Medium,Rising Loyalists
834760,0,0,High,Medium,Rising Loyalists
834790,2,0,Medium,Medium,Mainstream Core Travelers
834799,0,0,High,Medium,Rising Loyalists
834891,2,0,Medium,Medium,Mainstream Core Travelers
834943,0,1,High,High,Elite Frequent Flyers
835009,0,0,High,Medium,Rising Loyalists
835062,0,0,High,Medium,Rising Loyalists
835133,2,0,Medium,Medium,Mainstream Core Travelers
835149,0,0,High,Medium,Rising Loyalists
835240,0,1,High,High,Elite Frequent Flyers
835295,2,1,Medium,High,Loyal Premium Travelers
835377,2,0,Medium,Medium,Mainstream Core Travelers
835440,2,0,Medium,Medium,Mainstream Core Travelers
835484,0,0,High,Medium,Rising Loyalists
835491,0,0,High,Medium,Rising Loyalists
835508,0,0,High,Medium,Rising Loyalists
835566,2,0,Medium,Medium,Mainstream Core Travelers
835683,0,0,High,Medium,Rising Loyalists
835693,0,0,High,Medium,Rising Loyalists
835760,0,0,High,Medium,Rising Loyalists
835764,0,0,High,Medium,Rising Loyalists
835779,0,0,High,Medium,Rising Loyalists
835785,0,0,High,Medium,Rising Loyalists
835796,0,0,High,Medium,Rising Loyalists
835920,0,1,High,High,Elite Frequent Flyers
835973,0,0,High,Medium,Rising Loyalists
835975,2,0,Medium,Medium,Mainstream Core Travelers
836112,0,0,High,Medium,Rising Loyalists
836226,2,0,Medium,Medium,Mainstream Core Travelers
836295,2,0,Medium,Medium,Mainstream Core Travelers
836343,0,0,High,Medium,Rising Loyalists
836374,0,0,High,Medium,Rising Loyalists
836405,0,0,High,Medium,Rising Loyalists
836443,0,0,High,Medium,Rising Loyalists
836475,0,0,High,Medium,Rising Loyalists
836486,0,0,High,Medium,Rising Loyalists
836523,0,0,High,Medium,Rising Loyalists
836550,0,0,High,Medium,Rising Loyalists
836603,2,0,Medium,Medium,Mainstream Core Travelers
836622,0,0,High,Medium,Rising Loyalists
836665,0,0,High,Medium,Rising Loyalists
836706,0,0,High,Medium,Rising Loyalists
836713,0,0,High,Medium,Rising Loyalists
836720,2,1,Medium,High,Loyal Premium Travelers
836964,0,0,High,Medium,Rising Loyalists
836984,2,0,Medium,Medium,Mainstream Core Travelers
837012,0,0,High,Medium,Rising Loyalists
837031,0,0,High,Medium,Rising Loyalists
837175,0,0,High,Medium,Rising Loyalists
837215,0,0,High,Medium,Rising Loyalists
837237,0,0,High,Medium,Rising Loyalists
837269,0,1,High,High,Elite Frequent Flyers
837273,2,0,Medium,Medium,Mainstream Core Travelers
837327,2,0,Medium,Medium,Mainstream Core Travelers
837360,0,0,High,Medium,Rising Loyalists
837408,2,0,Medium,Medium,Mainstream Core Travelers
837517,2,0,Medium,Medium,Mainstream Core Travelers
837526,2,0,Medium,Medium,Mainstream Core Travelers
837580,0,0,High,Medium,Rising Loyalists
837615,2,1,Medium,High,Loyal Premium Travelers
837628,0,0,High,Medium,Rising Loyalists
837641,0,0,High,Medium,Rising Loyalists
837646,0,0,High,Medium,Rising Loyalists
837704,2,0,Medium,Medium,Mainstream Core Travelers
837705,0,0,High,Medium,Rising Loyalists
837733,0,0,High,Medium,Rising Loyalists
837810,0,0,High,Medium,Rising Loyalists
837833,0,1,High,High,Elite Frequent Flyers
837932,0,0,High,Medium,Rising Loyalists
838008,0,0,High,Medium,Rising Loyalists
838032,0,0,High,Medium,Rising Loyalists
838160,0,0,High,Medium,Rising Loyalists
838232,0,0,High,Medium,Rising Loyalists
838263,2,1,Medium,High,Loyal Premium Travelers
838270,0,1,High,High,Elite Frequent Flyers
838283,0,0,High,Medium,Rising Loyalists
838482,0,0,High,Medium,Rising Loyalists
838553,2,0,Medium,Medium,Mainstream Core Travelers
838584,0,0,High,Medium,Rising Loyalists
838589,2,0,Medium,Medium,Mainstream Core Travelers
838634,0,0,High,Medium,Rising Loyalists
838650,0,0,High,Medium,Rising Loyalists
838657,0,0,High,Medium,Rising Loyalists
838771,0,0,High,Medium,Rising Loyalists
838784,2,0,Medium,Medium,Mainstream Core Travelers
838845,2,0,Medium,Medium,Mainstream Core Travelers
838881,0,0,High,Medium,Rising Loyalists
838885,0,0,High,Medium,Rising Loyalists
838938,0,0,High,Medium,Rising Loyalists
838993,2,0,Medium,Medium,Mainstream Core Travelers
839115,0,0,High,Medium,Rising Loyalists
839132,2,0,Medium,Medium,Mainstream Core Travelers
839263,0,0,High,Medium,Rising Loyalists
839295,0,0,High,Medium,Rising Loyalists
839328,0,0,High,Medium,Rising Loyalists
839356,0,0,High,Medium,Rising Loyalists
839362,0,0,High,Medium,Rising Loyalists
839412,0,0,High,Medium,Rising Loyalists
839422,0,0,High,Medium,Rising Loyalists
839461,2,0,Medium,Medium,Mainstream Core Travelers
839494,2,0,Medium,Medium,Mainstream Core Travelers
839527,0,0,High,Medium,Rising Loyalists
839579,2,0,Medium,Medium,Mainstream Core Travelers
839659,0,0,High,Medium,Rising Loyalists
839694,0,0,High,Medium,Rising Loyalists
839748,0,0,High,Medium,Rising Loyalists
839967,0,0,High,Medium,Rising Loyalists
840008,2,1,Medium,High,Loyal Premium Travelers
840021,0,0,High,Medium,Rising Loyalists
840038,0,0,High,Medium,Rising Loyalists
840059,0,0,High,Medium,Rising Loyalists
840071,0,0,High,Medium,Rising Loyalists
840088,0,1,High,High,Elite Frequent Flyers
840120,0,0,High,Medium,Rising Loyalists
840135,2,0,Medium,Medium,Mainstream Core Travelers
840184,2,0,Medium,Medium,Mainstream Core Travelers
840262,0,0,High,Medium,Rising Loyalists
840267,0,1,High,High,Elite Frequent Flyers
840326,0,0,High,Medium,Rising Loyalists
840376,0,0,High,Medium,Rising Loyalists
840481,0,0,High,Medium,Rising Loyalists
840515,0,0,High,Medium,Rising Loyalists
840659,1,1,Low,High,High-Value At-Risk
840667,0,0,High,Medium,Rising Loyalists
840741,0,0,High,Medium,Rising Loyalists
840866,0,0,High,Medium,Rising Loyalists
840882,0,0,High,Medium,Rising Loyalists
840984,0,0,High,Medium,Rising Loyalists
841204,0,0,High,Medium,Rising Loyalists
841219,0,0,High,Medium,Rising Loyalists
841249,0,0,High,Medium,Rising Loyalists
841296,2,0,Medium,Medium,Mainstream Core Travelers
841324,2,1,Medium,High,Loyal Premium Travelers
841369,0,0,High,Medium,Rising Loyalists
841373,0,0,High,Medium,Rising Loyalists
841437,0,0,High,Medium,Rising Loyalists
841456,0,0,High,Medium,Rising Loyalists
841631,0,0,High,Medium,Rising Loyalists
841636,0,0,High,Medium,Rising Loyalists
841674,2,0,Medium,Medium,Mainstream Core Travelers
841677,2,0,Medium,Medium,Mainstream Core Travelers
841770,2,0,Medium,Medium,Mainstream Core Travelers
841916,0,0,High,Medium,Rising Loyalists
841948,0,0,High,Medium,Rising Loyalists
841957,2,0,Medium,Medium,Mainstream Core Travelers
842047,2,0,Medium,Medium,Mainstream Core Travelers
842049,0,0,High,Medium,Rising Loyalists
842054,0,0,High,Medium,Rising Loyalists
842064,2,0,Medium,Medium,Mainstream Core Travelers
842066,0,0,High,Medium,Rising Loyalists
842190,2,0,Medium,Medium,Mainstream Core Travelers
842210,0,0,High,Medium,Rising Loyalists
842236,0,0,High,Medium,Rising Loyalists
842279,2,0,Medium,Medium,Mainstream Core Travelers
842379,0,0,High,Medium,Rising Loyalists
842390,0,0,High,Medium,Rising Loyalists
842405,0,0,High,Medium,Rising Loyalists
842523,2,1,Medium,High,Loyal Premium Travelers
842527,0,0,High,Medium,Rising Loyalists
842582,0,1,High,High,Elite Frequent Flyers
842641,0,0,High,Medium,Rising Loyalists
842770,0,0,High,Medium,Rising Loyalists
842793,0,0,High,Medium,Rising Loyalists
842835,2,1,Medium,High,Loyal Premium Travelers
842848,0,0,High,Medium,Rising Loyalists
842855,0,0,High,Medium,Rising Loyalists
842959,0,0,High,Medium,Rising Loyalists
842980,2,0,Medium,Medium,Mainstream Core Travelers
842982,0,0,High,Medium,Rising Loyalists
843037,0,0,High,Medium,Rising Loyalists
843101,0,0,High,Medium,Rising Loyalists
843158,0,0,High,Medium,Rising Loyalists
843212,0,0,High,Medium,Rising Loyalists
843233,0,0,High,Medium,Rising Loyalists
843378,0,1,High,High,Elite Frequent Flyers
843642,0,0,High,Medium,Rising Loyalists
843665,0,0,High,Medium,Rising Loyalists
843672,2,0,Medium,Medium,Mainstream Core Travelers
843737,2,0,Medium,Medium,Mainstream Core Travelers
843816,2,0,Medium,Medium,Mainstream Core Travelers
843836,0,0,High,Medium,Rising Loyalists
843919,2,0,Medium,Medium,Mainstream Core Travelers
843972,0,0,High,Medium,Rising Loyalists
844046,2,0,Medium,Medium,Mainstream Core Travelers
844125,0,0,High,Medium,Rising Loyalists
844145,2,1,Medium,High,Loyal Premium Travelers
844152,0,0,High,Medium,Rising Loyalists
844193,0,0,High,Medium,Rising Loyalists
844222,2,0,Medium,Medium,Mainstream Core Travelers
844348,0,0,High,Medium,Rising Loyalists
844477,2,1,Medium,High,Loyal Premium Travelers
844479,0,0,High,Medium,Rising Loyalists
844540,0,0,High,Medium,Rising Loyalists
844556,0,0,High,Medium,Rising Loyalists
844582,0,0,High,Medium,Rising Loyalists
844641,0,0,High,Medium,Rising Loyalists
844677,0,0,High,Medium,Rising Loyalists
844749,0,0,High,Medium,Rising Loyalists
844834,2,0,Medium,Medium,Mainstream Core Travelers
844949,2,1,Medium,High,Loyal Premium Travelers
844959,0,0,High,Medium,Rising Loyalists
845041,0,0,High,Medium,Rising Loyalists
845061,0,0,High,Medium,Rising Loyalists
845176,0,0,High,Medium,Rising Loyalists
845180,2,0,Medium,Medium,Mainstream Core Travelers
845227,0,0,High,Medium,Rising Loyalists
845273,0,0,High,Medium,Rising Loyalists
845275,0,0,High,Medium,Rising Loyalists
845319,0,0,High,Medium,Rising Loyalists
845435,0,0,High,Medium,Rising Loyalists
845488,2,0,Medium,Medium,Mainstream Core Travelers
845580,0,0,High,Medium,Rising Loyalists
845613,2,0,Medium,Medium,Mainstream Core Travelers
845684,0,0,High,Medium,Rising Loyalists
845699,0,0,High,Medium,Rising Loyalists
845782,0,0,High,Medium,Rising Loyalists
845807,0,0,High,Medium,Rising Loyalists
845819,0,0,High,Medium,Rising Loyalists
845820,2,0,Medium,Medium,Mainstream Core Travelers
845864,0,0,High,Medium,Rising Loyalists
845945,0,0,High,Medium,Rising Loyalists
845947,2,0,Medium,Medium,Mainstream Core Travelers
845994,0,0,High,Medium,Rising Loyalists
846033,2,0,Medium,Medium,Mainstream Core Travelers
846046,0,0,High,Medium,Rising Loyalists
846055,0,0,High,Medium,Rising Loyalists
846119,0,0,High,Medium,Rising Loyalists
846125,0,0,High,Medium,Rising Loyalists
846194,0,0,High,Medium,Rising Loyalists
846215,2,0,Medium,Medium,Mainstream Core Travelers
846243,0,0,High,Medium,Rising Loyalists
846277,0,0,High,Medium,Rising Loyalists
846291,0,0,High,Medium,Rising Loyalists
846313,0,1,High,High,Elite Frequent Flyers
846374,0,0,High,Medium,Rising Loyalists
846458,0,0,High,Medium,Rising Loyalists
846515,0,0,High,Medium,Rising Loyalists
846717,2,0,Medium,Medium,Mainstream Core Travelers
846718,2,1,Medium,High,Loyal Premium Travelers
846732,0,0,High,Medium,Rising Loyalists
846796,0,0,High,Medium,Rising Loyalists
846864,0,0,High,Medium,Rising Loyalists
846950,0,0,High,Medium,Rising Loyalists
846953,0,0,High,Medium,Rising Loyalists
847136,0,0,High,Medium,Rising Loyalists
847183,0,0,High,Medium,Rising Loyalists
847283,2,1,Medium,High,Loyal Premium Travelers
847312,2,0,Medium,Medium,Mainstream Core Travelers
847357,0,0,High,Medium,Rising Loyalists
847359,0,0,High,Medium,Rising Loyalists
847502,2,0,Medium,Medium,Mainstream Core Travelers
847559,0,0,High,Medium,Rising Loyalists
847579,0,0,High,Medium,Rising Loyalists
847601,2,0,Medium,Medium,Mainstream Core Travelers
847609,0,0,High,Medium,Rising Loyalists
847704,0,1,High,High,Elite Frequent Flyers
847724,0,0,High,Medium,Rising Loyalists
847771,0,0,High,Medium,Rising Loyalists
847772,0,0,High,Medium,Rising Loyalists
847938,2,0,Medium,Medium,Mainstream Core Travelers
848003,0,0,High,Medium,Rising Loyalists
848159,0,0,High,Medium,Rising Loyalists
848185,0,0,High,Medium,Rising Loyalists
848248,0,0,High,Medium,Rising Loyalists
848250,0,0,High,Medium,Rising Loyalists
848498,2,0,Medium,Medium,Mainstream Core Travelers
848562,0,0,High,Medium,Rising Loyalists
848574,2,0,Medium,Medium,Mainstream Core Travelers
848615,0,0,High,Medium,Rising Loyalists
848632,0,0,High,Medium,Rising Loyalists
848694,2,0,Medium,Medium,Mainstream Core Travelers
848736,0,0,High,Medium,Rising Loyalists
848804,0,0,High,Medium,Rising Loyalists
848973,0,0,High,Medium,Rising Loyalists
848998,0,0,High,Medium,Rising Loyalists
849105,0,0,High,Medium,Rising Loyalists
849178,0,0,High,Medium,Rising Loyalists
849298,0,0,High,Medium,Rising Loyalists
849330,0,0,High,Medium,Rising Loyalists
849415,0,0,High,Medium,Rising Loyalists
849425,0,0,High,Medium,Rising Loyalists
849510,0,1,High,High,Elite Frequent Flyers
849549,0,0,High,Medium,Rising Loyalists
849569,2,0,Medium,Medium,Mainstream Core Travelers
849587,0,0,High,Medium,Rising Loyalists
849589,0,0,High,Medium,Rising Loyalists
849616,2,1,Medium,High,Loyal Premium Travelers
849673,0,0,High,Medium,Rising Loyalists
849705,0,0,High,Medium,Rising Loyalists
849813,2,0,Medium,Medium,Mainstream Core Travelers
849884,0,0,High,Medium,Rising Loyalists
850034,0,0,High,Medium,Rising Loyalists
850092,0,0,High,Medium,Rising Loyalists
850123,2,0,Medium,Medium,Mainstream Core Travelers
850170,0,0,High,Medium,Rising Loyalists
850245,0,0,High,Medium,Rising Loyalists
850359,0,0,High,Medium,Rising Loyalists
850414,0,0,High,Medium,Rising Loyalists
850418,0,0,High,Medium,Rising Loyalists
850694,0,1,High,High,Elite Frequent Flyers
850721,0,0,High,Medium,Rising Loyalists
850821,2,1,Medium,High,Loyal Premium Travelers
850828,0,0,High,Medium,Rising Loyalists
850953,0,0,High,Medium,Rising Loyalists
851021,2,0,Medium,Medium,Mainstream Core Travelers
851130,0,0,High,Medium,Rising Loyalists
851231,0,0,High,Medium,Rising Loyalists
851255,0,0,High,Medium,Rising Loyalists
851370,2,0,Medium,Medium,Mainstream Core Travelers
851390,0,0,High,Medium,Rising Loyalists
851421,0,1,High,High,Elite Frequent Flyers
851499,2,0,Medium,Medium,Mainstream Core Travelers
851549,0,0,High,Medium,Rising Loyalists
851562,0,0,High,Medium,Rising Loyalists
851563,0,0,High,Medium,Rising Loyalists
851830,0,0,High,Medium,Rising Loyalists
851836,0,0,High,Medium,Rising Loyalists
851845,2,0,Medium,Medium,Mainstream Core Travelers
851871,0,0,High,Medium,Rising Loyalists
851901,0,1,High,High,Elite Frequent Flyers
851931,0,0,High,Medium,Rising Loyalists
851979,2,1,Medium,High,Loyal Premium Travelers
851981,0,0,High,Medium,Rising Loyalists
851982,0,0,High,Medium,Rising Loyalists
851986,0,0,High,Medium,Rising Loyalists
852006,0,1,High,High,Elite Frequent Flyers
852012,2,1,Medium,High,Loyal Premium Travelers
852094,0,0,High,Medium,Rising Loyalists
852253,0,0,High,Medium,Rising Loyalists
852310,0,0,High,Medium,Rising Loyalists
852323,0,0,High,Medium,Rising Loyalists
852392,0,0,High,Medium,Rising Loyalists
852394,0,0,High,Medium,Rising Loyalists
852520,0,0,High,Medium,Rising Loyalists
852571,0,0,High,Medium,Rising Loyalists
852572,2,0,Medium,Medium,Mainstream Core Travelers
852573,0,0,High,Medium,Rising Loyalists
852597,0,0,High,Medium,Rising Loyalists
852629,2,0,Medium,Medium,Mainstream Core Travelers
852786,2,0,Medium,Medium,Mainstream Core Travelers
852855,0,0,High,Medium,Rising Loyalists
852863,0,0,High,Medium,Rising Loyalists
852995,0,0,High,Medium,Rising Loyalists
853003,2,0,Medium,Medium,Mainstream Core Travelers
853037,2,0,Medium,Medium,Mainstream Core Travelers
853039,0,0,High,Medium,Rising Loyalists
853232,2,0,Medium,Medium,Mainstream Core Travelers
853266,2,0,Medium,Medium,Mainstream Core Travelers
853272,0,0,High,Medium,Rising Loyalists
853417,0,0,High,Medium,Rising Loyalists
853421,0,0,High,Medium,Rising Loyalists
853438,0,1,High,High,Elite Frequent Flyers
853540,2,0,Medium,Medium,Mainstream Core Travelers
853565,2,0,Medium,Medium,Mainstream Core Travelers
853603,0,0,High,Medium,Rising Loyalists
853608,0,0,High,Medium,Rising Loyalists
853621,2,0,Medium,Medium,Mainstream Core Travelers
853641,0,0,High,Medium,Rising Loyalists
853704,0,0,High,Medium,Rising Loyalists
853826,0,0,High,Medium,Rising Loyalists
853871,0,0,High,Medium,Rising Loyalists
853894,0,0,High,Medium,Rising Loyalists
853957,0,0,High,Medium,Rising Loyalists
854077,0,0,High,Medium,Rising Loyalists
854243,0,0,High,Medium,Rising Loyalists
854249,0,0,High,Medium,Rising Loyalists
854610,0,0,High,Medium,Rising Loyalists
854704,0,0,High,Medium,Rising Loyalists
854709,0,0,High,Medium,Rising Loyalists
854742,2,0,Medium,Medium,Mainstream Core Travelers
854812,0,0,High,Medium,Rising Loyalists
854831,2,0,Medium,Medium,Mainstream Core Travelers
854835,1,0,Low,Medium,Value Fading
854855,2,0,Medium,Medium,Mainstream Core Travelers
854884,0,0,High,Medium,Rising Loyalists
854902,0,0,High,Medium,Rising Loyalists
854969,2,0,Medium,Medium,Mainstream Core Travelers
854998,0,0,High,Medium,Rising Loyalists
855007,0,0,High,Medium,Rising Loyalists
855026,0,0,High,Medium,Rising Loyalists
855050,2,0,Medium,Medium,Mainstream Core Travelers
855153,2,0,Medium,Medium,Mainstream Core Travelers
855190,2,0,Medium,Medium,Mainstream Core Travelers
855198,0,0,High,Medium,Rising Loyalists
855261,0,0,High,Medium,Rising Loyalists
855351,2,0,Medium,Medium,Mainstream Core Travelers
855372,0,0,High,Medium,Rising Loyalists
855381,2,0,Medium,Medium,Mainstream Core Travelers
855383,0,0,High,Medium,Rising Loyalists
855384,0,0,High,Medium,Rising Loyalists
855394,2,0,Medium,Medium,Mainstream Core Travelers
855400,0,0,High,Medium,Rising Loyalists
855451,2,0,Medium,Medium,Mainstream Core Travelers
855506,0,0,High,Medium,Rising Loyalists
855510,2,0,Medium,Medium,Mainstream Core Travelers
855530,0,0,High,Medium,Rising Loyalists
855559,0,0,High,Medium,Rising Loyalists
855602,2,0,Medium,Medium,Mainstream Core Travelers
855635,0,0,High,Medium,Rising Loyalists
855721,0,0,High,Medium,Rising Loyalists
855883,0,0,High,Medium,Rising Loyalists
855922,0,0,High,Medium,Rising Loyalists
855981,2,0,Medium,Medium,Mainstream Core Travelers
855998,0,0,High,Medium,Rising Loyalists
856074,0,0,High,Medium,Rising Loyalists
856229,2,0,Medium,Medium,Mainstream Core Travelers
856348,0,0,High,Medium,Rising Loyalists
856364,0,0,High,Medium,Rising Loyalists
856406,2,0,Medium,Medium,Mainstream Core Travelers
856483,2,0,Medium,Medium,Mainstream Core Travelers
856496,2,1,Medium,High,Loyal Premium Travelers
856502,0,0,High,Medium,Rising Loyalists
856609,2,0,Medium,Medium,Mainstream Core Travelers
856654,0,0,High,Medium,Rising Loyalists
856667,0,0,High,Medium,Rising Loyalists
856705,0,0,High,Medium,Rising Loyalists
856782,0,0,High,Medium,Rising Loyalists
856818,2,0,Medium,Medium,Mainstream Core Travelers
856830,0,0,High,Medium,Rising Loyalists
856942,0,0,High,Medium,Rising Loyalists
857159,0,0,High,Medium,Rising Loyalists
857161,0,0,High,Medium,Rising Loyalists
857219,2,1,Medium,High,Loyal Premium Travelers
857235,2,0,Medium,Medium,Mainstream Core Travelers
857247,0,0,High,Medium,Rising Loyalists
857292,0,1,High,High,Elite Frequent Flyers
857353,0,0,High,Medium,Rising Loyalists
857481,0,0,High,Medium,Rising Loyalists
857497,0,0,High,Medium,Rising Loyalists
857516,0,0,High,Medium,Rising Loyalists
857538,0,0,High,Medium,Rising Loyalists
857619,0,0,High,Medium,Rising Loyalists
857629,0,0,High,Medium,Rising Loyalists
857682,0,0,High,Medium,Rising Loyalists
857708,0,0,High,Medium,Rising Loyalists
857771,2,0,Medium,Medium,Mainstream Core Travelers
857814,0,0,High,Medium,Rising Loyalists
857845,0,0,High,Medium,Rising Loyalists
857878,0,0,High,Medium,Rising Loyalists
857912,2,0,Medium,Medium,Mainstream Core Travelers
857914,0,0,High,Medium,Rising Loyalists
857942,0,0,High,Medium,Rising Loyalists
857946,0,0,High,Medium,Rising Loyalists
857949,2,0,Medium,Medium,Mainstream Core Travelers
857971,0,0,High,Medium,Rising Loyalists
858013,2,0,Medium,Medium,Mainstream Core Travelers
858106,0,0,High,Medium,Rising Loyalists
858125,2,1,Medium,High,Loyal Premium Travelers
858196,0,0,High,Medium,Rising Loyalists
858222,2,0,Medium,Medium,Mainstream Core Travelers
858228,2,0,Medium,Medium,Mainstream Core Travelers
858266,0,0,High,Medium,Rising Loyalists
858294,0,0,High,Medium,Rising Loyalists
858341,0,0,High,Medium,Rising Loyalists
858352,0,0,High,Medium,Rising Loyalists
858417,0,0,High,Medium,Rising Loyalists
858427,2,0,Medium,Medium,Mainstream Core Travelers
858445,0,0,High,Medium,Rising Loyalists
858453,0,0,High,Medium,Rising Loyalists
858557,0,0,High,Medium,Rising Loyalists
858563,0,0,High,Medium,Rising Loyalists
858626,0,0,High,Medium,Rising Loyalists
858667,0,0,High,Medium,Rising Loyalists
858669,0,0,High,Medium,Rising Loyalists
858674,0,0,High,Medium,Rising Loyalists
858802,0,0,High,Medium,Rising Loyalists
858814,2,0,Medium,Medium,Mainstream Core Travelers
858817,2,0,Medium,Medium,Mainstream Core Travelers
858957,0,0,High,Medium,Rising Loyalists
858961,0,0,High,Medium,Rising Loyalists
859144,2,0,Medium,Medium,Mainstream Core Travelers
859176,0,0,High,Medium,Rising Loyalists
859196,2,0,Medium,Medium,Mainstream Core Travelers
859218,2,0,Medium,Medium,Mainstream Core Travelers
859258,2,0,Medium,Medium,Mainstream Core Travelers
859343,2,0,Medium,Medium,Mainstream Core Travelers
859508,2,0,Medium,Medium,Mainstream Core Travelers
859516,0,1,High,High,Elite Frequent Flyers
859549,0,0,High,Medium,Rising Loyalists
859553,2,1,Medium,High,Loyal Premium Travelers
859730,0,0,High,Medium,Rising Loyalists
859821,0,0,High,Medium,Rising Loyalists
859871,2,0,Medium,Medium,Mainstream Core Travelers
859957,0,0,High,Medium,Rising Loyalists
859972,0,0,High,Medium,Rising Loyalists
860017,0,0,High,Medium,Rising Loyalists
860032,2,0,Medium,Medium,Mainstream Core Travelers
860099,2,0,Medium,Medium,Mainstream Core Travelers
860172,0,0,High,Medium,Rising Loyalists
860206,0,0,High,Medium,Rising Loyalists
860528,2,1,Medium,High,Loyal Premium Travelers
860553,2,0,Medium,Medium,Mainstream Core Travelers
860602,0,0,High,Medium,Rising Loyalists
860657,0,0,High,Medium,Rising Loyalists
860684,0,0,High,Medium,Rising Loyalists
860724,0,0,High,Medium,Rising Loyalists
860809,0,0,High,Medium,Rising Loyalists
860848,0,0,High,Medium,Rising Loyalists
860980,0,0,High,Medium,Rising Loyalists
861058,0,0,High,Medium,Rising Loyalists
861079,2,0,Medium,Medium,Mainstream Core Travelers
861095,0,0,High,Medium,Rising Loyalists
861104,0,0,High,Medium,Rising Loyalists
861156,0,0,High,Medium,Rising Loyalists
861162,0,0,High,Medium,Rising Loyalists
861191,0,0,High,Medium,Rising Loyalists
861330,2,0,Medium,Medium,Mainstream Core Travelers
861336,0,0,High,Medium,Rising Loyalists
861415,0,0,High,Medium,Rising Loyalists
861470,0,0,High,Medium,Rising Loyalists
861480,2,0,Medium,Medium,Mainstream Core Travelers
861558,0,0,High,Medium,Rising Loyalists
861629,2,1,Medium,High,Loyal Premium Travelers
861669,2,0,Medium,Medium,Mainstream Core Travelers
861675,0,0,High,Medium,Rising Loyalists
861696,0,0,High,Medium,Rising Loyalists
861700,0,0,High,Medium,Rising Loyalists
861867,2,0,Medium,Medium,Mainstream Core Travelers
861877,0,0,High,Medium,Rising Loyalists
861879,2,0,Medium,Medium,Mainstream Core Travelers
861917,2,0,Medium,Medium,Mainstream Core Travelers
861924,0,0,High,Medium,Rising Loyalists
862096,0,0,High,Medium,Rising Loyalists
862097,0,0,High,Medium,Rising Loyalists
862100,0,0,High,Medium,Rising Loyalists
862159,0,0,High,Medium,Rising Loyalists
862212,2,0,Medium,Medium,Mainstream Core Travelers
862258,0,0,High,Medium,Rising Loyalists
862543,2,0,Medium,Medium,Mainstream Core Travelers
862576,0,0,High,Medium,Rising Loyalists
862659,0,0,High,Medium,Rising Loyalists
862932,0,0,High,Medium,Rising Loyalists
862979,0,0,High,Medium,Rising Loyalists
863019,0,0,High,Medium,Rising Loyalists
863035,0,0,High,Medium,Rising Loyalists
863070,0,1,High,High,Elite Frequent Flyers
863093,2,0,Medium,Medium,Mainstream Core Travelers
863108,0,0,High,Medium,Rising Loyalists
863122,2,0,Medium,Medium,Mainstream Core Travelers
863219,0,1,High,High,Elite Frequent Flyers
863223,0,0,High,Medium,Rising Loyalists
863259,0,0,High,Medium,Rising Loyalists
863262,0,1,High,High,Elite Frequent Flyers
863280,0,0,High,Medium,Rising Loyalists
863349,0,0,High,Medium,Rising Loyalists
863374,2,1,Medium,High,Loyal Premium Travelers
863384,0,0,High,Medium,Rising Loyalists
863392,2,1,Medium,High,Loyal Premium Travelers
863432,0,0,High,Medium,Rising Loyalists
863459,0,0,High,Medium,Rising Loyalists
863490,2,0,Medium,Medium,Mainstream Core Travelers
863516,0,0,High,Medium,Rising Loyalists
863599,0,0,High,Medium,Rising Loyalists
863626,0,0,High,Medium,Rising Loyalists
863744,0,0,High,Medium,Rising Loyalists
863751,0,0,High,Medium,Rising Loyalists
863809,2,0,Medium,Medium,Mainstream Core Travelers
863884,0,0,High,Medium,Rising Loyalists
863942,2,0,Medium,Medium,Mainstream Core Travelers
864084,0,0,High,Medium,Rising Loyalists
864128,0,1,High,High,Elite Frequent Flyers
864161,0,0,High,Medium,Rising Loyalists
864288,0,0,High,Medium,Rising Loyalists
864318,0,0,High,Medium,Rising Loyalists
864324,0,0,High,Medium,Rising Loyalists
864327,0,1,High,High,Elite Frequent Flyers
864456,0,0,High,Medium,Rising Loyalists
864485,0,0,High,Medium,Rising Loyalists
864806,0,0,High,Medium,Rising Loyalists
864845,0,0,High,Medium,Rising Loyalists
864967,2,0,Medium,Medium,Mainstream Core Travelers
865066,2,0,Medium,Medium,Mainstream Core Travelers
865198,0,1,High,High,Elite Frequent Flyers
865213,2,0,Medium,Medium,Mainstream Core Travelers
865352,2,0,Medium,Medium,Mainstream Core Travelers
865401,0,0,High,Medium,Rising Loyalists
865406,0,0,High,Medium,Rising Loyalists
865411,2,0,Medium,Medium,Mainstream Core Travelers
865429,0,1,High,High,Elite Frequent Flyers
865494,2,0,Medium,Medium,Mainstream Core Travelers
865654,2,0,Medium,Medium,Mainstream Core Travelers
865727,2,0,Medium,Medium,Mainstream Core Travelers
865737,0,0,High,Medium,Rising Loyalists
865759,2,0,Medium,Medium,Mainstream Core Travelers
865798,2,1,Medium,High,Loyal Premium Travelers
865803,0,0,High,Medium,Rising Loyalists
865855,0,1,High,High,Elite Frequent Flyers
865977,0,0,High,Medium,Rising Loyalists
866073,0,1,High,High,Elite Frequent Flyers
866168,0,0,High,Medium,Rising Loyalists
866242,0,0,High,Medium,Rising Loyalists
866295,2,0,Medium,Medium,Mainstream Core Travelers
866302,0,0,High,Medium,Rising Loyalists
866307,0,0,High,Medium,Rising Loyalists
866362,0,0,High,Medium,Rising Loyalists
866403,0,0,High,Medium,Rising Loyalists
866417,2,0,Medium,Medium,Mainstream Core Travelers
866455,0,1,High,High,Elite Frequent Flyers
866501,2,0,Medium,Medium,Mainstream Core Travelers
866604,0,0,High,Medium,Rising Loyalists
866606,0,0,High,Medium,Rising Loyalists
866701,0,0,High,Medium,Rising Loyalists
866815,2,0,Medium,Medium,Mainstream Core Travelers
866983,0,1,High,High,Elite Frequent Flyers
866995,2,0,Medium,Medium,Mainstream Core Travelers
867046,2,0,Medium,Medium,Mainstream Core Travelers
867056,0,0,High,Medium,Rising Loyalists
867070,0,0,High,Medium,Rising Loyalists
867112,0,1,High,High,Elite Frequent Flyers
867284,0,0,High,Medium,Rising Loyalists
867289,0,1,High,High,Elite Frequent Flyers
867301,0,1,High,High,Elite Frequent Flyers
867327,0,0,High,Medium,Rising Loyalists
867446,0,0,High,Medium,Rising Loyalists
867472,0,0,High,Medium,Rising Loyalists
867532,2,0,Medium,Medium,Mainstream Core Travelers
867561,2,1,Medium,High,Loyal Premium Travelers
867624,0,0,High,Medium,Rising Loyalists
867757,0,0,High,Medium,Rising Loyalists
867780,0,0,High,Medium,Rising Loyalists
867801,0,0,High,Medium,Rising Loyalists
867833,0,0,High,Medium,Rising Loyalists
867840,2,0,Medium,Medium,Mainstream Core Travelers
868025,0,0,High,Medium,Rising Loyalists
868037,0,0,High,Medium,Rising Loyalists
868152,0,0,High,Medium,Rising Loyalists
868154,0,0,High,Medium,Rising Loyalists
868161,0,0,High,Medium,Rising Loyalists
868230,0,0,High,Medium,Rising Loyalists
868250,0,0,High,Medium,Rising Loyalists
868327,2,0,Medium,Medium,Mainstream Core Travelers
868552,2,0,Medium,Medium,Mainstream Core Travelers
868568,0,1,High,High,Elite Frequent Flyers
868659,2,0,Medium,Medium,Mainstream Core Travelers
868719,0,0,High,Medium,Rising Loyalists
868744,0,0,High,Medium,Rising Loyalists
868767,0,0,High,Medium,Rising Loyalists
868830,2,0,Medium,Medium,Mainstream Core Travelers
868912,0,0,High,Medium,Rising Loyalists
868926,0,0,High,Medium,Rising Loyalists
869116,0,0,High,Medium,Rising Loyalists
869133,0,1,High,High,Elite Frequent Flyers
869164,0,0,High,Medium,Rising Loyalists
869190,0,0,High,Medium,Rising Loyalists
869226,0,0,High,Medium,Rising Loyalists
869265,0,0,High,Medium,Rising Loyalists
869276,0,0,High,Medium,Rising Loyalists
869283,0,0,High,Medium,Rising Loyalists
869284,0,0,High,Medium,Rising Loyalists
869471,0,0,High,Medium,Rising Loyalists
869504,0,0,High,Medium,Rising Loyalists
869672,2,0,Medium,Medium,Mainstream Core Travelers
869712,2,0,Medium,Medium,Mainstream Core Travelers
869743,2,0,Medium,Medium,Mainstream Core Travelers
869799,0,0,High,Medium,Rising Loyalists
869804,0,1,High,High,Elite Frequent Flyers
869971,0,0,High,Medium,Rising Loyalists
870022,0,0,High,Medium,Rising Loyalists
870039,0,1,High,High,Elite Frequent Flyers
870045,0,0,High,Medium,Rising Loyalists
870120,0,1,High,High,Elite Frequent Flyers
870169,2,0,Medium,Medium,Mainstream Core Travelers
870203,0,0,High,Medium,Rising Loyalists
870223,2,0,Medium,Medium,Mainstream Core Travelers
870281,0,1,High,High,Elite Frequent Flyers
870522,0,0,High,Medium,Rising Loyalists
870574,0,0,High,Medium,Rising Loyalists
870687,0,0,High,Medium,Rising Loyalists
870764,0,0,High,Medium,Rising Loyalists
870857,0,0,High,Medium,Rising Loyalists
870960,2,0,Medium,Medium,Mainstream Core Travelers
870998,0,0,High,Medium,Rising Loyalists
871022,2,0,Medium,Medium,Mainstream Core Travelers
871045,0,0,High,Medium,Rising Loyalists
871074,0,0,High,Medium,Rising Loyalists
871094,0,0,High,Medium,Rising Loyalists
871124,0,0,High,Medium,Rising Loyalists
871145,0,0,High,Medium,Rising Loyalists
871188,2,0,Medium,Medium,Mainstream Core Travelers
871203,2,0,Medium,Medium,Mainstream Core Travelers
871206,0,0,High,Medium,Rising Loyalists
871219,0,1,High,High,Elite Frequent Flyers
871287,0,0,High,Medium,Rising Loyalists
871329,2,0,Medium,Medium,Mainstream Core Travelers
871380,0,0,High,Medium,Rising Loyalists
871445,0,0,High,Medium,Rising Loyalists
871455,2,0,Medium,Medium,Mainstream Core Travelers
871606,0,0,High,Medium,Rising Loyalists
871627,2,0,Medium,Medium,Mainstream Core Travelers
871739,2,0,Medium,Medium,Mainstream Core Travelers
871740,2,0,Medium,Medium,Mainstream Core Travelers
871972,0,0,High,Medium,Rising Loyalists
871980,0,0,High,Medium,Rising Loyalists
872069,2,0,Medium,Medium,Mainstream Core Travelers
872079,2,0,Medium,Medium,Mainstream Core Travelers
872158,2,0,Medium,Medium,Mainstream Core Travelers
872234,0,0,High,Medium,Rising Loyalists
872297,0,0,High,Medium,Rising Loyalists
872315,2,0,Medium,Medium,Mainstream Core Travelers
872335,0,0,High,Medium,Rising Loyalists
872340,2,0,Medium,Medium,Mainstream Core Travelers
872341,2,0,Medium,Medium,Mainstream Core Travelers
872408,2,0,Medium,Medium,Mainstream Core Travelers
872619,0,0,High,Medium,Rising Loyalists
872669,2,0,Medium,Medium,Mainstream Core Travelers
872676,0,0,High,Medium,Rising Loyalists
872706,2,0,Medium,Medium,Mainstream Core Travelers
872752,2,0,Medium,Medium,Mainstream Core Travelers
872774,0,0,High,Medium,Rising Loyalists
872814,0,0,High,Medium,Rising Loyalists
872932,0,0,High,Medium,Rising Loyalists
872946,0,0,High,Medium,Rising Loyalists
873022,2,0,Medium,Medium,Mainstream Core Travelers
873045,0,0,High,Medium,Rising Loyalists
873116,0,0,High,Medium,Rising Loyalists
873169,0,0,High,Medium,Rising Loyalists
873177,0,0,High,Medium,Rising Loyalists
873180,2,0,Medium,Medium,Mainstream Core Travelers
873297,2,0,Medium,Medium,Mainstream Core Travelers
873415,0,0,High,Medium,Rising Loyalists
873426,2,1,Medium,High,Loyal Premium Travelers
873436,0,0,High,Medium,Rising Loyalists
873458,0,0,High,Medium,Rising Loyalists
873468,0,0,High,Medium,Rising Loyalists
873488,0,0,High,Medium,Rising Loyalists
873498,0,0,High,Medium,Rising Loyalists
873551,2,0,Medium,Medium,Mainstream Core Travelers
873554,0,0,High,Medium,Rising Loyalists
873578,2,0,Medium,Medium,Mainstream Core Travelers
873579,0,0,High,Medium,Rising Loyalists
873761,0,0,High,Medium,Rising Loyalists
873886,0,0,High,Medium,Rising Loyalists
873945,0,0,High,Medium,Rising Loyalists
873965,2,1,Medium,High,Loyal Premium Travelers
873977,0,0,High,Medium,Rising Loyalists
874035,2,0,Medium,Medium,Mainstream Core Travelers
874044,0,0,High,Medium,Rising Loyalists
874104,0,0,High,Medium,Rising Loyalists
874158,2,0,Medium,Medium,Mainstream Core Travelers
874161,2,0,Medium,Medium,Mainstream Core Travelers
874184,0,0,High,Medium,Rising Loyalists
874267,0,0,High,Medium,Rising Loyalists
874336,0,0,High,Medium,Rising Loyalists
874363,2,0,Medium,Medium,Mainstream Core Travelers
874374,0,0,High,Medium,Rising Loyalists
874415,2,0,Medium,Medium,Mainstream Core Travelers
874589,2,0,Medium,Medium,Mainstream Core Travelers
874601,2,0,Medium,Medium,Mainstream Core Travelers
874612,0,0,High,Medium,Rising Loyalists
874614,0,0,High,Medium,Rising Loyalists
874780,0,0,High,Medium,Rising Loyalists
874842,2,0,Medium,Medium,Mainstream Core Travelers
874876,2,0,Medium,Medium,Mainstream Core Travelers
874937,1,0,Low,Medium,Value Fading
874938,2,0,Medium,Medium,Mainstream Core Travelers
874939,0,0,High,Medium,Rising Loyalists
874984,0,0,High,Medium,Rising Loyalists
875086,2,0,Medium,Medium,Mainstream Core Travelers
875212,0,0,High,Medium,Rising Loyalists
875232,0,0,High,Medium,Rising Loyalists
875473,2,0,Medium,Medium,Mainstream Core Travelers
875483,0,0,High,Medium,Rising Loyalists
875485,2,0,Medium,Medium,Mainstream Core Travelers
875560,0,0,High,Medium,Rising Loyalists
875657,0,0,High,Medium,Rising Loyalists
875707,2,0,Medium,Medium,Mainstream Core Travelers
875789,2,1,Medium,High,Loyal Premium Travelers
875796,0,0,High,Medium,Rising Loyalists
875819,2,0,Medium,Medium,Mainstream Core Travelers
876006,0,0,High,Medium,Rising Loyalists
876057,0,0,High,Medium,Rising Loyalists
876062,0,0,High,Medium,Rising Loyalists
876083,0,0,High,Medium,Rising Loyalists
876207,0,0,High,Medium,Rising Loyalists
876232,0,0,High,Medium,Rising Loyalists
876243,2,1,Medium,High,Loyal Premium Travelers
876254,0,0,High,Medium,Rising Loyalists
876269,0,0,High,Medium,Rising Loyalists
876319,0,0,High,Medium,Rising Loyalists
876326,0,0,High,Medium,Rising Loyalists
876409,0,0,High,Medium,Rising Loyalists
876426,0,0,High,Medium,Rising Loyalists
876538,0,0,High,Medium,Rising Loyalists
876569,0,0,High,Medium,Rising Loyalists
876755,0,0,High,Medium,Rising Loyalists
876757,2,0,Medium,Medium,Mainstream Core Travelers
876765,2,0,Medium,Medium,Mainstream Core Travelers
876850,0,0,High,Medium,Rising Loyalists
877008,2,0,Medium,Medium,Mainstream Core Travelers
877034,0,0,High,Medium,Rising Loyalists
877101,0,0,High,Medium,Rising Loyalists
877124,0,0,High,Medium,Rising Loyalists
877152,2,0,Medium,Medium,Mainstream Core Travelers
877242,0,0,High,Medium,Rising Loyalists
877251,0,0,High,Medium,Rising Loyalists
877346,2,0,Medium,Medium,Mainstream Core Travelers
877352,2,0,Medium,Medium,Mainstream Core Travelers
877384,0,0,High,Medium,Rising Loyalists
877419,2,0,Medium,Medium,Mainstream Core Travelers
877488,0,0,High,Medium,Rising Loyalists
877595,0,0,High,Medium,Rising Loyalists
877603,0,1,High,High,Elite Frequent Flyers
877609,0,0,High,Medium,Rising Loyalists
877630,0,0,High,Medium,Rising Loyalists
877654,0,0,High,Medium,Rising Loyalists
877730,0,0,High,Medium,Rising Loyalists
877945,0,0,High,Medium,Rising Loyalists
878240,0,0,High,Medium,Rising Loyalists
878281,0,0,High,Medium,Rising Loyalists
878284,2,0,Medium,Medium,Mainstream Core Travelers
878327,2,0,Medium,Medium,Mainstream Core Travelers
878388,0,0,High,Medium,Rising Loyalists
878510,2,0,Medium,Medium,Mainstream Core Travelers
878518,2,0,Medium,Medium,Mainstream Core Travelers
878568,0,0,High,Medium,Rising Loyalists
878575,0,1,High,High,Elite Frequent Flyers
878582,0,0,High,Medium,Rising Loyalists
878633,0,0,High,Medium,Rising Loyalists
878653,0,0,High,Medium,Rising Loyalists
878816,2,0,Medium,Medium,Mainstream Core Travelers
878909,0,0,High,Medium,Rising Loyalists
878929,0,0,High,Medium,Rising Loyalists
879036,0,0,High,Medium,Rising Loyalists
879177,0,0,High,Medium,Rising Loyalists
879185,0,0,High,Medium,Rising Loyalists
879260,0,0,High,Medium,Rising Loyalists
879265,0,0,High,Medium,Rising Loyalists
879416,2,0,Medium,Medium,Mainstream Core Travelers
879462,0,0,High,Medium,Rising Loyalists
879506,0,0,High,Medium,Rising Loyalists
879542,0,0,High,Medium,Rising Loyalists
879600,2,0,Medium,Medium,Mainstream Core Travelers
879601,0,0,High,Medium,Rising Loyalists
879638,2,0,Medium,Medium,Mainstream Core Travelers
879787,0,0,High,Medium,Rising Loyalists
879812,2,1,Medium,High,Loyal Premium Travelers
879844,0,0,High,Medium,Rising Loyalists
879892,2,0,Medium,Medium,Mainstream Core Travelers
879904,0,0,High,Medium,Rising Loyalists
879964,2,0,Medium,Medium,Mainstream Core Travelers
880033,0,0,High,Medium,Rising Loyalists
880065,0,1,High,High,Elite Frequent Flyers
880099,2,0,Medium,Medium,Mainstream Core Travelers
880205,0,0,High,Medium,Rising Loyalists
880402,0,1,High,High,Elite Frequent Flyers
880406,0,0,High,Medium,Rising Loyalists
880436,0,0,High,Medium,Rising Loyalists
880505,0,0,High,Medium,Rising Loyalists
880580,0,0,High,Medium,Rising Loyalists
880619,0,0,High,Medium,Rising Loyalists
880681,0,0,High,Medium,Rising Loyalists
880709,0,0,High,Medium,Rising Loyalists
880740,2,0,Medium,Medium,Mainstream Core Travelers
880805,2,0,Medium,Medium,Mainstream Core Travelers
880849,0,0,High,Medium,Rising Loyalists
880897,2,0,Medium,Medium,Mainstream Core Travelers
880948,0,0,High,Medium,Rising Loyalists
881000,0,0,High,Medium,Rising Loyalists
881001,0,0,High,Medium,Rising Loyalists
881106,2,0,Medium,Medium,Mainstream Core Travelers
881142,2,0,Medium,Medium,Mainstream Core Travelers
881156,2,0,Medium,Medium,Mainstream Core Travelers
881157,0,0,High,Medium,Rising Loyalists
881198,0,0,High,Medium,Rising Loyalists
881304,0,0,High,Medium,Rising Loyalists
881362,0,1,High,High,Elite Frequent Flyers
881399,2,1,Medium,High,Loyal Premium Travelers
881413,0,1,High,High,Elite Frequent Flyers
881428,2,1,Medium,High,Loyal Premium Travelers
881584,2,0,Medium,Medium,Mainstream Core Travelers
881628,2,0,Medium,Medium,Mainstream Core Travelers
881741,2,0,Medium,Medium,Mainstream Core Travelers
881749,0,0,High,Medium,Rising Loyalists
881818,0,0,High,Medium,Rising Loyalists
881828,0,0,High,Medium,Rising Loyalists
881846,0,0,High,Medium,Rising Loyalists
881871,0,0,High,Medium,Rising Loyalists
881943,0,0,High,Medium,Rising Loyalists
881983,0,0,High,Medium,Rising Loyalists
882024,2,0,Medium,Medium,Mainstream Core Travelers
882025,0,0,High,Medium,Rising Loyalists
882044,0,0,High,Medium,Rising Loyalists
882084,2,0,Medium,Medium,Mainstream Core Travelers
882263,0,0,High,Medium,Rising Loyalists
882353,0,0,High,Medium,Rising Loyalists
882409,0,1,High,High,Elite Frequent Flyers
882443,2,0,Medium,Medium,Mainstream Core Travelers
882466,0,0,High,Medium,Rising Loyalists
882544,0,0,High,Medium,Rising Loyalists
882590,0,1,High,High,Elite Frequent Flyers
882718,0,0,High,Medium,Rising Loyalists
882725,0,0,High,Medium,Rising Loyalists
882874,2,0,Medium,Medium,Mainstream Core Travelers
882911,0,1,High,High,Elite Frequent Flyers
883002,0,0,High,Medium,Rising Loyalists
883025,2,0,Medium,Medium,Mainstream Core Travelers
883055,0,0,High,Medium,Rising Loyalists
883056,2,0,Medium,Medium,Mainstream Core Travelers
883065,0,0,High,Medium,Rising Loyalists
883155,0,0,High,Medium,Rising Loyalists
883174,0,0,High,Medium,Rising Loyalists
883212,0,0,High,Medium,Rising Loyalists
883230,0,0,High,Medium,Rising Loyalists
883242,2,0,Medium,Medium,Mainstream Core Travelers
883255,0,0,High,Medium,Rising Loyalists
883349,2,0,Medium,Medium,Mainstream Core Travelers
883376,2,0,Medium,Medium,Mainstream Core Travelers
883468,0,0,High,Medium,Rising Loyalists
883489,0,0,High,Medium,Rising Loyalists
883505,2,0,Medium,Medium,Mainstream Core Travelers
883574,0,0,High,Medium,Rising Loyalists
883606,2,1,Medium,High,Loyal Premium Travelers
883660,0,0,High,Medium,Rising Loyalists
883693,2,0,Medium,Medium,Mainstream Core Travelers
883702,0,0,High,Medium,Rising Loyalists
883755,0,0,High,Medium,Rising Loyalists
883773,0,0,High,Medium,Rising Loyalists
883816,0,0,High,Medium,Rising Loyalists
883841,0,0,High,Medium,Rising Loyalists
883852,0,0,High,Medium,Rising Loyalists
883916,2,1,Medium,High,Loyal Premium Travelers
883963,0,0,High,Medium,Rising Loyalists
883968,0,0,High,Medium,Rising Loyalists
884040,0,0,High,Medium,Rising Loyalists
884062,0,0,High,Medium,Rising Loyalists
884088,0,0,High,Medium,Rising Loyalists
884089,0,0,High,Medium,Rising Loyalists
884433,0,0,High,Medium,Rising Loyalists
884505,0,0,High,Medium,Rising Loyalists
884522,0,0,High,Medium,Rising Loyalists
884530,2,0,Medium,Medium,Mainstream Core Travelers
884570,2,1,Medium,High,Loyal Premium Travelers
884611,2,0,Medium,Medium,Mainstream Core Travelers
884654,2,0,Medium,Medium,Mainstream Core Travelers
884691,0,0,High,Medium,Rising Loyalists
884708,0,0,High,Medium,Rising Loyalists
884844,0,0,High,Medium,Rising Loyalists
884875,0,0,High,Medium,Rising Loyalists
884909,0,0,High,Medium,Rising Loyalists
884992,2,0,Medium,Medium,Mainstream Core Travelers
885007,0,0,High,Medium,Rising Loyalists
885176,2,0,Medium,Medium,Mainstream Core Travelers
885210,2,0,Medium,Medium,Mainstream Core Travelers
885274,0,0,High,Medium,Rising Loyalists
885357,0,0,High,Medium,Rising Loyalists
885386,2,0,Medium,Medium,Mainstream Core Travelers
885474,0,0,High,Medium,Rising Loyalists
885480,0,0,High,Medium,Rising Loyalists
885497,2,0,Medium,Medium,Mainstream Core Travelers
885682,0,0,High,Medium,Rising Loyalists
885723,0,0,High,Medium,Rising Loyalists
885739,0,0,High,Medium,Rising Loyalists
885763,0,1,High,High,Elite Frequent Flyers
885848,0,0,High,Medium,Rising Loyalists
885871,0,1,High,High,Elite Frequent Flyers
885888,0,0,High,Medium,Rising Loyalists
885933,0,0,High,Medium,Rising Loyalists
886086,0,0,High,Medium,Rising Loyalists
886127,0,0,High,Medium,Rising Loyalists
886227,2,0,Medium,Medium,Mainstream Core Travelers
886299,2,0,Medium,Medium,Mainstream Core Travelers
886361,2,0,Medium,Medium,Mainstream Core Travelers
886439,0,0,High,Medium,Rising Loyalists
886677,0,0,High,Medium,Rising Loyalists
886764,2,0,Medium,Medium,Mainstream Core Travelers
886803,2,0,Medium,Medium,Mainstream Core Travelers
886876,0,0,High,Medium,Rising Loyalists
887026,2,0,Medium,Medium,Mainstream Core Travelers
887069,2,0,Medium,Medium,Mainstream Core Travelers
887117,2,0,Medium,Medium,Mainstream Core Travelers
887192,2,0,Medium,Medium,Mainstream Core Travelers
887209,0,1,High,High,Elite Frequent Flyers
887228,0,0,High,Medium,Rising Loyalists
887266,0,0,High,Medium,Rising Loyalists
887328,0,0,High,Medium,Rising Loyalists
887464,0,0,High,Medium,Rising Loyalists
887511,2,0,Medium,Medium,Mainstream Core Travelers
887605,2,0,Medium,Medium,Mainstream Core Travelers
887609,0,1,High,High,Elite Frequent Flyers
887705,2,0,Medium,Medium,Mainstream Core Travelers
887730,0,0,High,Medium,Rising Loyalists
887748,0,0,High,Medium,Rising Loyalists
887892,0,0,High,Medium,Rising Loyalists
887995,0,0,High,Medium,Rising Loyalists
888049,0,0,High,Medium,Rising Loyalists
888115,0,0,High,Medium,Rising Loyalists
888131,2,0,Medium,Medium,Mainstream Core Travelers
888291,0,0,High,Medium,Rising Loyalists
888297,0,0,High,Medium,Rising Loyalists
888316,2,0,Medium,Medium,Mainstream Core Travelers
888357,0,1,High,High,Elite Frequent Flyers
888404,2,0,Medium,Medium,Mainstream Core Travelers
888417,0,0,High,Medium,Rising Loyalists
888430,2,0,Medium,Medium,Mainstream Core Travelers
888506,0,0,High,Medium,Rising Loyalists
888649,0,0,High,Medium,Rising Loyalists
888901,2,0,Medium,Medium,Mainstream Core Travelers
889023,2,0,Medium,Medium,Mainstream Core Travelers
889061,0,0,High,Medium,Rising Loyalists
889501,2,0,Medium,Medium,Mainstream Core Travelers
889525,0,0,High,Medium,Rising Loyalists
889569,0,0,High,Medium,Rising Loyalists
889671,0,0,High,Medium,Rising Loyalists
889687,0,0,High,Medium,Rising Loyalists
889697,0,0,High,Medium,Rising Loyalists
889786,0,0,High,Medium,Rising Loyalists
889796,0,0,High,Medium,Rising Loyalists
889964,2,0,Medium,Medium,Mainstream Core Travelers
890051,0,0,High,Medium,Rising Loyalists
890232,2,0,Medium,Medium,Mainstream Core Travelers
890361,2,0,Medium,Medium,Mainstream Core Travelers
890395,0,0,High,Medium,Rising Loyalists
890404,2,0,Medium,Medium,Mainstream Core Travelers
890437,0,0,High,Medium,Rising Loyalists
890447,0,0,High,Medium,Rising Loyalists
890543,0,0,High,Medium,Rising Loyalists
890595,0,0,High,Medium,Rising Loyalists
890617,0,0,High,Medium,Rising Loyalists
890646,2,0,Medium,Medium,Mainstream Core Travelers
890650,2,0,Medium,Medium,Mainstream Core Travelers
890673,2,0,Medium,Medium,Mainstream Core Travelers
890702,0,0,High,Medium,Rising Loyalists
890753,2,0,Medium,Medium,Mainstream Core Travelers
890839,2,0,Medium,Medium,Mainstream Core Travelers
890882,2,0,Medium,Medium,Mainstream Core Travelers
890936,0,1,High,High,Elite Frequent Flyers
891012,0,0,High,Medium,Rising Loyalists
891046,0,0,High,Medium,Rising Loyalists
891097,0,0,High,Medium,Rising Loyalists
891105,2,1,Medium,High,Loyal Premium Travelers
891128,0,0,High,Medium,Rising Loyalists
891179,0,0,High,Medium,Rising Loyalists
891218,2,0,Medium,Medium,Mainstream Core Travelers
891233,2,0,Medium,Medium,Mainstream Core Travelers
891237,0,0,High,Medium,Rising Loyalists
891335,0,0,High,Medium,Rising Loyalists
891413,0,0,High,Medium,Rising Loyalists
891516,2,0,Medium,Medium,Mainstream Core Travelers
891604,0,0,High,Medium,Rising Loyalists
891647,0,0,High,Medium,Rising Loyalists
891696,0,0,High,Medium,Rising Loyalists
891727,0,0,High,Medium,Rising Loyalists
891790,0,0,High,Medium,Rising Loyalists
891810,0,0,High,Medium,Rising Loyalists
891903,0,0,High,Medium,Rising Loyalists
891927,2,1,Medium,High,Loyal Premium Travelers
891931,2,0,Medium,Medium,Mainstream Core Travelers
892000,2,1,Medium,High,Loyal Premium Travelers
892022,0,0,High,Medium,Rising Loyalists
892066,2,0,Medium,Medium,Mainstream Core Travelers
892068,0,0,High,Medium,Rising Loyalists
892079,0,0,High,Medium,Rising Loyalists
892199,0,0,High,Medium,Rising Loyalists
892219,0,0,High,Medium,Rising Loyalists
892227,0,0,High,Medium,Rising Loyalists
892258,0,1,High,High,Elite Frequent Flyers
892273,2,0,Medium,Medium,Mainstream Core Travelers
892502,0,0,High,Medium,Rising Loyalists
892517,2,0,Medium,Medium,Mainstream Core Travelers
892556,2,0,Medium,Medium,Mainstream Core Travelers
892616,0,0,High,Medium,Rising Loyalists
892630,2,0,Medium,Medium,Mainstream Core Travelers
892632,0,0,High,Medium,Rising Loyalists
892639,2,0,Medium,Medium,Mainstream Core Travelers
892701,0,0,High,Medium,Rising Loyalists
892723,0,0,High,Medium,Rising Loyalists
892797,0,1,High,High,Elite Frequent Flyers
892967,0,0,High,Medium,Rising Loyalists
892994,0,0,High,Medium,Rising Loyalists
893040,0,0,High,Medium,Rising Loyalists
893057,0,0,High,Medium,Rising Loyalists
893120,2,0,Medium,Medium,Mainstream Core Travelers
893127,2,1,Medium,High,Loyal Premium Travelers
893266,0,0,High,Medium,Rising Loyalists
893294,0,0,High,Medium,Rising Loyalists
893375,0,0,High,Medium,Rising Loyalists
893376,2,0,Medium,Medium,Mainstream Core Travelers
893427,2,0,Medium,Medium,Mainstream Core Travelers
893549,0,0,High,Medium,Rising Loyalists
893555,2,0,Medium,Medium,Mainstream Core Travelers
893574,2,0,Medium,Medium,Mainstream Core Travelers
893632,2,1,Medium,High,Loyal Premium Travelers
893661,0,0,High,Medium,Rising Loyalists
893725,0,0,High,Medium,Rising Loyalists
893771,0,0,High,Medium,Rising Loyalists
893789,0,0,High,Medium,Rising Loyalists
893863,0,1,High,High,Elite Frequent Flyers
893866,2,0,Medium,Medium,Mainstream Core Travelers
893909,0,0,High,Medium,Rising Loyalists
894041,0,0,High,Medium,Rising Loyalists
894048,0,0,High,Medium,Rising Loyalists
894099,2,0,Medium,Medium,Mainstream Core Travelers
894111,0,0,High,Medium,Rising Loyalists
894175,0,0,High,Medium,Rising Loyalists
894322,2,0,Medium,Medium,Mainstream Core Travelers
894340,0,0,High,Medium,Rising Loyalists
894436,0,0,High,Medium,Rising Loyalists
894448,0,0,High,Medium,Rising Loyalists
894466,0,0,High,Medium,Rising Loyalists
894478,0,0,High,Medium,Rising Loyalists
894532,2,0,Medium,Medium,Mainstream Core Travelers
894608,0,0,High,Medium,Rising Loyalists
894620,0,0,High,Medium,Rising Loyalists
894691,2,0,Medium,Medium,Mainstream Core Travelers
894724,2,0,Medium,Medium,Mainstream Core Travelers
894788,0,0,High,Medium,Rising Loyalists
894799,0,0,High,Medium,Rising Loyalists
894919,0,0,High,Medium,Rising Loyalists
895080,2,0,Medium,Medium,Mainstream Core Travelers
895085,0,0,High,Medium,Rising Loyalists
895180,2,0,Medium,Medium,Mainstream Core Travelers
895185,0,0,High,Medium,Rising Loyalists
895267,0,0,High,Medium,Rising Loyalists
895346,0,0,High,Medium,Rising Loyalists
895433,0,1,High,High,Elite Frequent Flyers
895451,0,0,High,Medium,Rising Loyalists
895537,0,0,High,Medium,Rising Loyalists
895544,0,0,High,Medium,Rising Loyalists
895560,0,0,High,Medium,Rising Loyalists
895601,0,0,High,Medium,Rising Loyalists
895651,0,0,High,Medium,Rising Loyalists
895684,0,0,High,Medium,Rising Loyalists
895725,0,0,High,Medium,Rising Loyalists
895778,2,0,Medium,Medium,Mainstream Core Travelers
895821,2,1,Medium,High,Loyal Premium Travelers
895878,0,0,High,Medium,Rising Loyalists
895921,0,0,High,Medium,Rising Loyalists
895972,0,0,High,Medium,Rising Loyalists
895994,2,0,Medium,Medium,Mainstream Core Travelers
896075,0,0,High,Medium,Rising Loyalists
896095,0,1,High,High,Elite Frequent Flyers
896283,2,0,Medium,Medium,Mainstream Core Travelers
896331,0,0,High,Medium,Rising Loyalists
896372,2,0,Medium,Medium,Mainstream Core Travelers
896592,0,0,High,Medium,Rising Loyalists
896651,2,0,Medium,Medium,Mainstream Core Travelers
896685,2,1,Medium,High,Loyal Premium Travelers
896790,0,0,High,Medium,Rising Loyalists
896792,0,0,High,Medium,Rising Loyalists
896853,2,0,Medium,Medium,Mainstream Core Travelers
896861,0,0,High,Medium,Rising Loyalists
896947,0,0,High,Medium,Rising Loyalists
896951,0,0,High,Medium,Rising Loyalists
897229,0,0,High,Medium,Rising Loyalists
897293,0,0,High,Medium,Rising Loyalists
897387,0,0,High,Medium,Rising Loyalists
897545,2,0,Medium,Medium,Mainstream Core Travelers
897673,2,0,Medium,Medium,Mainstream Core Travelers
897716,0,0,High,Medium,Rising Loyalists
897728,2,0,Medium,Medium,Mainstream Core Travelers
897734,2,0,Medium,Medium,Mainstream Core Travelers
897772,0,0,High,Medium,Rising Loyalists
897835,0,0,High,Medium,Rising Loyalists
897904,0,0,High,Medium,Rising Loyalists
898000,0,0,High,Medium,Rising Loyalists
898119,2,1,Medium,High,Loyal Premium Travelers
898122,2,0,Medium,Medium,Mainstream Core Travelers
898149,2,0,Medium,Medium,Mainstream Core Travelers
898162,0,0,High,Medium,Rising Loyalists
898229,0,0,High,Medium,Rising Loyalists
898417,0,0,High,Medium,Rising Loyalists
898423,0,0,High,Medium,Rising Loyalists
898427,0,0,High,Medium,Rising Loyalists
898437,0,0,High,Medium,Rising Loyalists
898438,0,0,High,Medium,Rising Loyalists
898495,0,0,High,Medium,Rising Loyalists
898514,2,0,Medium,Medium,Mainstream Core Travelers
898552,0,0,High,Medium,Rising Loyalists
898587,2,0,Medium,Medium,Mainstream Core Travelers
898630,0,0,High,Medium,Rising Loyalists
898698,0,0,High,Medium,Rising Loyalists
898787,0,0,High,Medium,Rising Loyalists
898788,0,0,High,Medium,Rising Loyalists
898887,2,1,Medium,High,Loyal Premium Travelers
899009,0,0,High,Medium,Rising Loyalists
899271,2,1,Medium,High,Loyal Premium Travelers
899287,0,0,High,Medium,Rising Loyalists
899509,0,0,High,Medium,Rising Loyalists
899543,2,0,Medium,Medium,Mainstream Core Travelers
899592,0,0,High,Medium,Rising Loyalists
899734,2,0,Medium,Medium,Mainstream Core Travelers
899760,0,0,High,Medium,Rising Loyalists
899825,0,0,High,Medium,Rising Loyalists
899871,0,0,High,Medium,Rising Loyalists
899883,2,0,Medium,Medium,Mainstream Core Travelers
899958,0,0,High,Medium,Rising Loyalists
900083,0,1,High,High,Elite Frequent Flyers
900133,0,0,High,Medium,Rising Loyalists
900151,0,0,High,Medium,Rising Loyalists
900325,2,0,Medium,Medium,Mainstream Core Travelers
900331,2,0,Medium,Medium,Mainstream Core Travelers
900359,2,0,Medium,Medium,Mainstream Core Travelers
900460,0,0,High,Medium,Rising Loyalists
900501,0,1,High,High,Elite Frequent Flyers
900505,0,0,High,Medium,Rising Loyalists
900726,0,0,High,Medium,Rising Loyalists
900753,2,0,Medium,Medium,Mainstream Core Travelers
900795,0,0,High,Medium,Rising Loyalists
900801,2,0,Medium,Medium,Mainstream Core Travelers
900853,0,0,High,Medium,Rising Loyalists
900894,0,0,High,Medium,Rising Loyalists
900977,2,0,Medium,Medium,Mainstream Core Travelers
901002,0,0,High,Medium,Rising Loyalists
901049,2,0,Medium,Medium,Mainstream Core Travelers
901231,0,0,High,Medium,Rising Loyalists
901442,0,0,High,Medium,Rising Loyalists
901461,2,0,Medium,Medium,Mainstream Core Travelers
901478,2,0,Medium,Medium,Mainstream Core Travelers
901520,0,0,High,Medium,Rising Loyalists
901550,0,0,High,Medium,Rising Loyalists
901578,2,0,Medium,Medium,Mainstream Core Travelers
901582,2,0,Medium,Medium,Mainstream Core Travelers
901690,0,0,High,Medium,Rising Loyalists
901747,2,0,Medium,Medium,Mainstream Core Travelers
901758,0,0,High,Medium,Rising Loyalists
901775,0,0,High,Medium,Rising Loyalists
901780,0,0,High,Medium,Rising Loyalists
901819,0,0,High,Medium,Rising Loyalists
901857,0,0,High,Medium,Rising Loyalists
901887,2,0,Medium,Medium,Mainstream Core Travelers
901954,0,0,High,Medium,Rising Loyalists
901978,2,0,Medium,Medium,Mainstream Core Travelers
901987,0,0,High,Medium,Rising Loyalists
902015,0,0,High,Medium,Rising Loyalists
902040,0,0,High,Medium,Rising Loyalists
902083,0,1,High,High,Elite Frequent Flyers
902148,0,0,High,Medium,Rising Loyalists
902192,0,0,High,Medium,Rising Loyalists
902200,2,1,Medium,High,Loyal Premium Travelers
902241,0,0,High,Medium,Rising Loyalists
902277,0,0,High,Medium,Rising Loyalists
902298,0,0,High,Medium,Rising Loyalists
902421,2,0,Medium,Medium,Mainstream Core Travelers
902515,0,0,High,Medium,Rising Loyalists
902555,2,0,Medium,Medium,Mainstream Core Travelers
902562,0,0,High,Medium,Rising Loyalists
902608,0,0,High,Medium,Rising Loyalists
902634,0,0,High,Medium,Rising Loyalists
902679,0,0,High,Medium,Rising Loyalists
902690,0,0,High,Medium,Rising Loyalists
902693,0,0,High,Medium,Rising Loyalists
902742,2,0,Medium,Medium,Mainstream Core Travelers
902833,2,0,Medium,Medium,Mainstream Core Travelers
902852,2,0,Medium,Medium,Mainstream Core Travelers
902966,0,1,High,High,Elite Frequent Flyers
902993,2,0,Medium,Medium,Mainstream Core Travelers
903006,2,0,Medium,Medium,Mainstream Core Travelers
903146,0,0,High,Medium,Rising Loyalists
903209,0,0,High,Medium,Rising Loyalists
903290,0,0,High,Medium,Rising Loyalists
903327,0,0,High,Medium,Rising Loyalists
903359,0,0,High,Medium,Rising Loyalists
903379,0,0,High,Medium,Rising Loyalists
903496,0,0,High,Medium,Rising Loyalists
903534,0,0,High,Medium,Rising Loyalists
903641,0,0,High,Medium,Rising Loyalists
903648,0,0,High,Medium,Rising Loyalists
903679,1,1,Low,High,High-Value At-Risk
903797,0,0,High,Medium,Rising Loyalists
904114,0,0,High,Medium,Rising Loyalists
904283,0,0,High,Medium,Rising Loyalists
904300,0,0,High,Medium,Rising Loyalists
904304,0,0,High,Medium,Rising Loyalists
904317,2,0,Medium,Medium,Mainstream Core Travelers
904367,0,0,High,Medium,Rising Loyalists
904370,2,0,Medium,Medium,Mainstream Core Travelers
904378,0,0,High,Medium,Rising Loyalists
904397,2,1,Medium,High,Loyal Premium Travelers
904410,2,0,Medium,Medium,Mainstream Core Travelers
904501,0,0,High,Medium,Rising Loyalists
904512,2,0,Medium,Medium,Mainstream Core Travelers
904602,0,0,High,Medium,Rising Loyalists
904669,0,0,High,Medium,Rising Loyalists
904693,2,0,Medium,Medium,Mainstream Core Travelers
904704,0,1,High,High,Elite Frequent Flyers
904736,0,0,High,Medium,Rising Loyalists
904741,0,0,High,Medium,Rising Loyalists
904802,2,0,Medium,Medium,Mainstream Core Travelers
904805,0,0,High,Medium,Rising Loyalists
904920,0,0,High,Medium,Rising Loyalists
904974,2,0,Medium,Medium,Mainstream Core Travelers
904992,2,0,Medium,Medium,Mainstream Core Travelers
905161,2,1,Medium,High,Loyal Premium Travelers
905180,0,0,High,Medium,Rising Loyalists
905213,0,0,High,Medium,Rising Loyalists
905288,2,0,Medium,Medium,Mainstream Core Travelers
905320,0,0,High,Medium,Rising Loyalists
905360,2,0,Medium,Medium,Mainstream Core Travelers
905469,2,0,Medium,Medium,Mainstream Core Travelers
905478,0,0,High,Medium,Rising Loyalists
905497,2,0,Medium,Medium,Mainstream Core Travelers
905569,0,0,High,Medium,Rising Loyalists
905634,0,0,High,Medium,Rising Loyalists
905787,0,0,High,Medium,Rising Loyalists
905806,0,1,High,High,Elite Frequent Flyers
905854,0,1,High,High,Elite Frequent Flyers
905907,0,0,High,Medium,Rising Loyalists
905909,0,0,High,Medium,Rising Loyalists
906158,0,0,High,Medium,Rising Loyalists
906178,2,0,Medium,Medium,Mainstream Core Travelers
906217,2,1,Medium,High,Loyal Premium Travelers
906262,0,0,High,Medium,Rising Loyalists
906267,0,0,High,Medium,Rising Loyalists
906274,2,0,Medium,Medium,Mainstream Core Travelers
906316,0,0,High,Medium,Rising Loyalists
906346,0,0,High,Medium,Rising Loyalists
906396,0,0,High,Medium,Rising Loyalists
906428,0,0,High,Medium,Rising Loyalists
906468,0,0,High,Medium,Rising Loyalists
906564,2,0,Medium,Medium,Mainstream Core Travelers
906615,0,0,High,Medium,Rising Loyalists
906623,0,0,High,Medium,Rising Loyalists
906715,0,0,High,Medium,Rising Loyalists
906780,0,0,High,Medium,Rising Loyalists
906826,0,0,High,Medium,Rising Loyalists
906836,0,0,High,Medium,Rising Loyalists
906848,0,0,High,Medium,Rising Loyalists
906852,0,0,High,Medium,Rising Loyalists
906884,2,0,Medium,Medium,Mainstream Core Travelers
906946,0,0,High,Medium,Rising Loyalists
907015,2,0,Medium,Medium,Mainstream Core Travelers
907025,0,0,High,Medium,Rising Loyalists
907038,2,0,Medium,Medium,Mainstream Core Travelers
907077,0,0,High,Medium,Rising Loyalists
907157,0,0,High,Medium,Rising Loyalists
907209,0,0,High,Medium,Rising Loyalists
907252,0,0,High,Medium,Rising Loyalists
907324,2,0,Medium,Medium,Mainstream Core Travelers
907544,0,0,High,Medium,Rising Loyalists
907595,2,0,Medium,Medium,Mainstream Core Travelers
907636,0,0,High,Medium,Rising Loyalists
907743,2,0,Medium,Medium,Mainstream Core Travelers
907858,0,1,High,High,Elite Frequent Flyers
907934,0,0,High,Medium,Rising Loyalists
907945,2,1,Medium,High,Loyal Premium Travelers
907950,0,0,High,Medium,Rising Loyalists
908006,2,0,Medium,Medium,Mainstream Core Travelers
908120,0,0,High,Medium,Rising Loyalists
908123,0,0,High,Medium,Rising Loyalists
908201,2,0,Medium,Medium,Mainstream Core Travelers
908246,0,0,High,Medium,Rising Loyalists
908248,2,1,Medium,High,Loyal Premium Travelers
908301,2,0,Medium,Medium,Mainstream Core Travelers
908374,0,0,High,Medium,Rising Loyalists
908404,0,0,High,Medium,Rising Loyalists
908519,0,0,High,Medium,Rising Loyalists
908580,0,0,High,Medium,Rising Loyalists
908643,2,0,Medium,Medium,Mainstream Core Travelers
908728,0,0,High,Medium,Rising Loyalists
908729,0,0,High,Medium,Rising Loyalists
908759,0,0,High,Medium,Rising Loyalists
908801,2,0,Medium,Medium,Mainstream Core Travelers
908844,0,0,High,Medium,Rising Loyalists
908882,2,0,Medium,Medium,Mainstream Core Travelers
908994,2,0,Medium,Medium,Mainstream Core Travelers
909020,2,0,Medium,Medium,Mainstream Core Travelers
909066,2,0,Medium,Medium,Mainstream Core Travelers
909068,2,1,Medium,High,Loyal Premium Travelers
909075,0,0,High,Medium,Rising Loyalists
909106,2,0,Medium,Medium,Mainstream Core Travelers
909134,0,0,High,Medium,Rising Loyalists
909238,2,0,Medium,Medium,Mainstream Core Travelers
909242,0,0,High,Medium,Rising Loyalists
909260,0,0,High,Medium,Rising Loyalists
909262,0,0,High,Medium,Rising Loyalists
909328,0,0,High,Medium,Rising Loyalists
909385,0,0,High,Medium,Rising Loyalists
909476,0,0,High,Medium,Rising Loyalists
909483,0,0,High,Medium,Rising Loyalists
909503,0,0,High,Medium,Rising Loyalists
909543,0,0,High,Medium,Rising Loyalists
909547,2,0,Medium,Medium,Mainstream Core Travelers
909677,0,0,High,Medium,Rising Loyalists
909727,2,0,Medium,Medium,Mainstream Core Travelers
909800,2,0,Medium,Medium,Mainstream Core Travelers
909845,0,0,High,Medium,Rising Loyalists
909854,2,0,Medium,Medium,Mainstream Core Travelers
909880,2,0,Medium,Medium,Mainstream Core Travelers
910028,2,0,Medium,Medium,Mainstream Core Travelers
910056,0,0,High,Medium,Rising Loyalists
910092,2,0,Medium,Medium,Mainstream Core Travelers
910093,2,0,Medium,Medium,Mainstream Core Travelers
910142,0,0,High,Medium,Rising Loyalists
910157,2,0,Medium,Medium,Mainstream Core Travelers
910336,2,0,Medium,Medium,Mainstream Core Travelers
910373,2,0,Medium,Medium,Mainstream Core Travelers
910391,0,0,High,Medium,Rising Loyalists
910416,2,1,Medium,High,Loyal Premium Travelers
910492,2,0,Medium,Medium,Mainstream Core Travelers
910576,0,0,High,Medium,Rising Loyalists
910645,2,0,Medium,Medium,Mainstream Core Travelers
910716,0,0,High,Medium,Rising Loyalists
910809,2,0,Medium,Medium,Mainstream Core Travelers
910875,0,0,High,Medium,Rising Loyalists
910969,0,0,High,Medium,Rising Loyalists
911003,0,0,High,Medium,Rising Loyalists
911089,0,0,High,Medium,Rising Loyalists
911372,0,0,High,Medium,Rising Loyalists
911503,0,1,High,High,Elite Frequent Flyers
911525,0,0,High,Medium,Rising Loyalists
911585,0,0,High,Medium,Rising Loyalists
911655,0,0,High,Medium,Rising Loyalists
911663,0,0,High,Medium,Rising Loyalists
911668,0,0,High,Medium,Rising Loyalists
911723,2,1,Medium,High,Loyal Premium Travelers
911744,2,0,Medium,Medium,Mainstream Core Travelers
911812,0,0,High,Medium,Rising Loyalists
911852,2,0,Medium,Medium,Mainstream Core Travelers
911906,0,0,High,Medium,Rising Loyalists
911920,0,0,High,Medium,Rising Loyalists
911971,0,0,High,Medium,Rising Loyalists
912064,0,0,High,Medium,Rising Loyalists
912128,0,0,High,Medium,Rising Loyalists
912220,2,0,Medium,Medium,Mainstream Core Travelers
912252,0,0,High,Medium,Rising Loyalists
912293,0,0,High,Medium,Rising Loyalists
912352,2,0,Medium,Medium,Mainstream Core Travelers
912396,0,0,High,Medium,Rising Loyalists
912420,0,0,High,Medium,Rising Loyalists
912539,0,0,High,Medium,Rising Loyalists
912588,0,0,High,Medium,Rising Loyalists
912633,2,1,Medium,High,Loyal Premium Travelers
912712,0,1,High,High,Elite Frequent Flyers
912757,0,0,High,Medium,Rising Loyalists
912797,0,0,High,Medium,Rising Loyalists
912864,0,1,High,High,Elite Frequent Flyers
912939,2,0,Medium,Medium,Mainstream Core Travelers
912940,2,1,Medium,High,Loyal Premium Travelers
912957,0,0,High,Medium,Rising Loyalists
912984,2,1,Medium,High,Loyal Premium Travelers
913060,0,0,High,Medium,Rising Loyalists
913153,0,0,High,Medium,Rising Loyalists
913156,0,0,High,Medium,Rising Loyalists
913233,0,0,High,Medium,Rising Loyalists
913340,0,0,High,Medium,Rising Loyalists
913449,0,0,High,Medium,Rising Loyalists
913522,0,0,High,Medium,Rising Loyalists
913571,0,0,High,Medium,Rising Loyalists
913721,0,0,High,Medium,Rising Loyalists
913809,2,0,Medium,Medium,Mainstream Core Travelers
913866,0,0,High,Medium,Rising Loyalists
913895,0,1,High,High,Elite Frequent Flyers
913949,0,0,High,Medium,Rising Loyalists
913981,0,0,High,Medium,Rising Loyalists
914044,0,1,High,High,Elite Frequent Flyers
914074,2,0,Medium,Medium,Mainstream Core Travelers
914088,0,0,High,Medium,Rising Loyalists
914152,0,0,High,Medium,Rising Loyalists
914255,2,0,Medium,Medium,Mainstream Core Travelers
914316,0,0,High,Medium,Rising Loyalists
914352,0,0,High,Medium,Rising Loyalists
914368,0,0,High,Medium,Rising Loyalists
914514,2,0,Medium,Medium,Mainstream Core Travelers
914609,0,0,High,Medium,Rising Loyalists
914799,2,0,Medium,Medium,Mainstream Core Travelers
914920,2,0,Medium,Medium,Mainstream Core Travelers
914937,0,0,High,Medium,Rising Loyalists
914959,2,0,Medium,Medium,Mainstream Core Travelers
915009,2,1,Medium,High,Loyal Premium Travelers
915147,0,0,High,Medium,Rising Loyalists
915156,0,0,High,Medium,Rising Loyalists
915164,2,0,Medium,Medium,Mainstream Core Travelers
915194,0,0,High,Medium,Rising Loyalists
915198,0,0,High,Medium,Rising Loyalists
915243,2,0,Medium,Medium,Mainstream Core Travelers
915286,0,0,High,Medium,Rising Loyalists
915287,2,0,Medium,Medium,Mainstream Core Travelers
915439,0,0,High,Medium,Rising Loyalists
915571,0,0,High,Medium,Rising Loyalists
915638,0,0,High,Medium,Rising Loyalists
915846,0,0,High,Medium,Rising Loyalists
915902,0,0,High,Medium,Rising Loyalists
915927,2,0,Medium,Medium,Mainstream Core Travelers
915933,0,0,High,Medium,Rising Loyalists
915948,0,0,High,Medium,Rising Loyalists
916000,0,0,High,Medium,Rising Loyalists
916003,2,0,Medium,Medium,Mainstream Core Travelers
916020,0,0,High,Medium,Rising Loyalists
916131,0,0,High,Medium,Rising Loyalists
916269,0,1,High,High,Elite Frequent Flyers
916300,0,0,High,Medium,Rising Loyalists
916317,2,0,Medium,Medium,Mainstream Core Travelers
916358,0,0,High,Medium,Rising Loyalists
916478,0,0,High,Medium,Rising Loyalists
916594,0,0,High,Medium,Rising Loyalists
916634,2,0,Medium,Medium,Mainstream Core Travelers
916713,0,0,High,Medium,Rising Loyalists
916843,0,0,High,Medium,Rising Loyalists
916851,0,0,High,Medium,Rising Loyalists
916880,0,0,High,Medium,Rising Loyalists
917191,0,0,High,Medium,Rising Loyalists
917192,0,0,High,Medium,Rising Loyalists
917346,0,0,High,Medium,Rising Loyalists
917352,2,0,Medium,Medium,Mainstream Core Travelers
917423,0,0,High,Medium,Rising Loyalists
917585,0,0,High,Medium,Rising Loyalists
917610,0,0,High,Medium,Rising Loyalists
917630,0,0,High,Medium,Rising Loyalists
917685,0,1,High,High,Elite Frequent Flyers
917725,0,0,High,Medium,Rising Loyalists
917779,0,0,High,Medium,Rising Loyalists
917798,0,0,High,Medium,Rising Loyalists
917870,0,1,High,High,Elite Frequent Flyers
917972,0,0,High,Medium,Rising Loyalists
917983,0,0,High,Medium,Rising Loyalists
917998,0,0,High,Medium,Rising Loyalists
918017,2,0,Medium,Medium,Mainstream Core Travelers
918021,0,0,High,Medium,Rising Loyalists
918042,0,0,High,Medium,Rising Loyalists
918048,0,0,High,Medium,Rising Loyalists
918053,0,0,High,Medium,Rising Loyalists
918112,0,0,High,Medium,Rising Loyalists
918163,0,0,High,Medium,Rising Loyalists
918272,0,0,High,Medium,Rising Loyalists
918276,0,0,High,Medium,Rising Loyalists
918326,0,0,High,Medium,Rising Loyalists
918341,0,0,High,Medium,Rising Loyalists
918350,2,0,Medium,Medium,Mainstream Core Travelers
918397,2,0,Medium,Medium,Mainstream Core Travelers
918404,2,0,Medium,Medium,Mainstream Core Travelers
918478,0,0,High,Medium,Rising Loyalists
918479,0,0,High,Medium,Rising Loyalists
918564,0,0,High,Medium,Rising Loyalists
918631,0,0,High,Medium,Rising Loyalists
918756,0,0,High,Medium,Rising Loyalists
918807,0,0,High,Medium,Rising Loyalists
918964,2,0,Medium,Medium,Mainstream Core Travelers
918984,0,0,High,Medium,Rising Loyalists
919055,2,0,Medium,Medium,Mainstream Core Travelers
919117,0,0,High,Medium,Rising Loyalists
919285,0,0,High,Medium,Rising Loyalists
919329,0,1,High,High,Elite Frequent Flyers
919338,0,0,High,Medium,Rising Loyalists
919340,0,0,High,Medium,Rising Loyalists
919437,0,0,High,Medium,Rising Loyalists
919463,2,1,Medium,High,Loyal Premium Travelers
919506,2,0,Medium,Medium,Mainstream Core Travelers
919557,0,0,High,Medium,Rising Loyalists
919668,2,0,Medium,Medium,Mainstream Core Travelers
919748,0,0,High,Medium,Rising Loyalists
919818,0,0,High,Medium,Rising Loyalists
919823,0,1,High,High,Elite Frequent Flyers
919832,0,0,High,Medium,Rising Loyalists
919888,0,1,High,High,Elite Frequent Flyers
919889,0,0,High,Medium,Rising Loyalists
919894,0,0,High,Medium,Rising Loyalists
919922,2,0,Medium,Medium,Mainstream Core Travelers
919951,0,0,High,Medium,Rising Loyalists
920068,2,1,Medium,High,Loyal Premium Travelers
920100,0,0,High,Medium,Rising Loyalists
920102,2,0,Medium,Medium,Mainstream Core Travelers
920118,0,0,High,Medium,Rising Loyalists
920145,0,0,High,Medium,Rising Loyalists
920162,0,0,High,Medium,Rising Loyalists
920171,2,0,Medium,Medium,Mainstream Core Travelers
920175,0,0,High,Medium,Rising Loyalists
920197,2,1,Medium,High,Loyal Premium Travelers
920211,0,0,High,Medium,Rising Loyalists
920321,0,0,High,Medium,Rising Loyalists
920326,0,0,High,Medium,Rising Loyalists
920545,0,0,High,Medium,Rising Loyalists
920637,0,0,High,Medium,Rising Loyalists
920657,2,0,Medium,Medium,Mainstream Core Travelers
920716,2,0,Medium,Medium,Mainstream Core Travelers
920792,0,0,High,Medium,Rising Loyalists
920840,0,0,High,Medium,Rising Loyalists
920954,0,0,High,Medium,Rising Loyalists
920966,0,0,High,Medium,Rising Loyalists
921059,2,0,Medium,Medium,Mainstream Core Travelers
921102,0,0,High,Medium,Rising Loyalists
921130,0,0,High,Medium,Rising Loyalists
921191,2,0,Medium,Medium,Mainstream Core Travelers
921278,0,0,High,Medium,Rising Loyalists
921298,0,0,High,Medium,Rising Loyalists
921357,0,0,High,Medium,Rising Loyalists
921375,0,0,High,Medium,Rising Loyalists
921392,2,0,Medium,Medium,Mainstream Core Travelers
921403,2,0,Medium,Medium,Mainstream Core Travelers
921410,2,0,Medium,Medium,Mainstream Core Travelers
921489,0,0,High,Medium,Rising Loyalists
921530,2,0,Medium,Medium,Mainstream Core Travelers
921563,0,0,High,Medium,Rising Loyalists
921624,2,1,Medium,High,Loyal Premium Travelers
921705,0,0,High,Medium,Rising Loyalists
921746,2,0,Medium,Medium,Mainstream Core Travelers
921776,2,0,Medium,Medium,Mainstream Core Travelers
921777,0,1,High,High,Elite Frequent Flyers
921886,0,0,High,Medium,Rising Loyalists
921899,0,0,High,Medium,Rising Loyalists
921903,2,1,Medium,High,Loyal Premium Travelers
922000,0,0,High,Medium,Rising Loyalists
922047,2,0,Medium,Medium,Mainstream Core Travelers
922161,0,0,High,Medium,Rising Loyalists
922188,0,0,High,Medium,Rising Loyalists
922206,0,0,High,Medium,Rising Loyalists
922210,0,0,High,Medium,Rising Loyalists
922347,2,0,Medium,Medium,Mainstream Core Travelers
922351,0,0,High,Medium,Rising Loyalists
922388,0,0,High,Medium,Rising Loyalists
922484,0,0,High,Medium,Rising Loyalists
922614,2,0,Medium,Medium,Mainstream Core Travelers
922634,0,0,High,Medium,Rising Loyalists
922665,2,0,Medium,Medium,Mainstream Core Travelers
922703,0,0,High,Medium,Rising Loyalists
922741,0,0,High,Medium,Rising Loyalists
922786,0,0,High,Medium,Rising Loyalists
922815,0,1,High,High,Elite Frequent Flyers
922926,0,0,High,Medium,Rising Loyalists
923041,0,0,High,Medium,Rising Loyalists
923062,0,0,High,Medium,Rising Loyalists
923108,0,0,High,Medium,Rising Loyalists
923164,0,0,High,Medium,Rising Loyalists
923201,0,0,High,Medium,Rising Loyalists
923234,0,0,High,Medium,Rising Loyalists
923268,2,0,Medium,Medium,Mainstream Core Travelers
923293,0,0,High,Medium,Rising Loyalists
923333,0,0,High,Medium,Rising Loyalists
923336,0,0,High,Medium,Rising Loyalists
923406,0,0,High,Medium,Rising Loyalists
923527,0,1,High,High,Elite Frequent Flyers
923560,0,0,High,Medium,Rising Loyalists
923680,0,0,High,Medium,Rising Loyalists
923761,0,0,High,Medium,Rising Loyalists
923766,2,0,Medium,Medium,Mainstream Core Travelers
923799,0,0,High,Medium,Rising Loyalists
923959,0,1,High,High,Elite Frequent Flyers
924031,2,0,Medium,Medium,Mainstream Core Travelers
924037,0,0,High,Medium,Rising Loyalists
924056,0,0,High,Medium,Rising Loyalists
924089,0,0,High,Medium,Rising Loyalists
924132,0,0,High,Medium,Rising Loyalists
924153,0,0,High,Medium,Rising Loyalists
924173,0,0,High,Medium,Rising Loyalists
924217,2,0,Medium,Medium,Mainstream Core Travelers
924268,0,0,High,Medium,Rising Loyalists
924405,2,0,Medium,Medium,Mainstream Core Travelers
924469,0,0,High,Medium,Rising Loyalists
924489,0,0,High,Medium,Rising Loyalists
924493,0,0,High,Medium,Rising Loyalists
924630,0,0,High,Medium,Rising Loyalists
924634,0,0,High,Medium,Rising Loyalists
924643,0,0,High,Medium,Rising Loyalists
924719,0,0,High,Medium,Rising Loyalists
924724,0,0,High,Medium,Rising Loyalists
924736,2,0,Medium,Medium,Mainstream Core Travelers
924787,0,0,High,Medium,Rising Loyalists
924793,0,0,High,Medium,Rising Loyalists
924794,0,0,High,Medium,Rising Loyalists
924796,2,1,Medium,High,Loyal Premium Travelers
924878,2,0,Medium,Medium,Mainstream Core Travelers
924936,0,1,High,High,Elite Frequent Flyers
925164,2,0,Medium,Medium,Mainstream Core Travelers
925198,2,0,Medium,Medium,Mainstream Core Travelers
925254,0,0,High,Medium,Rising Loyalists
925340,0,0,High,Medium,Rising Loyalists
925353,0,0,High,Medium,Rising Loyalists
925385,0,0,High,Medium,Rising Loyalists
925413,0,0,High,Medium,Rising Loyalists
925433,0,0,High,Medium,Rising Loyalists
925504,0,0,High,Medium,Rising Loyalists
925573,0,1,High,High,Elite Frequent Flyers
925609,0,0,High,Medium,Rising Loyalists
925767,2,0,Medium,Medium,Mainstream Core Travelers
925819,0,0,High,Medium,Rising Loyalists
925850,2,0,Medium,Medium,Mainstream Core Travelers
925918,1,0,Low,Medium,Value Fading
925978,0,1,High,High,Elite Frequent Flyers
925979,2,0,Medium,Medium,Mainstream Core Travelers
926058,2,0,Medium,Medium,Mainstream Core Travelers
926083,0,0,High,Medium,Rising Loyalists
926106,0,0,High,Medium,Rising Loyalists
926129,0,0,High,Medium,Rising Loyalists
926175,0,0,High,Medium,Rising Loyalists
926250,0,0,High,Medium,Rising Loyalists
926277,0,0,High,Medium,Rising Loyalists
926300,0,0,High,Medium,Rising Loyalists
926315,2,0,Medium,Medium,Mainstream Core Travelers
926451,0,1,High,High,Elite Frequent Flyers
926494,0,0,High,Medium,Rising Loyalists
926531,2,0,Medium,Medium,Mainstream Core Travelers
926609,0,0,High,Medium,Rising Loyalists
926611,0,0,High,Medium,Rising Loyalists
926867,2,0,Medium,Medium,Mainstream Core Travelers
926874,2,0,Medium,Medium,Mainstream Core Travelers
926961,0,0,High,Medium,Rising Loyalists
926967,2,0,Medium,Medium,Mainstream Core Travelers
927026,0,0,High,Medium,Rising Loyalists
927165,2,0,Medium,Medium,Mainstream Core Travelers
927202,0,0,High,Medium,Rising Loyalists
927305,0,0,High,Medium,Rising Loyalists
927339,0,0,High,Medium,Rising Loyalists
927401,0,0,High,Medium,Rising Loyalists
927446,2,0,Medium,Medium,Mainstream Core Travelers
927559,2,0,Medium,Medium,Mainstream Core Travelers
927676,0,0,High,Medium,Rising Loyalists
927703,0,0,High,Medium,Rising Loyalists
927721,2,0,Medium,Medium,Mainstream Core Travelers
927848,0,0,High,Medium,Rising Loyalists
927887,0,0,High,Medium,Rising Loyalists
927937,0,0,High,Medium,Rising Loyalists
927943,0,0,High,Medium,Rising Loyalists
927975,0,0,High,Medium,Rising Loyalists
928082,0,0,High,Medium,Rising Loyalists
928116,0,1,High,High,Elite Frequent Flyers
928153,0,0,High,Medium,Rising Loyalists
928188,2,0,Medium,Medium,Mainstream Core Travelers
928238,0,0,High,Medium,Rising Loyalists
928291,0,0,High,Medium,Rising Loyalists
928292,0,0,High,Medium,Rising Loyalists
928294,0,0,High,Medium,Rising Loyalists
928354,0,0,High,Medium,Rising Loyalists
928438,2,0,Medium,Medium,Mainstream Core Travelers
928644,0,0,High,Medium,Rising Loyalists
928734,2,1,Medium,High,Loyal Premium Travelers
928804,0,0,High,Medium,Rising Loyalists
928868,0,0,High,Medium,Rising Loyalists
928916,0,0,High,Medium,Rising Loyalists
928922,0,0,High,Medium,Rising Loyalists
928942,0,0,High,Medium,Rising Loyalists
928957,0,0,High,Medium,Rising Loyalists
928964,0,0,High,Medium,Rising Loyalists
929009,0,0,High,Medium,Rising Loyalists
929097,0,0,High,Medium,Rising Loyalists
929231,2,0,Medium,Medium,Mainstream Core Travelers
929282,0,0,High,Medium,Rising Loyalists
929302,0,0,High,Medium,Rising Loyalists
929410,0,0,High,Medium,Rising Loyalists
929451,0,0,High,Medium,Rising Loyalists
929455,2,0,Medium,Medium,Mainstream Core Travelers
929701,0,0,High,Medium,Rising Loyalists
929707,0,0,High,Medium,Rising Loyalists
929712,2,0,Medium,Medium,Mainstream Core Travelers
929728,0,0,High,Medium,Rising Loyalists
929871,0,0,High,Medium,Rising Loyalists
929880,0,0,High,Medium,Rising Loyalists
929885,0,0,High,Medium,Rising Loyalists
929913,0,0,High,Medium,Rising Loyalists
929980,0,0,High,Medium,Rising Loyalists
930041,2,0,Medium,Medium,Mainstream Core Travelers
930089,2,0,Medium,Medium,Mainstream Core Travelers
930209,0,0,High,Medium,Rising Loyalists
930325,0,1,High,High,Elite Frequent Flyers
930337,2,0,Medium,Medium,Mainstream Core Travelers
930489,0,0,High,Medium,Rising Loyalists
930502,0,0,High,Medium,Rising Loyalists
930562,0,0,High,Medium,Rising Loyalists
930584,0,0,High,Medium,Rising Loyalists
930620,2,0,Medium,Medium,Mainstream Core Travelers
930718,0,0,High,Medium,Rising Loyalists
930774,2,0,Medium,Medium,Mainstream Core Travelers
930848,0,0,High,Medium,Rising Loyalists
930887,2,0,Medium,Medium,Mainstream Core Travelers
930893,0,0,High,Medium,Rising Loyalists
930900,0,0,High,Medium,Rising Loyalists
930921,0,0,High,Medium,Rising Loyalists
931054,2,0,Medium,Medium,Mainstream Core Travelers
931097,0,0,High,Medium,Rising Loyalists
931135,0,0,High,Medium,Rising Loyalists
931170,2,1,Medium,High,Loyal Premium Travelers
931183,0,0,High,Medium,Rising Loyalists
931238,2,0,Medium,Medium,Mainstream Core Travelers
931244,0,0,High,Medium,Rising Loyalists
931247,0,0,High,Medium,Rising Loyalists
931537,0,0,High,Medium,Rising Loyalists
931622,2,0,Medium,Medium,Mainstream Core Travelers
931657,0,0,High,Medium,Rising Loyalists
931701,2,1,Medium,High,Loyal Premium Travelers
931828,2,0,Medium,Medium,Mainstream Core Travelers
931834,2,0,Medium,Medium,Mainstream Core Travelers
931914,0,0,High,Medium,Rising Loyalists
932100,2,0,Medium,Medium,Mainstream Core Travelers
932233,0,0,High,Medium,Rising Loyalists
932244,2,0,Medium,Medium,Mainstream Core Travelers
932249,0,0,High,Medium,Rising Loyalists
932261,2,0,Medium,Medium,Mainstream Core Travelers
932270,0,0,High,Medium,Rising Loyalists
932323,2,0,Medium,Medium,Mainstream Core Travelers
932363,2,0,Medium,Medium,Mainstream Core Travelers
932405,0,0,High,Medium,Rising Loyalists
932453,0,0,High,Medium,Rising Loyalists
932513,0,0,High,Medium,Rising Loyalists
932526,2,0,Medium,Medium,Mainstream Core Travelers
932572,0,0,High,Medium,Rising Loyalists
932599,2,0,Medium,Medium,Mainstream Core Travelers
932623,0,0,High,Medium,Rising Loyalists
932745,0,0,High,Medium,Rising Loyalists
932748,2,0,Medium,Medium,Mainstream Core Travelers
932823,0,0,High,Medium,Rising Loyalists
932973,0,0,High,Medium,Rising Loyalists
933053,2,0,Medium,Medium,Mainstream Core Travelers
933187,0,1,High,High,Elite Frequent Flyers
933208,0,1,High,High,Elite Frequent Flyers
933233,0,0,High,Medium,Rising Loyalists
933251,2,1,Medium,High,Loyal Premium Travelers
933259,2,0,Medium,Medium,Mainstream Core Travelers
933552,2,0,Medium,Medium,Mainstream Core Travelers
933642,0,0,High,Medium,Rising Loyalists
933656,0,0,High,Medium,Rising Loyalists
933682,2,0,Medium,Medium,Mainstream Core Travelers
933707,0,0,High,Medium,Rising Loyalists
933779,2,0,Medium,Medium,Mainstream Core Travelers
933807,2,0,Medium,Medium,Mainstream Core Travelers
933848,0,0,High,Medium,Rising Loyalists
933865,1,0,Low,Medium,Value Fading
933968,0,0,High,Medium,Rising Loyalists
934134,0,0,High,Medium,Rising Loyalists
934150,2,0,Medium,Medium,Mainstream Core Travelers
934212,0,0,High,Medium,Rising Loyalists
934235,0,0,High,Medium,Rising Loyalists
934267,0,0,High,Medium,Rising Loyalists
934271,2,0,Medium,Medium,Mainstream Core Travelers
934280,0,0,High,Medium,Rising Loyalists
934529,2,0,Medium,Medium,Mainstream Core Travelers
934577,2,0,Medium,Medium,Mainstream Core Travelers
934604,0,0,High,Medium,Rising Loyalists
934893,0,0,High,Medium,Rising Loyalists
934912,0,0,High,Medium,Rising Loyalists
935068,0,0,High,Medium,Rising Loyalists
935110,0,0,High,Medium,Rising Loyalists
935161,0,0,High,Medium,Rising Loyalists
935235,0,0,High,Medium,Rising Loyalists
935253,0,0,High,Medium,Rising Loyalists
935274,0,0,High,Medium,Rising Loyalists
935313,2,0,Medium,Medium,Mainstream Core Travelers
935328,0,0,High,Medium,Rising Loyalists
935420,0,0,High,Medium,Rising Loyalists
935504,0,0,High,Medium,Rising Loyalists
935570,0,0,High,Medium,Rising Loyalists
935665,2,1,Medium,High,Loyal Premium Travelers
935738,0,0,High,Medium,Rising Loyalists
935836,2,0,Medium,Medium,Mainstream Core Travelers
935862,2,0,Medium,Medium,Mainstream Core Travelers
935876,0,0,High,Medium,Rising Loyalists
936010,2,0,Medium,Medium,Mainstream Core Travelers
936044,2,1,Medium,High,Loyal Premium Travelers
936088,0,0,High,Medium,Rising Loyalists
936211,0,0,High,Medium,Rising Loyalists
936214,0,0,High,Medium,Rising Loyalists
936232,2,0,Medium,Medium,Mainstream Core Travelers
936273,0,1,High,High,Elite Frequent Flyers
936305,0,0,High,Medium,Rising Loyalists
936319,0,0,High,Medium,Rising Loyalists
936440,0,0,High,Medium,Rising Loyalists
936547,0,0,High,Medium,Rising Loyalists
936570,0,0,High,Medium,Rising Loyalists
936603,2,0,Medium,Medium,Mainstream Core Travelers
936612,2,0,Medium,Medium,Mainstream Core Travelers
936723,2,0,Medium,Medium,Mainstream Core Travelers
936761,2,0,Medium,Medium,Mainstream Core Travelers
936860,2,0,Medium,Medium,Mainstream Core Travelers
937030,0,0,High,Medium,Rising Loyalists
937065,0,0,High,Medium,Rising Loyalists
937071,2,1,Medium,High,Loyal Premium Travelers
937127,0,0,High,Medium,Rising Loyalists
937163,0,0,High,Medium,Rising Loyalists
937228,0,0,High,Medium,Rising Loyalists
937250,0,0,High,Medium,Rising Loyalists
937254,2,1,Medium,High,Loyal Premium Travelers
937312,0,0,High,Medium,Rising Loyalists
937385,0,0,High,Medium,Rising Loyalists
937418,0,0,High,Medium,Rising Loyalists
937430,0,0,High,Medium,Rising Loyalists
937476,0,0,High,Medium,Rising Loyalists
937484,2,0,Medium,Medium,Mainstream Core Travelers
937512,0,1,High,High,Elite Frequent Flyers
937638,0,0,High,Medium,Rising Loyalists
937645,0,0,High,Medium,Rising Loyalists
937662,0,1,High,High,Elite Frequent Flyers
937742,0,0,High,Medium,Rising Loyalists
937788,0,0,High,Medium,Rising Loyalists
937849,2,0,Medium,Medium,Mainstream Core Travelers
937862,0,0,High,Medium,Rising Loyalists
937911,0,0,High,Medium,Rising Loyalists
937922,0,0,High,Medium,Rising Loyalists
937946,0,1,High,High,Elite Frequent Flyers
937956,0,0,High,Medium,Rising Loyalists
937976,2,0,Medium,Medium,Mainstream Core Travelers
938031,0,0,High,Medium,Rising Loyalists
938093,0,0,High,Medium,Rising Loyalists
938126,2,0,Medium,Medium,Mainstream Core Travelers
938323,0,0,High,Medium,Rising Loyalists
938324,0,0,High,Medium,Rising Loyalists
938482,2,0,Medium,Medium,Mainstream Core Travelers
938516,0,0,High,Medium,Rising Loyalists
938603,0,0,High,Medium,Rising Loyalists
938628,0,0,High,Medium,Rising Loyalists
938636,0,0,High,Medium,Rising Loyalists
938719,2,0,Medium,Medium,Mainstream Core Travelers
938822,0,0,High,Medium,Rising Loyalists
938830,2,0,Medium,Medium,Mainstream Core Travelers
938873,0,0,High,Medium,Rising Loyalists
938914,0,0,High,Medium,Rising Loyalists
938981,2,0,Medium,Medium,Mainstream Core Travelers
939074,2,0,Medium,Medium,Mainstream Core Travelers
939094,0,1,High,High,Elite Frequent Flyers
939098,0,0,High,Medium,Rising Loyalists
939103,0,0,High,Medium,Rising Loyalists
939204,2,0,Medium,Medium,Mainstream Core Travelers
939238,2,1,Medium,High,Loyal Premium Travelers
939289,2,0,Medium,Medium,Mainstream Core Travelers
939319,0,0,High,Medium,Rising Loyalists
939320,2,0,Medium,Medium,Mainstream Core Travelers
939333,2,0,Medium,Medium,Mainstream Core Travelers
939399,0,1,High,High,Elite Frequent Flyers
939428,0,0,High,Medium,Rising Loyalists
939431,0,0,High,Medium,Rising Loyalists
939466,0,0,High,Medium,Rising Loyalists
939474,2,0,Medium,Medium,Mainstream Core Travelers
939485,0,0,High,Medium,Rising Loyalists
939521,2,0,Medium,Medium,Mainstream Core Travelers
939562,0,0,High,Medium,Rising Loyalists
939571,0,1,High,High,Elite Frequent Flyers
939593,2,0,Medium,Medium,Mainstream Core Travelers
939683,0,0,High,Medium,Rising Loyalists
939741,0,0,High,Medium,Rising Loyalists
939752,0,0,High,Medium,Rising Loyalists
939760,2,0,Medium,Medium,Mainstream Core Travelers
939766,0,0,High,Medium,Rising Loyalists
939856,2,0,Medium,Medium,Mainstream Core Travelers
939932,0,0,High,Medium,Rising Loyalists
939961,0,0,High,Medium,Rising Loyalists
939992,2,0,Medium,Medium,Mainstream Core Travelers
940156,0,0,High,Medium,Rising Loyalists
940187,2,0,Medium,Medium,Mainstream Core Travelers
940200,2,0,Medium,Medium,Mainstream Core Travelers
940213,0,1,High,High,Elite Frequent Flyers
940249,0,0,High,Medium,Rising Loyalists
940256,0,0,High,Medium,Rising Loyalists
940523,2,0,Medium,Medium,Mainstream Core Travelers
940711,0,0,High,Medium,Rising Loyalists
940760,0,0,High,Medium,Rising Loyalists
940796,0,0,High,Medium,Rising Loyalists
940822,0,0,High,Medium,Rising Loyalists
940874,2,0,Medium,Medium,Mainstream Core Travelers
940901,2,0,Medium,Medium,Mainstream Core Travelers
940904,1,0,Low,Medium,Value Fading
941064,0,0,High,Medium,Rising Loyalists
941092,2,0,Medium,Medium,Mainstream Core Travelers
941109,0,0,High,Medium,Rising Loyalists
941122,0,0,High,Medium,Rising Loyalists
941127,0,0,High,Medium,Rising Loyalists
941170,0,0,High,Medium,Rising Loyalists
941194,2,0,Medium,Medium,Mainstream Core Travelers
941324,2,0,Medium,Medium,Mainstream Core Travelers
941361,0,0,High,Medium,Rising Loyalists
941380,0,0,High,Medium,Rising Loyalists
941545,2,0,Medium,Medium,Mainstream Core Travelers
941621,2,0,Medium,Medium,Mainstream Core Travelers
941679,0,0,High,Medium,Rising Loyalists
941683,0,0,High,Medium,Rising Loyalists
941719,2,0,Medium,Medium,Mainstream Core Travelers
941852,0,1,High,High,Elite Frequent Flyers
941865,0,0,High,Medium,Rising Loyalists
941882,0,0,High,Medium,Rising Loyalists
941984,0,0,High,Medium,Rising Loyalists
942017,2,0,Medium,Medium,Mainstream Core Travelers
942083,0,0,High,Medium,Rising Loyalists
942102,0,0,High,Medium,Rising Loyalists
942189,2,0,Medium,Medium,Mainstream Core Travelers
942191,2,0,Medium,Medium,Mainstream Core Travelers
942194,2,0,Medium,Medium,Mainstream Core Travelers
942287,2,0,Medium,Medium,Mainstream Core Travelers
942355,0,0,High,Medium,Rising Loyalists
942403,0,0,High,Medium,Rising Loyalists
942413,0,0,High,Medium,Rising Loyalists
942535,0,1,High,High,Elite Frequent Flyers
942601,0,1,High,High,Elite Frequent Flyers
942681,0,0,High,Medium,Rising Loyalists
942685,2,0,Medium,Medium,Mainstream Core Travelers
942703,0,0,High,Medium,Rising Loyalists
942779,0,0,High,Medium,Rising Loyalists
942819,0,0,High,Medium,Rising Loyalists
942926,2,0,Medium,Medium,Mainstream Core Travelers
942952,2,1,Medium,High,Loyal Premium Travelers
942984,2,0,Medium,Medium,Mainstream Core Travelers
943048,0,0,High,Medium,Rising Loyalists
943056,2,0,Medium,Medium,Mainstream Core Travelers
943068,0,0,High,Medium,Rising Loyalists
943195,2,0,Medium,Medium,Mainstream Core Travelers
943211,0,0,High,Medium,Rising Loyalists
943236,2,0,Medium,Medium,Mainstream Core Travelers
943380,0,0,High,Medium,Rising Loyalists
943393,2,1,Medium,High,Loyal Premium Travelers
943425,2,0,Medium,Medium,Mainstream Core Travelers
943460,0,0,High,Medium,Rising Loyalists
943553,0,0,High,Medium,Rising Loyalists
943602,2,0,Medium,Medium,Mainstream Core Travelers
943647,0,1,High,High,Elite Frequent Flyers
943668,2,0,Medium,Medium,Mainstream Core Travelers
943756,0,0,High,Medium,Rising Loyalists
943775,0,0,High,Medium,Rising Loyalists
943804,0,0,High,Medium,Rising Loyalists
943997,2,0,Medium,Medium,Mainstream Core Travelers
944035,0,0,High,Medium,Rising Loyalists
944093,0,0,High,Medium,Rising Loyalists
944124,0,0,High,Medium,Rising Loyalists
944243,2,0,Medium,Medium,Mainstream Core Travelers
944261,0,0,High,Medium,Rising Loyalists
944355,0,0,High,Medium,Rising Loyalists
944454,2,0,Medium,Medium,Mainstream Core Travelers
944491,2,0,Medium,Medium,Mainstream Core Travelers
944506,0,1,High,High,Elite Frequent Flyers
944541,0,1,High,High,Elite Frequent Flyers
944636,0,1,High,High,Elite Frequent Flyers
944702,0,1,High,High,Elite Frequent Flyers
944750,0,0,High,Medium,Rising Loyalists
944810,0,0,High,Medium,Rising Loyalists
944821,0,0,High,Medium,Rising Loyalists
944855,0,0,High,Medium,Rising Loyalists
944980,0,0,High,Medium,Rising Loyalists
945014,0,0,High,Medium,Rising Loyalists
945015,0,1,High,High,Elite Frequent Flyers
945037,0,1,High,High,Elite Frequent Flyers
945050,2,0,Medium,Medium,Mainstream Core Travelers
945064,0,0,High,Medium,Rising Loyalists
945091,0,0,High,Medium,Rising Loyalists
945133,0,0,High,Medium,Rising Loyalists
945166,0,0,High,Medium,Rising Loyalists
945199,2,0,Medium,Medium,Mainstream Core Travelers
945379,2,0,Medium,Medium,Mainstream Core Travelers
945430,0,0,High,Medium,Rising Loyalists
945455,2,0,Medium,Medium,Mainstream Core Travelers
945479,0,0,High,Medium,Rising Loyalists
945485,0,0,High,Medium,Rising Loyalists
945703,2,0,Medium,Medium,Mainstream Core Travelers
945761,2,0,Medium,Medium,Mainstream Core Travelers
945765,0,0,High,Medium,Rising Loyalists
945780,0,0,High,Medium,Rising Loyalists
945834,2,0,Medium,Medium,Mainstream Core Travelers
945974,0,0,High,Medium,Rising Loyalists
945996,0,1,High,High,Elite Frequent Flyers
946001,0,0,High,Medium,Rising Loyalists
946061,0,0,High,Medium,Rising Loyalists
946070,0,0,High,Medium,Rising Loyalists
946172,0,0,High,Medium,Rising Loyalists
946258,0,0,High,Medium,Rising Loyalists
946439,2,1,Medium,High,Loyal Premium Travelers
946525,0,0,High,Medium,Rising Loyalists
946645,2,0,Medium,Medium,Mainstream Core Travelers
946771,0,0,High,Medium,Rising Loyalists
946816,0,1,High,High,Elite Frequent Flyers
946932,0,0,High,Medium,Rising Loyalists
946956,2,0,Medium,Medium,Mainstream Core Travelers
946963,2,0,Medium,Medium,Mainstream Core Travelers
946998,0,0,High,Medium,Rising Loyalists
947001,0,0,High,Medium,Rising Loyalists
947026,0,1,High,High,Elite Frequent Flyers
947099,0,0,High,Medium,Rising Loyalists
947123,2,0,Medium,Medium,Mainstream Core Travelers
947158,2,0,Medium,Medium,Mainstream Core Travelers
947234,2,0,Medium,Medium,Mainstream Core Travelers
947367,0,0,High,Medium,Rising Loyalists
947408,0,0,High,Medium,Rising Loyalists
947467,0,0,High,Medium,Rising Loyalists
947497,0,0,High,Medium,Rising Loyalists
947620,0,0,High,Medium,Rising Loyalists
947635,0,0,High,Medium,Rising Loyalists
947641,2,0,Medium,Medium,Mainstream Core Travelers
947679,2,0,Medium,Medium,Mainstream Core Travelers
947711,0,0,High,Medium,Rising Loyalists
947750,0,0,High,Medium,Rising Loyalists
947763,2,1,Medium,High,Loyal Premium Travelers
947778,2,0,Medium,Medium,Mainstream Core Travelers
947863,0,0,High,Medium,Rising Loyalists
947868,0,0,High,Medium,Rising Loyalists
947876,0,0,High,Medium,Rising Loyalists
947906,0,0,High,Medium,Rising Loyalists
948051,0,0,High,Medium,Rising Loyalists
948053,0,0,High,Medium,Rising Loyalists
948117,0,0,High,Medium,Rising Loyalists
948145,0,0,High,Medium,Rising Loyalists
948325,0,0,High,Medium,Rising Loyalists
948327,2,0,Medium,Medium,Mainstream Core Travelers
948404,0,0,High,Medium,Rising Loyalists
948489,0,0,High,Medium,Rising Loyalists
948576,0,0,High,Medium,Rising Loyalists
948591,0,0,High,Medium,Rising Loyalists
948616,0,0,High,Medium,Rising Loyalists
948658,0,0,High,Medium,Rising Loyalists
948662,0,0,High,Medium,Rising Loyalists
948693,0,0,High,Medium,Rising Loyalists
948714,0,0,High,Medium,Rising Loyalists
948747,0,0,High,Medium,Rising Loyalists
948783,0,0,High,Medium,Rising Loyalists
948785,0,0,High,Medium,Rising Loyalists
948815,0,0,High,Medium,Rising Loyalists
948825,0,0,High,Medium,Rising Loyalists
948831,0,0,High,Medium,Rising Loyalists
948950,0,0,High,Medium,Rising Loyalists
948961,2,0,Medium,Medium,Mainstream Core Travelers
949134,0,0,High,Medium,Rising Loyalists
949175,0,0,High,Medium,Rising Loyalists
949290,0,1,High,High,Elite Frequent Flyers
949406,0,0,High,Medium,Rising Loyalists
949612,2,0,Medium,Medium,Mainstream Core Travelers
949628,2,0,Medium,Medium,Mainstream Core Travelers
949821,2,0,Medium,Medium,Mainstream Core Travelers
949829,0,0,High,Medium,Rising Loyalists
949890,0,0,High,Medium,Rising Loyalists
949952,0,0,High,Medium,Rising Loyalists
949974,2,0,Medium,Medium,Mainstream Core Travelers
950029,0,0,High,Medium,Rising Loyalists
950107,2,0,Medium,Medium,Mainstream Core Travelers
950193,0,0,High,Medium,Rising Loyalists
950213,0,0,High,Medium,Rising Loyalists
950216,2,0,Medium,Medium,Mainstream Core Travelers
950252,2,0,Medium,Medium,Mainstream Core Travelers
950304,2,0,Medium,Medium,Mainstream Core Travelers
950336,0,0,High,Medium,Rising Loyalists
950356,0,0,High,Medium,Rising Loyalists
950390,2,0,Medium,Medium,Mainstream Core Travelers
950391,0,0,High,Medium,Rising Loyalists
950393,0,0,High,Medium,Rising Loyalists
950403,0,0,High,Medium,Rising Loyalists
950437,0,0,High,Medium,Rising Loyalists
950445,0,0,High,Medium,Rising Loyalists
950446,0,0,High,Medium,Rising Loyalists
950467,0,0,High,Medium,Rising Loyalists
950593,0,0,High,Medium,Rising Loyalists
950660,0,0,High,Medium,Rising Loyalists
950707,0,1,High,High,Elite Frequent Flyers
950832,0,0,High,Medium,Rising Loyalists
950896,2,0,Medium,Medium,Mainstream Core Travelers
950914,0,0,High,Medium,Rising Loyalists
950915,0,0,High,Medium,Rising Loyalists
950933,0,0,High,Medium,Rising Loyalists
950947,2,0,Medium,Medium,Mainstream Core Travelers
950961,2,0,Medium,Medium,Mainstream Core Travelers
950980,0,0,High,Medium,Rising Loyalists
951116,2,0,Medium,Medium,Mainstream Core Travelers
951226,0,0,High,Medium,Rising Loyalists
951353,2,0,Medium,Medium,Mainstream Core Travelers
951389,0,0,High,Medium,Rising Loyalists
951458,0,0,High,Medium,Rising Loyalists
951546,0,0,High,Medium,Rising Loyalists
951616,0,0,High,Medium,Rising Loyalists
951624,0,0,High,Medium,Rising Loyalists
951712,0,0,High,Medium,Rising Loyalists
951719,0,0,High,Medium,Rising Loyalists
951746,2,0,Medium,Medium,Mainstream Core Travelers
951781,0,0,High,Medium,Rising Loyalists
951879,2,0,Medium,Medium,Mainstream Core Travelers
951941,0,0,High,Medium,Rising Loyalists
951954,0,0,High,Medium,Rising Loyalists
952003,0,0,High,Medium,Rising Loyalists
952026,0,0,High,Medium,Rising Loyalists
952077,0,0,High,Medium,Rising Loyalists
952093,0,0,High,Medium,Rising Loyalists
952163,2,1,Medium,High,Loyal Premium Travelers
952222,0,0,High,Medium,Rising Loyalists
952244,2,0,Medium,Medium,Mainstream Core Travelers
952322,0,0,High,Medium,Rising Loyalists
952326,0,1,High,High,Elite Frequent Flyers
952393,2,0,Medium,Medium,Mainstream Core Travelers
952434,2,1,Medium,High,Loyal Premium Travelers
952493,0,0,High,Medium,Rising Loyalists
952532,2,0,Medium,Medium,Mainstream Core Travelers
952545,0,0,High,Medium,Rising Loyalists
952573,2,0,Medium,Medium,Mainstream Core Travelers
952582,2,0,Medium,Medium,Mainstream Core Travelers
952602,2,0,Medium,Medium,Mainstream Core Travelers
952629,0,0,High,Medium,Rising Loyalists
952641,0,0,High,Medium,Rising Loyalists
952672,2,0,Medium,Medium,Mainstream Core Travelers
952696,2,1,Medium,High,Loyal Premium Travelers
952717,0,0,High,Medium,Rising Loyalists
952730,0,0,High,Medium,Rising Loyalists
952859,2,0,Medium,Medium,Mainstream Core Travelers
952911,2,0,Medium,Medium,Mainstream Core Travelers
952938,0,0,High,Medium,Rising Loyalists
952955,0,0,High,Medium,Rising Loyalists
952959,0,0,High,Medium,Rising Loyalists
953097,0,0,High,Medium,Rising Loyalists
953198,0,0,High,Medium,Rising Loyalists
953210,2,0,Medium,Medium,Mainstream Core Travelers
953281,0,0,High,Medium,Rising Loyalists
953307,2,0,Medium,Medium,Mainstream Core Travelers
953341,0,0,High,Medium,Rising Loyalists
953420,2,0,Medium,Medium,Mainstream Core Travelers
953431,0,0,High,Medium,Rising Loyalists
953448,2,0,Medium,Medium,Mainstream Core Travelers
953612,2,0,Medium,Medium,Mainstream Core Travelers
953614,0,1,High,High,Elite Frequent Flyers
953673,0,0,High,Medium,Rising Loyalists
953693,0,1,High,High,Elite Frequent Flyers
953757,2,0,Medium,Medium,Mainstream Core Travelers
953784,2,0,Medium,Medium,Mainstream Core Travelers
953795,0,0,High,Medium,Rising Loyalists
953892,2,0,Medium,Medium,Mainstream Core Travelers
953927,2,0,Medium,Medium,Mainstream Core Travelers
954174,0,0,High,Medium,Rising Loyalists
954231,0,0,High,Medium,Rising Loyalists
954293,2,0,Medium,Medium,Mainstream Core Travelers
954329,2,0,Medium,Medium,Mainstream Core Travelers
954424,0,0,High,Medium,Rising Loyalists
954453,0,0,High,Medium,Rising Loyalists
954454,2,1,Medium,High,Loyal Premium Travelers
954558,0,0,High,Medium,Rising Loyalists
954570,0,0,High,Medium,Rising Loyalists
954587,2,1,Medium,High,Loyal Premium Travelers
954599,2,0,Medium,Medium,Mainstream Core Travelers
954718,2,0,Medium,Medium,Mainstream Core Travelers
954750,0,0,High,Medium,Rising Loyalists
954773,2,0,Medium,Medium,Mainstream Core Travelers
954836,0,1,High,High,Elite Frequent Flyers
954952,0,0,High,Medium,Rising Loyalists
954973,0,0,High,Medium,Rising Loyalists
955087,0,0,High,Medium,Rising Loyalists
955130,2,0,Medium,Medium,Mainstream Core Travelers
955138,2,0,Medium,Medium,Mainstream Core Travelers
955178,0,0,High,Medium,Rising Loyalists
955292,2,0,Medium,Medium,Mainstream Core Travelers
955424,0,0,High,Medium,Rising Loyalists
955448,2,0,Medium,Medium,Mainstream Core Travelers
955463,0,1,High,High,Elite Frequent Flyers
955479,0,0,High,Medium,Rising Loyalists
955533,2,0,Medium,Medium,Mainstream Core Travelers
955567,2,0,Medium,Medium,Mainstream Core Travelers
955633,0,0,High,Medium,Rising Loyalists
955649,0,0,High,Medium,Rising Loyalists
955652,0,1,High,High,Elite Frequent Flyers
955666,0,0,High,Medium,Rising Loyalists
955716,0,0,High,Medium,Rising Loyalists
955720,0,0,High,Medium,Rising Loyalists
955750,0,1,High,High,Elite Frequent Flyers
955773,2,0,Medium,Medium,Mainstream Core Travelers
955991,0,0,High,Medium,Rising Loyalists
956005,0,0,High,Medium,Rising Loyalists
956071,0,0,High,Medium,Rising Loyalists
956081,2,0,Medium,Medium,Mainstream Core Travelers
956144,0,0,High,Medium,Rising Loyalists
956191,0,0,High,Medium,Rising Loyalists
956233,2,1,Medium,High,Loyal Premium Travelers
956402,0,0,High,Medium,Rising Loyalists
956438,0,0,High,Medium,Rising Loyalists
956477,0,0,High,Medium,Rising Loyalists
956558,2,0,Medium,Medium,Mainstream Core Travelers
956619,0,0,High,Medium,Rising Loyalists
956630,2,0,Medium,Medium,Mainstream Core Travelers
956843,0,0,High,Medium,Rising Loyalists
956861,0,0,High,Medium,Rising Loyalists
956908,0,0,High,Medium,Rising Loyalists
956946,0,0,High,Medium,Rising Loyalists
957008,0,0,High,Medium,Rising Loyalists
957061,0,0,High,Medium,Rising Loyalists
957127,0,0,High,Medium,Rising Loyalists
957214,0,0,High,Medium,Rising Loyalists
957276,2,0,Medium,Medium,Mainstream Core Travelers
957325,2,0,Medium,Medium,Mainstream Core Travelers
957377,2,0,Medium,Medium,Mainstream Core Travelers
957413,0,0,High,Medium,Rising Loyalists
957419,0,0,High,Medium,Rising Loyalists
957452,0,0,High,Medium,Rising Loyalists
957557,0,0,High,Medium,Rising Loyalists
957571,0,0,High,Medium,Rising Loyalists
957572,0,0,High,Medium,Rising Loyalists
957628,0,0,High,Medium,Rising Loyalists
957686,0,0,High,Medium,Rising Loyalists
957764,0,0,High,Medium,Rising Loyalists
957881,0,0,High,Medium,Rising Loyalists
957901,0,0,High,Medium,Rising Loyalists
957912,0,0,High,Medium,Rising Loyalists
958005,0,0,High,Medium,Rising Loyalists
958026,2,0,Medium,Medium,Mainstream Core Travelers
958059,0,0,High,Medium,Rising Loyalists
958143,0,0,High,Medium,Rising Loyalists
958224,0,0,High,Medium,Rising Loyalists
958243,0,0,High,Medium,Rising Loyalists
958274,0,0,High,Medium,Rising Loyalists
958283,2,1,Medium,High,Loyal Premium Travelers
958299,2,1,Medium,High,Loyal Premium Travelers
958472,0,0,High,Medium,Rising Loyalists
958491,0,0,High,Medium,Rising Loyalists
958518,2,0,Medium,Medium,Mainstream Core Travelers
958544,0,1,High,High,Elite Frequent Flyers
958687,0,0,High,Medium,Rising Loyalists
958709,0,0,High,Medium,Rising Loyalists
958743,2,0,Medium,Medium,Mainstream Core Travelers
958767,0,0,High,Medium,Rising Loyalists
958791,0,0,High,Medium,Rising Loyalists
958800,0,0,High,Medium,Rising Loyalists
958839,2,0,Medium,Medium,Mainstream Core Travelers
958869,2,1,Medium,High,Loyal Premium Travelers
958915,0,0,High,Medium,Rising Loyalists
958923,0,0,High,Medium,Rising Loyalists
958931,0,0,High,Medium,Rising Loyalists
958941,2,0,Medium,Medium,Mainstream Core Travelers
959027,2,0,Medium,Medium,Mainstream Core Travelers
959044,0,0,High,Medium,Rising Loyalists
959059,0,0,High,Medium,Rising Loyalists
959137,0,0,High,Medium,Rising Loyalists
959179,2,1,Medium,High,Loyal Premium Travelers
959192,0,0,High,Medium,Rising Loyalists
959280,0,0,High,Medium,Rising Loyalists
959364,2,0,Medium,Medium,Mainstream Core Travelers
959402,0,0,High,Medium,Rising Loyalists
959453,2,0,Medium,Medium,Mainstream Core Travelers
959478,0,0,High,Medium,Rising Loyalists
959514,2,0,Medium,Medium,Mainstream Core Travelers
959673,0,0,High,Medium,Rising Loyalists
959728,2,0,Medium,Medium,Mainstream Core Travelers
959778,2,0,Medium,Medium,Mainstream Core Travelers
959793,0,1,High,High,Elite Frequent Flyers
959821,0,0,High,Medium,Rising Loyalists
959977,2,0,Medium,Medium,Mainstream Core Travelers
960005,0,0,High,Medium,Rising Loyalists
960050,2,0,Medium,Medium,Mainstream Core Travelers
960082,0,0,High,Medium,Rising Loyalists
960195,0,0,High,Medium,Rising Loyalists
960253,2,0,Medium,Medium,Mainstream Core Travelers
960309,0,0,High,Medium,Rising Loyalists
960417,2,0,Medium,Medium,Mainstream Core Travelers
960441,0,1,High,High,Elite Frequent Flyers
960555,2,0,Medium,Medium,Mainstream Core Travelers
960629,0,0,High,Medium,Rising Loyalists
960678,2,0,Medium,Medium,Mainstream Core Travelers
960708,0,0,High,Medium,Rising Loyalists
960761,2,1,Medium,High,Loyal Premium Travelers
960913,0,0,High,Medium,Rising Loyalists
960934,0,0,High,Medium,Rising Loyalists
960959,2,1,Medium,High,Loyal Premium Travelers
961177,2,0,Medium,Medium,Mainstream Core Travelers
961213,2,0,Medium,Medium,Mainstream Core Travelers
961218,0,0,High,Medium,Rising Loyalists
961264,2,1,Medium,High,Loyal Premium Travelers
961331,0,0,High,Medium,Rising Loyalists
961427,0,0,High,Medium,Rising Loyalists
961440,2,1,Medium,High,Loyal Premium Travelers
961455,2,0,Medium,Medium,Mainstream Core Travelers
961463,0,0,High,Medium,Rising Loyalists
961512,2,0,Medium,Medium,Mainstream Core Travelers
961533,0,0,High,Medium,Rising Loyalists
961595,0,0,High,Medium,Rising Loyalists
961639,0,0,High,Medium,Rising Loyalists
961650,2,0,Medium,Medium,Mainstream Core Travelers
961682,0,0,High,Medium,Rising Loyalists
961837,0,0,High,Medium,Rising Loyalists
961961,0,1,High,High,Elite Frequent Flyers
961965,0,1,High,High,Elite Frequent Flyers
961978,0,0,High,Medium,Rising Loyalists
962011,0,0,High,Medium,Rising Loyalists
962055,2,0,Medium,Medium,Mainstream Core Travelers
962267,2,0,Medium,Medium,Mainstream Core Travelers
962278,2,0,Medium,Medium,Mainstream Core Travelers
962455,0,0,High,Medium,Rising Loyalists
962472,2,0,Medium,Medium,Mainstream Core Travelers
962480,2,0,Medium,Medium,Mainstream Core Travelers
962566,2,0,Medium,Medium,Mainstream Core Travelers
962600,2,1,Medium,High,Loyal Premium Travelers
962637,0,0,High,Medium,Rising Loyalists
962657,0,0,High,Medium,Rising Loyalists
962661,0,0,High,Medium,Rising Loyalists
962730,0,0,High,Medium,Rising Loyalists
962801,0,0,High,Medium,Rising Loyalists
962989,0,1,High,High,Elite Frequent Flyers
963016,0,0,High,Medium,Rising Loyalists
963036,0,0,High,Medium,Rising Loyalists
963067,0,1,High,High,Elite Frequent Flyers
963100,0,0,High,Medium,Rising Loyalists
963170,2,0,Medium,Medium,Mainstream Core Travelers
963410,0,0,High,Medium,Rising Loyalists
963464,0,0,High,Medium,Rising Loyalists
963473,0,0,High,Medium,Rising Loyalists
963487,0,0,High,Medium,Rising Loyalists
963502,0,0,High,Medium,Rising Loyalists
963523,0,0,High,Medium,Rising Loyalists
963541,2,0,Medium,Medium,Mainstream Core Travelers
963595,0,0,High,Medium,Rising Loyalists
963619,2,0,Medium,Medium,Mainstream Core Travelers
963642,0,0,High,Medium,Rising Loyalists
963644,0,0,High,Medium,Rising Loyalists
963690,2,0,Medium,Medium,Mainstream Core Travelers
963757,0,0,High,Medium,Rising Loyalists
963814,0,0,High,Medium,Rising Loyalists
963921,2,0,Medium,Medium,Mainstream Core Travelers
963985,0,0,High,Medium,Rising Loyalists
964047,0,0,High,Medium,Rising Loyalists
964151,0,1,High,High,Elite Frequent Flyers
964159,0,0,High,Medium,Rising Loyalists
964206,2,0,Medium,Medium,Mainstream Core Travelers
964744,0,0,High,Medium,Rising Loyalists
964789,0,0,High,Medium,Rising Loyalists
964791,2,0,Medium,Medium,Mainstream Core Travelers
965012,0,0,High,Medium,Rising Loyalists
965066,2,0,Medium,Medium,Mainstream Core Travelers
965079,0,0,High,Medium,Rising Loyalists
965116,0,0,High,Medium,Rising Loyalists
965154,2,0,Medium,Medium,Mainstream Core Travelers
965254,2,0,Medium,Medium,Mainstream Core Travelers
965482,0,0,High,Medium,Rising Loyalists
965590,0,0,High,Medium,Rising Loyalists
965605,0,0,High,Medium,Rising Loyalists
965674,0,0,High,Medium,Rising Loyalists
965688,0,0,High,Medium,Rising Loyalists
965691,2,0,Medium,Medium,Mainstream Core Travelers
965698,0,0,High,Medium,Rising Loyalists
965713,0,1,High,High,Elite Frequent Flyers
965751,2,1,Medium,High,Loyal Premium Travelers
965758,0,0,High,Medium,Rising Loyalists
965948,0,0,High,Medium,Rising Loyalists
966059,0,0,High,Medium,Rising Loyalists
966089,2,0,Medium,Medium,Mainstream Core Travelers
966117,0,0,High,Medium,Rising Loyalists
966142,2,0,Medium,Medium,Mainstream Core Travelers
966204,0,0,High,Medium,Rising Loyalists
966210,2,0,Medium,Medium,Mainstream Core Travelers
966227,2,0,Medium,Medium,Mainstream Core Travelers
966285,0,0,High,Medium,Rising Loyalists
966350,2,1,Medium,High,Loyal Premium Travelers
966372,0,0,High,Medium,Rising Loyalists
966389,0,0,High,Medium,Rising Loyalists
966391,0,0,High,Medium,Rising Loyalists
966512,2,0,Medium,Medium,Mainstream Core Travelers
966580,0,0,High,Medium,Rising Loyalists
966688,2,0,Medium,Medium,Mainstream Core Travelers
966698,2,0,Medium,Medium,Mainstream Core Travelers
966729,0,0,High,Medium,Rising Loyalists
966797,0,0,High,Medium,Rising Loyalists
966891,0,0,High,Medium,Rising Loyalists
966920,2,0,Medium,Medium,Mainstream Core Travelers
966949,2,0,Medium,Medium,Mainstream Core Travelers
966953,0,0,High,Medium,Rising Loyalists
967017,0,0,High,Medium,Rising Loyalists
967032,2,0,Medium,Medium,Mainstream Core Travelers
967035,0,0,High,Medium,Rising Loyalists
967093,0,0,High,Medium,Rising Loyalists
967150,0,0,High,Medium,Rising Loyalists
967233,2,0,Medium,Medium,Mainstream Core Travelers
967241,0,0,High,Medium,Rising Loyalists
967253,2,0,Medium,Medium,Mainstream Core Travelers
967274,2,0,Medium,Medium,Mainstream Core Travelers
967298,0,0,High,Medium,Rising Loyalists
967300,2,0,Medium,Medium,Mainstream Core Travelers
967347,2,0,Medium,Medium,Mainstream Core Travelers
967443,0,0,High,Medium,Rising Loyalists
967462,0,0,High,Medium,Rising Loyalists
967490,0,0,High,Medium,Rising Loyalists
967500,2,0,Medium,Medium,Mainstream Core Travelers
967502,2,0,Medium,Medium,Mainstream Core Travelers
967628,0,0,High,Medium,Rising Loyalists
967634,2,0,Medium,Medium,Mainstream Core Travelers
967637,0,0,High,Medium,Rising Loyalists
967693,2,0,Medium,Medium,Mainstream Core Travelers
967727,2,0,Medium,Medium,Mainstream Core Travelers
967738,2,0,Medium,Medium,Mainstream Core Travelers
967772,0,0,High,Medium,Rising Loyalists
967819,2,1,Medium,High,Loyal Premium Travelers
967838,0,0,High,Medium,Rising Loyalists
967883,0,0,High,Medium,Rising Loyalists
967904,0,0,High,Medium,Rising Loyalists
967966,0,0,High,Medium,Rising Loyalists
968034,0,0,High,Medium,Rising Loyalists
968064,2,1,Medium,High,Loyal Premium Travelers
968090,0,0,High,Medium,Rising Loyalists
968225,0,0,High,Medium,Rising Loyalists
968253,0,0,High,Medium,Rising Loyalists
968312,0,0,High,Medium,Rising Loyalists
968325,0,0,High,Medium,Rising Loyalists
968370,0,0,High,Medium,Rising Loyalists
968447,0,0,High,Medium,Rising Loyalists
968450,0,0,High,Medium,Rising Loyalists
968484,0,0,High,Medium,Rising Loyalists
968497,0,1,High,High,Elite Frequent Flyers
968608,0,0,High,Medium,Rising Loyalists
968632,0,0,High,Medium,Rising Loyalists
968638,2,0,Medium,Medium,Mainstream Core Travelers
968666,0,0,High,Medium,Rising Loyalists
968671,0,0,High,Medium,Rising Loyalists
968764,2,0,Medium,Medium,Mainstream Core Travelers
968807,0,0,High,Medium,Rising Loyalists
968828,2,0,Medium,Medium,Mainstream Core Travelers
968842,2,1,Medium,High,Loyal Premium Travelers
968867,2,0,Medium,Medium,Mainstream Core Travelers
968943,0,0,High,Medium,Rising Loyalists
969053,0,0,High,Medium,Rising Loyalists
969092,0,0,High,Medium,Rising Loyalists
969165,2,1,Medium,High,Loyal Premium Travelers
969219,2,0,Medium,Medium,Mainstream Core Travelers
969277,0,0,High,Medium,Rising Loyalists
969313,0,0,High,Medium,Rising Loyalists
969318,0,0,High,Medium,Rising Loyalists
969342,0,0,High,Medium,Rising Loyalists
969350,0,0,High,Medium,Rising Loyalists
969360,0,0,High,Medium,Rising Loyalists
969378,0,0,High,Medium,Rising Loyalists
969483,0,0,High,Medium,Rising Loyalists
969485,0,0,High,Medium,Rising Loyalists
969500,0,0,High,Medium,Rising Loyalists
969586,0,0,High,Medium,Rising Loyalists
969616,0,0,High,Medium,Rising Loyalists
969617,2,0,Medium,Medium,Mainstream Core Travelers
969626,0,0,High,Medium,Rising Loyalists
969632,0,0,High,Medium,Rising Loyalists
969653,2,0,Medium,Medium,Mainstream Core Travelers
969687,0,0,High,Medium,Rising Loyalists
969689,0,0,High,Medium,Rising Loyalists
969719,2,1,Medium,High,Loyal Premium Travelers
969732,0,0,High,Medium,Rising Loyalists
969764,0,1,High,High,Elite Frequent Flyers
969800,2,0,Medium,Medium,Mainstream Core Travelers
969810,0,0,High,Medium,Rising Loyalists
969860,2,0,Medium,Medium,Mainstream Core Travelers
969913,0,0,High,Medium,Rising Loyalists
969924,0,0,High,Medium,Rising Loyalists
969933,0,0,High,Medium,Rising Loyalists
969938,0,0,High,Medium,Rising Loyalists
970014,2,0,Medium,Medium,Mainstream Core Travelers
970092,0,0,High,Medium,Rising Loyalists
970102,0,0,High,Medium,Rising Loyalists
970152,2,0,Medium,Medium,Mainstream Core Travelers
970154,0,0,High,Medium,Rising Loyalists
970195,0,1,High,High,Elite Frequent Flyers
970351,0,0,High,Medium,Rising Loyalists
970401,2,0,Medium,Medium,Mainstream Core Travelers
970576,2,0,Medium,Medium,Mainstream Core Travelers
970637,0,0,High,Medium,Rising Loyalists
970639,0,0,High,Medium,Rising Loyalists
970706,0,0,High,Medium,Rising Loyalists
970746,0,0,High,Medium,Rising Loyalists
970783,2,0,Medium,Medium,Mainstream Core Travelers
970964,0,0,High,Medium,Rising Loyalists
970976,0,0,High,Medium,Rising Loyalists
971030,2,0,Medium,Medium,Mainstream Core Travelers
971097,0,0,High,Medium,Rising Loyalists
971107,0,1,High,High,Elite Frequent Flyers
971142,0,0,High,Medium,Rising Loyalists
971157,0,0,High,Medium,Rising Loyalists
971164,0,0,High,Medium,Rising Loyalists
971318,0,0,High,Medium,Rising Loyalists
971370,0,0,High,Medium,Rising Loyalists
971488,0,0,High,Medium,Rising Loyalists
971528,0,0,High,Medium,Rising Loyalists
971581,0,1,High,High,Elite Frequent Flyers
971582,0,0,High,Medium,Rising Loyalists
971599,0,0,High,Medium,Rising Loyalists
971608,2,0,Medium,Medium,Mainstream Core Travelers
971609,2,0,Medium,Medium,Mainstream Core Travelers
971627,0,0,High,Medium,Rising Loyalists
971637,0,0,High,Medium,Rising Loyalists
971670,2,0,Medium,Medium,Mainstream Core Travelers
971902,2,0,Medium,Medium,Mainstream Core Travelers
971987,0,0,High,Medium,Rising Loyalists
972121,0,0,High,Medium,Rising Loyalists
972129,0,1,High,High,Elite Frequent Flyers
972157,0,0,High,Medium,Rising Loyalists
972222,0,0,High,Medium,Rising Loyalists
972298,0,0,High,Medium,Rising Loyalists
972462,2,1,Medium,High,Loyal Premium Travelers
972581,0,0,High,Medium,Rising Loyalists
972636,0,0,High,Medium,Rising Loyalists
972648,0,0,High,Medium,Rising Loyalists
972671,2,0,Medium,Medium,Mainstream Core Travelers
972673,0,0,High,Medium,Rising Loyalists
972686,0,0,High,Medium,Rising Loyalists
972732,0,0,High,Medium,Rising Loyalists
972787,2,0,Medium,Medium,Mainstream Core Travelers
972791,2,0,Medium,Medium,Mainstream Core Travelers
972795,0,0,High,Medium,Rising Loyalists
972954,2,0,Medium,Medium,Mainstream Core Travelers
972964,2,0,Medium,Medium,Mainstream Core Travelers
972994,0,0,High,Medium,Rising Loyalists
973059,2,0,Medium,Medium,Mainstream Core Travelers
973060,2,0,Medium,Medium,Mainstream Core Travelers
973070,2,1,Medium,High,Loyal Premium Travelers
973104,2,0,Medium,Medium,Mainstream Core Travelers
973111,0,0,High,Medium,Rising Loyalists
973112,0,0,High,Medium,Rising Loyalists
973168,0,0,High,Medium,Rising Loyalists
973357,0,0,High,Medium,Rising Loyalists
973407,2,0,Medium,Medium,Mainstream Core Travelers
973485,0,0,High,Medium,Rising Loyalists
973524,0,0,High,Medium,Rising Loyalists
973609,2,0,Medium,Medium,Mainstream Core Travelers
973728,0,0,High,Medium,Rising Loyalists
973846,0,0,High,Medium,Rising Loyalists
973860,0,0,High,Medium,Rising Loyalists
973897,0,0,High,Medium,Rising Loyalists
973921,0,0,High,Medium,Rising Loyalists
973951,0,0,High,Medium,Rising Loyalists
974041,0,0,High,Medium,Rising Loyalists
974114,0,0,High,Medium,Rising Loyalists
974189,2,0,Medium,Medium,Mainstream Core Travelers
974209,0,0,High,Medium,Rising Loyalists
974265,2,0,Medium,Medium,Mainstream Core Travelers
974330,0,0,High,Medium,Rising Loyalists
974441,2,0,Medium,Medium,Mainstream Core Travelers
974500,0,0,High,Medium,Rising Loyalists
974606,0,0,High,Medium,Rising Loyalists
974617,0,0,High,Medium,Rising Loyalists
974630,0,0,High,Medium,Rising Loyalists
974715,2,0,Medium,Medium,Mainstream Core Travelers
974738,2,1,Medium,High,Loyal Premium Travelers
974758,2,0,Medium,Medium,Mainstream Core Travelers
974777,0,0,High,Medium,Rising Loyalists
974829,0,0,High,Medium,Rising Loyalists
974848,2,0,Medium,Medium,Mainstream Core Travelers
974875,0,1,High,High,Elite Frequent Flyers
975181,2,0,Medium,Medium,Mainstream Core Travelers
975199,0,0,High,Medium,Rising Loyalists
975212,2,1,Medium,High,Loyal Premium Travelers
975218,2,0,Medium,Medium,Mainstream Core Travelers
975298,0,0,High,Medium,Rising Loyalists
975309,0,0,High,Medium,Rising Loyalists
975387,0,0,High,Medium,Rising Loyalists
975407,0,0,High,Medium,Rising Loyalists
975412,0,0,High,Medium,Rising Loyalists
975466,2,0,Medium,Medium,Mainstream Core Travelers
975477,0,0,High,Medium,Rising Loyalists
975497,0,0,High,Medium,Rising Loyalists
975531,2,0,Medium,Medium,Mainstream Core Travelers
975613,2,0,Medium,Medium,Mainstream Core Travelers
975614,0,0,High,Medium,Rising Loyalists
975692,2,0,Medium,Medium,Mainstream Core Travelers
975749,0,0,High,Medium,Rising Loyalists
975767,0,0,High,Medium,Rising Loyalists
975846,0,0,High,Medium,Rising Loyalists
975918,0,0,High,Medium,Rising Loyalists
975944,0,0,High,Medium,Rising Loyalists
975949,0,0,High,Medium,Rising Loyalists
976004,2,0,Medium,Medium,Mainstream Core Travelers
976007,0,1,High,High,Elite Frequent Flyers
976153,0,0,High,Medium,Rising Loyalists
976307,0,0,High,Medium,Rising Loyalists
976330,1,0,Low,Medium,Value Fading
976413,0,0,High,Medium,Rising Loyalists
976423,0,0,High,Medium,Rising Loyalists
976489,0,0,High,Medium,Rising Loyalists
976513,0,0,High,Medium,Rising Loyalists
976529,0,0,High,Medium,Rising Loyalists
976596,0,0,High,Medium,Rising Loyalists
976605,0,0,High,Medium,Rising Loyalists
976623,0,0,High,Medium,Rising Loyalists
976636,2,0,Medium,Medium,Mainstream Core Travelers
976695,0,0,High,Medium,Rising Loyalists
976700,0,0,High,Medium,Rising Loyalists
976831,2,0,Medium,Medium,Mainstream Core Travelers
976834,2,0,Medium,Medium,Mainstream Core Travelers
977037,2,0,Medium,Medium,Mainstream Core Travelers
977080,0,0,High,Medium,Rising Loyalists
977178,0,1,High,High,Elite Frequent Flyers
977236,2,0,Medium,Medium,Mainstream Core Travelers
977244,0,1,High,High,Elite Frequent Flyers
977274,0,0,High,Medium,Rising Loyalists
977303,0,0,High,Medium,Rising Loyalists
977305,0,0,High,Medium,Rising Loyalists
977363,2,0,Medium,Medium,Mainstream Core Travelers
977377,2,0,Medium,Medium,Mainstream Core Travelers
977523,0,0,High,Medium,Rising Loyalists
977550,0,1,High,High,Elite Frequent Flyers
977676,2,0,Medium,Medium,Mainstream Core Travelers
977693,2,0,Medium,Medium,Mainstream Core Travelers
977916,0,0,High,Medium,Rising Loyalists
978040,2,1,Medium,High,Loyal Premium Travelers
978048,0,0,High,Medium,Rising Loyalists
978130,0,0,High,Medium,Rising Loyalists
978349,0,0,High,Medium,Rising Loyalists
978484,0,0,High,Medium,Rising Loyalists
978654,0,0,High,Medium,Rising Loyalists
978676,0,0,High,Medium,Rising Loyalists
978712,0,0,High,Medium,Rising Loyalists
978907,2,1,Medium,High,Loyal Premium Travelers
978934,2,1,Medium,High,Loyal Premium Travelers
979010,0,0,High,Medium,Rising Loyalists
979053,0,0,High,Medium,Rising Loyalists
979075,2,0,Medium,Medium,Mainstream Core Travelers
979115,0,0,High,Medium,Rising Loyalists
979135,0,0,High,Medium,Rising Loyalists
979168,2,0,Medium,Medium,Mainstream Core Travelers
979262,0,0,High,Medium,Rising Loyalists
979309,0,0,High,Medium,Rising Loyalists
979330,2,0,Medium,Medium,Mainstream Core Travelers
979355,0,0,High,Medium,Rising Loyalists
979389,0,0,High,Medium,Rising Loyalists
979449,2,0,Medium,Medium,Mainstream Core Travelers
979467,0,0,High,Medium,Rising Loyalists
979548,0,0,High,Medium,Rising Loyalists
979575,0,0,High,Medium,Rising Loyalists
979598,0,0,High,Medium,Rising Loyalists
979634,0,0,High,Medium,Rising Loyalists
979639,0,0,High,Medium,Rising Loyalists
979644,0,0,High,Medium,Rising Loyalists
979703,0,0,High,Medium,Rising Loyalists
979776,0,0,High,Medium,Rising Loyalists
979901,0,0,High,Medium,Rising Loyalists
979983,2,0,Medium,Medium,Mainstream Core Travelers
980145,2,1,Medium,High,Loyal Premium Travelers
980198,0,0,High,Medium,Rising Loyalists
980338,0,0,High,Medium,Rising Loyalists
980414,0,0,High,Medium,Rising Loyalists
980478,0,0,High,Medium,Rising Loyalists
980494,2,0,Medium,Medium,Mainstream Core Travelers
980575,0,0,High,Medium,Rising Loyalists
980651,0,0,High,Medium,Rising Loyalists
980761,0,0,High,Medium,Rising Loyalists
980788,0,0,High,Medium,Rising Loyalists
980837,2,0,Medium,Medium,Mainstream Core Travelers
980856,0,0,High,Medium,Rising Loyalists
980915,0,0,High,Medium,Rising Loyalists
980935,0,0,High,Medium,Rising Loyalists
980952,0,0,High,Medium,Rising Loyalists
981091,0,0,High,Medium,Rising Loyalists
981117,2,0,Medium,Medium,Mainstream Core Travelers
981150,0,0,High,Medium,Rising Loyalists
981160,0,0,High,Medium,Rising Loyalists
981195,0,0,High,Medium,Rising Loyalists
981198,2,0,Medium,Medium,Mainstream Core Travelers
981201,0,0,High,Medium,Rising Loyalists
981220,2,0,Medium,Medium,Mainstream Core Travelers
981304,0,1,High,High,Elite Frequent Flyers
981343,0,0,High,Medium,Rising Loyalists
981395,0,0,High,Medium,Rising Loyalists
981427,0,0,High,Medium,Rising Loyalists
981434,0,0,High,Medium,Rising Loyalists
981508,0,0,High,Medium,Rising Loyalists
981536,0,0,High,Medium,Rising Loyalists
981581,0,0,High,Medium,Rising Loyalists
981664,0,0,High,Medium,Rising Loyalists
981674,0,0,High,Medium,Rising Loyalists
981691,0,1,High,High,Elite Frequent Flyers
981737,0,0,High,Medium,Rising Loyalists
981848,0,0,High,Medium,Rising Loyalists
981851,0,1,High,High,Elite Frequent Flyers
981920,0,0,High,Medium,Rising Loyalists
982017,0,0,High,Medium,Rising Loyalists
982059,0,0,High,Medium,Rising Loyalists
982096,0,0,High,Medium,Rising Loyalists
982202,2,0,Medium,Medium,Mainstream Core Travelers
982296,0,0,High,Medium,Rising Loyalists
982416,0,0,High,Medium,Rising Loyalists
982433,2,0,Medium,Medium,Mainstream Core Travelers
982446,0,0,High,Medium,Rising Loyalists
982501,2,0,Medium,Medium,Mainstream Core Travelers
982508,0,0,High,Medium,Rising Loyalists
982528,2,0,Medium,Medium,Mainstream Core Travelers
982535,0,0,High,Medium,Rising Loyalists
982542,2,0,Medium,Medium,Mainstream Core Travelers
982543,2,0,Medium,Medium,Mainstream Core Travelers
982578,0,0,High,Medium,Rising Loyalists
982608,2,0,Medium,Medium,Mainstream Core Travelers
982715,0,0,High,Medium,Rising Loyalists
982895,2,0,Medium,Medium,Mainstream Core Travelers
982969,0,0,High,Medium,Rising Loyalists
983130,2,1,Medium,High,Loyal Premium Travelers
983199,2,0,Medium,Medium,Mainstream Core Travelers
983242,0,0,High,Medium,Rising Loyalists
983353,2,0,Medium,Medium,Mainstream Core Travelers
983393,0,0,High,Medium,Rising Loyalists
983416,0,0,High,Medium,Rising Loyalists
983440,2,1,Medium,High,Loyal Premium Travelers
983450,2,0,Medium,Medium,Mainstream Core Travelers
983524,0,0,High,Medium,Rising Loyalists
983551,0,0,High,Medium,Rising Loyalists
983713,0,0,High,Medium,Rising Loyalists
983809,0,0,High,Medium,Rising Loyalists
983810,2,0,Medium,Medium,Mainstream Core Travelers
983822,0,0,High,Medium,Rising Loyalists
983855,2,0,Medium,Medium,Mainstream Core Travelers
983872,2,0,Medium,Medium,Mainstream Core Travelers
983900,0,0,High,Medium,Rising Loyalists
983968,0,0,High,Medium,Rising Loyalists
984055,2,0,Medium,Medium,Mainstream Core Travelers
984086,0,0,High,Medium,Rising Loyalists
984115,0,0,High,Medium,Rising Loyalists
984180,2,0,Medium,Medium,Mainstream Core Travelers
984290,0,0,High,Medium,Rising Loyalists
984409,0,0,High,Medium,Rising Loyalists
984429,0,0,High,Medium,Rising Loyalists
984545,0,0,High,Medium,Rising Loyalists
984636,0,0,High,Medium,Rising Loyalists
984713,2,0,Medium,Medium,Mainstream Core Travelers
984798,0,0,High,Medium,Rising Loyalists
984824,2,0,Medium,Medium,Mainstream Core Travelers
984878,0,0,High,Medium,Rising Loyalists
984968,2,1,Medium,High,Loyal Premium Travelers
985115,2,0,Medium,Medium,Mainstream Core Travelers
985183,0,0,High,Medium,Rising Loyalists
985211,0,0,High,Medium,Rising Loyalists
985266,0,0,High,Medium,Rising Loyalists
985320,2,0,Medium,Medium,Mainstream Core Travelers
985341,0,0,High,Medium,Rising Loyalists
985374,0,0,High,Medium,Rising Loyalists
985427,2,0,Medium,Medium,Mainstream Core Travelers
985516,0,0,High,Medium,Rising Loyalists
985622,2,0,Medium,Medium,Mainstream Core Travelers
985707,2,0,Medium,Medium,Mainstream Core Travelers
985757,0,0,High,Medium,Rising Loyalists
985765,0,0,High,Medium,Rising Loyalists
985839,0,0,High,Medium,Rising Loyalists
986018,0,0,High,Medium,Rising Loyalists
986055,0,0,High,Medium,Rising Loyalists
986086,0,0,High,Medium,Rising Loyalists
986126,2,0,Medium,Medium,Mainstream Core Travelers
986143,0,0,High,Medium,Rising Loyalists
986208,0,0,High,Medium,Rising Loyalists
986217,0,0,High,Medium,Rising Loyalists
986288,0,0,High,Medium,Rising Loyalists
986421,0,0,High,Medium,Rising Loyalists
986461,0,0,High,Medium,Rising Loyalists
986507,0,0,High,Medium,Rising Loyalists
986551,0,0,High,Medium,Rising Loyalists
986623,0,0,High,Medium,Rising Loyalists
986792,2,0,Medium,Medium,Mainstream Core Travelers
986825,0,0,High,Medium,Rising Loyalists
987122,0,0,High,Medium,Rising Loyalists
987153,0,0,High,Medium,Rising Loyalists
987171,0,0,High,Medium,Rising Loyalists
987205,0,1,High,High,Elite Frequent Flyers
987221,0,0,High,Medium,Rising Loyalists
987347,0,1,High,High,Elite Frequent Flyers
987425,0,0,High,Medium,Rising Loyalists
987482,0,0,High,Medium,Rising Loyalists
987530,0,1,High,High,Elite Frequent Flyers
987612,0,0,High,Medium,Rising Loyalists
987921,0,0,High,Medium,Rising Loyalists
987978,2,0,Medium,Medium,Mainstream Core Travelers
988043,0,1,High,High,Elite Frequent Flyers
988149,2,0,Medium,Medium,Mainstream Core Travelers
988178,0,0,High,Medium,Rising Loyalists
988223,2,0,Medium,Medium,Mainstream Core Travelers
988234,2,1,Medium,High,Loyal Premium Travelers
988249,0,0,High,Medium,Rising Loyalists
988307,0,0,High,Medium,Rising Loyalists
988345,0,0,High,Medium,Rising Loyalists
988392,0,0,High,Medium,Rising Loyalists
988419,2,0,Medium,Medium,Mainstream Core Travelers
988510,0,0,High,Medium,Rising Loyalists
988552,2,1,Medium,High,Loyal Premium Travelers
988594,2,0,Medium,Medium,Mainstream Core Travelers
988638,0,0,High,Medium,Rising Loyalists
988691,0,1,High,High,Elite Frequent Flyers
988728,2,0,Medium,Medium,Mainstream Core Travelers
988839,2,0,Medium,Medium,Mainstream Core Travelers
988921,0,0,High,Medium,Rising Loyalists
988927,2,0,Medium,Medium,Mainstream Core Travelers
989040,2,0,Medium,Medium,Mainstream Core Travelers
989048,0,0,High,Medium,Rising Loyalists
989067,2,0,Medium,Medium,Mainstream Core Travelers
989081,2,0,Medium,Medium,Mainstream Core Travelers
989134,0,0,High,Medium,Rising Loyalists
989148,0,0,High,Medium,Rising Loyalists
989154,0,0,High,Medium,Rising Loyalists
989220,2,0,Medium,Medium,Mainstream Core Travelers
989256,0,0,High,Medium,Rising Loyalists
989262,0,0,High,Medium,Rising Loyalists
989406,2,0,Medium,Medium,Mainstream Core Travelers
989429,2,0,Medium,Medium,Mainstream Core Travelers
989473,0,0,High,Medium,Rising Loyalists
989478,0,0,High,Medium,Rising Loyalists
989527,2,0,Medium,Medium,Mainstream Core Travelers
989528,2,0,Medium,Medium,Mainstream Core Travelers
989568,0,0,High,Medium,Rising Loyalists
989658,2,0,Medium,Medium,Mainstream Core Travelers
989666,0,0,High,Medium,Rising Loyalists
989746,0,1,High,High,Elite Frequent Flyers
989802,0,0,High,Medium,Rising Loyalists
989816,0,0,High,Medium,Rising Loyalists
989837,2,1,Medium,High,Loyal Premium Travelers
989986,0,0,High,Medium,Rising Loyalists
990077,0,0,High,Medium,Rising Loyalists
990122,2,0,Medium,Medium,Mainstream Core Travelers
990204,0,0,High,Medium,Rising Loyalists
990218,0,0,High,Medium,Rising Loyalists
990268,0,0,High,Medium,Rising Loyalists
990512,0,0,High,Medium,Rising Loyalists
990595,0,0,High,Medium,Rising Loyalists
990598,0,0,High,Medium,Rising Loyalists
990728,2,0,Medium,Medium,Mainstream Core Travelers
990905,0,0,High,Medium,Rising Loyalists
990918,0,0,High,Medium,Rising Loyalists
990933,0,0,High,Medium,Rising Loyalists
990947,2,0,Medium,Medium,Mainstream Core Travelers
990955,0,0,High,Medium,Rising Loyalists
991050,0,1,High,High,Elite Frequent Flyers
991056,2,0,Medium,Medium,Mainstream Core Travelers
991084,0,0,High,Medium,Rising Loyalists
991090,0,0,High,Medium,Rising Loyalists
991189,2,0,Medium,Medium,Mainstream Core Travelers
991210,2,0,Medium,Medium,Mainstream Core Travelers
991213,2,0,Medium,Medium,Mainstream Core Travelers
991230,0,0,High,Medium,Rising Loyalists
991275,2,1,Medium,High,Loyal Premium Travelers
991356,0,0,High,Medium,Rising Loyalists
991371,2,0,Medium,Medium,Mainstream Core Travelers
991419,0,0,High,Medium,Rising Loyalists
991442,2,0,Medium,Medium,Mainstream Core Travelers
991529,0,0,High,Medium,Rising Loyalists
991568,0,0,High,Medium,Rising Loyalists
991627,2,0,Medium,Medium,Mainstream Core Travelers
991638,0,0,High,Medium,Rising Loyalists
991672,0,0,High,Medium,Rising Loyalists
991893,0,0,High,Medium,Rising Loyalists
991924,0,0,High,Medium,Rising Loyalists
991983,2,0,Medium,Medium,Mainstream Core Travelers
992002,0,0,High,Medium,Rising Loyalists
992028,0,0,High,Medium,Rising Loyalists
992065,2,0,Medium,Medium,Mainstream Core Travelers
992072,0,0,High,Medium,Rising Loyalists
992168,0,0,High,Medium,Rising Loyalists
992194,0,0,High,Medium,Rising Loyalists
992268,0,0,High,Medium,Rising Loyalists
992476,0,0,High,Medium,Rising Loyalists
992488,0,0,High,Medium,Rising Loyalists
992499,2,0,Medium,Medium,Mainstream Core Travelers
992524,0,0,High,Medium,Rising Loyalists
992538,0,0,High,Medium,Rising Loyalists
992542,2,0,Medium,Medium,Mainstream Core Travelers
992631,2,0,Medium,Medium,Mainstream Core Travelers
992769,2,0,Medium,Medium,Mainstream Core Travelers
992854,0,0,High,Medium,Rising Loyalists
992886,0,0,High,Medium,Rising Loyalists
992930,0,0,High,Medium,Rising Loyalists
992985,0,0,High,Medium,Rising Loyalists
992986,0,0,High,Medium,Rising Loyalists
993054,0,0,High,Medium,Rising Loyalists
993058,0,0,High,Medium,Rising Loyalists
993170,2,0,Medium,Medium,Mainstream Core Travelers
993241,2,0,Medium,Medium,Mainstream Core Travelers
993266,0,1,High,High,Elite Frequent Flyers
993271,0,0,High,Medium,Rising Loyalists
993328,0,0,High,Medium,Rising Loyalists
993350,2,0,Medium,Medium,Mainstream Core Travelers
993650,0,0,High,Medium,Rising Loyalists
993986,0,0,High,Medium,Rising Loyalists
994044,2,0,Medium,Medium,Mainstream Core Travelers
994219,2,0,Medium,Medium,Mainstream Core Travelers
994225,0,0,High,Medium,Rising Loyalists
994285,0,0,High,Medium,Rising Loyalists
994308,2,0,Medium,Medium,Mainstream Core Travelers
994374,0,0,High,Medium,Rising Loyalists
994377,0,0,High,Medium,Rising Loyalists
994443,0,0,High,Medium,Rising Loyalists
994541,0,0,High,Medium,Rising Loyalists
994571,0,0,High,Medium,Rising Loyalists
994609,0,0,High,Medium,Rising Loyalists
994676,0,0,High,Medium,Rising Loyalists
994679,2,0,Medium,Medium,Mainstream Core Travelers
994707,0,0,High,Medium,Rising Loyalists
994763,0,0,High,Medium,Rising Loyalists
994803,2,1,Medium,High,Loyal Premium Travelers
994877,0,0,High,Medium,Rising Loyalists
994940,0,1,High,High,Elite Frequent Flyers
994993,0,0,High,Medium,Rising Loyalists
995079,2,1,Medium,High,Loyal Premium Travelers
995091,2,0,Medium,Medium,Mainstream Core Travelers
995128,0,0,High,Medium,Rising Loyalists
995142,0,0,High,Medium,Rising Loyalists
995333,0,0,High,Medium,Rising Loyalists
995404,2,0,Medium,Medium,Mainstream Core Travelers
995527,0,0,High,Medium,Rising Loyalists
995662,0,0,High,Medium,Rising Loyalists
995693,2,0,Medium,Medium,Mainstream Core Travelers
995695,0,0,High,Medium,Rising Loyalists
995734,0,0,High,Medium,Rising Loyalists
995777,0,0,High,Medium,Rising Loyalists
995812,2,0,Medium,Medium,Mainstream Core Travelers
995868,2,0,Medium,Medium,Mainstream Core Travelers
995877,2,0,Medium,Medium,Mainstream Core Travelers
995943,2,0,Medium,Medium,Mainstream Core Travelers
996086,0,0,High,Medium,Rising Loyalists
996152,2,0,Medium,Medium,Mainstream Core Travelers
996159,2,0,Medium,Medium,Mainstream Core Travelers
996231,2,0,Medium,Medium,Mainstream Core Travelers
996238,0,0,High,Medium,Rising Loyalists
996254,0,0,High,Medium,Rising Loyalists
996301,2,0,Medium,Medium,Mainstream Core Travelers
996333,0,0,High,Medium,Rising Loyalists
996349,0,0,High,Medium,Rising Loyalists
996488,0,0,High,Medium,Rising Loyalists
996539,0,0,High,Medium,Rising Loyalists
996616,0,0,High,Medium,Rising Loyalists
996639,0,0,High,Medium,Rising Loyalists
996686,0,0,High,Medium,Rising Loyalists
996745,0,0,High,Medium,Rising Loyalists
996794,0,0,High,Medium,Rising Loyalists
996796,0,0,High,Medium,Rising Loyalists
996896,0,0,High,Medium,Rising Loyalists
996900,0,1,High,High,Elite Frequent Flyers
996984,2,0,Medium,Medium,Mainstream Core Travelers
996989,0,0,High,Medium,Rising Loyalists
996997,0,0,High,Medium,Rising Loyalists
997008,2,0,Medium,Medium,Mainstream Core Travelers
997121,2,0,Medium,Medium,Mainstream Core Travelers
997189,0,0,High,Medium,Rising Loyalists
997322,0,0,High,Medium,Rising Loyalists
997359,0,0,High,Medium,Rising Loyalists
997370,2,0,Medium,Medium,Mainstream Core Travelers
997395,0,0,High,Medium,Rising Loyalists
997434,0,0,High,Medium,Rising Loyalists
997439,0,0,High,Medium,Rising Loyalists
997478,0,0,High,Medium,Rising Loyalists
997539,0,0,High,Medium,Rising Loyalists
997599,0,0,High,Medium,Rising Loyalists
997653,2,0,Medium,Medium,Mainstream Core Travelers
997654,0,0,High,Medium,Rising Loyalists
997710,2,0,Medium,Medium,Mainstream Core Travelers
997741,0,0,High,Medium,Rising Loyalists
997857,2,0,Medium,Medium,Mainstream Core Travelers
997912,2,1,Medium,High,Loyal Premium Travelers
997945,0,0,High,Medium,Rising Loyalists
997964,0,0,High,Medium,Rising Loyalists
998061,2,0,Medium,Medium,Mainstream Core Travelers
998072,0,0,High,Medium,Rising Loyalists
998078,0,0,High,Medium,Rising Loyalists
998085,0,0,High,Medium,Rising Loyalists
998090,0,0,High,Medium,Rising Loyalists
998112,0,0,High,Medium,Rising Loyalists
998192,2,0,Medium,Medium,Mainstream Core Travelers
998465,0,0,High,Medium,Rising Loyalists
998507,0,0,High,Medium,Rising Loyalists
998580,0,0,High,Medium,Rising Loyalists
998776,2,1,Medium,High,Loyal Premium Travelers
998820,0,0,High,Medium,Rising Loyalists
998934,0,0,High,Medium,Rising Loyalists
998972,0,0,High,Medium,Rising Loyalists
999120,0,0,High,Medium,Rising Loyalists
999143,2,0,Medium,Medium,Mainstream Core Travelers
999272,0,0,High,Medium,Rising Loyalists
999304,2,0,Medium,Medium,Mainstream Core Travelers
999460,2,1,Medium,High,Loyal Premium Travelers
999498,0,0,High,Medium,Rising Loyalists
999513,0,1,High,High,Elite Frequent Flyers
999524,0,0,High,Medium,Rising Loyalists
999550,0,0,High,Medium,Rising Loyalists
999589,2,0,Medium,Medium,Mainstream Core Travelers
999631,0,0,High,Medium,Rising Loyalists
999731,2,0,Medium,Medium,Mainstream Core Travelers
999758,2,1,Medium,High,Loyal Premium Travelers
999788,2,0,Medium,Medium,Mainstream Core Travelers
999891,1,0,Low,Medium,Value Fading
999902,0,0,High,Medium,Rising Loyalists
999911,2,0,Medium,Medium,Mainstream Core Travelers
999940,0,1,High,High,Elite Frequent Flyers
999982,2,0,Medium,Medium,Mainstream Core Travelers
999986,0,0,High,Medium,Rising Loyalists
