Loyalty#,cluster_behavior_agglomerative_ward,cluster_value_agglomerative_ward,agglomerative_ward_behavior_level,agglomerative_ward_value_level,agglomerative_ward_final_segment
100018,1,1,High,Low,Engaged Bargain Seekers
100102,1,1,High,Low,Engaged Bargain Seekers
100140,1,1,High,Low,Engaged Bargain Seekers
100214,1,1,High,Low,Engaged Bargain Seekers
100272,1,1,High,Low,Engaged Bargain Seekers
100301,1,2,High,Medium,Rising Loyalists
100364,1,1,High,Low,Engaged Bargain Seekers
100380,1,1,High,Low,Engaged Bargain Seekers
100428,1,1,High,Low,Engaged Bargain Seekers
100504,0,1,High,Low,Engaged Bargain Seekers
100550,1,1,High,Low,Engaged Bargain Seekers
100585,1,1,High,Low,Engaged Bargain Seekers
100590,0,2,High,Medium,Rising Loyalists
100642,1,1,High,Low,Engaged Bargain Seekers
100644,1,1,High,Low,Engaged Bargain Seekers
100646,1,1,High,Low,Engaged Bargain Seekers
100727,1,1,High,Low,Engaged Bargain Seekers
100737,1,1,High,Low,Engaged Bargain Seekers
100753,1,1,High,Low,Engaged Bargain Seekers
100816,1,1,High,Low,Engaged Bargain Seekers
100853,1,1,High,Low,Engaged Bargain Seekers
100883,1,1,High,Low,Engaged Bargain Seekers
100890,1,1,High,Low,Engaged Bargain Seekers
101018,1,1,High,Low,Engaged Bargain Seekers
101148,1,1,High,Low,Engaged Bargain Seekers
101356,3,0,Low,High,High-Value At-Risk
101363,1,1,High,Low,Engaged Bargain Seekers
101487,1,1,High,Low,Engaged Bargain Seekers
101515,1,1,High,Low,Engaged Bargain Seekers
101540,1,1,High,Low,Engaged Bargain Seekers
101544,1,2,High,Medium,Rising Loyalists
101547,0,1,High,Low,Engaged Bargain Seekers
101581,1,1,High,Low,Engaged Bargain Seekers
101594,1,1,High,Low,Engaged Bargain Seekers
101644,0,1,High,Low,Engaged Bargain Seekers
101663,1,1,High,Low,Engaged Bargain Seekers
101664,1,1,High,Low,Engaged Bargain Seekers
101709,1,1,High,Low,Engaged Bargain Seekers
101768,0,0,High,High,Elite Frequent Flyers
101876,0,1,High,Low,Engaged Bargain Seekers
101895,1,2,High,Medium,Rising Loyalists
101902,1,1,High,Low,Engaged Bargain Seekers
101945,1,1,High,Low,Engaged Bargain Seekers
102168,1,1,High,Low,Engaged Bargain Seekers
102184,1,1,High,Low,Engaged Bargain Seekers
102207,1,1,High,Low,Engaged Bargain Seekers
102299,1,1,High,Low,Engaged Bargain Seekers
102308,3,0,Low,High,High-Value At-Risk
102311,1,1,High,Low,Engaged Bargain Seekers
102376,0,1,High,Low,Engaged Bargain Seekers
102464,0,1,High,Low,Engaged Bargain Seekers
102615,0,1,High,Low,Engaged Bargain Seekers
102726,0,1,High,Low,Engaged Bargain Seekers
102730,1,1,High,Low,Engaged Bargain Seekers
102740,0,1,High,Low,Engaged Bargain Seekers
102788,1,1,High,Low,Engaged Bargain Seekers
102851,1,1,High,Low,Engaged Bargain Seekers
102877,1,1,High,Low,Engaged Bargain Seekers
102982,1,1,High,Low,Engaged Bargain Seekers
103043,1,1,High,Low,Engaged Bargain Seekers
103151,1,2,High,Medium,Rising Loyalists
103217,1,1,High,Low,Engaged Bargain Seekers
103304,1,1,High,Low,Engaged Bargain Seekers
103340,1,1,High,Low,Engaged Bargain Seekers
103352,3,0,Low,High,High-Value At-Risk
103359,1,1,High,Low,Engaged Bargain Seekers
103362,0,1,High,Low,Engaged Bargain Seekers
103383,3,0,Low,High,High-Value At-Risk
103436,1,1,High,Low,Engaged Bargain Seekers
103490,1,1,High,Low,Engaged Bargain Seekers
103502,1,1,High,Low,Engaged Bargain Seekers
103536,1,1,High,Low,Engaged Bargain Seekers
103699,1,1,High,Low,Engaged Bargain Seekers
103731,1,1,High,Low,Engaged Bargain Seekers
103758,0,1,High,Low,Engaged Bargain Seekers
103823,1,1,High,Low,Engaged Bargain Seekers
103860,1,1,High,Low,Engaged Bargain Seekers
103862,1,1,High,Low,Engaged Bargain Seekers
103916,1,1,High,Low,Engaged Bargain Seekers
103969,1,2,High,Medium,Rising Loyalists
103970,1,1,High,Low,Engaged Bargain Seekers
103975,0,1,High,Low,Engaged Bargain Seekers
103985,0,1,High,Low,Engaged Bargain Seekers
104103,1,1,High,Low,Engaged Bargain Seekers
104267,0,1,High,Low,Engaged Bargain Seekers
104353,1,1,High,Low,Engaged Bargain Seekers
104431,1,1,High,Low,Engaged Bargain Seekers
104541,1,1,High,Low,Engaged Bargain Seekers
104586,1,1,High,Low,Engaged Bargain Seekers
104673,1,1,High,Low,Engaged Bargain Seekers
104732,1,1,High,Low,Engaged Bargain Seekers
104739,3,0,Low,High,High-Value At-Risk
104849,1,1,High,Low,Engaged Bargain Seekers
104960,1,1,High,Low,Engaged Bargain Seekers
105063,0,1,High,Low,Engaged Bargain Seekers
105073,0,1,High,Low,Engaged Bargain Seekers
105074,1,1,High,Low,Engaged Bargain Seekers
105145,3,0,Low,High,High-Value At-Risk
105193,0,1,High,Low,Engaged Bargain Seekers
105214,1,1,High,Low,Engaged Bargain Seekers
105251,0,1,High,Low,Engaged Bargain Seekers
105335,1,1,High,Low,Engaged Bargain Seekers
105352,3,1,Low,Low,Dormant / Churned
105552,1,1,High,Low,Engaged Bargain Seekers
105688,1,1,High,Low,Engaged Bargain Seekers
105700,3,0,Low,High,High-Value At-Risk
105712,1,1,High,Low,Engaged Bargain Seekers
105789,1,1,High,Low,Engaged Bargain Seekers
105835,0,1,High,Low,Engaged Bargain Seekers
105841,1,1,High,Low,Engaged Bargain Seekers
105921,1,1,High,Low,Engaged Bargain Seekers
105932,1,1,High,Low,Engaged Bargain Seekers
105992,1,1,High,Low,Engaged Bargain Seekers
106001,1,1,High,Low,Engaged Bargain Seekers
106037,1,1,High,Low,Engaged Bargain Seekers
106038,1,1,High,Low,Engaged Bargain Seekers
106046,1,1,High,Low,Engaged Bargain Seekers
106048,0,1,High,Low,Engaged Bargain Seekers
106218,1,1,High,Low,Engaged Bargain Seekers
106397,1,1,High,Low,Engaged Bargain Seekers
106444,0,1,High,Low,Engaged Bargain Seekers
106477,1,1,High,Low,Engaged Bargain Seekers
106509,0,1,High,Low,Engaged Bargain Seekers
106589,3,0,Low,High,High-Value At-Risk
106592,1,1,High,Low,Engaged Bargain Seekers
106616,0,1,High,Low,Engaged Bargain Seekers
106623,0,1,High,Low,Engaged Bargain Seekers
106637,1,1,High,Low,Engaged Bargain Seekers
106689,1,1,High,Low,Engaged Bargain Seekers
106754,1,2,High,Medium,Rising Loyalists
106757,1,2,High,Medium,Rising Loyalists
106776,1,1,High,Low,Engaged Bargain Seekers
106838,1,1,High,Low,Engaged Bargain Seekers
106839,1,1,High,Low,Engaged Bargain Seekers
106936,1,2,High,Medium,Rising Loyalists
106946,1,1,High,Low,Engaged Bargain Seekers
106964,0,1,High,Low,Engaged Bargain Seekers
106978,1,1,High,Low,Engaged Bargain Seekers
106979,1,1,High,Low,Engaged Bargain Seekers
107037,1,1,High,Low,Engaged Bargain Seekers
107067,1,1,High,Low,Engaged Bargain Seekers
107119,1,1,High,Low,Engaged Bargain Seekers
107141,1,1,High,Low,Engaged Bargain Seekers
107203,1,1,High,Low,Engaged Bargain Seekers
107212,1,1,High,Low,Engaged Bargain Seekers
107296,0,2,High,Medium,Rising Loyalists
107385,0,1,High,Low,Engaged Bargain Seekers
107420,0,1,High,Low,Engaged Bargain Seekers
107461,1,1,High,Low,Engaged Bargain Seekers
107466,1,1,High,Low,Engaged Bargain Seekers
107487,0,1,High,Low,Engaged Bargain Seekers
107519,0,1,High,Low,Engaged Bargain Seekers
107571,1,1,High,Low,Engaged Bargain Seekers
107649,1,1,High,Low,Engaged Bargain Seekers
107719,1,1,High,Low,Engaged Bargain Seekers
107730,1,2,High,Medium,Rising Loyalists
107835,0,1,High,Low,Engaged Bargain Seekers
107902,1,1,High,Low,Engaged Bargain Seekers
107993,1,2,High,Medium,Rising Loyalists
108264,1,1,High,Low,Engaged Bargain Seekers
108346,0,1,High,Low,Engaged Bargain Seekers
108367,0,1,High,Low,Engaged Bargain Seekers
108381,1,1,High,Low,Engaged Bargain Seekers
108430,1,2,High,Medium,Rising Loyalists
108440,1,1,High,Low,Engaged Bargain Seekers
108462,1,1,High,Low,Engaged Bargain Seekers
108481,3,0,Low,High,High-Value At-Risk
108528,1,1,High,Low,Engaged Bargain Seekers
108625,1,1,High,Low,Engaged Bargain Seekers
108666,1,1,High,Low,Engaged Bargain Seekers
108857,0,1,High,Low,Engaged Bargain Seekers
108896,0,2,High,Medium,Rising Loyalists
108907,1,1,High,Low,Engaged Bargain Seekers
109022,1,1,High,Low,Engaged Bargain Seekers
109023,1,1,High,Low,Engaged Bargain Seekers
109029,0,1,High,Low,Engaged Bargain Seekers
109203,1,1,High,Low,Engaged Bargain Seekers
109399,1,1,High,Low,Engaged Bargain Seekers
109478,1,2,High,Medium,Rising Loyalists
109495,1,1,High,Low,Engaged Bargain Seekers
109517,1,2,High,Medium,Rising Loyalists
109552,1,1,High,Low,Engaged Bargain Seekers
109612,0,1,High,Low,Engaged Bargain Seekers
109660,1,1,High,Low,Engaged Bargain Seekers
109767,1,1,High,Low,Engaged Bargain Seekers
109840,1,1,High,Low,Engaged Bargain Seekers
109896,1,1,High,Low,Engaged Bargain Seekers
109903,1,1,High,Low,Engaged Bargain Seekers
109956,0,1,High,Low,Engaged Bargain Seekers
110001,1,1,High,Low,Engaged Bargain Seekers
110030,0,1,High,Low,Engaged Bargain Seekers
110065,0,1,High,Low,Engaged Bargain Seekers
110073,3,0,Low,High,High-Value At-Risk
110099,1,1,High,Low,Engaged Bargain Seekers
110142,0,1,High,Low,Engaged Bargain Seekers
110170,0,1,High,Low,Engaged Bargain Seekers
110211,0,1,High,Low,Engaged Bargain Seekers
110262,1,1,High,Low,Engaged Bargain Seekers
110296,1,1,High,Low,Engaged Bargain Seekers
110394,1,1,High,Low,Engaged Bargain Seekers
110422,0,1,High,Low,Engaged Bargain Seekers
110476,1,1,High,Low,Engaged Bargain Seekers
110603,3,0,Low,High,High-Value At-Risk
110678,1,1,High,Low,Engaged Bargain Seekers
110691,1,1,High,Low,Engaged Bargain Seekers
110752,1,1,High,Low,Engaged Bargain Seekers
111022,1,1,High,Low,Engaged Bargain Seekers
111034,1,1,High,Low,Engaged Bargain Seekers
111171,1,1,High,Low,Engaged Bargain Seekers
111176,1,1,High,Low,Engaged Bargain Seekers
111255,1,1,High,Low,Engaged Bargain Seekers
111286,1,1,High,Low,Engaged Bargain Seekers
111329,1,1,High,Low,Engaged Bargain Seekers
111387,3,0,Low,High,High-Value At-Risk
111485,1,1,High,Low,Engaged Bargain Seekers
111507,1,1,High,Low,Engaged Bargain Seekers
111573,1,1,High,Low,Engaged Bargain Seekers
111584,1,1,High,Low,Engaged Bargain Seekers
111646,1,1,High,Low,Engaged Bargain Seekers
111788,1,1,High,Low,Engaged Bargain Seekers
111899,0,1,High,Low,Engaged Bargain Seekers
111912,1,1,High,Low,Engaged Bargain Seekers
112026,1,1,High,Low,Engaged Bargain Seekers
112142,1,1,High,Low,Engaged Bargain Seekers
112226,1,1,High,Low,Engaged Bargain Seekers
112393,1,1,High,Low,Engaged Bargain Seekers
112522,1,1,High,Low,Engaged Bargain Seekers
112632,1,1,High,Low,Engaged Bargain Seekers
112661,0,1,High,Low,Engaged Bargain Seekers
112678,1,2,High,Medium,Rising Loyalists
112709,1,1,High,Low,Engaged Bargain Seekers
112732,1,1,High,Low,Engaged Bargain Seekers
112733,1,1,High,Low,Engaged Bargain Seekers
112797,3,0,Low,High,High-Value At-Risk
112842,1,1,High,Low,Engaged Bargain Seekers
112856,1,2,High,Medium,Rising Loyalists
112863,1,1,High,Low,Engaged Bargain Seekers
112894,3,0,Low,High,High-Value At-Risk
113040,1,1,High,Low,Engaged Bargain Seekers
113184,0,1,High,Low,Engaged Bargain Seekers
113220,1,1,High,Low,Engaged Bargain Seekers
113293,0,1,High,Low,Engaged Bargain Seekers
113316,0,1,High,Low,Engaged Bargain Seekers
113363,0,1,High,Low,Engaged Bargain Seekers
113442,0,1,High,Low,Engaged Bargain Seekers
113476,1,1,High,Low,Engaged Bargain Seekers
113529,0,1,High,Low,Engaged Bargain Seekers
113558,1,1,High,Low,Engaged Bargain Seekers
113578,0,1,High,Low,Engaged Bargain Seekers
113656,3,0,Low,High,High-Value At-Risk
113679,1,1,High,Low,Engaged Bargain Seekers
113694,1,1,High,Low,Engaged Bargain Seekers
113755,1,1,High,Low,Engaged Bargain Seekers
113779,1,2,High,Medium,Rising Loyalists
113804,1,1,High,Low,Engaged Bargain Seekers
113831,1,1,High,Low,Engaged Bargain Seekers
113839,1,1,High,Low,Engaged Bargain Seekers
113861,1,1,High,Low,Engaged Bargain Seekers
113864,0,1,High,Low,Engaged Bargain Seekers
113874,0,1,High,Low,Engaged Bargain Seekers
113877,1,1,High,Low,Engaged Bargain Seekers
113904,1,2,High,Medium,Rising Loyalists
113919,1,1,High,Low,Engaged Bargain Seekers
114018,1,1,High,Low,Engaged Bargain Seekers
114021,1,1,High,Low,Engaged Bargain Seekers
114131,0,1,High,Low,Engaged Bargain Seekers
114214,0,1,High,Low,Engaged Bargain Seekers
114219,1,1,High,Low,Engaged Bargain Seekers
114242,1,1,High,Low,Engaged Bargain Seekers
114307,1,1,High,Low,Engaged Bargain Seekers
114399,0,1,High,Low,Engaged Bargain Seekers
114414,1,1,High,Low,Engaged Bargain Seekers
114493,1,1,High,Low,Engaged Bargain Seekers
114553,1,1,High,Low,Engaged Bargain Seekers
114638,1,1,High,Low,Engaged Bargain Seekers
114700,0,1,High,Low,Engaged Bargain Seekers
114743,0,1,High,Low,Engaged Bargain Seekers
114835,1,1,High,Low,Engaged Bargain Seekers
114857,1,1,High,Low,Engaged Bargain Seekers
114903,1,1,High,Low,Engaged Bargain Seekers
114924,0,1,High,Low,Engaged Bargain Seekers
114927,1,1,High,Low,Engaged Bargain Seekers
114983,1,1,High,Low,Engaged Bargain Seekers
115198,3,1,Low,Low,Dormant / Churned
115322,1,1,High,Low,Engaged Bargain Seekers
115354,1,1,High,Low,Engaged Bargain Seekers
115405,1,1,High,Low,Engaged Bargain Seekers
115427,1,1,High,Low,Engaged Bargain Seekers
115505,0,1,High,Low,Engaged Bargain Seekers
115529,1,1,High,Low,Engaged Bargain Seekers
115633,1,1,High,Low,Engaged Bargain Seekers
115705,1,1,High,Low,Engaged Bargain Seekers
115749,0,1,High,Low,Engaged Bargain Seekers
115805,1,1,High,Low,Engaged Bargain Seekers
115852,1,2,High,Medium,Rising Loyalists
116016,1,1,High,Low,Engaged Bargain Seekers
116045,1,1,High,Low,Engaged Bargain Seekers
116164,0,1,High,Low,Engaged Bargain Seekers
116207,0,1,High,Low,Engaged Bargain Seekers
116238,0,2,High,Medium,Rising Loyalists
116288,1,1,High,Low,Engaged Bargain Seekers
116332,1,1,High,Low,Engaged Bargain Seekers
116372,1,1,High,Low,Engaged Bargain Seekers
116562,0,1,High,Low,Engaged Bargain Seekers
116703,1,1,High,Low,Engaged Bargain Seekers
116732,0,1,High,Low,Engaged Bargain Seekers
116735,1,2,High,Medium,Rising Loyalists
116895,0,1,High,Low,Engaged Bargain Seekers
116897,0,1,High,Low,Engaged Bargain Seekers
116932,1,1,High,Low,Engaged Bargain Seekers
116948,0,1,High,Low,Engaged Bargain Seekers
116999,1,1,High,Low,Engaged Bargain Seekers
117033,1,1,High,Low,Engaged Bargain Seekers
117053,1,1,High,Low,Engaged Bargain Seekers
117169,1,1,High,Low,Engaged Bargain Seekers
117219,1,1,High,Low,Engaged Bargain Seekers
117240,0,1,High,Low,Engaged Bargain Seekers
117333,1,2,High,Medium,Rising Loyalists
117342,1,1,High,Low,Engaged Bargain Seekers
117351,3,0,Low,High,High-Value At-Risk
117358,0,1,High,Low,Engaged Bargain Seekers
117408,1,1,High,Low,Engaged Bargain Seekers
117456,1,1,High,Low,Engaged Bargain Seekers
117460,1,1,High,Low,Engaged Bargain Seekers
117482,1,1,High,Low,Engaged Bargain Seekers
117618,1,1,High,Low,Engaged Bargain Seekers
117725,3,0,Low,High,High-Value At-Risk
117782,1,2,High,Medium,Rising Loyalists
117832,3,0,Low,High,High-Value At-Risk
117910,1,1,High,Low,Engaged Bargain Seekers
117915,0,1,High,Low,Engaged Bargain Seekers
117932,1,1,High,Low,Engaged Bargain Seekers
117939,0,1,High,Low,Engaged Bargain Seekers
117975,0,1,High,Low,Engaged Bargain Seekers
118076,1,1,High,Low,Engaged Bargain Seekers
118298,3,0,Low,High,High-Value At-Risk
118320,1,1,High,Low,Engaged Bargain Seekers
118332,1,1,High,Low,Engaged Bargain Seekers
118355,1,1,High,Low,Engaged Bargain Seekers
118365,1,1,High,Low,Engaged Bargain Seekers
118376,0,1,High,Low,Engaged Bargain Seekers
118379,1,1,High,Low,Engaged Bargain Seekers
118418,1,1,High,Low,Engaged Bargain Seekers
118511,0,1,High,Low,Engaged Bargain Seekers
118514,0,1,High,Low,Engaged Bargain Seekers
118612,1,1,High,Low,Engaged Bargain Seekers
118628,1,1,High,Low,Engaged Bargain Seekers
118632,1,1,High,Low,Engaged Bargain Seekers
118675,1,1,High,Low,Engaged Bargain Seekers
118688,3,0,Low,High,High-Value At-Risk
118729,0,1,High,Low,Engaged Bargain Seekers
118864,1,2,High,Medium,Rising Loyalists
119009,1,1,High,Low,Engaged Bargain Seekers
119015,0,1,High,Low,Engaged Bargain Seekers
119135,1,1,High,Low,Engaged Bargain Seekers
119198,1,1,High,Low,Engaged Bargain Seekers
119200,1,1,High,Low,Engaged Bargain Seekers
119408,0,1,High,Low,Engaged Bargain Seekers
119460,1,1,High,Low,Engaged Bargain Seekers
119488,1,1,High,Low,Engaged Bargain Seekers
119519,1,1,High,Low,Engaged Bargain Seekers
119633,1,1,High,Low,Engaged Bargain Seekers
119634,1,1,High,Low,Engaged Bargain Seekers
119638,0,1,High,Low,Engaged Bargain Seekers
119690,2,1,Low,Low,Dormant / Churned
119731,1,1,High,Low,Engaged Bargain Seekers
119837,1,1,High,Low,Engaged Bargain Seekers
119845,1,1,High,Low,Engaged Bargain Seekers
119917,3,1,Low,Low,Dormant / Churned
119997,1,1,High,Low,Engaged Bargain Seekers
120046,0,1,High,Low,Engaged Bargain Seekers
120126,1,1,High,Low,Engaged Bargain Seekers
120140,1,1,High,Low,Engaged Bargain Seekers
120164,1,1,High,Low,Engaged Bargain Seekers
120192,1,1,High,Low,Engaged Bargain Seekers
120206,3,0,Low,High,High-Value At-Risk
120393,1,1,High,Low,Engaged Bargain Seekers
120434,1,1,High,Low,Engaged Bargain Seekers
120554,1,1,High,Low,Engaged Bargain Seekers
120583,1,1,High,Low,Engaged Bargain Seekers
120594,1,1,High,Low,Engaged Bargain Seekers
120613,1,1,High,Low,Engaged Bargain Seekers
120635,3,0,Low,High,High-Value At-Risk
120799,0,1,High,Low,Engaged Bargain Seekers
120868,1,1,High,Low,Engaged Bargain Seekers
121068,1,1,High,Low,Engaged Bargain Seekers
121095,1,1,High,Low,Engaged Bargain Seekers
121139,1,1,High,Low,Engaged Bargain Seekers
121183,1,1,High,Low,Engaged Bargain Seekers
121236,0,1,High,Low,Engaged Bargain Seekers
121351,0,2,High,Medium,Rising Loyalists
121410,1,1,High,Low,Engaged Bargain Seekers
121469,3,0,Low,High,High-Value At-Risk
121605,1,1,High,Low,Engaged Bargain Seekers
121710,1,1,High,Low,Engaged Bargain Seekers
121737,1,1,High,Low,Engaged Bargain Seekers
121751,0,1,High,Low,Engaged Bargain Seekers
121856,0,2,High,Medium,Rising Loyalists
121919,1,1,High,Low,Engaged Bargain Seekers
121930,0,1,High,Low,Engaged Bargain Seekers
121935,1,1,High,Low,Engaged Bargain Seekers
121999,3,1,Low,Low,Dormant / Churned
122009,1,1,High,Low,Engaged Bargain Seekers
122020,1,1,High,Low,Engaged Bargain Seekers
122049,1,1,High,Low,Engaged Bargain Seekers
122094,1,1,High,Low,Engaged Bargain Seekers
122166,1,1,High,Low,Engaged Bargain Seekers
122173,3,0,Low,High,High-Value At-Risk
122206,3,1,Low,Low,Dormant / Churned
122283,1,1,High,Low,Engaged Bargain Seekers
122357,1,2,High,Medium,Rising Loyalists
122456,1,1,High,Low,Engaged Bargain Seekers
122517,0,1,High,Low,Engaged Bargain Seekers
122519,1,2,High,Medium,Rising Loyalists
122545,0,1,High,Low,Engaged Bargain Seekers
122561,0,1,High,Low,Engaged Bargain Seekers
122577,1,1,High,Low,Engaged Bargain Seekers
122685,1,1,High,Low,Engaged Bargain Seekers
122797,0,1,High,Low,Engaged Bargain Seekers
122858,0,1,High,Low,Engaged Bargain Seekers
122890,1,1,High,Low,Engaged Bargain Seekers
122946,1,1,High,Low,Engaged Bargain Seekers
122958,1,1,High,Low,Engaged Bargain Seekers
123060,1,1,High,Low,Engaged Bargain Seekers
123083,1,1,High,Low,Engaged Bargain Seekers
123094,0,1,High,Low,Engaged Bargain Seekers
123115,1,1,High,Low,Engaged Bargain Seekers
123151,3,0,Low,High,High-Value At-Risk
123164,1,1,High,Low,Engaged Bargain Seekers
123344,1,1,High,Low,Engaged Bargain Seekers
123393,1,1,High,Low,Engaged Bargain Seekers
123420,1,1,High,Low,Engaged Bargain Seekers
123525,1,2,High,Medium,Rising Loyalists
123538,3,0,Low,High,High-Value At-Risk
123586,1,1,High,Low,Engaged Bargain Seekers
123667,1,1,High,Low,Engaged Bargain Seekers
123668,1,1,High,Low,Engaged Bargain Seekers
123697,1,1,High,Low,Engaged Bargain Seekers
123702,1,1,High,Low,Engaged Bargain Seekers
123727,0,2,High,Medium,Rising Loyalists
123773,1,1,High,Low,Engaged Bargain Seekers
123780,3,1,Low,Low,Dormant / Churned
123784,3,0,Low,High,High-Value At-Risk
123830,0,1,High,Low,Engaged Bargain Seekers
123908,1,1,High,Low,Engaged Bargain Seekers
123928,3,1,Low,Low,Dormant / Churned
123944,0,1,High,Low,Engaged Bargain Seekers
124038,1,1,High,Low,Engaged Bargain Seekers
124056,1,1,High,Low,Engaged Bargain Seekers
124085,0,1,High,Low,Engaged Bargain Seekers
124088,1,1,High,Low,Engaged Bargain Seekers
124119,1,1,High,Low,Engaged Bargain Seekers
124195,0,1,High,Low,Engaged Bargain Seekers
124207,0,1,High,Low,Engaged Bargain Seekers
124351,0,1,High,Low,Engaged Bargain Seekers
124355,1,1,High,Low,Engaged Bargain Seekers
124377,0,1,High,Low,Engaged Bargain Seekers
124536,3,1,Low,Low,Dormant / Churned
124678,1,1,High,Low,Engaged Bargain Seekers
124761,1,1,High,Low,Engaged Bargain Seekers
124931,3,0,Low,High,High-Value At-Risk
124987,3,1,Low,Low,Dormant / Churned
125059,0,1,High,Low,Engaged Bargain Seekers
125068,0,1,High,Low,Engaged Bargain Seekers
125300,1,1,High,Low,Engaged Bargain Seekers
125393,1,1,High,Low,Engaged Bargain Seekers
125493,0,1,High,Low,Engaged Bargain Seekers
125606,0,1,High,Low,Engaged Bargain Seekers
125919,1,1,High,Low,Engaged Bargain Seekers
125969,1,1,High,Low,Engaged Bargain Seekers
125996,1,1,High,Low,Engaged Bargain Seekers
126097,1,1,High,Low,Engaged Bargain Seekers
126100,3,0,Low,High,High-Value At-Risk
126148,3,1,Low,Low,Dormant / Churned
126181,3,1,Low,Low,Dormant / Churned
126216,1,1,High,Low,Engaged Bargain Seekers
126219,1,1,High,Low,Engaged Bargain Seekers
126239,1,1,High,Low,Engaged Bargain Seekers
126262,1,1,High,Low,Engaged Bargain Seekers
126308,3,0,Low,High,High-Value At-Risk
126424,1,1,High,Low,Engaged Bargain Seekers
126466,1,1,High,Low,Engaged Bargain Seekers
126490,1,1,High,Low,Engaged Bargain Seekers
126526,3,0,Low,High,High-Value At-Risk
126581,1,1,High,Low,Engaged Bargain Seekers
126665,1,1,High,Low,Engaged Bargain Seekers
127039,1,1,High,Low,Engaged Bargain Seekers
127052,3,0,Low,High,High-Value At-Risk
127127,1,1,High,Low,Engaged Bargain Seekers
127128,0,1,High,Low,Engaged Bargain Seekers
127137,1,1,High,Low,Engaged Bargain Seekers
127185,1,1,High,Low,Engaged Bargain Seekers
127241,0,1,High,Low,Engaged Bargain Seekers
127279,1,1,High,Low,Engaged Bargain Seekers
127289,1,1,High,Low,Engaged Bargain Seekers
127311,1,1,High,Low,Engaged Bargain Seekers
127350,1,1,High,Low,Engaged Bargain Seekers
127400,1,1,High,Low,Engaged Bargain Seekers
127410,1,1,High,Low,Engaged Bargain Seekers
127496,0,1,High,Low,Engaged Bargain Seekers
127590,1,1,High,Low,Engaged Bargain Seekers
127645,1,1,High,Low,Engaged Bargain Seekers
127663,1,1,High,Low,Engaged Bargain Seekers
127725,1,1,High,Low,Engaged Bargain Seekers
127785,1,1,High,Low,Engaged Bargain Seekers
127827,1,1,High,Low,Engaged Bargain Seekers
127882,1,1,High,Low,Engaged Bargain Seekers
127946,1,1,High,Low,Engaged Bargain Seekers
127966,1,1,High,Low,Engaged Bargain Seekers
128007,1,1,High,Low,Engaged Bargain Seekers
128032,0,1,High,Low,Engaged Bargain Seekers
128039,1,1,High,Low,Engaged Bargain Seekers
128041,1,1,High,Low,Engaged Bargain Seekers
128156,1,2,High,Medium,Rising Loyalists
128210,1,1,High,Low,Engaged Bargain Seekers
128245,0,1,High,Low,Engaged Bargain Seekers
128280,1,1,High,Low,Engaged Bargain Seekers
128325,1,1,High,Low,Engaged Bargain Seekers
128405,3,0,Low,High,High-Value At-Risk
128459,1,2,High,Medium,Rising Loyalists
128467,1,1,High,Low,Engaged Bargain Seekers
128475,1,1,High,Low,Engaged Bargain Seekers
128534,1,1,High,Low,Engaged Bargain Seekers
128572,0,1,High,Low,Engaged Bargain Seekers
128587,0,1,High,Low,Engaged Bargain Seekers
128611,1,1,High,Low,Engaged Bargain Seekers
128615,3,0,Low,High,High-Value At-Risk
128633,1,1,High,Low,Engaged Bargain Seekers
128749,0,1,High,Low,Engaged Bargain Seekers
128753,3,1,Low,Low,Dormant / Churned
128754,0,1,High,Low,Engaged Bargain Seekers
128789,1,1,High,Low,Engaged Bargain Seekers
128950,1,1,High,Low,Engaged Bargain Seekers
128975,1,1,High,Low,Engaged Bargain Seekers
129030,1,1,High,Low,Engaged Bargain Seekers
129071,3,0,Low,High,High-Value At-Risk
129171,0,1,High,Low,Engaged Bargain Seekers
129328,3,0,Low,High,High-Value At-Risk
129343,1,1,High,Low,Engaged Bargain Seekers
129372,1,1,High,Low,Engaged Bargain Seekers
129409,1,1,High,Low,Engaged Bargain Seekers
129429,1,1,High,Low,Engaged Bargain Seekers
129434,1,1,High,Low,Engaged Bargain Seekers
129510,1,1,High,Low,Engaged Bargain Seekers
129515,1,1,High,Low,Engaged Bargain Seekers
129533,0,1,High,Low,Engaged Bargain Seekers
129555,1,1,High,Low,Engaged Bargain Seekers
129743,3,1,Low,Low,Dormant / Churned
129817,1,1,High,Low,Engaged Bargain Seekers
129827,1,1,High,Low,Engaged Bargain Seekers
129914,1,1,High,Low,Engaged Bargain Seekers
129976,1,1,High,Low,Engaged Bargain Seekers
130032,1,2,High,Medium,Rising Loyalists
130077,1,1,High,Low,Engaged Bargain Seekers
130086,1,1,High,Low,Engaged Bargain Seekers
130179,0,1,High,Low,Engaged Bargain Seekers
130208,1,1,High,Low,Engaged Bargain Seekers
130217,0,1,High,Low,Engaged Bargain Seekers
130326,1,1,High,Low,Engaged Bargain Seekers
130331,0,1,High,Low,Engaged Bargain Seekers
130368,1,1,High,Low,Engaged Bargain Seekers
130419,1,1,High,Low,Engaged Bargain Seekers
130439,0,1,High,Low,Engaged Bargain Seekers
130446,1,1,High,Low,Engaged Bargain Seekers
130497,0,1,High,Low,Engaged Bargain Seekers
130548,1,1,High,Low,Engaged Bargain Seekers
130593,1,1,High,Low,Engaged Bargain Seekers
130823,1,1,High,Low,Engaged Bargain Seekers
130953,1,1,High,Low,Engaged Bargain Seekers
131001,1,1,High,Low,Engaged Bargain Seekers
131036,1,1,High,Low,Engaged Bargain Seekers
131047,1,1,High,Low,Engaged Bargain Seekers
131098,1,1,High,Low,Engaged Bargain Seekers
131228,1,1,High,Low,Engaged Bargain Seekers
131253,1,1,High,Low,Engaged Bargain Seekers
131257,1,1,High,Low,Engaged Bargain Seekers
131321,1,1,High,Low,Engaged Bargain Seekers
131342,1,1,High,Low,Engaged Bargain Seekers
131463,1,1,High,Low,Engaged Bargain Seekers
131558,1,1,High,Low,Engaged Bargain Seekers
131560,1,1,High,Low,Engaged Bargain Seekers
131637,3,1,Low,Low,Dormant / Churned
131673,1,1,High,Low,Engaged Bargain Seekers
131680,1,1,High,Low,Engaged Bargain Seekers
131717,3,0,Low,High,High-Value At-Risk
131721,1,1,High,Low,Engaged Bargain Seekers
131761,1,1,High,Low,Engaged Bargain Seekers
131772,1,2,High,Medium,Rising Loyalists
131815,1,1,High,Low,Engaged Bargain Seekers
131893,1,1,High,Low,Engaged Bargain Seekers
131956,0,1,High,Low,Engaged Bargain Seekers
131990,1,2,High,Medium,Rising Loyalists
131997,1,1,High,Low,Engaged Bargain Seekers
132045,1,1,High,Low,Engaged Bargain Seekers
132209,1,1,High,Low,Engaged Bargain Seekers
132296,1,1,High,Low,Engaged Bargain Seekers
132319,1,1,High,Low,Engaged Bargain Seekers
132320,1,1,High,Low,Engaged Bargain Seekers
132337,1,1,High,Low,Engaged Bargain Seekers
132552,0,1,High,Low,Engaged Bargain Seekers
132563,3,0,Low,High,High-Value At-Risk
132592,1,1,High,Low,Engaged Bargain Seekers
132705,1,1,High,Low,Engaged Bargain Seekers
132756,1,1,High,Low,Engaged Bargain Seekers
132774,1,1,High,Low,Engaged Bargain Seekers
132884,1,1,High,Low,Engaged Bargain Seekers
132914,1,1,High,Low,Engaged Bargain Seekers
132928,0,1,High,Low,Engaged Bargain Seekers
132935,1,1,High,Low,Engaged Bargain Seekers
133035,1,1,High,Low,Engaged Bargain Seekers
133065,1,1,High,Low,Engaged Bargain Seekers
133066,1,1,High,Low,Engaged Bargain Seekers
133128,1,1,High,Low,Engaged Bargain Seekers
133324,1,1,High,Low,Engaged Bargain Seekers
133429,1,1,High,Low,Engaged Bargain Seekers
133463,3,0,Low,High,High-Value At-Risk
133518,1,1,High,Low,Engaged Bargain Seekers
133608,1,1,High,Low,Engaged Bargain Seekers
133698,1,1,High,Low,Engaged Bargain Seekers
133730,1,1,High,Low,Engaged Bargain Seekers
133732,1,1,High,Low,Engaged Bargain Seekers
133821,1,1,High,Low,Engaged Bargain Seekers
133859,1,1,High,Low,Engaged Bargain Seekers
133956,1,1,High,Low,Engaged Bargain Seekers
134000,0,1,High,Low,Engaged Bargain Seekers
134012,0,1,High,Low,Engaged Bargain Seekers
134085,1,2,High,Medium,Rising Loyalists
134148,0,1,High,Low,Engaged Bargain Seekers
134180,1,1,High,Low,Engaged Bargain Seekers
134202,1,1,High,Low,Engaged Bargain Seekers
134241,1,1,High,Low,Engaged Bargain Seekers
134273,1,1,High,Low,Engaged Bargain Seekers
134279,0,1,High,Low,Engaged Bargain Seekers
134397,1,1,High,Low,Engaged Bargain Seekers
134470,1,1,High,Low,Engaged Bargain Seekers
134717,1,1,High,Low,Engaged Bargain Seekers
134738,1,1,High,Low,Engaged Bargain Seekers
134760,1,1,High,Low,Engaged Bargain Seekers
134827,3,0,Low,High,High-Value At-Risk
134847,0,1,High,Low,Engaged Bargain Seekers
134857,1,1,High,Low,Engaged Bargain Seekers
135016,1,1,High,Low,Engaged Bargain Seekers
135076,1,1,High,Low,Engaged Bargain Seekers
135134,1,1,High,Low,Engaged Bargain Seekers
135250,1,1,High,Low,Engaged Bargain Seekers
135257,0,1,High,Low,Engaged Bargain Seekers
135279,0,1,High,Low,Engaged Bargain Seekers
135312,1,1,High,Low,Engaged Bargain Seekers
135381,1,1,High,Low,Engaged Bargain Seekers
135382,1,1,High,Low,Engaged Bargain Seekers
135392,1,1,High,Low,Engaged Bargain Seekers
135421,1,1,High,Low,Engaged Bargain Seekers
135554,1,1,High,Low,Engaged Bargain Seekers
135574,1,1,High,Low,Engaged Bargain Seekers
135578,1,1,High,Low,Engaged Bargain Seekers
135635,3,1,Low,Low,Dormant / Churned
135808,1,1,High,Low,Engaged Bargain Seekers
135841,1,1,High,Low,Engaged Bargain Seekers
135872,0,1,High,Low,Engaged Bargain Seekers
135878,1,1,High,Low,Engaged Bargain Seekers
135977,1,1,High,Low,Engaged Bargain Seekers
136020,1,1,High,Low,Engaged Bargain Seekers
136022,1,1,High,Low,Engaged Bargain Seekers
136049,0,1,High,Low,Engaged Bargain Seekers
136065,3,1,Low,Low,Dormant / Churned
136089,1,1,High,Low,Engaged Bargain Seekers
136106,1,1,High,Low,Engaged Bargain Seekers
136121,1,2,High,Medium,Rising Loyalists
136169,1,1,High,Low,Engaged Bargain Seekers
136230,0,1,High,Low,Engaged Bargain Seekers
136232,1,1,High,Low,Engaged Bargain Seekers
136334,1,1,High,Low,Engaged Bargain Seekers
136345,3,0,Low,High,High-Value At-Risk
136430,1,1,High,Low,Engaged Bargain Seekers
136464,3,0,Low,High,High-Value At-Risk
136470,1,1,High,Low,Engaged Bargain Seekers
136473,1,1,High,Low,Engaged Bargain Seekers
136516,1,1,High,Low,Engaged Bargain Seekers
136547,1,1,High,Low,Engaged Bargain Seekers
136608,0,1,High,Low,Engaged Bargain Seekers
136637,1,1,High,Low,Engaged Bargain Seekers
136715,1,1,High,Low,Engaged Bargain Seekers
136772,0,1,High,Low,Engaged Bargain Seekers
136879,0,1,High,Low,Engaged Bargain Seekers
136906,1,1,High,Low,Engaged Bargain Seekers
137020,0,1,High,Low,Engaged Bargain Seekers
137040,1,1,High,Low,Engaged Bargain Seekers
137106,1,1,High,Low,Engaged Bargain Seekers
137161,1,1,High,Low,Engaged Bargain Seekers
137185,1,1,High,Low,Engaged Bargain Seekers
137209,0,1,High,Low,Engaged Bargain Seekers
137227,1,1,High,Low,Engaged Bargain Seekers
137251,0,1,High,Low,Engaged Bargain Seekers
137383,3,0,Low,High,High-Value At-Risk
137529,0,2,High,Medium,Rising Loyalists
137646,1,1,High,Low,Engaged Bargain Seekers
137744,0,1,High,Low,Engaged Bargain Seekers
137751,1,1,High,Low,Engaged Bargain Seekers
137845,1,1,High,Low,Engaged Bargain Seekers
137850,1,1,High,Low,Engaged Bargain Seekers
137852,1,1,High,Low,Engaged Bargain Seekers
137858,0,1,High,Low,Engaged Bargain Seekers
137944,1,1,High,Low,Engaged Bargain Seekers
137952,1,1,High,Low,Engaged Bargain Seekers
137968,0,1,High,Low,Engaged Bargain Seekers
137973,0,1,High,Low,Engaged Bargain Seekers
137985,1,1,High,Low,Engaged Bargain Seekers
137999,1,1,High,Low,Engaged Bargain Seekers
138025,0,1,High,Low,Engaged Bargain Seekers
138065,0,1,High,Low,Engaged Bargain Seekers
138121,1,1,High,Low,Engaged Bargain Seekers
138204,1,1,High,Low,Engaged Bargain Seekers
138369,1,1,High,Low,Engaged Bargain Seekers
138421,1,2,High,Medium,Rising Loyalists
138449,3,0,Low,High,High-Value At-Risk
138475,1,1,High,Low,Engaged Bargain Seekers
138565,1,1,High,Low,Engaged Bargain Seekers
138653,0,1,High,Low,Engaged Bargain Seekers
138737,1,1,High,Low,Engaged Bargain Seekers
138746,1,1,High,Low,Engaged Bargain Seekers
138759,3,1,Low,Low,Dormant / Churned
138768,1,1,High,Low,Engaged Bargain Seekers
138777,3,0,Low,High,High-Value At-Risk
138810,0,1,High,Low,Engaged Bargain Seekers
138853,0,1,High,Low,Engaged Bargain Seekers
138873,1,1,High,Low,Engaged Bargain Seekers
138894,1,1,High,Low,Engaged Bargain Seekers
138896,1,1,High,Low,Engaged Bargain Seekers
138908,1,1,High,Low,Engaged Bargain Seekers
138981,1,1,High,Low,Engaged Bargain Seekers
138993,1,1,High,Low,Engaged Bargain Seekers
139022,0,1,High,Low,Engaged Bargain Seekers
139023,0,1,High,Low,Engaged Bargain Seekers
139087,1,2,High,Medium,Rising Loyalists
139135,1,1,High,Low,Engaged Bargain Seekers
139270,3,0,Low,High,High-Value At-Risk
139356,3,0,Low,High,High-Value At-Risk
139479,0,1,High,Low,Engaged Bargain Seekers
139511,1,1,High,Low,Engaged Bargain Seekers
139518,1,1,High,Low,Engaged Bargain Seekers
139532,1,1,High,Low,Engaged Bargain Seekers
139600,0,1,High,Low,Engaged Bargain Seekers
139682,3,0,Low,High,High-Value At-Risk
139699,0,1,High,Low,Engaged Bargain Seekers
139863,1,1,High,Low,Engaged Bargain Seekers
139932,1,1,High,Low,Engaged Bargain Seekers
139974,0,1,High,Low,Engaged Bargain Seekers
140005,1,1,High,Low,Engaged Bargain Seekers
140042,3,0,Low,High,High-Value At-Risk
140077,0,1,High,Low,Engaged Bargain Seekers
140079,1,1,High,Low,Engaged Bargain Seekers
140130,1,2,High,Medium,Rising Loyalists
140191,1,1,High,Low,Engaged Bargain Seekers
140208,1,1,High,Low,Engaged Bargain Seekers
140223,3,0,Low,High,High-Value At-Risk
140290,1,1,High,Low,Engaged Bargain Seekers
140375,3,1,Low,Low,Dormant / Churned
140381,1,1,High,Low,Engaged Bargain Seekers
140391,1,1,High,Low,Engaged Bargain Seekers
140392,1,1,High,Low,Engaged Bargain Seekers
140419,1,1,High,Low,Engaged Bargain Seekers
140483,1,1,High,Low,Engaged Bargain Seekers
140534,1,1,High,Low,Engaged Bargain Seekers
140598,1,1,High,Low,Engaged Bargain Seekers
140674,1,1,High,Low,Engaged Bargain Seekers
140735,3,0,Low,High,High-Value At-Risk
140750,1,1,High,Low,Engaged Bargain Seekers
140768,1,1,High,Low,Engaged Bargain Seekers
140769,3,0,Low,High,High-Value At-Risk
140823,1,1,High,Low,Engaged Bargain Seekers
140891,1,1,High,Low,Engaged Bargain Seekers
140977,1,1,High,Low,Engaged Bargain Seekers
141023,1,1,High,Low,Engaged Bargain Seekers
141043,0,1,High,Low,Engaged Bargain Seekers
141047,1,1,High,Low,Engaged Bargain Seekers
141139,1,1,High,Low,Engaged Bargain Seekers
141181,1,1,High,Low,Engaged Bargain Seekers
141233,1,1,High,Low,Engaged Bargain Seekers
141266,1,1,High,Low,Engaged Bargain Seekers
141456,0,1,High,Low,Engaged Bargain Seekers
141497,0,1,High,Low,Engaged Bargain Seekers
141614,1,1,High,Low,Engaged Bargain Seekers
141655,1,1,High,Low,Engaged Bargain Seekers
141703,1,1,High,Low,Engaged Bargain Seekers
141742,0,1,High,Low,Engaged Bargain Seekers
141844,1,1,High,Low,Engaged Bargain Seekers
141877,1,1,High,Low,Engaged Bargain Seekers
141945,1,1,High,Low,Engaged Bargain Seekers
142122,3,1,Low,Low,Dormant / Churned
142190,1,1,High,Low,Engaged Bargain Seekers
142224,1,1,High,Low,Engaged Bargain Seekers
142290,1,1,High,Low,Engaged Bargain Seekers
142354,1,1,High,Low,Engaged Bargain Seekers
142371,1,1,High,Low,Engaged Bargain Seekers
142434,0,1,High,Low,Engaged Bargain Seekers
142511,1,1,High,Low,Engaged Bargain Seekers
142545,1,1,High,Low,Engaged Bargain Seekers
142609,0,1,High,Low,Engaged Bargain Seekers
142621,1,1,High,Low,Engaged Bargain Seekers
142649,3,0,Low,High,High-Value At-Risk
142686,1,1,High,Low,Engaged Bargain Seekers
142715,1,1,High,Low,Engaged Bargain Seekers
142717,1,1,High,Low,Engaged Bargain Seekers
142726,0,1,High,Low,Engaged Bargain Seekers
142749,1,1,High,Low,Engaged Bargain Seekers
142763,3,1,Low,Low,Dormant / Churned
142800,3,0,Low,High,High-Value At-Risk
142812,1,1,High,Low,Engaged Bargain Seekers
142855,1,1,High,Low,Engaged Bargain Seekers
142906,1,1,High,Low,Engaged Bargain Seekers
142925,0,1,High,Low,Engaged Bargain Seekers
142950,1,1,High,Low,Engaged Bargain Seekers
143087,1,1,High,Low,Engaged Bargain Seekers
143151,1,2,High,Medium,Rising Loyalists
143266,0,1,High,Low,Engaged Bargain Seekers
143389,1,1,High,Low,Engaged Bargain Seekers
143422,1,1,High,Low,Engaged Bargain Seekers
143730,1,1,High,Low,Engaged Bargain Seekers
143784,1,1,High,Low,Engaged Bargain Seekers
143981,1,1,High,Low,Engaged Bargain Seekers
144261,3,1,Low,Low,Dormant / Churned
144301,3,0,Low,High,High-Value At-Risk
144328,1,1,High,Low,Engaged Bargain Seekers
144355,1,1,High,Low,Engaged Bargain Seekers
144402,1,1,High,Low,Engaged Bargain Seekers
144514,1,1,High,Low,Engaged Bargain Seekers
144523,1,1,High,Low,Engaged Bargain Seekers
144565,1,1,High,Low,Engaged Bargain Seekers
144593,1,1,High,Low,Engaged Bargain Seekers
144615,1,2,High,Medium,Rising Loyalists
144633,1,1,High,Low,Engaged Bargain Seekers
144641,0,1,High,Low,Engaged Bargain Seekers
144695,3,0,Low,High,High-Value At-Risk
144702,3,1,Low,Low,Dormant / Churned
144756,1,1,High,Low,Engaged Bargain Seekers
144830,1,1,High,Low,Engaged Bargain Seekers
144879,1,1,High,Low,Engaged Bargain Seekers
144936,0,1,High,Low,Engaged Bargain Seekers
144977,1,1,High,Low,Engaged Bargain Seekers
145017,0,1,High,Low,Engaged Bargain Seekers
145177,1,1,High,Low,Engaged Bargain Seekers
145192,3,0,Low,High,High-Value At-Risk
145193,0,1,High,Low,Engaged Bargain Seekers
145220,1,1,High,Low,Engaged Bargain Seekers
145292,3,0,Low,High,High-Value At-Risk
145322,1,1,High,Low,Engaged Bargain Seekers
145323,1,2,High,Medium,Rising Loyalists
145449,0,1,High,Low,Engaged Bargain Seekers
145480,1,1,High,Low,Engaged Bargain Seekers
145542,3,1,Low,Low,Dormant / Churned
145552,1,1,High,Low,Engaged Bargain Seekers
145688,0,1,High,Low,Engaged Bargain Seekers
145988,1,1,High,Low,Engaged Bargain Seekers
146028,1,1,High,Low,Engaged Bargain Seekers
146037,1,1,High,Low,Engaged Bargain Seekers
146067,1,1,High,Low,Engaged Bargain Seekers
146086,1,1,High,Low,Engaged Bargain Seekers
146090,0,1,High,Low,Engaged Bargain Seekers
146099,0,1,High,Low,Engaged Bargain Seekers
146215,1,1,High,Low,Engaged Bargain Seekers
146354,0,1,High,Low,Engaged Bargain Seekers
146400,0,1,High,Low,Engaged Bargain Seekers
146527,1,1,High,Low,Engaged Bargain Seekers
146560,0,1,High,Low,Engaged Bargain Seekers
146572,3,1,Low,Low,Dormant / Churned
146702,1,1,High,Low,Engaged Bargain Seekers
146760,1,1,High,Low,Engaged Bargain Seekers
146839,1,1,High,Low,Engaged Bargain Seekers
147064,1,1,High,Low,Engaged Bargain Seekers
147241,1,1,High,Low,Engaged Bargain Seekers
147272,1,1,High,Low,Engaged Bargain Seekers
147408,3,1,Low,Low,Dormant / Churned
147602,1,1,High,Low,Engaged Bargain Seekers
147700,1,1,High,Low,Engaged Bargain Seekers
147754,1,1,High,Low,Engaged Bargain Seekers
147891,1,1,High,Low,Engaged Bargain Seekers
147898,1,1,High,Low,Engaged Bargain Seekers
147986,0,1,High,Low,Engaged Bargain Seekers
148111,3,0,Low,High,High-Value At-Risk
148201,1,1,High,Low,Engaged Bargain Seekers
148208,1,1,High,Low,Engaged Bargain Seekers
148216,0,1,High,Low,Engaged Bargain Seekers
148234,1,1,High,Low,Engaged Bargain Seekers
148258,1,1,High,Low,Engaged Bargain Seekers
148289,0,1,High,Low,Engaged Bargain Seekers
148299,1,1,High,Low,Engaged Bargain Seekers
148322,0,1,High,Low,Engaged Bargain Seekers
148368,1,1,High,Low,Engaged Bargain Seekers
148381,1,1,High,Low,Engaged Bargain Seekers
148382,0,1,High,Low,Engaged Bargain Seekers
148453,0,1,High,Low,Engaged Bargain Seekers
148486,1,1,High,Low,Engaged Bargain Seekers
148487,1,1,High,Low,Engaged Bargain Seekers
148570,1,1,High,Low,Engaged Bargain Seekers
148612,1,1,High,Low,Engaged Bargain Seekers
148677,3,0,Low,High,High-Value At-Risk
148690,1,1,High,Low,Engaged Bargain Seekers
148749,0,1,High,Low,Engaged Bargain Seekers
148753,1,1,High,Low,Engaged Bargain Seekers
148766,3,0,Low,High,High-Value At-Risk
148767,1,1,High,Low,Engaged Bargain Seekers
148810,3,0,Low,High,High-Value At-Risk
148865,0,1,High,Low,Engaged Bargain Seekers
148942,1,1,High,Low,Engaged Bargain Seekers
148982,0,1,High,Low,Engaged Bargain Seekers
149174,0,1,High,Low,Engaged Bargain Seekers
149225,1,1,High,Low,Engaged Bargain Seekers
149318,1,1,High,Low,Engaged Bargain Seekers
149348,1,2,High,Medium,Rising Loyalists
149426,1,1,High,Low,Engaged Bargain Seekers
149430,0,1,High,Low,Engaged Bargain Seekers
149462,1,1,High,Low,Engaged Bargain Seekers
149542,3,1,Low,Low,Dormant / Churned
149549,1,1,High,Low,Engaged Bargain Seekers
149655,1,1,High,Low,Engaged Bargain Seekers
149782,1,1,High,Low,Engaged Bargain Seekers
149841,0,2,High,Medium,Rising Loyalists
149846,1,1,High,Low,Engaged Bargain Seekers
149884,1,1,High,Low,Engaged Bargain Seekers
149912,0,1,High,Low,Engaged Bargain Seekers
149981,3,0,Low,High,High-Value At-Risk
149993,1,2,High,Medium,Rising Loyalists
150004,1,1,High,Low,Engaged Bargain Seekers
150074,1,1,High,Low,Engaged Bargain Seekers
150134,1,1,High,Low,Engaged Bargain Seekers
150141,0,1,High,Low,Engaged Bargain Seekers
150233,0,2,High,Medium,Rising Loyalists
150253,1,1,High,Low,Engaged Bargain Seekers
150291,1,1,High,Low,Engaged Bargain Seekers
150301,1,2,High,Medium,Rising Loyalists
150383,0,1,High,Low,Engaged Bargain Seekers
150596,3,1,Low,Low,Dormant / Churned
150656,1,1,High,Low,Engaged Bargain Seekers
150671,3,1,Low,Low,Dormant / Churned
150751,0,1,High,Low,Engaged Bargain Seekers
150754,1,1,High,Low,Engaged Bargain Seekers
150767,1,1,High,Low,Engaged Bargain Seekers
150883,1,1,High,Low,Engaged Bargain Seekers
150909,1,1,High,Low,Engaged Bargain Seekers
151010,0,1,High,Low,Engaged Bargain Seekers
151030,1,1,High,Low,Engaged Bargain Seekers
151036,0,1,High,Low,Engaged Bargain Seekers
151183,1,1,High,Low,Engaged Bargain Seekers
151327,1,1,High,Low,Engaged Bargain Seekers
151399,1,1,High,Low,Engaged Bargain Seekers
151554,1,1,High,Low,Engaged Bargain Seekers
151571,0,1,High,Low,Engaged Bargain Seekers
151627,1,1,High,Low,Engaged Bargain Seekers
151655,1,1,High,Low,Engaged Bargain Seekers
151967,0,1,High,Low,Engaged Bargain Seekers
152007,0,1,High,Low,Engaged Bargain Seekers
152014,1,1,High,Low,Engaged Bargain Seekers
152016,0,1,High,Low,Engaged Bargain Seekers
152139,1,1,High,Low,Engaged Bargain Seekers
152148,1,1,High,Low,Engaged Bargain Seekers
152276,1,1,High,Low,Engaged Bargain Seekers
152305,1,1,High,Low,Engaged Bargain Seekers
152307,1,1,High,Low,Engaged Bargain Seekers
152338,1,1,High,Low,Engaged Bargain Seekers
152355,1,1,High,Low,Engaged Bargain Seekers
152406,1,1,High,Low,Engaged Bargain Seekers
152423,1,1,High,Low,Engaged Bargain Seekers
152499,0,1,High,Low,Engaged Bargain Seekers
152681,1,1,High,Low,Engaged Bargain Seekers
152685,3,0,Low,High,High-Value At-Risk
152740,0,1,High,Low,Engaged Bargain Seekers
152778,1,1,High,Low,Engaged Bargain Seekers
152936,3,0,Low,High,High-Value At-Risk
153003,1,1,High,Low,Engaged Bargain Seekers
153072,1,1,High,Low,Engaged Bargain Seekers
153075,3,0,Low,High,High-Value At-Risk
153146,1,1,High,Low,Engaged Bargain Seekers
153193,1,1,High,Low,Engaged Bargain Seekers
153261,1,1,High,Low,Engaged Bargain Seekers
153395,1,1,High,Low,Engaged Bargain Seekers
153439,0,1,High,Low,Engaged Bargain Seekers
153462,1,1,High,Low,Engaged Bargain Seekers
153582,0,1,High,Low,Engaged Bargain Seekers
153586,1,1,High,Low,Engaged Bargain Seekers
153600,1,1,High,Low,Engaged Bargain Seekers
153626,1,1,High,Low,Engaged Bargain Seekers
153645,0,1,High,Low,Engaged Bargain Seekers
153656,0,1,High,Low,Engaged Bargain Seekers
153760,0,1,High,Low,Engaged Bargain Seekers
153884,1,1,High,Low,Engaged Bargain Seekers
153953,0,1,High,Low,Engaged Bargain Seekers
153968,3,0,Low,High,High-Value At-Risk
153987,0,1,High,Low,Engaged Bargain Seekers
153998,1,1,High,Low,Engaged Bargain Seekers
154136,0,1,High,Low,Engaged Bargain Seekers
154172,1,1,High,Low,Engaged Bargain Seekers
154173,0,1,High,Low,Engaged Bargain Seekers
154175,1,1,High,Low,Engaged Bargain Seekers
154194,0,1,High,Low,Engaged Bargain Seekers
154230,1,1,High,Low,Engaged Bargain Seekers
154480,1,1,High,Low,Engaged Bargain Seekers
154606,1,1,High,Low,Engaged Bargain Seekers
154643,1,1,High,Low,Engaged Bargain Seekers
154644,1,1,High,Low,Engaged Bargain Seekers
154652,1,1,High,Low,Engaged Bargain Seekers
154680,1,1,High,Low,Engaged Bargain Seekers
154726,0,1,High,Low,Engaged Bargain Seekers
154736,1,1,High,Low,Engaged Bargain Seekers
154782,0,1,High,Low,Engaged Bargain Seekers
154855,0,1,High,Low,Engaged Bargain Seekers
154864,1,1,High,Low,Engaged Bargain Seekers
154868,0,1,High,Low,Engaged Bargain Seekers
154889,0,1,High,Low,Engaged Bargain Seekers
154958,3,0,Low,High,High-Value At-Risk
154981,1,2,High,Medium,Rising Loyalists
155020,0,1,High,Low,Engaged Bargain Seekers
155118,1,1,High,Low,Engaged Bargain Seekers
155253,0,1,High,Low,Engaged Bargain Seekers
155348,3,0,Low,High,High-Value At-Risk
155354,1,1,High,Low,Engaged Bargain Seekers
155374,1,1,High,Low,Engaged Bargain Seekers
155488,1,1,High,Low,Engaged Bargain Seekers
155623,3,0,Low,High,High-Value At-Risk
155654,1,1,High,Low,Engaged Bargain Seekers
155763,1,1,High,Low,Engaged Bargain Seekers
155791,1,1,High,Low,Engaged Bargain Seekers
155795,1,1,High,Low,Engaged Bargain Seekers
155820,1,1,High,Low,Engaged Bargain Seekers
155964,1,1,High,Low,Engaged Bargain Seekers
155965,0,1,High,Low,Engaged Bargain Seekers
156031,3,1,Low,Low,Dormant / Churned
156071,3,1,Low,Low,Dormant / Churned
156138,1,1,High,Low,Engaged Bargain Seekers
156305,1,1,High,Low,Engaged Bargain Seekers
156313,1,1,High,Low,Engaged Bargain Seekers
156355,1,1,High,Low,Engaged Bargain Seekers
156457,1,1,High,Low,Engaged Bargain Seekers
156666,0,1,High,Low,Engaged Bargain Seekers
156673,1,1,High,Low,Engaged Bargain Seekers
156684,1,1,High,Low,Engaged Bargain Seekers
156730,0,1,High,Low,Engaged Bargain Seekers
156750,1,1,High,Low,Engaged Bargain Seekers
156868,1,2,High,Medium,Rising Loyalists
156870,0,1,High,Low,Engaged Bargain Seekers
156879,0,1,High,Low,Engaged Bargain Seekers
156945,1,1,High,Low,Engaged Bargain Seekers
156948,1,1,High,Low,Engaged Bargain Seekers
156959,1,1,High,Low,Engaged Bargain Seekers
156980,0,1,High,Low,Engaged Bargain Seekers
157005,1,1,High,Low,Engaged Bargain Seekers
157092,1,1,High,Low,Engaged Bargain Seekers
157200,1,1,High,Low,Engaged Bargain Seekers
157212,1,1,High,Low,Engaged Bargain Seekers
157300,0,1,High,Low,Engaged Bargain Seekers
157566,2,1,Low,Low,Dormant / Churned
157672,0,1,High,Low,Engaged Bargain Seekers
157674,1,1,High,Low,Engaged Bargain Seekers
157704,1,1,High,Low,Engaged Bargain Seekers
157712,1,1,High,Low,Engaged Bargain Seekers
157729,0,1,High,Low,Engaged Bargain Seekers
157731,1,1,High,Low,Engaged Bargain Seekers
157751,1,2,High,Medium,Rising Loyalists
157766,1,1,High,Low,Engaged Bargain Seekers
157771,0,1,High,Low,Engaged Bargain Seekers
157816,1,1,High,Low,Engaged Bargain Seekers
157879,1,1,High,Low,Engaged Bargain Seekers
157902,0,1,High,Low,Engaged Bargain Seekers
157911,1,1,High,Low,Engaged Bargain Seekers
157971,3,1,Low,Low,Dormant / Churned
158113,1,1,High,Low,Engaged Bargain Seekers
158314,0,1,High,Low,Engaged Bargain Seekers
158400,1,1,High,Low,Engaged Bargain Seekers
158401,0,1,High,Low,Engaged Bargain Seekers
158508,1,1,High,Low,Engaged Bargain Seekers
158560,1,1,High,Low,Engaged Bargain Seekers
158680,1,1,High,Low,Engaged Bargain Seekers
158901,1,1,High,Low,Engaged Bargain Seekers
158969,1,2,High,Medium,Rising Loyalists
158995,0,1,High,Low,Engaged Bargain Seekers
159227,1,1,High,Low,Engaged Bargain Seekers
159233,0,1,High,Low,Engaged Bargain Seekers
159272,1,1,High,Low,Engaged Bargain Seekers
159275,1,1,High,Low,Engaged Bargain Seekers
159344,1,1,High,Low,Engaged Bargain Seekers
159351,1,1,High,Low,Engaged Bargain Seekers
159359,0,1,High,Low,Engaged Bargain Seekers
159397,1,1,High,Low,Engaged Bargain Seekers
159486,1,1,High,Low,Engaged Bargain Seekers
159500,1,1,High,Low,Engaged Bargain Seekers
159525,1,1,High,Low,Engaged Bargain Seekers
159531,1,1,High,Low,Engaged Bargain Seekers
159533,0,1,High,Low,Engaged Bargain Seekers
159608,1,1,High,Low,Engaged Bargain Seekers
159680,1,1,High,Low,Engaged Bargain Seekers
159688,1,1,High,Low,Engaged Bargain Seekers
159745,1,1,High,Low,Engaged Bargain Seekers
159751,1,1,High,Low,Engaged Bargain Seekers
159800,1,1,High,Low,Engaged Bargain Seekers
159856,1,1,High,Low,Engaged Bargain Seekers
159942,1,1,High,Low,Engaged Bargain Seekers
159960,1,1,High,Low,Engaged Bargain Seekers
160135,1,1,High,Low,Engaged Bargain Seekers
160143,1,1,High,Low,Engaged Bargain Seekers
160154,1,1,High,Low,Engaged Bargain Seekers
160181,1,1,High,Low,Engaged Bargain Seekers
160203,1,1,High,Low,Engaged Bargain Seekers
160250,1,1,High,Low,Engaged Bargain Seekers
160266,0,1,High,Low,Engaged Bargain Seekers
160320,1,1,High,Low,Engaged Bargain Seekers
160471,0,1,High,Low,Engaged Bargain Seekers
160640,1,2,High,Medium,Rising Loyalists
160686,1,1,High,Low,Engaged Bargain Seekers
160707,1,1,High,Low,Engaged Bargain Seekers
160740,1,1,High,Low,Engaged Bargain Seekers
160773,1,1,High,Low,Engaged Bargain Seekers
160779,3,0,Low,High,High-Value At-Risk
160905,1,2,High,Medium,Rising Loyalists
160927,1,1,High,Low,Engaged Bargain Seekers
160993,1,1,High,Low,Engaged Bargain Seekers
161045,1,1,High,Low,Engaged Bargain Seekers
161103,1,1,High,Low,Engaged Bargain Seekers
161180,1,1,High,Low,Engaged Bargain Seekers
161241,1,1,High,Low,Engaged Bargain Seekers
161276,1,1,High,Low,Engaged Bargain Seekers
161338,1,1,High,Low,Engaged Bargain Seekers
161373,0,1,High,Low,Engaged Bargain Seekers
161414,0,1,High,Low,Engaged Bargain Seekers
161415,1,1,High,Low,Engaged Bargain Seekers
161437,1,1,High,Low,Engaged Bargain Seekers
161525,3,1,Low,Low,Dormant / Churned
161546,3,0,Low,High,High-Value At-Risk
161557,3,1,Low,Low,Dormant / Churned
161574,1,1,High,Low,Engaged Bargain Seekers
161650,0,1,High,Low,Engaged Bargain Seekers
161728,0,1,High,Low,Engaged Bargain Seekers
161766,1,1,High,Low,Engaged Bargain Seekers
161769,1,1,High,Low,Engaged Bargain Seekers
161774,3,0,Low,High,High-Value At-Risk
161780,0,1,High,Low,Engaged Bargain Seekers
161956,0,1,High,Low,Engaged Bargain Seekers
162013,1,1,High,Low,Engaged Bargain Seekers
162155,3,0,Low,High,High-Value At-Risk
162166,1,1,High,Low,Engaged Bargain Seekers
162167,1,1,High,Low,Engaged Bargain Seekers
162180,1,1,High,Low,Engaged Bargain Seekers
162420,1,1,High,Low,Engaged Bargain Seekers
162456,1,1,High,Low,Engaged Bargain Seekers
162472,0,1,High,Low,Engaged Bargain Seekers
162485,0,1,High,Low,Engaged Bargain Seekers
162489,1,1,High,Low,Engaged Bargain Seekers
162496,1,1,High,Low,Engaged Bargain Seekers
162568,3,1,Low,Low,Dormant / Churned
162658,1,1,High,Low,Engaged Bargain Seekers
163002,1,1,High,Low,Engaged Bargain Seekers
163058,1,1,High,Low,Engaged Bargain Seekers
163083,1,1,High,Low,Engaged Bargain Seekers
163137,3,0,Low,High,High-Value At-Risk
163260,1,1,High,Low,Engaged Bargain Seekers
163301,0,1,High,Low,Engaged Bargain Seekers
163388,1,1,High,Low,Engaged Bargain Seekers
163405,0,2,High,Medium,Rising Loyalists
163445,0,1,High,Low,Engaged Bargain Seekers
163481,3,0,Low,High,High-Value At-Risk
163598,1,1,High,Low,Engaged Bargain Seekers
163608,1,1,High,Low,Engaged Bargain Seekers
163615,1,1,High,Low,Engaged Bargain Seekers
163639,1,1,High,Low,Engaged Bargain Seekers
163645,1,1,High,Low,Engaged Bargain Seekers
163723,3,0,Low,High,High-Value At-Risk
163757,1,1,High,Low,Engaged Bargain Seekers
163776,1,1,High,Low,Engaged Bargain Seekers
163970,1,1,High,Low,Engaged Bargain Seekers
164013,1,1,High,Low,Engaged Bargain Seekers
164017,0,1,High,Low,Engaged Bargain Seekers
164034,1,1,High,Low,Engaged Bargain Seekers
164064,3,1,Low,Low,Dormant / Churned
164094,0,1,High,Low,Engaged Bargain Seekers
164192,1,1,High,Low,Engaged Bargain Seekers
164211,3,1,Low,Low,Dormant / Churned
164224,0,1,High,Low,Engaged Bargain Seekers
164226,1,1,High,Low,Engaged Bargain Seekers
164298,1,1,High,Low,Engaged Bargain Seekers
164313,1,1,High,Low,Engaged Bargain Seekers
164363,1,1,High,Low,Engaged Bargain Seekers
164374,1,1,High,Low,Engaged Bargain Seekers
164388,1,1,High,Low,Engaged Bargain Seekers
164429,1,1,High,Low,Engaged Bargain Seekers
164500,0,1,High,Low,Engaged Bargain Seekers
164512,1,1,High,Low,Engaged Bargain Seekers
164559,0,1,High,Low,Engaged Bargain Seekers
164657,1,1,High,Low,Engaged Bargain Seekers
164743,1,1,High,Low,Engaged Bargain Seekers
164794,0,1,High,Low,Engaged Bargain Seekers
164947,1,2,High,Medium,Rising Loyalists
164973,1,1,High,Low,Engaged Bargain Seekers
164983,1,2,High,Medium,Rising Loyalists
165019,1,1,High,Low,Engaged Bargain Seekers
165022,0,1,High,Low,Engaged Bargain Seekers
165056,1,1,High,Low,Engaged Bargain Seekers
165138,1,1,High,Low,Engaged Bargain Seekers
165188,1,2,High,Medium,Rising Loyalists
165224,0,1,High,Low,Engaged Bargain Seekers
165260,1,1,High,Low,Engaged Bargain Seekers
165265,1,1,High,Low,Engaged Bargain Seekers
165339,0,1,High,Low,Engaged Bargain Seekers
165443,1,1,High,Low,Engaged Bargain Seekers
165484,1,1,High,Low,Engaged Bargain Seekers
165550,1,1,High,Low,Engaged Bargain Seekers
165554,1,1,High,Low,Engaged Bargain Seekers
165596,1,1,High,Low,Engaged Bargain Seekers
165742,1,1,High,Low,Engaged Bargain Seekers
165759,1,1,High,Low,Engaged Bargain Seekers
165827,1,1,High,Low,Engaged Bargain Seekers
165893,1,1,High,Low,Engaged Bargain Seekers
165900,1,1,High,Low,Engaged Bargain Seekers
166011,0,1,High,Low,Engaged Bargain Seekers
166037,1,1,High,Low,Engaged Bargain Seekers
166110,3,0,Low,High,High-Value At-Risk
166175,1,1,High,Low,Engaged Bargain Seekers
166239,1,1,High,Low,Engaged Bargain Seekers
166273,0,1,High,Low,Engaged Bargain Seekers
166333,1,1,High,Low,Engaged Bargain Seekers
166475,1,1,High,Low,Engaged Bargain Seekers
166535,1,1,High,Low,Engaged Bargain Seekers
166537,1,1,High,Low,Engaged Bargain Seekers
166577,1,1,High,Low,Engaged Bargain Seekers
166677,0,1,High,Low,Engaged Bargain Seekers
166693,1,1,High,Low,Engaged Bargain Seekers
166705,1,1,High,Low,Engaged Bargain Seekers
166712,1,1,High,Low,Engaged Bargain Seekers
166825,0,1,High,Low,Engaged Bargain Seekers
166829,1,1,High,Low,Engaged Bargain Seekers
166846,1,1,High,Low,Engaged Bargain Seekers
166865,1,1,High,Low,Engaged Bargain Seekers
166911,1,1,High,Low,Engaged Bargain Seekers
166938,1,1,High,Low,Engaged Bargain Seekers
166953,1,1,High,Low,Engaged Bargain Seekers
166955,1,1,High,Low,Engaged Bargain Seekers
166966,1,2,High,Medium,Rising Loyalists
167001,0,1,High,Low,Engaged Bargain Seekers
167016,1,1,High,Low,Engaged Bargain Seekers
167026,1,1,High,Low,Engaged Bargain Seekers
167062,1,1,High,Low,Engaged Bargain Seekers
167177,0,1,High,Low,Engaged Bargain Seekers
167219,3,1,Low,Low,Dormant / Churned
167257,1,2,High,Medium,Rising Loyalists
167335,1,1,High,Low,Engaged Bargain Seekers
167363,1,1,High,Low,Engaged Bargain Seekers
167465,0,1,High,Low,Engaged Bargain Seekers
167491,3,0,Low,High,High-Value At-Risk
167515,1,1,High,Low,Engaged Bargain Seekers
167569,3,1,Low,Low,Dormant / Churned
167575,0,1,High,Low,Engaged Bargain Seekers
167578,1,1,High,Low,Engaged Bargain Seekers
167587,1,1,High,Low,Engaged Bargain Seekers
167660,1,1,High,Low,Engaged Bargain Seekers
167670,3,0,Low,High,High-Value At-Risk
167795,1,1,High,Low,Engaged Bargain Seekers
167879,0,1,High,Low,Engaged Bargain Seekers
167933,1,1,High,Low,Engaged Bargain Seekers
168026,1,1,High,Low,Engaged Bargain Seekers
168123,0,1,High,Low,Engaged Bargain Seekers
168160,1,1,High,Low,Engaged Bargain Seekers
168290,1,2,High,Medium,Rising Loyalists
168302,0,1,High,Low,Engaged Bargain Seekers
168316,1,1,High,Low,Engaged Bargain Seekers
168349,1,1,High,Low,Engaged Bargain Seekers
168385,1,1,High,Low,Engaged Bargain Seekers
168418,1,1,High,Low,Engaged Bargain Seekers
168641,3,0,Low,High,High-Value At-Risk
168727,0,1,High,Low,Engaged Bargain Seekers
168843,1,1,High,Low,Engaged Bargain Seekers
168887,1,1,High,Low,Engaged Bargain Seekers
169054,1,1,High,Low,Engaged Bargain Seekers
169129,1,1,High,Low,Engaged Bargain Seekers
169131,0,1,High,Low,Engaged Bargain Seekers
169137,1,1,High,Low,Engaged Bargain Seekers
169247,1,2,High,Medium,Rising Loyalists
169253,0,1,High,Low,Engaged Bargain Seekers
169270,3,0,Low,High,High-Value At-Risk
169302,0,1,High,Low,Engaged Bargain Seekers
169393,1,1,High,Low,Engaged Bargain Seekers
169418,0,1,High,Low,Engaged Bargain Seekers
169525,1,1,High,Low,Engaged Bargain Seekers
169529,0,1,High,Low,Engaged Bargain Seekers
169603,0,1,High,Low,Engaged Bargain Seekers
169661,1,1,High,Low,Engaged Bargain Seekers
169665,1,1,High,Low,Engaged Bargain Seekers
169697,1,1,High,Low,Engaged Bargain Seekers
169699,0,1,High,Low,Engaged Bargain Seekers
169857,1,1,High,Low,Engaged Bargain Seekers
169865,3,1,Low,Low,Dormant / Churned
169932,1,1,High,Low,Engaged Bargain Seekers
169948,1,1,High,Low,Engaged Bargain Seekers
169950,2,0,Low,High,High-Value At-Risk
170027,1,1,High,Low,Engaged Bargain Seekers
170079,1,1,High,Low,Engaged Bargain Seekers
170091,0,1,High,Low,Engaged Bargain Seekers
170152,0,2,High,Medium,Rising Loyalists
170211,1,1,High,Low,Engaged Bargain Seekers
170232,0,1,High,Low,Engaged Bargain Seekers
170311,1,1,High,Low,Engaged Bargain Seekers
170321,1,1,High,Low,Engaged Bargain Seekers
170368,1,1,High,Low,Engaged Bargain Seekers
170404,1,1,High,Low,Engaged Bargain Seekers
170443,1,1,High,Low,Engaged Bargain Seekers
170531,1,1,High,Low,Engaged Bargain Seekers
170534,3,0,Low,High,High-Value At-Risk
170544,1,1,High,Low,Engaged Bargain Seekers
170566,1,1,High,Low,Engaged Bargain Seekers
170585,1,1,High,Low,Engaged Bargain Seekers
170655,3,0,Low,High,High-Value At-Risk
170656,1,1,High,Low,Engaged Bargain Seekers
170710,1,1,High,Low,Engaged Bargain Seekers
170791,1,1,High,Low,Engaged Bargain Seekers
170799,1,1,High,Low,Engaged Bargain Seekers
170801,0,1,High,Low,Engaged Bargain Seekers
170903,1,1,High,Low,Engaged Bargain Seekers
170965,1,1,High,Low,Engaged Bargain Seekers
170982,3,0,Low,High,High-Value At-Risk
171027,3,0,Low,High,High-Value At-Risk
171042,3,1,Low,Low,Dormant / Churned
171047,1,1,High,Low,Engaged Bargain Seekers
171137,1,1,High,Low,Engaged Bargain Seekers
171192,1,1,High,Low,Engaged Bargain Seekers
171257,1,1,High,Low,Engaged Bargain Seekers
171264,1,1,High,Low,Engaged Bargain Seekers
171350,1,2,High,Medium,Rising Loyalists
171419,1,1,High,Low,Engaged Bargain Seekers
171582,0,1,High,Low,Engaged Bargain Seekers
171638,1,1,High,Low,Engaged Bargain Seekers
171691,0,1,High,Low,Engaged Bargain Seekers
171788,0,1,High,Low,Engaged Bargain Seekers
171883,1,1,High,Low,Engaged Bargain Seekers
171902,0,1,High,Low,Engaged Bargain Seekers
171906,1,1,High,Low,Engaged Bargain Seekers
171908,0,1,High,Low,Engaged Bargain Seekers
171937,1,1,High,Low,Engaged Bargain Seekers
172059,1,1,High,Low,Engaged Bargain Seekers
172135,1,1,High,Low,Engaged Bargain Seekers
172162,0,1,High,Low,Engaged Bargain Seekers
172200,0,1,High,Low,Engaged Bargain Seekers
172233,0,1,High,Low,Engaged Bargain Seekers
172259,0,1,High,Low,Engaged Bargain Seekers
172284,0,1,High,Low,Engaged Bargain Seekers
172345,1,1,High,Low,Engaged Bargain Seekers
172348,1,1,High,Low,Engaged Bargain Seekers
172444,1,1,High,Low,Engaged Bargain Seekers
172491,0,1,High,Low,Engaged Bargain Seekers
172532,0,1,High,Low,Engaged Bargain Seekers
172593,1,1,High,Low,Engaged Bargain Seekers
172610,1,1,High,Low,Engaged Bargain Seekers
172724,0,1,High,Low,Engaged Bargain Seekers
172731,3,1,Low,Low,Dormant / Churned
172755,0,1,High,Low,Engaged Bargain Seekers
172757,1,1,High,Low,Engaged Bargain Seekers
172971,0,1,High,Low,Engaged Bargain Seekers
172983,1,1,High,Low,Engaged Bargain Seekers
172987,1,1,High,Low,Engaged Bargain Seekers
173092,1,1,High,Low,Engaged Bargain Seekers
173178,3,0,Low,High,High-Value At-Risk
173212,1,1,High,Low,Engaged Bargain Seekers
173227,0,1,High,Low,Engaged Bargain Seekers
173235,0,1,High,Low,Engaged Bargain Seekers
173252,1,1,High,Low,Engaged Bargain Seekers
173343,1,1,High,Low,Engaged Bargain Seekers
173356,1,1,High,Low,Engaged Bargain Seekers
173398,1,1,High,Low,Engaged Bargain Seekers
173416,1,1,High,Low,Engaged Bargain Seekers
173446,1,2,High,Medium,Rising Loyalists
173485,1,1,High,Low,Engaged Bargain Seekers
173506,1,1,High,Low,Engaged Bargain Seekers
173531,1,1,High,Low,Engaged Bargain Seekers
173548,1,1,High,Low,Engaged Bargain Seekers
173666,0,1,High,Low,Engaged Bargain Seekers
173673,1,2,High,Medium,Rising Loyalists
173798,1,1,High,Low,Engaged Bargain Seekers
173834,0,1,High,Low,Engaged Bargain Seekers
173873,1,1,High,Low,Engaged Bargain Seekers
173884,0,1,High,Low,Engaged Bargain Seekers
173938,1,1,High,Low,Engaged Bargain Seekers
174044,1,1,High,Low,Engaged Bargain Seekers
174343,1,1,High,Low,Engaged Bargain Seekers
174439,1,1,High,Low,Engaged Bargain Seekers
174666,0,1,High,Low,Engaged Bargain Seekers
174669,0,1,High,Low,Engaged Bargain Seekers
174702,0,1,High,Low,Engaged Bargain Seekers
174729,1,1,High,Low,Engaged Bargain Seekers
174743,1,1,High,Low,Engaged Bargain Seekers
174803,1,1,High,Low,Engaged Bargain Seekers
174896,3,1,Low,Low,Dormant / Churned
174923,1,1,High,Low,Engaged Bargain Seekers
174925,3,0,Low,High,High-Value At-Risk
174996,1,1,High,Low,Engaged Bargain Seekers
175017,1,1,High,Low,Engaged Bargain Seekers
175104,1,1,High,Low,Engaged Bargain Seekers
175169,1,2,High,Medium,Rising Loyalists
175191,3,0,Low,High,High-Value At-Risk
175249,1,1,High,Low,Engaged Bargain Seekers
175285,1,1,High,Low,Engaged Bargain Seekers
175320,1,1,High,Low,Engaged Bargain Seekers
175342,1,1,High,Low,Engaged Bargain Seekers
175360,1,1,High,Low,Engaged Bargain Seekers
175387,0,1,High,Low,Engaged Bargain Seekers
175488,1,1,High,Low,Engaged Bargain Seekers
175528,1,2,High,Medium,Rising Loyalists
175584,1,1,High,Low,Engaged Bargain Seekers
175711,1,1,High,Low,Engaged Bargain Seekers
175804,1,1,High,Low,Engaged Bargain Seekers
175814,1,1,High,Low,Engaged Bargain Seekers
175832,3,0,Low,High,High-Value At-Risk
175902,0,1,High,Low,Engaged Bargain Seekers
175954,1,2,High,Medium,Rising Loyalists
175967,1,1,High,Low,Engaged Bargain Seekers
176115,1,1,High,Low,Engaged Bargain Seekers
176142,0,1,High,Low,Engaged Bargain Seekers
176166,1,1,High,Low,Engaged Bargain Seekers
176278,1,1,High,Low,Engaged Bargain Seekers
176284,1,1,High,Low,Engaged Bargain Seekers
176359,1,1,High,Low,Engaged Bargain Seekers
176379,0,1,High,Low,Engaged Bargain Seekers
176480,1,1,High,Low,Engaged Bargain Seekers
176521,0,1,High,Low,Engaged Bargain Seekers
176599,1,1,High,Low,Engaged Bargain Seekers
176611,0,1,High,Low,Engaged Bargain Seekers
176688,1,1,High,Low,Engaged Bargain Seekers
176848,0,1,High,Low,Engaged Bargain Seekers
176885,3,1,Low,Low,Dormant / Churned
177029,0,1,High,Low,Engaged Bargain Seekers
177146,1,1,High,Low,Engaged Bargain Seekers
177199,3,0,Low,High,High-Value At-Risk
177345,0,1,High,Low,Engaged Bargain Seekers
177457,1,1,High,Low,Engaged Bargain Seekers
177483,1,1,High,Low,Engaged Bargain Seekers
177518,1,1,High,Low,Engaged Bargain Seekers
177583,0,1,High,Low,Engaged Bargain Seekers
177598,1,1,High,Low,Engaged Bargain Seekers
177677,3,0,Low,High,High-Value At-Risk
177700,1,1,High,Low,Engaged Bargain Seekers
177713,1,1,High,Low,Engaged Bargain Seekers
177814,0,1,High,Low,Engaged Bargain Seekers
177962,1,1,High,Low,Engaged Bargain Seekers
177993,1,1,High,Low,Engaged Bargain Seekers
178036,1,1,High,Low,Engaged Bargain Seekers
178077,1,1,High,Low,Engaged Bargain Seekers
178081,0,1,High,Low,Engaged Bargain Seekers
178157,0,1,High,Low,Engaged Bargain Seekers
178160,1,1,High,Low,Engaged Bargain Seekers
178331,1,1,High,Low,Engaged Bargain Seekers
178335,1,1,High,Low,Engaged Bargain Seekers
178403,1,1,High,Low,Engaged Bargain Seekers
178409,1,1,High,Low,Engaged Bargain Seekers
178459,3,0,Low,High,High-Value At-Risk
178461,0,1,High,Low,Engaged Bargain Seekers
178540,1,1,High,Low,Engaged Bargain Seekers
178565,0,1,High,Low,Engaged Bargain Seekers
178643,1,1,High,Low,Engaged Bargain Seekers
178720,1,1,High,Low,Engaged Bargain Seekers
178864,1,1,High,Low,Engaged Bargain Seekers
179042,1,1,High,Low,Engaged Bargain Seekers
179053,0,1,High,Low,Engaged Bargain Seekers
179075,1,1,High,Low,Engaged Bargain Seekers
179153,1,2,High,Medium,Rising Loyalists
179489,0,1,High,Low,Engaged Bargain Seekers
179585,1,1,High,Low,Engaged Bargain Seekers
179590,1,1,High,Low,Engaged Bargain Seekers
179603,1,1,High,Low,Engaged Bargain Seekers
179707,3,1,Low,Low,Dormant / Churned
179719,1,1,High,Low,Engaged Bargain Seekers
179773,0,1,High,Low,Engaged Bargain Seekers
179870,1,2,High,Medium,Rising Loyalists
179944,1,1,High,Low,Engaged Bargain Seekers
179956,1,1,High,Low,Engaged Bargain Seekers
180009,1,1,High,Low,Engaged Bargain Seekers
180024,0,1,High,Low,Engaged Bargain Seekers
180137,0,1,High,Low,Engaged Bargain Seekers
180140,1,1,High,Low,Engaged Bargain Seekers
180207,1,1,High,Low,Engaged Bargain Seekers
180216,1,1,High,Low,Engaged Bargain Seekers
180219,1,1,High,Low,Engaged Bargain Seekers
180231,0,1,High,Low,Engaged Bargain Seekers
180321,0,1,High,Low,Engaged Bargain Seekers
180380,1,1,High,Low,Engaged Bargain Seekers
180411,1,1,High,Low,Engaged Bargain Seekers
180484,3,1,Low,Low,Dormant / Churned
180488,1,2,High,Medium,Rising Loyalists
180832,0,1,High,Low,Engaged Bargain Seekers
180922,1,1,High,Low,Engaged Bargain Seekers
180925,1,1,High,Low,Engaged Bargain Seekers
180977,1,1,High,Low,Engaged Bargain Seekers
181033,0,1,High,Low,Engaged Bargain Seekers
181082,1,1,High,Low,Engaged Bargain Seekers
181139,1,1,High,Low,Engaged Bargain Seekers
181140,1,1,High,Low,Engaged Bargain Seekers
181184,1,2,High,Medium,Rising Loyalists
181377,1,1,High,Low,Engaged Bargain Seekers
181423,1,1,High,Low,Engaged Bargain Seekers
181434,3,1,Low,Low,Dormant / Churned
181498,3,0,Low,High,High-Value At-Risk
181607,3,1,Low,Low,Dormant / Churned
181726,1,1,High,Low,Engaged Bargain Seekers
181728,1,1,High,Low,Engaged Bargain Seekers
181770,3,0,Low,High,High-Value At-Risk
181825,1,1,High,Low,Engaged Bargain Seekers
181830,1,1,High,Low,Engaged Bargain Seekers
181852,1,1,High,Low,Engaged Bargain Seekers
182058,1,1,High,Low,Engaged Bargain Seekers
182124,1,1,High,Low,Engaged Bargain Seekers
182130,1,1,High,Low,Engaged Bargain Seekers
182148,1,1,High,Low,Engaged Bargain Seekers
182159,1,1,High,Low,Engaged Bargain Seekers
182184,1,1,High,Low,Engaged Bargain Seekers
182205,0,1,High,Low,Engaged Bargain Seekers
182235,1,1,High,Low,Engaged Bargain Seekers
182272,1,1,High,Low,Engaged Bargain Seekers
182320,1,1,High,Low,Engaged Bargain Seekers
182459,1,1,High,Low,Engaged Bargain Seekers
182490,1,1,High,Low,Engaged Bargain Seekers
182519,1,1,High,Low,Engaged Bargain Seekers
182531,1,1,High,Low,Engaged Bargain Seekers
182534,1,1,High,Low,Engaged Bargain Seekers
182543,1,1,High,Low,Engaged Bargain Seekers
182587,1,1,High,Low,Engaged Bargain Seekers
182749,1,1,High,Low,Engaged Bargain Seekers
182782,1,1,High,Low,Engaged Bargain Seekers
182785,1,1,High,Low,Engaged Bargain Seekers
183020,1,1,High,Low,Engaged Bargain Seekers
183023,0,1,High,Low,Engaged Bargain Seekers
183025,1,1,High,Low,Engaged Bargain Seekers
183052,1,1,High,Low,Engaged Bargain Seekers
183096,1,1,High,Low,Engaged Bargain Seekers
183129,1,2,High,Medium,Rising Loyalists
183208,1,1,High,Low,Engaged Bargain Seekers
183224,1,1,High,Low,Engaged Bargain Seekers
183235,1,1,High,Low,Engaged Bargain Seekers
183305,1,1,High,Low,Engaged Bargain Seekers
183339,3,1,Low,Low,Dormant / Churned
183374,1,1,High,Low,Engaged Bargain Seekers
183388,0,2,High,Medium,Rising Loyalists
183456,0,1,High,Low,Engaged Bargain Seekers
183523,1,1,High,Low,Engaged Bargain Seekers
183626,1,1,High,Low,Engaged Bargain Seekers
183692,0,1,High,Low,Engaged Bargain Seekers
183716,1,1,High,Low,Engaged Bargain Seekers
183748,1,1,High,Low,Engaged Bargain Seekers
183754,1,1,High,Low,Engaged Bargain Seekers
183755,1,1,High,Low,Engaged Bargain Seekers
183885,3,1,Low,Low,Dormant / Churned
183948,1,2,High,Medium,Rising Loyalists
184009,1,1,High,Low,Engaged Bargain Seekers
184035,1,1,High,Low,Engaged Bargain Seekers
184045,1,1,High,Low,Engaged Bargain Seekers
184090,0,1,High,Low,Engaged Bargain Seekers
184151,1,1,High,Low,Engaged Bargain Seekers
184206,1,1,High,Low,Engaged Bargain Seekers
184207,3,0,Low,High,High-Value At-Risk
184306,1,1,High,Low,Engaged Bargain Seekers
184456,1,1,High,Low,Engaged Bargain Seekers
184466,1,1,High,Low,Engaged Bargain Seekers
184478,0,1,High,Low,Engaged Bargain Seekers
184490,3,1,Low,Low,Dormant / Churned
184496,1,1,High,Low,Engaged Bargain Seekers
184635,1,1,High,Low,Engaged Bargain Seekers
184678,0,1,High,Low,Engaged Bargain Seekers
184735,1,1,High,Low,Engaged Bargain Seekers
184754,1,1,High,Low,Engaged Bargain Seekers
184755,0,1,High,Low,Engaged Bargain Seekers
184895,1,1,High,Low,Engaged Bargain Seekers
184924,1,1,High,Low,Engaged Bargain Seekers
184959,1,2,High,Medium,Rising Loyalists
184976,1,1,High,Low,Engaged Bargain Seekers
185013,1,1,High,Low,Engaged Bargain Seekers
185101,1,1,High,Low,Engaged Bargain Seekers
185129,1,1,High,Low,Engaged Bargain Seekers
185153,1,1,High,Low,Engaged Bargain Seekers
185285,1,1,High,Low,Engaged Bargain Seekers
185288,3,0,Low,High,High-Value At-Risk
185496,1,1,High,Low,Engaged Bargain Seekers
185509,1,1,High,Low,Engaged Bargain Seekers
185531,0,1,High,Low,Engaged Bargain Seekers
185561,1,1,High,Low,Engaged Bargain Seekers
185573,1,1,High,Low,Engaged Bargain Seekers
185774,1,1,High,Low,Engaged Bargain Seekers
185808,1,1,High,Low,Engaged Bargain Seekers
185815,3,0,Low,High,High-Value At-Risk
185830,1,1,High,Low,Engaged Bargain Seekers
185835,1,1,High,Low,Engaged Bargain Seekers
185857,1,1,High,Low,Engaged Bargain Seekers
185919,1,1,High,Low,Engaged Bargain Seekers
186015,1,1,High,Low,Engaged Bargain Seekers
186020,1,1,High,Low,Engaged Bargain Seekers
186146,0,1,High,Low,Engaged Bargain Seekers
186199,1,1,High,Low,Engaged Bargain Seekers
186246,1,1,High,Low,Engaged Bargain Seekers
186295,1,1,High,Low,Engaged Bargain Seekers
186469,0,1,High,Low,Engaged Bargain Seekers
186539,1,1,High,Low,Engaged Bargain Seekers
186593,1,1,High,Low,Engaged Bargain Seekers
186668,1,1,High,Low,Engaged Bargain Seekers
186729,0,1,High,Low,Engaged Bargain Seekers
186754,1,1,High,Low,Engaged Bargain Seekers
186807,0,1,High,Low,Engaged Bargain Seekers
186810,1,1,High,Low,Engaged Bargain Seekers
186901,0,1,High,Low,Engaged Bargain Seekers
186942,1,1,High,Low,Engaged Bargain Seekers
187010,0,1,High,Low,Engaged Bargain Seekers
187025,0,1,High,Low,Engaged Bargain Seekers
187041,1,1,High,Low,Engaged Bargain Seekers
187077,1,2,High,Medium,Rising Loyalists
187141,0,1,High,Low,Engaged Bargain Seekers
187161,0,1,High,Low,Engaged Bargain Seekers
187175,1,1,High,Low,Engaged Bargain Seekers
187291,0,1,High,Low,Engaged Bargain Seekers
187318,1,1,High,Low,Engaged Bargain Seekers
187390,0,1,High,Low,Engaged Bargain Seekers
187435,1,1,High,Low,Engaged Bargain Seekers
187459,1,1,High,Low,Engaged Bargain Seekers
187618,0,1,High,Low,Engaged Bargain Seekers
187710,1,1,High,Low,Engaged Bargain Seekers
187758,1,1,High,Low,Engaged Bargain Seekers
187835,3,0,Low,High,High-Value At-Risk
187838,1,2,High,Medium,Rising Loyalists
187876,0,2,High,Medium,Rising Loyalists
187887,1,1,High,Low,Engaged Bargain Seekers
187902,0,1,High,Low,Engaged Bargain Seekers
187958,3,0,Low,High,High-Value At-Risk
188006,1,1,High,Low,Engaged Bargain Seekers
188033,1,1,High,Low,Engaged Bargain Seekers
188071,1,2,High,Medium,Rising Loyalists
188120,1,1,High,Low,Engaged Bargain Seekers
188136,1,1,High,Low,Engaged Bargain Seekers
188147,1,1,High,Low,Engaged Bargain Seekers
188218,3,0,Low,High,High-Value At-Risk
188307,1,1,High,Low,Engaged Bargain Seekers
188318,1,1,High,Low,Engaged Bargain Seekers
188328,1,1,High,Low,Engaged Bargain Seekers
188340,1,1,High,Low,Engaged Bargain Seekers
188470,0,1,High,Low,Engaged Bargain Seekers
188542,1,1,High,Low,Engaged Bargain Seekers
188559,1,1,High,Low,Engaged Bargain Seekers
188655,1,1,High,Low,Engaged Bargain Seekers
188668,1,1,High,Low,Engaged Bargain Seekers
188828,1,1,High,Low,Engaged Bargain Seekers
188893,1,1,High,Low,Engaged Bargain Seekers
189139,1,1,High,Low,Engaged Bargain Seekers
189146,0,1,High,Low,Engaged Bargain Seekers
189158,1,1,High,Low,Engaged Bargain Seekers
189197,1,1,High,Low,Engaged Bargain Seekers
189294,0,1,High,Low,Engaged Bargain Seekers
189329,1,1,High,Low,Engaged Bargain Seekers
189611,1,1,High,Low,Engaged Bargain Seekers
189613,0,1,High,Low,Engaged Bargain Seekers
189666,0,1,High,Low,Engaged Bargain Seekers
189707,0,1,High,Low,Engaged Bargain Seekers
189775,1,1,High,Low,Engaged Bargain Seekers
189817,1,1,High,Low,Engaged Bargain Seekers
189822,1,1,High,Low,Engaged Bargain Seekers
189836,1,1,High,Low,Engaged Bargain Seekers
189854,0,1,High,Low,Engaged Bargain Seekers
189914,1,1,High,Low,Engaged Bargain Seekers
190052,1,1,High,Low,Engaged Bargain Seekers
190149,1,1,High,Low,Engaged Bargain Seekers
190227,1,1,High,Low,Engaged Bargain Seekers
190236,1,1,High,Low,Engaged Bargain Seekers
190256,1,1,High,Low,Engaged Bargain Seekers
190405,0,1,High,Low,Engaged Bargain Seekers
190429,0,2,High,Medium,Rising Loyalists
190465,1,1,High,Low,Engaged Bargain Seekers
190524,1,2,High,Medium,Rising Loyalists
190529,1,1,High,Low,Engaged Bargain Seekers
190561,1,1,High,Low,Engaged Bargain Seekers
190570,0,1,High,Low,Engaged Bargain Seekers
190716,1,1,High,Low,Engaged Bargain Seekers
190720,1,1,High,Low,Engaged Bargain Seekers
190791,0,1,High,Low,Engaged Bargain Seekers
190827,1,1,High,Low,Engaged Bargain Seekers
191044,2,0,Low,High,High-Value At-Risk
191057,1,1,High,Low,Engaged Bargain Seekers
191065,1,2,High,Medium,Rising Loyalists
191150,0,1,High,Low,Engaged Bargain Seekers
191189,3,1,Low,Low,Dormant / Churned
191508,0,1,High,Low,Engaged Bargain Seekers
191537,1,1,High,Low,Engaged Bargain Seekers
191558,0,1,High,Low,Engaged Bargain Seekers
191626,0,2,High,Medium,Rising Loyalists
191638,1,1,High,Low,Engaged Bargain Seekers
191656,0,2,High,Medium,Rising Loyalists
191780,3,1,Low,Low,Dormant / Churned
191814,1,2,High,Medium,Rising Loyalists
191869,1,1,High,Low,Engaged Bargain Seekers
191917,1,1,High,Low,Engaged Bargain Seekers
192009,1,1,High,Low,Engaged Bargain Seekers
192013,1,1,High,Low,Engaged Bargain Seekers
192096,0,1,High,Low,Engaged Bargain Seekers
192098,1,1,High,Low,Engaged Bargain Seekers
192115,1,1,High,Low,Engaged Bargain Seekers
192136,1,1,High,Low,Engaged Bargain Seekers
192141,1,1,High,Low,Engaged Bargain Seekers
192177,1,1,High,Low,Engaged Bargain Seekers
192250,1,1,High,Low,Engaged Bargain Seekers
192355,1,1,High,Low,Engaged Bargain Seekers
192405,1,1,High,Low,Engaged Bargain Seekers
192543,1,1,High,Low,Engaged Bargain Seekers
192554,1,1,High,Low,Engaged Bargain Seekers
192556,0,1,High,Low,Engaged Bargain Seekers
192600,1,1,High,Low,Engaged Bargain Seekers
192651,1,1,High,Low,Engaged Bargain Seekers
192685,1,1,High,Low,Engaged Bargain Seekers
192691,1,1,High,Low,Engaged Bargain Seekers
192772,3,1,Low,Low,Dormant / Churned
192816,0,1,High,Low,Engaged Bargain Seekers
192898,1,1,High,Low,Engaged Bargain Seekers
192994,1,1,High,Low,Engaged Bargain Seekers
193020,1,1,High,Low,Engaged Bargain Seekers
193037,0,1,High,Low,Engaged Bargain Seekers
193147,1,1,High,Low,Engaged Bargain Seekers
193150,1,1,High,Low,Engaged Bargain Seekers
193212,1,1,High,Low,Engaged Bargain Seekers
193519,1,2,High,Medium,Rising Loyalists
193564,1,1,High,Low,Engaged Bargain Seekers
193662,1,1,High,Low,Engaged Bargain Seekers
193665,1,1,High,Low,Engaged Bargain Seekers
193722,1,1,High,Low,Engaged Bargain Seekers
193747,1,1,High,Low,Engaged Bargain Seekers
193775,1,1,High,Low,Engaged Bargain Seekers
193781,1,1,High,Low,Engaged Bargain Seekers
193824,1,1,High,Low,Engaged Bargain Seekers
193827,1,2,High,Medium,Rising Loyalists
193917,1,1,High,Low,Engaged Bargain Seekers
193928,1,1,High,Low,Engaged Bargain Seekers
193946,0,1,High,Low,Engaged Bargain Seekers
193953,1,1,High,Low,Engaged Bargain Seekers
194009,1,1,High,Low,Engaged Bargain Seekers
194065,3,1,Low,Low,Dormant / Churned
194200,1,1,High,Low,Engaged Bargain Seekers
194254,1,1,High,Low,Engaged Bargain Seekers
194297,1,1,High,Low,Engaged Bargain Seekers
194394,1,1,High,Low,Engaged Bargain Seekers
194480,0,1,High,Low,Engaged Bargain Seekers
194482,1,1,High,Low,Engaged Bargain Seekers
194493,1,1,High,Low,Engaged Bargain Seekers
194571,1,1,High,Low,Engaged Bargain Seekers
194640,1,1,High,Low,Engaged Bargain Seekers
194657,0,1,High,Low,Engaged Bargain Seekers
194694,1,1,High,Low,Engaged Bargain Seekers
194709,1,1,High,Low,Engaged Bargain Seekers
194722,1,2,High,Medium,Rising Loyalists
194737,1,1,High,Low,Engaged Bargain Seekers
194758,1,1,High,Low,Engaged Bargain Seekers
194762,3,0,Low,High,High-Value At-Risk
194786,1,1,High,Low,Engaged Bargain Seekers
194813,0,1,High,Low,Engaged Bargain Seekers
194855,1,1,High,Low,Engaged Bargain Seekers
194859,0,1,High,Low,Engaged Bargain Seekers
194886,1,1,High,Low,Engaged Bargain Seekers
194959,1,1,High,Low,Engaged Bargain Seekers
195069,0,1,High,Low,Engaged Bargain Seekers
195131,3,1,Low,Low,Dormant / Churned
195137,1,1,High,Low,Engaged Bargain Seekers
195150,1,1,High,Low,Engaged Bargain Seekers
195368,1,1,High,Low,Engaged Bargain Seekers
195419,1,1,High,Low,Engaged Bargain Seekers
195594,1,1,High,Low,Engaged Bargain Seekers
195684,0,1,High,Low,Engaged Bargain Seekers
195806,1,1,High,Low,Engaged Bargain Seekers
195848,1,1,High,Low,Engaged Bargain Seekers
195895,1,1,High,Low,Engaged Bargain Seekers
195960,1,1,High,Low,Engaged Bargain Seekers
195977,1,1,High,Low,Engaged Bargain Seekers
195994,1,1,High,Low,Engaged Bargain Seekers
196016,1,1,High,Low,Engaged Bargain Seekers
196096,0,2,High,Medium,Rising Loyalists
196202,1,1,High,Low,Engaged Bargain Seekers
196240,1,1,High,Low,Engaged Bargain Seekers
196367,1,1,High,Low,Engaged Bargain Seekers
196442,1,1,High,Low,Engaged Bargain Seekers
196467,1,1,High,Low,Engaged Bargain Seekers
196469,1,1,High,Low,Engaged Bargain Seekers
196514,1,1,High,Low,Engaged Bargain Seekers
196582,1,1,High,Low,Engaged Bargain Seekers
196583,1,1,High,Low,Engaged Bargain Seekers
196757,3,0,Low,High,High-Value At-Risk
196777,1,1,High,Low,Engaged Bargain Seekers
196779,1,1,High,Low,Engaged Bargain Seekers
196798,1,1,High,Low,Engaged Bargain Seekers
196812,1,1,High,Low,Engaged Bargain Seekers
196845,1,1,High,Low,Engaged Bargain Seekers
196892,1,1,High,Low,Engaged Bargain Seekers
196905,1,1,High,Low,Engaged Bargain Seekers
196992,1,1,High,Low,Engaged Bargain Seekers
197062,0,1,High,Low,Engaged Bargain Seekers
197063,3,0,Low,High,High-Value At-Risk
197067,1,1,High,Low,Engaged Bargain Seekers
197086,1,2,High,Medium,Rising Loyalists
197096,1,1,High,Low,Engaged Bargain Seekers
197113,1,1,High,Low,Engaged Bargain Seekers
197138,1,1,High,Low,Engaged Bargain Seekers
197192,1,1,High,Low,Engaged Bargain Seekers
197239,3,1,Low,Low,Dormant / Churned
197320,1,1,High,Low,Engaged Bargain Seekers
197491,3,0,Low,High,High-Value At-Risk
197509,1,1,High,Low,Engaged Bargain Seekers
197514,1,1,High,Low,Engaged Bargain Seekers
197529,3,1,Low,Low,Dormant / Churned
197578,1,1,High,Low,Engaged Bargain Seekers
197608,1,1,High,Low,Engaged Bargain Seekers
197642,1,1,High,Low,Engaged Bargain Seekers
197855,0,1,High,Low,Engaged Bargain Seekers
197890,1,1,High,Low,Engaged Bargain Seekers
197973,0,1,High,Low,Engaged Bargain Seekers
198010,1,1,High,Low,Engaged Bargain Seekers
198075,1,1,High,Low,Engaged Bargain Seekers
198123,1,1,High,Low,Engaged Bargain Seekers
198147,1,1,High,Low,Engaged Bargain Seekers
198167,1,1,High,Low,Engaged Bargain Seekers
198354,3,0,Low,High,High-Value At-Risk
198407,3,1,Low,Low,Dormant / Churned
198424,1,1,High,Low,Engaged Bargain Seekers
198456,3,0,Low,High,High-Value At-Risk
198485,1,1,High,Low,Engaged Bargain Seekers
198499,1,1,High,Low,Engaged Bargain Seekers
198570,0,1,High,Low,Engaged Bargain Seekers
198625,1,1,High,Low,Engaged Bargain Seekers
198645,1,1,High,Low,Engaged Bargain Seekers
198713,1,1,High,Low,Engaged Bargain Seekers
198785,0,1,High,Low,Engaged Bargain Seekers
198813,1,1,High,Low,Engaged Bargain Seekers
198836,1,1,High,Low,Engaged Bargain Seekers
198900,1,1,High,Low,Engaged Bargain Seekers
198961,1,1,High,Low,Engaged Bargain Seekers
199021,0,1,High,Low,Engaged Bargain Seekers
199073,1,1,High,Low,Engaged Bargain Seekers
199342,1,1,High,Low,Engaged Bargain Seekers
199358,0,1,High,Low,Engaged Bargain Seekers
199374,1,1,High,Low,Engaged Bargain Seekers
199405,1,1,High,Low,Engaged Bargain Seekers
199478,1,1,High,Low,Engaged Bargain Seekers
199493,3,0,Low,High,High-Value At-Risk
199494,0,0,High,High,Elite Frequent Flyers
199507,1,1,High,Low,Engaged Bargain Seekers
199509,1,1,High,Low,Engaged Bargain Seekers
199513,1,1,High,Low,Engaged Bargain Seekers
199603,1,1,High,Low,Engaged Bargain Seekers
199652,1,1,High,Low,Engaged Bargain Seekers
199792,0,1,High,Low,Engaged Bargain Seekers
199809,1,1,High,Low,Engaged Bargain Seekers
199810,1,1,High,Low,Engaged Bargain Seekers
199959,0,1,High,Low,Engaged Bargain Seekers
200012,1,1,High,Low,Engaged Bargain Seekers
200065,1,1,High,Low,Engaged Bargain Seekers
200067,1,1,High,Low,Engaged Bargain Seekers
200077,0,1,High,Low,Engaged Bargain Seekers
200168,1,1,High,Low,Engaged Bargain Seekers
200309,1,1,High,Low,Engaged Bargain Seekers
200321,1,1,High,Low,Engaged Bargain Seekers
200326,0,1,High,Low,Engaged Bargain Seekers
200519,1,1,High,Low,Engaged Bargain Seekers
200552,1,1,High,Low,Engaged Bargain Seekers
200663,0,1,High,Low,Engaged Bargain Seekers
200681,1,1,High,Low,Engaged Bargain Seekers
200708,1,1,High,Low,Engaged Bargain Seekers
200744,1,1,High,Low,Engaged Bargain Seekers
200764,0,1,High,Low,Engaged Bargain Seekers
200802,1,1,High,Low,Engaged Bargain Seekers
200863,1,1,High,Low,Engaged Bargain Seekers
200877,1,1,High,Low,Engaged Bargain Seekers
200960,1,1,High,Low,Engaged Bargain Seekers
200991,1,1,High,Low,Engaged Bargain Seekers
201055,0,1,High,Low,Engaged Bargain Seekers
201115,1,1,High,Low,Engaged Bargain Seekers
201220,1,1,High,Low,Engaged Bargain Seekers
201256,1,1,High,Low,Engaged Bargain Seekers
201273,0,1,High,Low,Engaged Bargain Seekers
201276,1,1,High,Low,Engaged Bargain Seekers
201292,1,1,High,Low,Engaged Bargain Seekers
201339,1,1,High,Low,Engaged Bargain Seekers
201343,1,1,High,Low,Engaged Bargain Seekers
201355,1,1,High,Low,Engaged Bargain Seekers
201365,1,1,High,Low,Engaged Bargain Seekers
201436,0,1,High,Low,Engaged Bargain Seekers
201475,0,1,High,Low,Engaged Bargain Seekers
201550,3,1,Low,Low,Dormant / Churned
201561,0,1,High,Low,Engaged Bargain Seekers
201564,1,1,High,Low,Engaged Bargain Seekers
201574,3,1,Low,Low,Dormant / Churned
201683,1,1,High,Low,Engaged Bargain Seekers
201709,1,1,High,Low,Engaged Bargain Seekers
201816,1,1,High,Low,Engaged Bargain Seekers
201891,1,1,High,Low,Engaged Bargain Seekers
201898,0,1,High,Low,Engaged Bargain Seekers
202035,0,1,High,Low,Engaged Bargain Seekers
202052,1,1,High,Low,Engaged Bargain Seekers
202055,1,1,High,Low,Engaged Bargain Seekers
202108,3,1,Low,Low,Dormant / Churned
202156,1,1,High,Low,Engaged Bargain Seekers
202182,1,1,High,Low,Engaged Bargain Seekers
202218,0,1,High,Low,Engaged Bargain Seekers
202227,3,0,Low,High,High-Value At-Risk
202248,1,1,High,Low,Engaged Bargain Seekers
202271,3,0,Low,High,High-Value At-Risk
202293,1,1,High,Low,Engaged Bargain Seekers
202299,1,1,High,Low,Engaged Bargain Seekers
202329,0,1,High,Low,Engaged Bargain Seekers
202358,1,1,High,Low,Engaged Bargain Seekers
202585,1,1,High,Low,Engaged Bargain Seekers
202696,1,1,High,Low,Engaged Bargain Seekers
202716,1,1,High,Low,Engaged Bargain Seekers
202761,3,1,Low,Low,Dormant / Churned
202784,1,1,High,Low,Engaged Bargain Seekers
202807,1,1,High,Low,Engaged Bargain Seekers
202831,1,1,High,Low,Engaged Bargain Seekers
202859,1,1,High,Low,Engaged Bargain Seekers
202864,1,1,High,Low,Engaged Bargain Seekers
203033,1,1,High,Low,Engaged Bargain Seekers
203084,1,1,High,Low,Engaged Bargain Seekers
203133,1,1,High,Low,Engaged Bargain Seekers
203143,0,1,High,Low,Engaged Bargain Seekers
203184,1,1,High,Low,Engaged Bargain Seekers
203245,3,0,Low,High,High-Value At-Risk
203258,3,0,Low,High,High-Value At-Risk
203293,1,1,High,Low,Engaged Bargain Seekers
203306,0,1,High,Low,Engaged Bargain Seekers
203409,1,1,High,Low,Engaged Bargain Seekers
203517,3,0,Low,High,High-Value At-Risk
203550,1,1,High,Low,Engaged Bargain Seekers
203577,1,1,High,Low,Engaged Bargain Seekers
203607,0,1,High,Low,Engaged Bargain Seekers
203625,1,1,High,Low,Engaged Bargain Seekers
203696,1,1,High,Low,Engaged Bargain Seekers
203698,1,1,High,Low,Engaged Bargain Seekers
203745,1,1,High,Low,Engaged Bargain Seekers
203772,1,2,High,Medium,Rising Loyalists
203773,0,1,High,Low,Engaged Bargain Seekers
203809,3,1,Low,Low,Dormant / Churned
203815,0,1,High,Low,Engaged Bargain Seekers
203864,1,1,High,Low,Engaged Bargain Seekers
203947,0,1,High,Low,Engaged Bargain Seekers
203950,0,1,High,Low,Engaged Bargain Seekers
203973,0,1,High,Low,Engaged Bargain Seekers
204000,1,1,High,Low,Engaged Bargain Seekers
204042,1,1,High,Low,Engaged Bargain Seekers
204111,0,1,High,Low,Engaged Bargain Seekers
204220,1,1,High,Low,Engaged Bargain Seekers
204237,0,1,High,Low,Engaged Bargain Seekers
204311,0,1,High,Low,Engaged Bargain Seekers
204343,1,1,High,Low,Engaged Bargain Seekers
204375,1,1,High,Low,Engaged Bargain Seekers
204424,1,2,High,Medium,Rising Loyalists
204484,1,1,High,Low,Engaged Bargain Seekers
204507,3,0,Low,High,High-Value At-Risk
204535,3,0,Low,High,High-Value At-Risk
204686,1,1,High,Low,Engaged Bargain Seekers
204693,1,1,High,Low,Engaged Bargain Seekers
204763,1,1,High,Low,Engaged Bargain Seekers
204840,3,0,Low,High,High-Value At-Risk
204848,3,1,Low,Low,Dormant / Churned
204926,0,1,High,Low,Engaged Bargain Seekers
204935,1,1,High,Low,Engaged Bargain Seekers
204994,1,1,High,Low,Engaged Bargain Seekers
205087,1,1,High,Low,Engaged Bargain Seekers
205111,1,1,High,Low,Engaged Bargain Seekers
205156,1,1,High,Low,Engaged Bargain Seekers
205170,1,1,High,Low,Engaged Bargain Seekers
205195,3,0,Low,High,High-Value At-Risk
205197,1,1,High,Low,Engaged Bargain Seekers
205256,1,1,High,Low,Engaged Bargain Seekers
205367,0,1,High,Low,Engaged Bargain Seekers
205371,1,1,High,Low,Engaged Bargain Seekers
205413,1,1,High,Low,Engaged Bargain Seekers
205430,1,1,High,Low,Engaged Bargain Seekers
205445,1,1,High,Low,Engaged Bargain Seekers
205465,0,1,High,Low,Engaged Bargain Seekers
205505,1,1,High,Low,Engaged Bargain Seekers
205658,1,1,High,Low,Engaged Bargain Seekers
205671,1,1,High,Low,Engaged Bargain Seekers
205697,1,2,High,Medium,Rising Loyalists
205698,1,1,High,Low,Engaged Bargain Seekers
205785,1,1,High,Low,Engaged Bargain Seekers
205826,0,2,High,Medium,Rising Loyalists
206050,0,2,High,Medium,Rising Loyalists
206108,1,1,High,Low,Engaged Bargain Seekers
206119,1,1,High,Low,Engaged Bargain Seekers
206207,1,1,High,Low,Engaged Bargain Seekers
206284,1,1,High,Low,Engaged Bargain Seekers
206328,1,1,High,Low,Engaged Bargain Seekers
206332,3,0,Low,High,High-Value At-Risk
206366,1,1,High,Low,Engaged Bargain Seekers
206466,0,1,High,Low,Engaged Bargain Seekers
206576,3,0,Low,High,High-Value At-Risk
206591,1,1,High,Low,Engaged Bargain Seekers
206680,1,1,High,Low,Engaged Bargain Seekers
206772,1,1,High,Low,Engaged Bargain Seekers
206773,1,1,High,Low,Engaged Bargain Seekers
206871,1,1,High,Low,Engaged Bargain Seekers
206890,1,1,High,Low,Engaged Bargain Seekers
206914,1,1,High,Low,Engaged Bargain Seekers
206925,1,2,High,Medium,Rising Loyalists
206947,1,1,High,Low,Engaged Bargain Seekers
206992,1,1,High,Low,Engaged Bargain Seekers
207001,1,1,High,Low,Engaged Bargain Seekers
207047,0,1,High,Low,Engaged Bargain Seekers
207110,1,1,High,Low,Engaged Bargain Seekers
207195,1,1,High,Low,Engaged Bargain Seekers
207220,1,1,High,Low,Engaged Bargain Seekers
207372,0,1,High,Low,Engaged Bargain Seekers
207453,1,1,High,Low,Engaged Bargain Seekers
207484,3,0,Low,High,High-Value At-Risk
207492,1,1,High,Low,Engaged Bargain Seekers
207500,1,1,High,Low,Engaged Bargain Seekers
207543,1,2,High,Medium,Rising Loyalists
207576,1,1,High,Low,Engaged Bargain Seekers
207821,1,1,High,Low,Engaged Bargain Seekers
207860,0,1,High,Low,Engaged Bargain Seekers
207865,1,1,High,Low,Engaged Bargain Seekers
208234,1,1,High,Low,Engaged Bargain Seekers
208241,0,1,High,Low,Engaged Bargain Seekers
208256,1,1,High,Low,Engaged Bargain Seekers
208323,1,1,High,Low,Engaged Bargain Seekers
208329,1,1,High,Low,Engaged Bargain Seekers
208368,0,1,High,Low,Engaged Bargain Seekers
208375,0,1,High,Low,Engaged Bargain Seekers
208485,1,1,High,Low,Engaged Bargain Seekers
208517,1,1,High,Low,Engaged Bargain Seekers
208553,1,1,High,Low,Engaged Bargain Seekers
208584,1,1,High,Low,Engaged Bargain Seekers
208585,3,1,Low,Low,Dormant / Churned
208586,0,1,High,Low,Engaged Bargain Seekers
208630,3,0,Low,High,High-Value At-Risk
208634,1,1,High,Low,Engaged Bargain Seekers
208649,1,1,High,Low,Engaged Bargain Seekers
208668,0,1,High,Low,Engaged Bargain Seekers
208787,1,1,High,Low,Engaged Bargain Seekers
208940,1,1,High,Low,Engaged Bargain Seekers
208961,1,1,High,Low,Engaged Bargain Seekers
208967,1,1,High,Low,Engaged Bargain Seekers
209021,1,1,High,Low,Engaged Bargain Seekers
209022,1,1,High,Low,Engaged Bargain Seekers
209058,1,1,High,Low,Engaged Bargain Seekers
209102,1,1,High,Low,Engaged Bargain Seekers
209107,3,0,Low,High,High-Value At-Risk
209134,0,1,High,Low,Engaged Bargain Seekers
209172,1,1,High,Low,Engaged Bargain Seekers
209249,1,1,High,Low,Engaged Bargain Seekers
209357,1,1,High,Low,Engaged Bargain Seekers
209405,1,1,High,Low,Engaged Bargain Seekers
209675,1,1,High,Low,Engaged Bargain Seekers
209729,1,1,High,Low,Engaged Bargain Seekers
209787,1,1,High,Low,Engaged Bargain Seekers
209831,1,1,High,Low,Engaged Bargain Seekers
209846,3,0,Low,High,High-Value At-Risk
209850,0,1,High,Low,Engaged Bargain Seekers
209886,1,1,High,Low,Engaged Bargain Seekers
209994,1,1,High,Low,Engaged Bargain Seekers
210100,0,2,High,Medium,Rising Loyalists
210148,0,1,High,Low,Engaged Bargain Seekers
210205,1,1,High,Low,Engaged Bargain Seekers
210226,1,1,High,Low,Engaged Bargain Seekers
210236,1,1,High,Low,Engaged Bargain Seekers
210247,0,1,High,Low,Engaged Bargain Seekers
210291,1,2,High,Medium,Rising Loyalists
210298,1,1,High,Low,Engaged Bargain Seekers
210339,1,1,High,Low,Engaged Bargain Seekers
210385,1,1,High,Low,Engaged Bargain Seekers
210416,1,1,High,Low,Engaged Bargain Seekers
210442,0,1,High,Low,Engaged Bargain Seekers
210485,3,1,Low,Low,Dormant / Churned
210498,1,1,High,Low,Engaged Bargain Seekers
210630,1,1,High,Low,Engaged Bargain Seekers
210647,1,1,High,Low,Engaged Bargain Seekers
210725,1,2,High,Medium,Rising Loyalists
210734,1,1,High,Low,Engaged Bargain Seekers
210746,3,0,Low,High,High-Value At-Risk
210752,1,1,High,Low,Engaged Bargain Seekers
210755,1,2,High,Medium,Rising Loyalists
210761,0,1,High,Low,Engaged Bargain Seekers
210770,1,1,High,Low,Engaged Bargain Seekers
210815,1,2,High,Medium,Rising Loyalists
210835,1,1,High,Low,Engaged Bargain Seekers
210870,0,1,High,Low,Engaged Bargain Seekers
210910,1,1,High,Low,Engaged Bargain Seekers
211030,0,1,High,Low,Engaged Bargain Seekers
211043,1,1,High,Low,Engaged Bargain Seekers
211058,1,1,High,Low,Engaged Bargain Seekers
211083,1,1,High,Low,Engaged Bargain Seekers
211217,1,1,High,Low,Engaged Bargain Seekers
211475,0,1,High,Low,Engaged Bargain Seekers
211524,1,1,High,Low,Engaged Bargain Seekers
211549,1,1,High,Low,Engaged Bargain Seekers
211575,1,1,High,Low,Engaged Bargain Seekers
211589,1,1,High,Low,Engaged Bargain Seekers
211625,1,1,High,Low,Engaged Bargain Seekers
211714,1,1,High,Low,Engaged Bargain Seekers
211715,0,1,High,Low,Engaged Bargain Seekers
211755,0,1,High,Low,Engaged Bargain Seekers
211802,0,2,High,Medium,Rising Loyalists
211842,1,1,High,Low,Engaged Bargain Seekers
211891,1,1,High,Low,Engaged Bargain Seekers
211966,1,1,High,Low,Engaged Bargain Seekers
211984,0,1,High,Low,Engaged Bargain Seekers
212128,1,1,High,Low,Engaged Bargain Seekers
212130,1,1,High,Low,Engaged Bargain Seekers
212189,1,1,High,Low,Engaged Bargain Seekers
212209,1,1,High,Low,Engaged Bargain Seekers
212230,1,1,High,Low,Engaged Bargain Seekers
212301,1,2,High,Medium,Rising Loyalists
212304,1,1,High,Low,Engaged Bargain Seekers
212350,1,1,High,Low,Engaged Bargain Seekers
212477,0,1,High,Low,Engaged Bargain Seekers
212484,0,1,High,Low,Engaged Bargain Seekers
212493,3,0,Low,High,High-Value At-Risk
212544,0,1,High,Low,Engaged Bargain Seekers
212553,0,1,High,Low,Engaged Bargain Seekers
212579,0,1,High,Low,Engaged Bargain Seekers
212602,0,1,High,Low,Engaged Bargain Seekers
212604,1,1,High,Low,Engaged Bargain Seekers
212695,0,1,High,Low,Engaged Bargain Seekers
212707,1,1,High,Low,Engaged Bargain Seekers
212735,1,1,High,Low,Engaged Bargain Seekers
212762,1,1,High,Low,Engaged Bargain Seekers
212848,0,1,High,Low,Engaged Bargain Seekers
212849,1,1,High,Low,Engaged Bargain Seekers
212862,1,1,High,Low,Engaged Bargain Seekers
212977,0,1,High,Low,Engaged Bargain Seekers
213013,1,2,High,Medium,Rising Loyalists
213086,1,1,High,Low,Engaged Bargain Seekers
213112,1,1,High,Low,Engaged Bargain Seekers
213113,1,1,High,Low,Engaged Bargain Seekers
213177,1,1,High,Low,Engaged Bargain Seekers
213246,1,1,High,Low,Engaged Bargain Seekers
213297,1,1,High,Low,Engaged Bargain Seekers
213303,1,1,High,Low,Engaged Bargain Seekers
213432,1,1,High,Low,Engaged Bargain Seekers
213480,1,1,High,Low,Engaged Bargain Seekers
213545,0,1,High,Low,Engaged Bargain Seekers
213723,1,1,High,Low,Engaged Bargain Seekers
213813,1,1,High,Low,Engaged Bargain Seekers
213841,1,1,High,Low,Engaged Bargain Seekers
213934,1,1,High,Low,Engaged Bargain Seekers
213979,1,1,High,Low,Engaged Bargain Seekers
214020,1,1,High,Low,Engaged Bargain Seekers
214030,1,1,High,Low,Engaged Bargain Seekers
214095,1,1,High,Low,Engaged Bargain Seekers
214123,0,1,High,Low,Engaged Bargain Seekers
214322,0,1,High,Low,Engaged Bargain Seekers
214354,1,1,High,Low,Engaged Bargain Seekers
214504,1,1,High,Low,Engaged Bargain Seekers
214605,1,1,High,Low,Engaged Bargain Seekers
214639,1,1,High,Low,Engaged Bargain Seekers
214661,1,1,High,Low,Engaged Bargain Seekers
214878,1,1,High,Low,Engaged Bargain Seekers
214995,1,1,High,Low,Engaged Bargain Seekers
215051,1,1,High,Low,Engaged Bargain Seekers
215089,1,1,High,Low,Engaged Bargain Seekers
215257,1,1,High,Low,Engaged Bargain Seekers
215260,0,1,High,Low,Engaged Bargain Seekers
215294,3,0,Low,High,High-Value At-Risk
215314,3,0,Low,High,High-Value At-Risk
215508,1,1,High,Low,Engaged Bargain Seekers
215567,1,1,High,Low,Engaged Bargain Seekers
215626,1,1,High,Low,Engaged Bargain Seekers
215639,0,1,High,Low,Engaged Bargain Seekers
215651,1,1,High,Low,Engaged Bargain Seekers
215719,0,1,High,Low,Engaged Bargain Seekers
215751,3,1,Low,Low,Dormant / Churned
215840,1,1,High,Low,Engaged Bargain Seekers
215869,1,1,High,Low,Engaged Bargain Seekers
215952,1,1,High,Low,Engaged Bargain Seekers
215955,0,1,High,Low,Engaged Bargain Seekers
216040,1,1,High,Low,Engaged Bargain Seekers
216072,0,1,High,Low,Engaged Bargain Seekers
216095,1,1,High,Low,Engaged Bargain Seekers
216109,1,1,High,Low,Engaged Bargain Seekers
216139,1,1,High,Low,Engaged Bargain Seekers
216269,1,1,High,Low,Engaged Bargain Seekers
216359,0,1,High,Low,Engaged Bargain Seekers
216445,3,0,Low,High,High-Value At-Risk
216467,1,1,High,Low,Engaged Bargain Seekers
216487,1,1,High,Low,Engaged Bargain Seekers
216500,3,0,Low,High,High-Value At-Risk
216517,1,1,High,Low,Engaged Bargain Seekers
216573,1,1,High,Low,Engaged Bargain Seekers
216596,1,1,High,Low,Engaged Bargain Seekers
216652,0,1,High,Low,Engaged Bargain Seekers
216658,1,1,High,Low,Engaged Bargain Seekers
216661,1,1,High,Low,Engaged Bargain Seekers
216666,3,0,Low,High,High-Value At-Risk
216683,1,1,High,Low,Engaged Bargain Seekers
216719,1,1,High,Low,Engaged Bargain Seekers
216725,1,1,High,Low,Engaged Bargain Seekers
216762,1,1,High,Low,Engaged Bargain Seekers
216937,3,0,Low,High,High-Value At-Risk
216946,1,1,High,Low,Engaged Bargain Seekers
217051,1,1,High,Low,Engaged Bargain Seekers
217054,1,2,High,Medium,Rising Loyalists
217124,1,1,High,Low,Engaged Bargain Seekers
217204,1,1,High,Low,Engaged Bargain Seekers
217235,3,0,Low,High,High-Value At-Risk
217284,3,0,Low,High,High-Value At-Risk
217364,1,1,High,Low,Engaged Bargain Seekers
217401,0,1,High,Low,Engaged Bargain Seekers
217497,3,0,Low,High,High-Value At-Risk
217616,0,1,High,Low,Engaged Bargain Seekers
217695,1,1,High,Low,Engaged Bargain Seekers
217754,1,1,High,Low,Engaged Bargain Seekers
217761,0,1,High,Low,Engaged Bargain Seekers
217772,0,1,High,Low,Engaged Bargain Seekers
217792,1,1,High,Low,Engaged Bargain Seekers
217802,1,1,High,Low,Engaged Bargain Seekers
217862,1,1,High,Low,Engaged Bargain Seekers
217967,0,1,High,Low,Engaged Bargain Seekers
218122,1,1,High,Low,Engaged Bargain Seekers
218127,0,2,High,Medium,Rising Loyalists
218241,1,1,High,Low,Engaged Bargain Seekers
218277,1,1,High,Low,Engaged Bargain Seekers
218278,1,2,High,Medium,Rising Loyalists
218311,1,1,High,Low,Engaged Bargain Seekers
218362,1,1,High,Low,Engaged Bargain Seekers
218373,3,1,Low,Low,Dormant / Churned
218383,1,1,High,Low,Engaged Bargain Seekers
218425,1,1,High,Low,Engaged Bargain Seekers
218529,1,1,High,Low,Engaged Bargain Seekers
218538,0,2,High,Medium,Rising Loyalists
218545,1,1,High,Low,Engaged Bargain Seekers
218601,1,1,High,Low,Engaged Bargain Seekers
218757,0,1,High,Low,Engaged Bargain Seekers
218917,1,1,High,Low,Engaged Bargain Seekers
219043,1,1,High,Low,Engaged Bargain Seekers
219139,1,2,High,Medium,Rising Loyalists
219160,3,0,Low,High,High-Value At-Risk
219270,0,2,High,Medium,Rising Loyalists
219276,1,1,High,Low,Engaged Bargain Seekers
219413,1,1,High,Low,Engaged Bargain Seekers
219431,1,1,High,Low,Engaged Bargain Seekers
219555,1,1,High,Low,Engaged Bargain Seekers
219646,3,1,Low,Low,Dormant / Churned
219714,1,1,High,Low,Engaged Bargain Seekers
219747,1,1,High,Low,Engaged Bargain Seekers
219779,1,2,High,Medium,Rising Loyalists
219806,3,0,Low,High,High-Value At-Risk
219984,0,2,High,Medium,Rising Loyalists
220131,0,1,High,Low,Engaged Bargain Seekers
220139,3,0,Low,High,High-Value At-Risk
220244,1,1,High,Low,Engaged Bargain Seekers
220315,0,1,High,Low,Engaged Bargain Seekers
220358,1,1,High,Low,Engaged Bargain Seekers
220538,0,1,High,Low,Engaged Bargain Seekers
220564,1,1,High,Low,Engaged Bargain Seekers
220601,3,1,Low,Low,Dormant / Churned
220616,1,1,High,Low,Engaged Bargain Seekers
220794,1,1,High,Low,Engaged Bargain Seekers
220802,1,1,High,Low,Engaged Bargain Seekers
220806,1,1,High,Low,Engaged Bargain Seekers
220808,0,1,High,Low,Engaged Bargain Seekers
220822,1,2,High,Medium,Rising Loyalists
220892,1,1,High,Low,Engaged Bargain Seekers
221014,0,1,High,Low,Engaged Bargain Seekers
221075,1,1,High,Low,Engaged Bargain Seekers
221204,1,1,High,Low,Engaged Bargain Seekers
221205,1,2,High,Medium,Rising Loyalists
221254,1,1,High,Low,Engaged Bargain Seekers
221287,1,1,High,Low,Engaged Bargain Seekers
221328,1,1,High,Low,Engaged Bargain Seekers
221345,1,1,High,Low,Engaged Bargain Seekers
221361,3,0,Low,High,High-Value At-Risk
221388,1,1,High,Low,Engaged Bargain Seekers
221446,1,1,High,Low,Engaged Bargain Seekers
221469,1,1,High,Low,Engaged Bargain Seekers
221595,0,1,High,Low,Engaged Bargain Seekers
221627,3,0,Low,High,High-Value At-Risk
221643,1,1,High,Low,Engaged Bargain Seekers
221709,3,0,Low,High,High-Value At-Risk
221721,1,1,High,Low,Engaged Bargain Seekers
221775,1,1,High,Low,Engaged Bargain Seekers
221813,1,1,High,Low,Engaged Bargain Seekers
221862,1,1,High,Low,Engaged Bargain Seekers
221993,1,1,High,Low,Engaged Bargain Seekers
222050,0,1,High,Low,Engaged Bargain Seekers
222065,1,1,High,Low,Engaged Bargain Seekers
222102,1,1,High,Low,Engaged Bargain Seekers
222278,1,1,High,Low,Engaged Bargain Seekers
222280,0,1,High,Low,Engaged Bargain Seekers
222425,3,0,Low,High,High-Value At-Risk
222453,1,1,High,Low,Engaged Bargain Seekers
222490,1,1,High,Low,Engaged Bargain Seekers
222644,3,0,Low,High,High-Value At-Risk
222702,0,1,High,Low,Engaged Bargain Seekers
222743,1,2,High,Medium,Rising Loyalists
222748,1,1,High,Low,Engaged Bargain Seekers
222874,1,1,High,Low,Engaged Bargain Seekers
222929,1,1,High,Low,Engaged Bargain Seekers
222960,1,1,High,Low,Engaged Bargain Seekers
223018,0,1,High,Low,Engaged Bargain Seekers
223081,3,0,Low,High,High-Value At-Risk
223238,3,1,Low,Low,Dormant / Churned
223313,0,1,High,Low,Engaged Bargain Seekers
223354,1,1,High,Low,Engaged Bargain Seekers
223380,0,1,High,Low,Engaged Bargain Seekers
223534,1,1,High,Low,Engaged Bargain Seekers
223587,1,1,High,Low,Engaged Bargain Seekers
223632,1,1,High,Low,Engaged Bargain Seekers
223638,3,0,Low,High,High-Value At-Risk
223643,0,1,High,Low,Engaged Bargain Seekers
223684,0,1,High,Low,Engaged Bargain Seekers
223946,1,1,High,Low,Engaged Bargain Seekers
223958,1,1,High,Low,Engaged Bargain Seekers
224000,1,1,High,Low,Engaged Bargain Seekers
224130,1,1,High,Low,Engaged Bargain Seekers
224132,3,1,Low,Low,Dormant / Churned
224178,3,0,Low,High,High-Value At-Risk
224298,1,1,High,Low,Engaged Bargain Seekers
224384,1,1,High,Low,Engaged Bargain Seekers
224402,1,1,High,Low,Engaged Bargain Seekers
224530,3,1,Low,Low,Dormant / Churned
224607,0,1,High,Low,Engaged Bargain Seekers
224661,1,1,High,Low,Engaged Bargain Seekers
224664,1,1,High,Low,Engaged Bargain Seekers
224666,0,1,High,Low,Engaged Bargain Seekers
224676,3,0,Low,High,High-Value At-Risk
224691,1,1,High,Low,Engaged Bargain Seekers
224740,1,1,High,Low,Engaged Bargain Seekers
224842,0,1,High,Low,Engaged Bargain Seekers
224854,1,1,High,Low,Engaged Bargain Seekers
224924,1,1,High,Low,Engaged Bargain Seekers
224952,1,1,High,Low,Engaged Bargain Seekers
225067,1,1,High,Low,Engaged Bargain Seekers
225077,1,1,High,Low,Engaged Bargain Seekers
225087,1,1,High,Low,Engaged Bargain Seekers
225088,1,1,High,Low,Engaged Bargain Seekers
225205,0,1,High,Low,Engaged Bargain Seekers
225262,1,1,High,Low,Engaged Bargain Seekers
225279,1,1,High,Low,Engaged Bargain Seekers
225318,1,1,High,Low,Engaged Bargain Seekers
225327,1,2,High,Medium,Rising Loyalists
225363,1,1,High,Low,Engaged Bargain Seekers
225482,1,1,High,Low,Engaged Bargain Seekers
225486,1,2,High,Medium,Rising Loyalists
225529,3,0,Low,High,High-Value At-Risk
225576,1,1,High,Low,Engaged Bargain Seekers
225656,0,1,High,Low,Engaged Bargain Seekers
225743,3,0,Low,High,High-Value At-Risk
225746,1,2,High,Medium,Rising Loyalists
225748,3,0,Low,High,High-Value At-Risk
225891,1,1,High,Low,Engaged Bargain Seekers
225920,1,1,High,Low,Engaged Bargain Seekers
225930,1,1,High,Low,Engaged Bargain Seekers
225972,0,1,High,Low,Engaged Bargain Seekers
226176,3,0,Low,High,High-Value At-Risk
226191,1,1,High,Low,Engaged Bargain Seekers
226194,1,2,High,Medium,Rising Loyalists
226360,1,1,High,Low,Engaged Bargain Seekers
226387,0,1,High,Low,Engaged Bargain Seekers
226422,1,1,High,Low,Engaged Bargain Seekers
226511,1,1,High,Low,Engaged Bargain Seekers
226643,1,1,High,Low,Engaged Bargain Seekers
226710,1,1,High,Low,Engaged Bargain Seekers
226804,0,1,High,Low,Engaged Bargain Seekers
226842,1,1,High,Low,Engaged Bargain Seekers
226847,3,0,Low,High,High-Value At-Risk
226866,0,1,High,Low,Engaged Bargain Seekers
226924,0,1,High,Low,Engaged Bargain Seekers
227008,1,1,High,Low,Engaged Bargain Seekers
227015,1,1,High,Low,Engaged Bargain Seekers
227234,0,1,High,Low,Engaged Bargain Seekers
227239,1,1,High,Low,Engaged Bargain Seekers
227274,0,1,High,Low,Engaged Bargain Seekers
227293,1,1,High,Low,Engaged Bargain Seekers
227303,0,1,High,Low,Engaged Bargain Seekers
227398,0,1,High,Low,Engaged Bargain Seekers
227429,1,1,High,Low,Engaged Bargain Seekers
227433,3,0,Low,High,High-Value At-Risk
227547,1,1,High,Low,Engaged Bargain Seekers
227796,1,1,High,Low,Engaged Bargain Seekers
227804,0,1,High,Low,Engaged Bargain Seekers
227808,0,1,High,Low,Engaged Bargain Seekers
227906,1,1,High,Low,Engaged Bargain Seekers
228030,0,2,High,Medium,Rising Loyalists
228151,1,1,High,Low,Engaged Bargain Seekers
228273,1,1,High,Low,Engaged Bargain Seekers
228469,3,0,Low,High,High-Value At-Risk
228557,0,1,High,Low,Engaged Bargain Seekers
228580,1,1,High,Low,Engaged Bargain Seekers
228673,1,1,High,Low,Engaged Bargain Seekers
228748,1,1,High,Low,Engaged Bargain Seekers
228772,0,1,High,Low,Engaged Bargain Seekers
228820,0,1,High,Low,Engaged Bargain Seekers
228896,1,1,High,Low,Engaged Bargain Seekers
228984,1,1,High,Low,Engaged Bargain Seekers
228995,1,1,High,Low,Engaged Bargain Seekers
229075,3,1,Low,Low,Dormant / Churned
229094,1,1,High,Low,Engaged Bargain Seekers
229166,1,1,High,Low,Engaged Bargain Seekers
229204,0,1,High,Low,Engaged Bargain Seekers
229210,1,1,High,Low,Engaged Bargain Seekers
229265,1,1,High,Low,Engaged Bargain Seekers
229308,3,0,Low,High,High-Value At-Risk
229391,3,1,Low,Low,Dormant / Churned
229436,1,1,High,Low,Engaged Bargain Seekers
229530,1,1,High,Low,Engaged Bargain Seekers
229612,1,1,High,Low,Engaged Bargain Seekers
229621,1,1,High,Low,Engaged Bargain Seekers
229636,3,0,Low,High,High-Value At-Risk
229677,1,1,High,Low,Engaged Bargain Seekers
229692,0,1,High,Low,Engaged Bargain Seekers
229842,1,1,High,Low,Engaged Bargain Seekers
229861,3,1,Low,Low,Dormant / Churned
230027,1,1,High,Low,Engaged Bargain Seekers
230070,0,1,High,Low,Engaged Bargain Seekers
230101,1,1,High,Low,Engaged Bargain Seekers
230124,0,1,High,Low,Engaged Bargain Seekers
230240,1,1,High,Low,Engaged Bargain Seekers
230311,1,1,High,Low,Engaged Bargain Seekers
230337,0,1,High,Low,Engaged Bargain Seekers
230429,1,1,High,Low,Engaged Bargain Seekers
230560,0,1,High,Low,Engaged Bargain Seekers
230687,0,1,High,Low,Engaged Bargain Seekers
230693,1,1,High,Low,Engaged Bargain Seekers
230763,1,1,High,Low,Engaged Bargain Seekers
230840,1,1,High,Low,Engaged Bargain Seekers
230908,1,1,High,Low,Engaged Bargain Seekers
230942,1,1,High,Low,Engaged Bargain Seekers
231013,1,1,High,Low,Engaged Bargain Seekers
231047,1,1,High,Low,Engaged Bargain Seekers
231080,0,2,High,Medium,Rising Loyalists
231084,1,1,High,Low,Engaged Bargain Seekers
231090,1,1,High,Low,Engaged Bargain Seekers
231273,1,1,High,Low,Engaged Bargain Seekers
231319,3,0,Low,High,High-Value At-Risk
231462,1,2,High,Medium,Rising Loyalists
231508,1,1,High,Low,Engaged Bargain Seekers
231530,1,1,High,Low,Engaged Bargain Seekers
231592,1,1,High,Low,Engaged Bargain Seekers
231614,1,1,High,Low,Engaged Bargain Seekers
231641,1,1,High,Low,Engaged Bargain Seekers
231755,1,1,High,Low,Engaged Bargain Seekers
231843,1,1,High,Low,Engaged Bargain Seekers
231992,0,1,High,Low,Engaged Bargain Seekers
232022,1,1,High,Low,Engaged Bargain Seekers
232137,1,1,High,Low,Engaged Bargain Seekers
232203,1,1,High,Low,Engaged Bargain Seekers
232290,1,1,High,Low,Engaged Bargain Seekers
232317,3,0,Low,High,High-Value At-Risk
232395,1,1,High,Low,Engaged Bargain Seekers
232426,3,0,Low,High,High-Value At-Risk
232450,1,1,High,Low,Engaged Bargain Seekers
232533,0,2,High,Medium,Rising Loyalists
232555,1,1,High,Low,Engaged Bargain Seekers
232579,0,1,High,Low,Engaged Bargain Seekers
232609,1,1,High,Low,Engaged Bargain Seekers
232685,1,1,High,Low,Engaged Bargain Seekers
232703,1,1,High,Low,Engaged Bargain Seekers
232755,1,1,High,Low,Engaged Bargain Seekers
232871,1,1,High,Low,Engaged Bargain Seekers
232884,0,1,High,Low,Engaged Bargain Seekers
232907,0,1,High,Low,Engaged Bargain Seekers
232924,1,1,High,Low,Engaged Bargain Seekers
233017,0,1,High,Low,Engaged Bargain Seekers
233051,3,0,Low,High,High-Value At-Risk
233084,1,1,High,Low,Engaged Bargain Seekers
233437,0,1,High,Low,Engaged Bargain Seekers
233646,1,1,High,Low,Engaged Bargain Seekers
233738,1,1,High,Low,Engaged Bargain Seekers
233768,1,1,High,Low,Engaged Bargain Seekers
233774,0,1,High,Low,Engaged Bargain Seekers
233819,1,1,High,Low,Engaged Bargain Seekers
233831,3,0,Low,High,High-Value At-Risk
233877,3,0,Low,High,High-Value At-Risk
233958,1,1,High,Low,Engaged Bargain Seekers
233969,1,1,High,Low,Engaged Bargain Seekers
233991,1,1,High,Low,Engaged Bargain Seekers
234047,1,1,High,Low,Engaged Bargain Seekers
234256,1,1,High,Low,Engaged Bargain Seekers
234435,1,1,High,Low,Engaged Bargain Seekers
234454,0,1,High,Low,Engaged Bargain Seekers
234515,1,1,High,Low,Engaged Bargain Seekers
234562,1,1,High,Low,Engaged Bargain Seekers
234588,1,1,High,Low,Engaged Bargain Seekers
234630,1,1,High,Low,Engaged Bargain Seekers
234807,1,2,High,Medium,Rising Loyalists
234836,0,1,High,Low,Engaged Bargain Seekers
234866,1,1,High,Low,Engaged Bargain Seekers
234878,1,1,High,Low,Engaged Bargain Seekers
234895,1,1,High,Low,Engaged Bargain Seekers
234922,1,1,High,Low,Engaged Bargain Seekers
234973,1,1,High,Low,Engaged Bargain Seekers
235030,3,0,Low,High,High-Value At-Risk
235063,1,1,High,Low,Engaged Bargain Seekers
235092,1,1,High,Low,Engaged Bargain Seekers
235102,1,1,High,Low,Engaged Bargain Seekers
235220,3,1,Low,Low,Dormant / Churned
235229,0,1,High,Low,Engaged Bargain Seekers
235391,1,1,High,Low,Engaged Bargain Seekers
235398,1,1,High,Low,Engaged Bargain Seekers
235428,1,1,High,Low,Engaged Bargain Seekers
235454,0,1,High,Low,Engaged Bargain Seekers
235459,1,1,High,Low,Engaged Bargain Seekers
235506,0,1,High,Low,Engaged Bargain Seekers
235585,0,1,High,Low,Engaged Bargain Seekers
235629,0,1,High,Low,Engaged Bargain Seekers
235683,0,2,High,Medium,Rising Loyalists
235709,1,1,High,Low,Engaged Bargain Seekers
235716,1,1,High,Low,Engaged Bargain Seekers
235857,1,1,High,Low,Engaged Bargain Seekers
235872,1,1,High,Low,Engaged Bargain Seekers
235882,1,1,High,Low,Engaged Bargain Seekers
235885,1,1,High,Low,Engaged Bargain Seekers
235930,1,1,High,Low,Engaged Bargain Seekers
236001,1,1,High,Low,Engaged Bargain Seekers
236003,1,1,High,Low,Engaged Bargain Seekers
236026,1,1,High,Low,Engaged Bargain Seekers
236037,3,0,Low,High,High-Value At-Risk
236093,1,1,High,Low,Engaged Bargain Seekers
236129,1,1,High,Low,Engaged Bargain Seekers
236165,1,1,High,Low,Engaged Bargain Seekers
236300,3,1,Low,Low,Dormant / Churned
236395,1,1,High,Low,Engaged Bargain Seekers
236593,1,1,High,Low,Engaged Bargain Seekers
236701,0,1,High,Low,Engaged Bargain Seekers
236710,1,1,High,Low,Engaged Bargain Seekers
236767,1,1,High,Low,Engaged Bargain Seekers
236794,3,0,Low,High,High-Value At-Risk
236874,1,1,High,Low,Engaged Bargain Seekers
237018,1,1,High,Low,Engaged Bargain Seekers
237094,1,1,High,Low,Engaged Bargain Seekers
237105,1,1,High,Low,Engaged Bargain Seekers
237106,1,1,High,Low,Engaged Bargain Seekers
237107,3,0,Low,High,High-Value At-Risk
237274,1,1,High,Low,Engaged Bargain Seekers
237293,1,1,High,Low,Engaged Bargain Seekers
237303,1,1,High,Low,Engaged Bargain Seekers
237312,0,1,High,Low,Engaged Bargain Seekers
237319,0,1,High,Low,Engaged Bargain Seekers
237402,1,1,High,Low,Engaged Bargain Seekers
237434,1,1,High,Low,Engaged Bargain Seekers
237492,1,1,High,Low,Engaged Bargain Seekers
237586,0,1,High,Low,Engaged Bargain Seekers
237651,1,1,High,Low,Engaged Bargain Seekers
237729,1,1,High,Low,Engaged Bargain Seekers
237751,0,1,High,Low,Engaged Bargain Seekers
237770,1,1,High,Low,Engaged Bargain Seekers
237858,0,1,High,Low,Engaged Bargain Seekers
237888,1,1,High,Low,Engaged Bargain Seekers
237984,1,1,High,Low,Engaged Bargain Seekers
238063,3,0,Low,High,High-Value At-Risk
238070,3,0,Low,High,High-Value At-Risk
238119,1,1,High,Low,Engaged Bargain Seekers
238156,1,1,High,Low,Engaged Bargain Seekers
238193,1,1,High,Low,Engaged Bargain Seekers
238233,1,1,High,Low,Engaged Bargain Seekers
238342,0,1,High,Low,Engaged Bargain Seekers
238367,0,2,High,Medium,Rising Loyalists
238434,1,1,High,Low,Engaged Bargain Seekers
238442,1,1,High,Low,Engaged Bargain Seekers
238556,1,1,High,Low,Engaged Bargain Seekers
238607,1,1,High,Low,Engaged Bargain Seekers
238640,1,1,High,Low,Engaged Bargain Seekers
238647,1,1,High,Low,Engaged Bargain Seekers
238649,1,1,High,Low,Engaged Bargain Seekers
238752,1,1,High,Low,Engaged Bargain Seekers
238753,1,1,High,Low,Engaged Bargain Seekers
238796,1,1,High,Low,Engaged Bargain Seekers
238814,1,1,High,Low,Engaged Bargain Seekers
238939,0,1,High,Low,Engaged Bargain Seekers
239027,1,1,High,Low,Engaged Bargain Seekers
239182,1,1,High,Low,Engaged Bargain Seekers
239184,1,1,High,Low,Engaged Bargain Seekers
239221,3,1,Low,Low,Dormant / Churned
239276,1,1,High,Low,Engaged Bargain Seekers
239457,1,1,High,Low,Engaged Bargain Seekers
239476,1,2,High,Medium,Rising Loyalists
239490,1,1,High,Low,Engaged Bargain Seekers
239525,0,1,High,Low,Engaged Bargain Seekers
239605,1,1,High,Low,Engaged Bargain Seekers
239606,1,1,High,Low,Engaged Bargain Seekers
239749,0,1,High,Low,Engaged Bargain Seekers
239892,1,1,High,Low,Engaged Bargain Seekers
239955,1,1,High,Low,Engaged Bargain Seekers
239956,1,1,High,Low,Engaged Bargain Seekers
239970,1,1,High,Low,Engaged Bargain Seekers
240044,1,1,High,Low,Engaged Bargain Seekers
240132,1,1,High,Low,Engaged Bargain Seekers
240135,0,1,High,Low,Engaged Bargain Seekers
240141,0,1,High,Low,Engaged Bargain Seekers
240143,0,1,High,Low,Engaged Bargain Seekers
240209,1,2,High,Medium,Rising Loyalists
240299,3,0,Low,High,High-Value At-Risk
240330,1,1,High,Low,Engaged Bargain Seekers
240362,1,1,High,Low,Engaged Bargain Seekers
240365,0,1,High,Low,Engaged Bargain Seekers
240442,1,1,High,Low,Engaged Bargain Seekers
240476,1,1,High,Low,Engaged Bargain Seekers
240500,0,1,High,Low,Engaged Bargain Seekers
240760,1,1,High,Low,Engaged Bargain Seekers
240761,1,1,High,Low,Engaged Bargain Seekers
240774,0,1,High,Low,Engaged Bargain Seekers
240829,1,1,High,Low,Engaged Bargain Seekers
240861,3,1,Low,Low,Dormant / Churned
240886,1,1,High,Low,Engaged Bargain Seekers
240942,1,1,High,Low,Engaged Bargain Seekers
240963,1,1,High,Low,Engaged Bargain Seekers
241038,1,1,High,Low,Engaged Bargain Seekers
241069,3,0,Low,High,High-Value At-Risk
241144,1,1,High,Low,Engaged Bargain Seekers
241165,3,0,Low,High,High-Value At-Risk
241167,1,1,High,Low,Engaged Bargain Seekers
241374,1,1,High,Low,Engaged Bargain Seekers
241391,1,1,High,Low,Engaged Bargain Seekers
241421,1,1,High,Low,Engaged Bargain Seekers
241436,1,1,High,Low,Engaged Bargain Seekers
241455,0,1,High,Low,Engaged Bargain Seekers
241468,0,1,High,Low,Engaged Bargain Seekers
241495,1,1,High,Low,Engaged Bargain Seekers
241600,1,1,High,Low,Engaged Bargain Seekers
241641,1,1,High,Low,Engaged Bargain Seekers
241675,1,1,High,Low,Engaged Bargain Seekers
241677,1,1,High,Low,Engaged Bargain Seekers
241714,1,1,High,Low,Engaged Bargain Seekers
241849,1,1,High,Low,Engaged Bargain Seekers
241854,1,1,High,Low,Engaged Bargain Seekers
241967,1,1,High,Low,Engaged Bargain Seekers
241990,3,1,Low,Low,Dormant / Churned
242028,1,1,High,Low,Engaged Bargain Seekers
242203,3,1,Low,Low,Dormant / Churned
242288,1,1,High,Low,Engaged Bargain Seekers
242304,1,1,High,Low,Engaged Bargain Seekers
242348,1,1,High,Low,Engaged Bargain Seekers
242377,3,1,Low,Low,Dormant / Churned
242387,0,1,High,Low,Engaged Bargain Seekers
242637,3,0,Low,High,High-Value At-Risk
242719,3,0,Low,High,High-Value At-Risk
242779,1,1,High,Low,Engaged Bargain Seekers
242789,1,1,High,Low,Engaged Bargain Seekers
242812,1,1,High,Low,Engaged Bargain Seekers
242839,3,0,Low,High,High-Value At-Risk
242917,1,1,High,Low,Engaged Bargain Seekers
242980,3,0,Low,High,High-Value At-Risk
243001,3,1,Low,Low,Dormant / Churned
243005,1,1,High,Low,Engaged Bargain Seekers
243018,1,1,High,Low,Engaged Bargain Seekers
243061,1,1,High,Low,Engaged Bargain Seekers
243153,3,0,Low,High,High-Value At-Risk
243191,1,1,High,Low,Engaged Bargain Seekers
243272,3,0,Low,High,High-Value At-Risk
243273,3,0,Low,High,High-Value At-Risk
243294,0,1,High,Low,Engaged Bargain Seekers
243444,1,1,High,Low,Engaged Bargain Seekers
243455,1,1,High,Low,Engaged Bargain Seekers
243557,1,1,High,Low,Engaged Bargain Seekers
243642,1,1,High,Low,Engaged Bargain Seekers
243696,1,1,High,Low,Engaged Bargain Seekers
243713,1,1,High,Low,Engaged Bargain Seekers
243726,3,0,Low,High,High-Value At-Risk
243734,0,1,High,Low,Engaged Bargain Seekers
243741,1,1,High,Low,Engaged Bargain Seekers
243751,1,1,High,Low,Engaged Bargain Seekers
243965,0,1,High,Low,Engaged Bargain Seekers
244032,1,1,High,Low,Engaged Bargain Seekers
244039,1,1,High,Low,Engaged Bargain Seekers
244099,1,1,High,Low,Engaged Bargain Seekers
244132,1,1,High,Low,Engaged Bargain Seekers
244245,1,1,High,Low,Engaged Bargain Seekers
244271,1,1,High,Low,Engaged Bargain Seekers
244296,1,1,High,Low,Engaged Bargain Seekers
244308,1,1,High,Low,Engaged Bargain Seekers
244367,1,1,High,Low,Engaged Bargain Seekers
244387,1,1,High,Low,Engaged Bargain Seekers
244398,1,1,High,Low,Engaged Bargain Seekers
244414,1,1,High,Low,Engaged Bargain Seekers
244419,1,1,High,Low,Engaged Bargain Seekers
244475,1,1,High,Low,Engaged Bargain Seekers
244527,3,0,Low,High,High-Value At-Risk
244538,1,1,High,Low,Engaged Bargain Seekers
244595,0,1,High,Low,Engaged Bargain Seekers
244611,1,1,High,Low,Engaged Bargain Seekers
244652,1,1,High,Low,Engaged Bargain Seekers
244676,1,1,High,Low,Engaged Bargain Seekers
244721,0,1,High,Low,Engaged Bargain Seekers
244734,0,0,High,High,Elite Frequent Flyers
244762,1,1,High,Low,Engaged Bargain Seekers
244844,0,1,High,Low,Engaged Bargain Seekers
244865,0,1,High,Low,Engaged Bargain Seekers
244925,1,1,High,Low,Engaged Bargain Seekers
245066,0,1,High,Low,Engaged Bargain Seekers
245227,0,1,High,Low,Engaged Bargain Seekers
245289,1,1,High,Low,Engaged Bargain Seekers
245307,0,1,High,Low,Engaged Bargain Seekers
245356,1,1,High,Low,Engaged Bargain Seekers
245419,1,1,High,Low,Engaged Bargain Seekers
245440,0,1,High,Low,Engaged Bargain Seekers
245465,1,1,High,Low,Engaged Bargain Seekers
245575,0,1,High,Low,Engaged Bargain Seekers
245604,1,1,High,Low,Engaged Bargain Seekers
245671,3,1,Low,Low,Dormant / Churned
245800,1,1,High,Low,Engaged Bargain Seekers
245929,1,1,High,Low,Engaged Bargain Seekers
246059,1,1,High,Low,Engaged Bargain Seekers
246117,0,1,High,Low,Engaged Bargain Seekers
246187,1,1,High,Low,Engaged Bargain Seekers
246273,1,2,High,Medium,Rising Loyalists
246323,1,1,High,Low,Engaged Bargain Seekers
246399,3,0,Low,High,High-Value At-Risk
246405,1,1,High,Low,Engaged Bargain Seekers
246421,1,1,High,Low,Engaged Bargain Seekers
246517,1,1,High,Low,Engaged Bargain Seekers
246571,1,1,High,Low,Engaged Bargain Seekers
246581,3,0,Low,High,High-Value At-Risk
246591,1,1,High,Low,Engaged Bargain Seekers
246690,1,1,High,Low,Engaged Bargain Seekers
246722,0,1,High,Low,Engaged Bargain Seekers
246734,1,1,High,Low,Engaged Bargain Seekers
246736,1,1,High,Low,Engaged Bargain Seekers
246737,1,1,High,Low,Engaged Bargain Seekers
246775,0,1,High,Low,Engaged Bargain Seekers
246800,1,1,High,Low,Engaged Bargain Seekers
246911,0,1,High,Low,Engaged Bargain Seekers
246935,1,1,High,Low,Engaged Bargain Seekers
247050,1,1,High,Low,Engaged Bargain Seekers
247103,3,1,Low,Low,Dormant / Churned
247180,1,1,High,Low,Engaged Bargain Seekers
247220,1,1,High,Low,Engaged Bargain Seekers
247247,0,1,High,Low,Engaged Bargain Seekers
247391,0,1,High,Low,Engaged Bargain Seekers
247433,1,2,High,Medium,Rising Loyalists
247471,1,1,High,Low,Engaged Bargain Seekers
247514,1,1,High,Low,Engaged Bargain Seekers
247551,1,2,High,Medium,Rising Loyalists
247607,1,1,High,Low,Engaged Bargain Seekers
247645,1,1,High,Low,Engaged Bargain Seekers
247680,1,1,High,Low,Engaged Bargain Seekers
247692,0,1,High,Low,Engaged Bargain Seekers
247714,1,1,High,Low,Engaged Bargain Seekers
247721,1,1,High,Low,Engaged Bargain Seekers
247833,0,1,High,Low,Engaged Bargain Seekers
248011,1,1,High,Low,Engaged Bargain Seekers
248138,1,1,High,Low,Engaged Bargain Seekers
248196,0,1,High,Low,Engaged Bargain Seekers
248265,1,2,High,Medium,Rising Loyalists
248356,1,1,High,Low,Engaged Bargain Seekers
248433,1,1,High,Low,Engaged Bargain Seekers
248445,0,2,High,Medium,Rising Loyalists
248461,1,1,High,Low,Engaged Bargain Seekers
248487,1,1,High,Low,Engaged Bargain Seekers
248497,3,0,Low,High,High-Value At-Risk
248593,1,1,High,Low,Engaged Bargain Seekers
248620,1,1,High,Low,Engaged Bargain Seekers
248664,3,0,Low,High,High-Value At-Risk
248752,0,1,High,Low,Engaged Bargain Seekers
248885,1,1,High,Low,Engaged Bargain Seekers
248886,3,1,Low,Low,Dormant / Churned
248950,0,1,High,Low,Engaged Bargain Seekers
248952,1,1,High,Low,Engaged Bargain Seekers
249019,1,1,High,Low,Engaged Bargain Seekers
249224,1,1,High,Low,Engaged Bargain Seekers
249270,0,1,High,Low,Engaged Bargain Seekers
249352,1,1,High,Low,Engaged Bargain Seekers
249381,1,1,High,Low,Engaged Bargain Seekers
249408,0,1,High,Low,Engaged Bargain Seekers
249466,1,1,High,Low,Engaged Bargain Seekers
249555,1,1,High,Low,Engaged Bargain Seekers
249559,1,1,High,Low,Engaged Bargain Seekers
249639,0,1,High,Low,Engaged Bargain Seekers
249693,1,1,High,Low,Engaged Bargain Seekers
249723,1,1,High,Low,Engaged Bargain Seekers
249795,0,1,High,Low,Engaged Bargain Seekers
249811,0,1,High,Low,Engaged Bargain Seekers
249813,1,2,High,Medium,Rising Loyalists
249833,0,1,High,Low,Engaged Bargain Seekers
249841,1,1,High,Low,Engaged Bargain Seekers
249982,1,1,High,Low,Engaged Bargain Seekers
250089,3,0,Low,High,High-Value At-Risk
250194,3,0,Low,High,High-Value At-Risk
250280,1,1,High,Low,Engaged Bargain Seekers
250311,1,1,High,Low,Engaged Bargain Seekers
250315,1,2,High,Medium,Rising Loyalists
250363,0,1,High,Low,Engaged Bargain Seekers
250380,1,1,High,Low,Engaged Bargain Seekers
250391,0,1,High,Low,Engaged Bargain Seekers
250422,1,1,High,Low,Engaged Bargain Seekers
250540,0,1,High,Low,Engaged Bargain Seekers
250586,1,1,High,Low,Engaged Bargain Seekers
250609,0,1,High,Low,Engaged Bargain Seekers
250619,1,1,High,Low,Engaged Bargain Seekers
250696,1,1,High,Low,Engaged Bargain Seekers
250711,1,1,High,Low,Engaged Bargain Seekers
250854,1,1,High,Low,Engaged Bargain Seekers
250921,1,1,High,Low,Engaged Bargain Seekers
251012,1,1,High,Low,Engaged Bargain Seekers
251020,3,1,Low,Low,Dormant / Churned
251023,1,1,High,Low,Engaged Bargain Seekers
251081,0,1,High,Low,Engaged Bargain Seekers
251095,1,1,High,Low,Engaged Bargain Seekers
251116,3,1,Low,Low,Dormant / Churned
251195,1,1,High,Low,Engaged Bargain Seekers
251211,0,1,High,Low,Engaged Bargain Seekers
251223,0,1,High,Low,Engaged Bargain Seekers
251324,1,1,High,Low,Engaged Bargain Seekers
251432,1,1,High,Low,Engaged Bargain Seekers
251436,1,1,High,Low,Engaged Bargain Seekers
251521,0,1,High,Low,Engaged Bargain Seekers
251641,1,2,High,Medium,Rising Loyalists
251779,1,1,High,Low,Engaged Bargain Seekers
251874,1,1,High,Low,Engaged Bargain Seekers
251950,1,2,High,Medium,Rising Loyalists
252082,1,1,High,Low,Engaged Bargain Seekers
252110,0,1,High,Low,Engaged Bargain Seekers
252135,3,0,Low,High,High-Value At-Risk
252136,1,1,High,Low,Engaged Bargain Seekers
252147,0,1,High,Low,Engaged Bargain Seekers
252165,3,0,Low,High,High-Value At-Risk
252271,1,1,High,Low,Engaged Bargain Seekers
252341,1,1,High,Low,Engaged Bargain Seekers
252419,1,1,High,Low,Engaged Bargain Seekers
252450,1,1,High,Low,Engaged Bargain Seekers
252472,3,1,Low,Low,Dormant / Churned
252476,0,1,High,Low,Engaged Bargain Seekers
252531,3,0,Low,High,High-Value At-Risk
252563,0,1,High,Low,Engaged Bargain Seekers
252628,3,0,Low,High,High-Value At-Risk
252679,0,1,High,Low,Engaged Bargain Seekers
252782,1,1,High,Low,Engaged Bargain Seekers
252954,1,1,High,Low,Engaged Bargain Seekers
253046,1,1,High,Low,Engaged Bargain Seekers
253056,3,0,Low,High,High-Value At-Risk
253082,3,0,Low,High,High-Value At-Risk
253098,1,1,High,Low,Engaged Bargain Seekers
253210,1,1,High,Low,Engaged Bargain Seekers
253282,1,1,High,Low,Engaged Bargain Seekers
253283,0,1,High,Low,Engaged Bargain Seekers
253412,3,1,Low,Low,Dormant / Churned
253466,0,1,High,Low,Engaged Bargain Seekers
253528,1,1,High,Low,Engaged Bargain Seekers
253601,1,1,High,Low,Engaged Bargain Seekers
253609,1,1,High,Low,Engaged Bargain Seekers
253619,1,1,High,Low,Engaged Bargain Seekers
253635,1,1,High,Low,Engaged Bargain Seekers
253689,1,1,High,Low,Engaged Bargain Seekers
253825,1,1,High,Low,Engaged Bargain Seekers
253852,1,1,High,Low,Engaged Bargain Seekers
254097,0,1,High,Low,Engaged Bargain Seekers
254161,3,1,Low,Low,Dormant / Churned
254230,1,1,High,Low,Engaged Bargain Seekers
254361,1,2,High,Medium,Rising Loyalists
254371,1,1,High,Low,Engaged Bargain Seekers
254372,1,2,High,Medium,Rising Loyalists
254428,0,1,High,Low,Engaged Bargain Seekers
254546,1,1,High,Low,Engaged Bargain Seekers
254567,0,2,High,Medium,Rising Loyalists
254575,1,1,High,Low,Engaged Bargain Seekers
254579,1,1,High,Low,Engaged Bargain Seekers
254667,1,1,High,Low,Engaged Bargain Seekers
254683,1,1,High,Low,Engaged Bargain Seekers
254745,0,2,High,Medium,Rising Loyalists
254853,1,1,High,Low,Engaged Bargain Seekers
254860,1,1,High,Low,Engaged Bargain Seekers
254940,1,1,High,Low,Engaged Bargain Seekers
255019,3,1,Low,Low,Dormant / Churned
255028,0,1,High,Low,Engaged Bargain Seekers
255032,0,1,High,Low,Engaged Bargain Seekers
255087,1,1,High,Low,Engaged Bargain Seekers
255108,1,1,High,Low,Engaged Bargain Seekers
255183,3,0,Low,High,High-Value At-Risk
255215,1,1,High,Low,Engaged Bargain Seekers
255267,1,1,High,Low,Engaged Bargain Seekers
255320,1,2,High,Medium,Rising Loyalists
255333,1,1,High,Low,Engaged Bargain Seekers
255425,1,1,High,Low,Engaged Bargain Seekers
255475,1,1,High,Low,Engaged Bargain Seekers
255509,1,1,High,Low,Engaged Bargain Seekers
255546,1,1,High,Low,Engaged Bargain Seekers
255623,3,0,Low,High,High-Value At-Risk
255653,1,1,High,Low,Engaged Bargain Seekers
255718,1,1,High,Low,Engaged Bargain Seekers
255740,1,1,High,Low,Engaged Bargain Seekers
255767,0,1,High,Low,Engaged Bargain Seekers
255818,0,1,High,Low,Engaged Bargain Seekers
255836,1,1,High,Low,Engaged Bargain Seekers
255951,1,1,High,Low,Engaged Bargain Seekers
255994,0,1,High,Low,Engaged Bargain Seekers
256003,1,1,High,Low,Engaged Bargain Seekers
256013,1,1,High,Low,Engaged Bargain Seekers
256135,1,1,High,Low,Engaged Bargain Seekers
256147,1,1,High,Low,Engaged Bargain Seekers
256188,0,1,High,Low,Engaged Bargain Seekers
256189,3,1,Low,Low,Dormant / Churned
256198,0,1,High,Low,Engaged Bargain Seekers
256323,1,1,High,Low,Engaged Bargain Seekers
256360,1,1,High,Low,Engaged Bargain Seekers
256434,1,1,High,Low,Engaged Bargain Seekers
256467,3,1,Low,Low,Dormant / Churned
256483,1,1,High,Low,Engaged Bargain Seekers
256486,1,1,High,Low,Engaged Bargain Seekers
256502,1,1,High,Low,Engaged Bargain Seekers
256544,1,1,High,Low,Engaged Bargain Seekers
256574,1,1,High,Low,Engaged Bargain Seekers
256627,0,1,High,Low,Engaged Bargain Seekers
256731,1,1,High,Low,Engaged Bargain Seekers
256755,0,1,High,Low,Engaged Bargain Seekers
256821,0,1,High,Low,Engaged Bargain Seekers
256920,0,1,High,Low,Engaged Bargain Seekers
256945,3,0,Low,High,High-Value At-Risk
257194,3,0,Low,High,High-Value At-Risk
257236,1,1,High,Low,Engaged Bargain Seekers
257301,1,1,High,Low,Engaged Bargain Seekers
257369,0,1,High,Low,Engaged Bargain Seekers
257391,1,1,High,Low,Engaged Bargain Seekers
257393,3,0,Low,High,High-Value At-Risk
257417,1,1,High,Low,Engaged Bargain Seekers
257440,1,1,High,Low,Engaged Bargain Seekers
257463,0,1,High,Low,Engaged Bargain Seekers
257506,1,1,High,Low,Engaged Bargain Seekers
257509,3,0,Low,High,High-Value At-Risk
257575,1,1,High,Low,Engaged Bargain Seekers
257579,1,1,High,Low,Engaged Bargain Seekers
257705,1,1,High,Low,Engaged Bargain Seekers
257820,0,1,High,Low,Engaged Bargain Seekers
257862,0,1,High,Low,Engaged Bargain Seekers
257864,3,0,Low,High,High-Value At-Risk
257880,1,1,High,Low,Engaged Bargain Seekers
257981,1,1,High,Low,Engaged Bargain Seekers
257985,0,1,High,Low,Engaged Bargain Seekers
258067,1,1,High,Low,Engaged Bargain Seekers
258088,1,1,High,Low,Engaged Bargain Seekers
258102,1,1,High,Low,Engaged Bargain Seekers
258123,1,1,High,Low,Engaged Bargain Seekers
258141,0,1,High,Low,Engaged Bargain Seekers
258166,1,2,High,Medium,Rising Loyalists
258184,1,1,High,Low,Engaged Bargain Seekers
258202,1,1,High,Low,Engaged Bargain Seekers
258228,0,1,High,Low,Engaged Bargain Seekers
258238,1,1,High,Low,Engaged Bargain Seekers
258248,1,1,High,Low,Engaged Bargain Seekers
258296,1,2,High,Medium,Rising Loyalists
258323,1,1,High,Low,Engaged Bargain Seekers
258358,0,1,High,Low,Engaged Bargain Seekers
258408,1,1,High,Low,Engaged Bargain Seekers
258799,0,1,High,Low,Engaged Bargain Seekers
258849,1,1,High,Low,Engaged Bargain Seekers
258860,1,1,High,Low,Engaged Bargain Seekers
258951,1,1,High,Low,Engaged Bargain Seekers
259067,0,1,High,Low,Engaged Bargain Seekers
259110,1,1,High,Low,Engaged Bargain Seekers
259170,0,1,High,Low,Engaged Bargain Seekers
259219,0,1,High,Low,Engaged Bargain Seekers
259252,1,1,High,Low,Engaged Bargain Seekers
259342,1,1,High,Low,Engaged Bargain Seekers
259446,1,2,High,Medium,Rising Loyalists
259532,1,1,High,Low,Engaged Bargain Seekers
259634,1,1,High,Low,Engaged Bargain Seekers
259700,0,1,High,Low,Engaged Bargain Seekers
259734,0,2,High,Medium,Rising Loyalists
259789,0,1,High,Low,Engaged Bargain Seekers
259878,1,1,High,Low,Engaged Bargain Seekers
260000,1,2,High,Medium,Rising Loyalists
260106,0,1,High,Low,Engaged Bargain Seekers
260112,3,0,Low,High,High-Value At-Risk
260155,1,1,High,Low,Engaged Bargain Seekers
260245,1,1,High,Low,Engaged Bargain Seekers
260285,3,0,Low,High,High-Value At-Risk
260408,1,1,High,Low,Engaged Bargain Seekers
260452,1,1,High,Low,Engaged Bargain Seekers
260464,1,1,High,Low,Engaged Bargain Seekers
260513,1,1,High,Low,Engaged Bargain Seekers
260515,1,1,High,Low,Engaged Bargain Seekers
260622,1,1,High,Low,Engaged Bargain Seekers
260685,1,1,High,Low,Engaged Bargain Seekers
260712,0,1,High,Low,Engaged Bargain Seekers
260714,1,1,High,Low,Engaged Bargain Seekers
260726,1,1,High,Low,Engaged Bargain Seekers
260838,1,1,High,Low,Engaged Bargain Seekers
260855,1,1,High,Low,Engaged Bargain Seekers
261044,1,1,High,Low,Engaged Bargain Seekers
261077,1,1,High,Low,Engaged Bargain Seekers
261109,1,1,High,Low,Engaged Bargain Seekers
261125,1,1,High,Low,Engaged Bargain Seekers
261187,0,1,High,Low,Engaged Bargain Seekers
261229,1,1,High,Low,Engaged Bargain Seekers
261273,0,1,High,Low,Engaged Bargain Seekers
261283,1,1,High,Low,Engaged Bargain Seekers
261331,1,1,High,Low,Engaged Bargain Seekers
261423,1,1,High,Low,Engaged Bargain Seekers
261426,0,1,High,Low,Engaged Bargain Seekers
261468,1,1,High,Low,Engaged Bargain Seekers
261573,1,1,High,Low,Engaged Bargain Seekers
261582,1,1,High,Low,Engaged Bargain Seekers
261715,1,1,High,Low,Engaged Bargain Seekers
261767,3,0,Low,High,High-Value At-Risk
261780,1,1,High,Low,Engaged Bargain Seekers
261787,1,1,High,Low,Engaged Bargain Seekers
261789,1,1,High,Low,Engaged Bargain Seekers
261832,1,1,High,Low,Engaged Bargain Seekers
261957,1,1,High,Low,Engaged Bargain Seekers
261964,1,1,High,Low,Engaged Bargain Seekers
262099,1,1,High,Low,Engaged Bargain Seekers
262176,1,1,High,Low,Engaged Bargain Seekers
262177,1,1,High,Low,Engaged Bargain Seekers
262211,1,2,High,Medium,Rising Loyalists
262305,0,1,High,Low,Engaged Bargain Seekers
262336,1,1,High,Low,Engaged Bargain Seekers
262351,0,1,High,Low,Engaged Bargain Seekers
262366,1,1,High,Low,Engaged Bargain Seekers
262369,1,1,High,Low,Engaged Bargain Seekers
262374,1,1,High,Low,Engaged Bargain Seekers
262422,1,1,High,Low,Engaged Bargain Seekers
262467,1,2,High,Medium,Rising Loyalists
262508,1,1,High,Low,Engaged Bargain Seekers
262526,1,1,High,Low,Engaged Bargain Seekers
262562,1,1,High,Low,Engaged Bargain Seekers
262574,0,1,High,Low,Engaged Bargain Seekers
262586,1,1,High,Low,Engaged Bargain Seekers
262613,1,1,High,Low,Engaged Bargain Seekers
262683,1,1,High,Low,Engaged Bargain Seekers
262717,1,1,High,Low,Engaged Bargain Seekers
262770,0,1,High,Low,Engaged Bargain Seekers
262774,1,1,High,Low,Engaged Bargain Seekers
262810,1,1,High,Low,Engaged Bargain Seekers
262937,0,1,High,Low,Engaged Bargain Seekers
263055,1,1,High,Low,Engaged Bargain Seekers
263068,0,1,High,Low,Engaged Bargain Seekers
263069,1,1,High,Low,Engaged Bargain Seekers
263080,1,1,High,Low,Engaged Bargain Seekers
263127,1,1,High,Low,Engaged Bargain Seekers
263237,1,1,High,Low,Engaged Bargain Seekers
263246,1,1,High,Low,Engaged Bargain Seekers
263260,1,1,High,Low,Engaged Bargain Seekers
263267,3,0,Low,High,High-Value At-Risk
263302,0,1,High,Low,Engaged Bargain Seekers
263339,1,1,High,Low,Engaged Bargain Seekers
263402,0,1,High,Low,Engaged Bargain Seekers
263433,1,1,High,Low,Engaged Bargain Seekers
263569,1,1,High,Low,Engaged Bargain Seekers
263592,1,1,High,Low,Engaged Bargain Seekers
263612,0,1,High,Low,Engaged Bargain Seekers
263707,1,1,High,Low,Engaged Bargain Seekers
263729,3,1,Low,Low,Dormant / Churned
263762,1,1,High,Low,Engaged Bargain Seekers
263763,1,1,High,Low,Engaged Bargain Seekers
263766,1,1,High,Low,Engaged Bargain Seekers
263781,1,1,High,Low,Engaged Bargain Seekers
263812,1,1,High,Low,Engaged Bargain Seekers
263822,0,1,High,Low,Engaged Bargain Seekers
263866,1,1,High,Low,Engaged Bargain Seekers
263921,1,1,High,Low,Engaged Bargain Seekers
264018,1,1,High,Low,Engaged Bargain Seekers
264034,3,1,Low,Low,Dormant / Churned
264050,3,1,Low,Low,Dormant / Churned
264053,3,1,Low,Low,Dormant / Churned
264064,0,1,High,Low,Engaged Bargain Seekers
264095,0,1,High,Low,Engaged Bargain Seekers
264107,1,1,High,Low,Engaged Bargain Seekers
264145,1,1,High,Low,Engaged Bargain Seekers
264234,1,1,High,Low,Engaged Bargain Seekers
264236,1,1,High,Low,Engaged Bargain Seekers
264308,1,1,High,Low,Engaged Bargain Seekers
264331,1,1,High,Low,Engaged Bargain Seekers
264365,0,1,High,Low,Engaged Bargain Seekers
264409,0,1,High,Low,Engaged Bargain Seekers
264486,1,1,High,Low,Engaged Bargain Seekers
264491,1,1,High,Low,Engaged Bargain Seekers
264632,1,1,High,Low,Engaged Bargain Seekers
264690,1,1,High,Low,Engaged Bargain Seekers
264701,1,1,High,Low,Engaged Bargain Seekers
264723,1,1,High,Low,Engaged Bargain Seekers
264733,1,1,High,Low,Engaged Bargain Seekers
264741,1,1,High,Low,Engaged Bargain Seekers
264823,1,2,High,Medium,Rising Loyalists
264904,0,1,High,Low,Engaged Bargain Seekers
264936,1,1,High,Low,Engaged Bargain Seekers
265072,1,1,High,Low,Engaged Bargain Seekers
265226,1,1,High,Low,Engaged Bargain Seekers
265284,1,1,High,Low,Engaged Bargain Seekers
265297,0,1,High,Low,Engaged Bargain Seekers
265317,1,1,High,Low,Engaged Bargain Seekers
265383,1,2,High,Medium,Rising Loyalists
265557,1,2,High,Medium,Rising Loyalists
265566,1,1,High,Low,Engaged Bargain Seekers
265575,1,1,High,Low,Engaged Bargain Seekers
265612,3,1,Low,Low,Dormant / Churned
265665,0,1,High,Low,Engaged Bargain Seekers
265677,1,2,High,Medium,Rising Loyalists
265784,3,0,Low,High,High-Value At-Risk
265836,1,1,High,Low,Engaged Bargain Seekers
265975,1,1,High,Low,Engaged Bargain Seekers
266148,1,1,High,Low,Engaged Bargain Seekers
266234,1,2,High,Medium,Rising Loyalists
266284,1,1,High,Low,Engaged Bargain Seekers
266298,0,1,High,Low,Engaged Bargain Seekers
266326,3,0,Low,High,High-Value At-Risk
266365,1,1,High,Low,Engaged Bargain Seekers
266377,0,1,High,Low,Engaged Bargain Seekers
266429,0,1,High,Low,Engaged Bargain Seekers
266474,1,1,High,Low,Engaged Bargain Seekers
266479,0,1,High,Low,Engaged Bargain Seekers
266516,1,1,High,Low,Engaged Bargain Seekers
266536,1,1,High,Low,Engaged Bargain Seekers
266541,0,1,High,Low,Engaged Bargain Seekers
266561,0,2,High,Medium,Rising Loyalists
266604,1,1,High,Low,Engaged Bargain Seekers
266640,1,2,High,Medium,Rising Loyalists
266757,1,1,High,Low,Engaged Bargain Seekers
266861,1,1,High,Low,Engaged Bargain Seekers
266884,3,0,Low,High,High-Value At-Risk
266953,1,1,High,Low,Engaged Bargain Seekers
266968,1,1,High,Low,Engaged Bargain Seekers
267020,1,1,High,Low,Engaged Bargain Seekers
267245,1,1,High,Low,Engaged Bargain Seekers
267291,1,1,High,Low,Engaged Bargain Seekers
267306,1,2,High,Medium,Rising Loyalists
267352,1,1,High,Low,Engaged Bargain Seekers
267428,1,1,High,Low,Engaged Bargain Seekers
267474,1,1,High,Low,Engaged Bargain Seekers
267566,1,1,High,Low,Engaged Bargain Seekers
267717,0,1,High,Low,Engaged Bargain Seekers
267739,1,1,High,Low,Engaged Bargain Seekers
267930,1,1,High,Low,Engaged Bargain Seekers
267944,1,1,High,Low,Engaged Bargain Seekers
267951,1,1,High,Low,Engaged Bargain Seekers
268076,1,1,High,Low,Engaged Bargain Seekers
268094,0,1,High,Low,Engaged Bargain Seekers
268128,1,1,High,Low,Engaged Bargain Seekers
268129,1,1,High,Low,Engaged Bargain Seekers
268139,1,1,High,Low,Engaged Bargain Seekers
268145,1,1,High,Low,Engaged Bargain Seekers
268281,1,1,High,Low,Engaged Bargain Seekers
268293,1,1,High,Low,Engaged Bargain Seekers
268307,1,1,High,Low,Engaged Bargain Seekers
268414,1,2,High,Medium,Rising Loyalists
268439,1,1,High,Low,Engaged Bargain Seekers
268500,0,1,High,Low,Engaged Bargain Seekers
268630,1,1,High,Low,Engaged Bargain Seekers
268643,0,1,High,Low,Engaged Bargain Seekers
268789,1,1,High,Low,Engaged Bargain Seekers
268842,1,1,High,Low,Engaged Bargain Seekers
268932,1,1,High,Low,Engaged Bargain Seekers
268958,1,1,High,Low,Engaged Bargain Seekers
269070,1,1,High,Low,Engaged Bargain Seekers
269120,1,1,High,Low,Engaged Bargain Seekers
269154,1,1,High,Low,Engaged Bargain Seekers
269297,1,1,High,Low,Engaged Bargain Seekers
269434,3,0,Low,High,High-Value At-Risk
269565,0,1,High,Low,Engaged Bargain Seekers
269632,1,1,High,Low,Engaged Bargain Seekers
269694,1,1,High,Low,Engaged Bargain Seekers
269775,0,1,High,Low,Engaged Bargain Seekers
269960,1,1,High,Low,Engaged Bargain Seekers
270011,1,1,High,Low,Engaged Bargain Seekers
270022,1,1,High,Low,Engaged Bargain Seekers
270160,0,1,High,Low,Engaged Bargain Seekers
270183,1,1,High,Low,Engaged Bargain Seekers
270203,3,1,Low,Low,Dormant / Churned
270248,1,1,High,Low,Engaged Bargain Seekers
270266,1,1,High,Low,Engaged Bargain Seekers
270304,1,1,High,Low,Engaged Bargain Seekers
270337,1,1,High,Low,Engaged Bargain Seekers
270389,1,1,High,Low,Engaged Bargain Seekers
270499,1,1,High,Low,Engaged Bargain Seekers
270570,1,1,High,Low,Engaged Bargain Seekers
270575,1,1,High,Low,Engaged Bargain Seekers
270723,1,1,High,Low,Engaged Bargain Seekers
270730,1,1,High,Low,Engaged Bargain Seekers
270759,1,1,High,Low,Engaged Bargain Seekers
270761,1,1,High,Low,Engaged Bargain Seekers
270862,1,1,High,Low,Engaged Bargain Seekers
270901,1,2,High,Medium,Rising Loyalists
270909,1,1,High,Low,Engaged Bargain Seekers
270935,1,1,High,Low,Engaged Bargain Seekers
270969,0,1,High,Low,Engaged Bargain Seekers
271043,1,1,High,Low,Engaged Bargain Seekers
271059,3,0,Low,High,High-Value At-Risk
271148,1,1,High,Low,Engaged Bargain Seekers
271235,0,1,High,Low,Engaged Bargain Seekers
271297,0,1,High,Low,Engaged Bargain Seekers
271357,0,1,High,Low,Engaged Bargain Seekers
271365,1,1,High,Low,Engaged Bargain Seekers
271432,0,1,High,Low,Engaged Bargain Seekers
271463,1,1,High,Low,Engaged Bargain Seekers
271641,0,1,High,Low,Engaged Bargain Seekers
271660,1,1,High,Low,Engaged Bargain Seekers
271675,1,2,High,Medium,Rising Loyalists
271680,1,1,High,Low,Engaged Bargain Seekers
271911,1,1,High,Low,Engaged Bargain Seekers
271929,1,1,High,Low,Engaged Bargain Seekers
271987,3,0,Low,High,High-Value At-Risk
272001,1,1,High,Low,Engaged Bargain Seekers
272097,1,1,High,Low,Engaged Bargain Seekers
272114,0,1,High,Low,Engaged Bargain Seekers
272123,3,0,Low,High,High-Value At-Risk
272144,1,1,High,Low,Engaged Bargain Seekers
272148,1,1,High,Low,Engaged Bargain Seekers
272225,0,1,High,Low,Engaged Bargain Seekers
272250,1,1,High,Low,Engaged Bargain Seekers
272289,3,0,Low,High,High-Value At-Risk
272476,0,2,High,Medium,Rising Loyalists
272551,0,1,High,Low,Engaged Bargain Seekers
272568,1,1,High,Low,Engaged Bargain Seekers
272672,1,1,High,Low,Engaged Bargain Seekers
272686,3,0,Low,High,High-Value At-Risk
272787,1,1,High,Low,Engaged Bargain Seekers
272812,1,1,High,Low,Engaged Bargain Seekers
272839,1,1,High,Low,Engaged Bargain Seekers
272848,1,1,High,Low,Engaged Bargain Seekers
272893,1,1,High,Low,Engaged Bargain Seekers
272944,1,1,High,Low,Engaged Bargain Seekers
273020,1,2,High,Medium,Rising Loyalists
273052,1,1,High,Low,Engaged Bargain Seekers
273054,0,2,High,Medium,Rising Loyalists
273070,1,1,High,Low,Engaged Bargain Seekers
273144,1,1,High,Low,Engaged Bargain Seekers
273177,1,1,High,Low,Engaged Bargain Seekers
273179,1,1,High,Low,Engaged Bargain Seekers
273198,1,1,High,Low,Engaged Bargain Seekers
273213,1,1,High,Low,Engaged Bargain Seekers
273243,0,1,High,Low,Engaged Bargain Seekers
273353,0,1,High,Low,Engaged Bargain Seekers
273357,1,1,High,Low,Engaged Bargain Seekers
273391,1,1,High,Low,Engaged Bargain Seekers
273414,1,1,High,Low,Engaged Bargain Seekers
273478,1,1,High,Low,Engaged Bargain Seekers
273552,1,1,High,Low,Engaged Bargain Seekers
273984,1,1,High,Low,Engaged Bargain Seekers
274083,1,1,High,Low,Engaged Bargain Seekers
274107,3,0,Low,High,High-Value At-Risk
274117,1,1,High,Low,Engaged Bargain Seekers
274141,1,1,High,Low,Engaged Bargain Seekers
274179,0,1,High,Low,Engaged Bargain Seekers
274204,1,1,High,Low,Engaged Bargain Seekers
274211,1,1,High,Low,Engaged Bargain Seekers
274264,1,1,High,Low,Engaged Bargain Seekers
274354,1,1,High,Low,Engaged Bargain Seekers
274410,0,1,High,Low,Engaged Bargain Seekers
274428,1,1,High,Low,Engaged Bargain Seekers
274431,1,1,High,Low,Engaged Bargain Seekers
274473,1,1,High,Low,Engaged Bargain Seekers
274535,0,2,High,Medium,Rising Loyalists
274622,0,1,High,Low,Engaged Bargain Seekers
274698,1,1,High,Low,Engaged Bargain Seekers
274765,0,2,High,Medium,Rising Loyalists
274803,0,1,High,Low,Engaged Bargain Seekers
274817,1,1,High,Low,Engaged Bargain Seekers
274858,1,2,High,Medium,Rising Loyalists
274879,0,1,High,Low,Engaged Bargain Seekers
274896,1,1,High,Low,Engaged Bargain Seekers
275049,1,1,High,Low,Engaged Bargain Seekers
275118,1,1,High,Low,Engaged Bargain Seekers
275209,1,1,High,Low,Engaged Bargain Seekers
275244,1,1,High,Low,Engaged Bargain Seekers
275287,1,1,High,Low,Engaged Bargain Seekers
275298,1,1,High,Low,Engaged Bargain Seekers
275306,1,1,High,Low,Engaged Bargain Seekers
275358,1,1,High,Low,Engaged Bargain Seekers
275386,1,1,High,Low,Engaged Bargain Seekers
275387,0,1,High,Low,Engaged Bargain Seekers
275413,1,1,High,Low,Engaged Bargain Seekers
275442,1,1,High,Low,Engaged Bargain Seekers
275446,1,1,High,Low,Engaged Bargain Seekers
275531,1,1,High,Low,Engaged Bargain Seekers
275637,1,1,High,Low,Engaged Bargain Seekers
275670,1,2,High,Medium,Rising Loyalists
275694,1,1,High,Low,Engaged Bargain Seekers
275762,1,1,High,Low,Engaged Bargain Seekers
275807,2,0,Low,High,High-Value At-Risk
275846,0,1,High,Low,Engaged Bargain Seekers
275849,1,1,High,Low,Engaged Bargain Seekers
275933,0,1,High,Low,Engaged Bargain Seekers
275949,0,2,High,Medium,Rising Loyalists
275954,0,1,High,Low,Engaged Bargain Seekers
276035,1,1,High,Low,Engaged Bargain Seekers
276037,1,1,High,Low,Engaged Bargain Seekers
276100,1,1,High,Low,Engaged Bargain Seekers
276152,1,1,High,Low,Engaged Bargain Seekers
276204,1,1,High,Low,Engaged Bargain Seekers
276255,1,1,High,Low,Engaged Bargain Seekers
276289,1,1,High,Low,Engaged Bargain Seekers
276484,3,0,Low,High,High-Value At-Risk
276494,1,1,High,Low,Engaged Bargain Seekers
276648,1,2,High,Medium,Rising Loyalists
276650,1,1,High,Low,Engaged Bargain Seekers
276673,1,1,High,Low,Engaged Bargain Seekers
276746,1,1,High,Low,Engaged Bargain Seekers
276806,0,1,High,Low,Engaged Bargain Seekers
276931,3,1,Low,Low,Dormant / Churned
276937,1,1,High,Low,Engaged Bargain Seekers
276947,0,1,High,Low,Engaged Bargain Seekers
276967,0,1,High,Low,Engaged Bargain Seekers
276990,1,1,High,Low,Engaged Bargain Seekers
277025,0,1,High,Low,Engaged Bargain Seekers
277033,1,1,High,Low,Engaged Bargain Seekers
277091,1,1,High,Low,Engaged Bargain Seekers
277094,1,1,High,Low,Engaged Bargain Seekers
277139,1,1,High,Low,Engaged Bargain Seekers
277145,0,1,High,Low,Engaged Bargain Seekers
277188,1,1,High,Low,Engaged Bargain Seekers
277281,1,1,High,Low,Engaged Bargain Seekers
277285,1,1,High,Low,Engaged Bargain Seekers
277341,0,1,High,Low,Engaged Bargain Seekers
277356,0,1,High,Low,Engaged Bargain Seekers
277367,1,1,High,Low,Engaged Bargain Seekers
277370,3,0,Low,High,High-Value At-Risk
277375,1,1,High,Low,Engaged Bargain Seekers
277430,0,1,High,Low,Engaged Bargain Seekers
277494,1,1,High,Low,Engaged Bargain Seekers
277565,1,1,High,Low,Engaged Bargain Seekers
277587,1,1,High,Low,Engaged Bargain Seekers
277594,1,1,High,Low,Engaged Bargain Seekers
277607,3,1,Low,Low,Dormant / Churned
277610,1,1,High,Low,Engaged Bargain Seekers
277649,1,1,High,Low,Engaged Bargain Seekers
277769,0,1,High,Low,Engaged Bargain Seekers
277783,1,1,High,Low,Engaged Bargain Seekers
277788,1,1,High,Low,Engaged Bargain Seekers
277826,3,0,Low,High,High-Value At-Risk
277855,1,2,High,Medium,Rising Loyalists
277884,0,1,High,Low,Engaged Bargain Seekers
277910,1,1,High,Low,Engaged Bargain Seekers
278013,1,2,High,Medium,Rising Loyalists
278045,0,1,High,Low,Engaged Bargain Seekers
278054,3,0,Low,High,High-Value At-Risk
278059,2,1,Low,Low,Dormant / Churned
278164,1,1,High,Low,Engaged Bargain Seekers
278213,0,1,High,Low,Engaged Bargain Seekers
278227,3,1,Low,Low,Dormant / Churned
278307,1,1,High,Low,Engaged Bargain Seekers
278345,0,1,High,Low,Engaged Bargain Seekers
278464,3,0,Low,High,High-Value At-Risk
278539,1,1,High,Low,Engaged Bargain Seekers
278568,0,1,High,Low,Engaged Bargain Seekers
278676,1,1,High,Low,Engaged Bargain Seekers
278719,3,1,Low,Low,Dormant / Churned
278815,1,1,High,Low,Engaged Bargain Seekers
278822,1,1,High,Low,Engaged Bargain Seekers
278836,0,2,High,Medium,Rising Loyalists
278854,1,1,High,Low,Engaged Bargain Seekers
278865,1,1,High,Low,Engaged Bargain Seekers
278898,1,1,High,Low,Engaged Bargain Seekers
278916,1,1,High,Low,Engaged Bargain Seekers
278928,0,1,High,Low,Engaged Bargain Seekers
278932,1,1,High,Low,Engaged Bargain Seekers
278983,1,1,High,Low,Engaged Bargain Seekers
278987,0,1,High,Low,Engaged Bargain Seekers
279221,1,1,High,Low,Engaged Bargain Seekers
279231,1,1,High,Low,Engaged Bargain Seekers
279380,1,1,High,Low,Engaged Bargain Seekers
279408,1,1,High,Low,Engaged Bargain Seekers
279409,1,1,High,Low,Engaged Bargain Seekers
279419,1,1,High,Low,Engaged Bargain Seekers
279430,1,1,High,Low,Engaged Bargain Seekers
279468,1,1,High,Low,Engaged Bargain Seekers
279580,1,1,High,Low,Engaged Bargain Seekers
279634,0,1,High,Low,Engaged Bargain Seekers
279654,1,1,High,Low,Engaged Bargain Seekers
279693,1,1,High,Low,Engaged Bargain Seekers
279777,1,1,High,Low,Engaged Bargain Seekers
279821,1,1,High,Low,Engaged Bargain Seekers
279883,2,1,Low,Low,Dormant / Churned
279919,1,1,High,Low,Engaged Bargain Seekers
279967,1,1,High,Low,Engaged Bargain Seekers
280087,1,1,High,Low,Engaged Bargain Seekers
280216,1,1,High,Low,Engaged Bargain Seekers
280292,1,1,High,Low,Engaged Bargain Seekers
280545,1,1,High,Low,Engaged Bargain Seekers
280574,1,1,High,Low,Engaged Bargain Seekers
280588,1,1,High,Low,Engaged Bargain Seekers
280602,3,0,Low,High,High-Value At-Risk
280603,1,1,High,Low,Engaged Bargain Seekers
280641,1,1,High,Low,Engaged Bargain Seekers
280659,0,1,High,Low,Engaged Bargain Seekers
280790,3,1,Low,Low,Dormant / Churned
280796,1,1,High,Low,Engaged Bargain Seekers
280822,1,2,High,Medium,Rising Loyalists
280828,1,2,High,Medium,Rising Loyalists
280864,1,1,High,Low,Engaged Bargain Seekers
280879,0,1,High,Low,Engaged Bargain Seekers
280895,1,1,High,Low,Engaged Bargain Seekers
281032,3,0,Low,High,High-Value At-Risk
281064,1,1,High,Low,Engaged Bargain Seekers
281075,1,1,High,Low,Engaged Bargain Seekers
281108,0,1,High,Low,Engaged Bargain Seekers
281118,0,1,High,Low,Engaged Bargain Seekers
281305,1,1,High,Low,Engaged Bargain Seekers
281328,1,1,High,Low,Engaged Bargain Seekers
281449,1,1,High,Low,Engaged Bargain Seekers
281550,1,1,High,Low,Engaged Bargain Seekers
281571,1,1,High,Low,Engaged Bargain Seekers
281585,1,1,High,Low,Engaged Bargain Seekers
281608,1,1,High,Low,Engaged Bargain Seekers
281737,0,1,High,Low,Engaged Bargain Seekers
281777,3,0,Low,High,High-Value At-Risk
281926,1,1,High,Low,Engaged Bargain Seekers
281952,0,1,High,Low,Engaged Bargain Seekers
281979,1,1,High,Low,Engaged Bargain Seekers
282041,1,1,High,Low,Engaged Bargain Seekers
282140,0,1,High,Low,Engaged Bargain Seekers
282181,3,0,Low,High,High-Value At-Risk
282259,1,2,High,Medium,Rising Loyalists
282472,0,1,High,Low,Engaged Bargain Seekers
282532,0,1,High,Low,Engaged Bargain Seekers
282542,1,1,High,Low,Engaged Bargain Seekers
282545,0,1,High,Low,Engaged Bargain Seekers
282678,1,1,High,Low,Engaged Bargain Seekers
282723,1,1,High,Low,Engaged Bargain Seekers
282759,0,1,High,Low,Engaged Bargain Seekers
282854,1,1,High,Low,Engaged Bargain Seekers
282872,1,1,High,Low,Engaged Bargain Seekers
282896,1,1,High,Low,Engaged Bargain Seekers
282930,1,1,High,Low,Engaged Bargain Seekers
283066,1,1,High,Low,Engaged Bargain Seekers
283110,1,1,High,Low,Engaged Bargain Seekers
283122,1,1,High,Low,Engaged Bargain Seekers
283133,1,1,High,Low,Engaged Bargain Seekers
283290,1,1,High,Low,Engaged Bargain Seekers
283314,3,1,Low,Low,Dormant / Churned
283326,1,1,High,Low,Engaged Bargain Seekers
283338,0,1,High,Low,Engaged Bargain Seekers
283358,1,1,High,Low,Engaged Bargain Seekers
283437,1,1,High,Low,Engaged Bargain Seekers
283654,1,1,High,Low,Engaged Bargain Seekers
283709,0,1,High,Low,Engaged Bargain Seekers
283747,1,1,High,Low,Engaged Bargain Seekers
283770,0,1,High,Low,Engaged Bargain Seekers
283807,1,1,High,Low,Engaged Bargain Seekers
283822,1,1,High,Low,Engaged Bargain Seekers
283929,1,1,High,Low,Engaged Bargain Seekers
283980,1,1,High,Low,Engaged Bargain Seekers
283994,1,1,High,Low,Engaged Bargain Seekers
284203,1,1,High,Low,Engaged Bargain Seekers
284290,1,1,High,Low,Engaged Bargain Seekers
284362,1,1,High,Low,Engaged Bargain Seekers
284419,0,1,High,Low,Engaged Bargain Seekers
284442,0,1,High,Low,Engaged Bargain Seekers
284461,1,1,High,Low,Engaged Bargain Seekers
284610,1,1,High,Low,Engaged Bargain Seekers
284621,1,1,High,Low,Engaged Bargain Seekers
284782,1,1,High,Low,Engaged Bargain Seekers
284866,1,1,High,Low,Engaged Bargain Seekers
284889,1,1,High,Low,Engaged Bargain Seekers
284892,1,1,High,Low,Engaged Bargain Seekers
285074,3,0,Low,High,High-Value At-Risk
285122,1,1,High,Low,Engaged Bargain Seekers
285202,0,1,High,Low,Engaged Bargain Seekers
285220,1,1,High,Low,Engaged Bargain Seekers
285335,1,1,High,Low,Engaged Bargain Seekers
285386,3,0,Low,High,High-Value At-Risk
285411,1,1,High,Low,Engaged Bargain Seekers
285484,1,1,High,Low,Engaged Bargain Seekers
285485,0,1,High,Low,Engaged Bargain Seekers
285579,1,1,High,Low,Engaged Bargain Seekers
285631,1,1,High,Low,Engaged Bargain Seekers
285636,0,1,High,Low,Engaged Bargain Seekers
285738,0,1,High,Low,Engaged Bargain Seekers
285767,0,1,High,Low,Engaged Bargain Seekers
285776,1,1,High,Low,Engaged Bargain Seekers
285909,0,1,High,Low,Engaged Bargain Seekers
285938,1,1,High,Low,Engaged Bargain Seekers
285942,1,1,High,Low,Engaged Bargain Seekers
285982,1,1,High,Low,Engaged Bargain Seekers
286065,1,1,High,Low,Engaged Bargain Seekers
286114,1,1,High,Low,Engaged Bargain Seekers
286182,0,1,High,Low,Engaged Bargain Seekers
286225,1,1,High,Low,Engaged Bargain Seekers
286262,0,1,High,Low,Engaged Bargain Seekers
286370,1,1,High,Low,Engaged Bargain Seekers
286388,3,1,Low,Low,Dormant / Churned
286551,1,1,High,Low,Engaged Bargain Seekers
286611,0,1,High,Low,Engaged Bargain Seekers
286614,3,0,Low,High,High-Value At-Risk
286636,1,1,High,Low,Engaged Bargain Seekers
286641,1,1,High,Low,Engaged Bargain Seekers
286718,1,1,High,Low,Engaged Bargain Seekers
286883,1,1,High,Low,Engaged Bargain Seekers
286927,1,1,High,Low,Engaged Bargain Seekers
286942,0,1,High,Low,Engaged Bargain Seekers
286954,1,1,High,Low,Engaged Bargain Seekers
286975,1,1,High,Low,Engaged Bargain Seekers
286989,1,1,High,Low,Engaged Bargain Seekers
287023,0,1,High,Low,Engaged Bargain Seekers
287088,1,1,High,Low,Engaged Bargain Seekers
287097,1,1,High,Low,Engaged Bargain Seekers
287198,1,1,High,Low,Engaged Bargain Seekers
287211,0,1,High,Low,Engaged Bargain Seekers
287212,0,1,High,Low,Engaged Bargain Seekers
287224,3,1,Low,Low,Dormant / Churned
287254,0,1,High,Low,Engaged Bargain Seekers
287266,1,1,High,Low,Engaged Bargain Seekers
287343,0,1,High,Low,Engaged Bargain Seekers
287385,0,1,High,Low,Engaged Bargain Seekers
287414,1,1,High,Low,Engaged Bargain Seekers
287591,1,1,High,Low,Engaged Bargain Seekers
287593,1,1,High,Low,Engaged Bargain Seekers
287690,1,1,High,Low,Engaged Bargain Seekers
287750,1,1,High,Low,Engaged Bargain Seekers
287799,1,1,High,Low,Engaged Bargain Seekers
287927,1,1,High,Low,Engaged Bargain Seekers
287942,1,1,High,Low,Engaged Bargain Seekers
287962,3,0,Low,High,High-Value At-Risk
287979,0,1,High,Low,Engaged Bargain Seekers
288015,0,1,High,Low,Engaged Bargain Seekers
288112,0,1,High,Low,Engaged Bargain Seekers
288164,3,0,Low,High,High-Value At-Risk
288369,1,1,High,Low,Engaged Bargain Seekers
288384,1,2,High,Medium,Rising Loyalists
288419,1,1,High,Low,Engaged Bargain Seekers
288451,0,1,High,Low,Engaged Bargain Seekers
288491,1,1,High,Low,Engaged Bargain Seekers
288500,1,1,High,Low,Engaged Bargain Seekers
288530,1,1,High,Low,Engaged Bargain Seekers
288612,0,1,High,Low,Engaged Bargain Seekers
288636,0,1,High,Low,Engaged Bargain Seekers
288735,1,1,High,Low,Engaged Bargain Seekers
288774,0,1,High,Low,Engaged Bargain Seekers
288776,1,1,High,Low,Engaged Bargain Seekers
289116,0,1,High,Low,Engaged Bargain Seekers
289133,1,1,High,Low,Engaged Bargain Seekers
289134,3,0,Low,High,High-Value At-Risk
289139,1,1,High,Low,Engaged Bargain Seekers
289151,1,1,High,Low,Engaged Bargain Seekers
289177,1,1,High,Low,Engaged Bargain Seekers
289294,1,1,High,Low,Engaged Bargain Seekers
289354,1,1,High,Low,Engaged Bargain Seekers
289472,0,1,High,Low,Engaged Bargain Seekers
289476,0,1,High,Low,Engaged Bargain Seekers
289516,1,1,High,Low,Engaged Bargain Seekers
289665,1,1,High,Low,Engaged Bargain Seekers
289693,0,1,High,Low,Engaged Bargain Seekers
289732,1,1,High,Low,Engaged Bargain Seekers
289863,1,1,High,Low,Engaged Bargain Seekers
289921,1,1,High,Low,Engaged Bargain Seekers
289968,1,1,High,Low,Engaged Bargain Seekers
290024,1,1,High,Low,Engaged Bargain Seekers
290091,1,1,High,Low,Engaged Bargain Seekers
290109,3,0,Low,High,High-Value At-Risk
290184,1,1,High,Low,Engaged Bargain Seekers
290200,1,1,High,Low,Engaged Bargain Seekers
290249,1,1,High,Low,Engaged Bargain Seekers
290250,0,1,High,Low,Engaged Bargain Seekers
290356,0,1,High,Low,Engaged Bargain Seekers
290362,1,1,High,Low,Engaged Bargain Seekers
290395,1,1,High,Low,Engaged Bargain Seekers
290445,1,1,High,Low,Engaged Bargain Seekers
290465,1,1,High,Low,Engaged Bargain Seekers
290507,0,1,High,Low,Engaged Bargain Seekers
290517,3,0,Low,High,High-Value At-Risk
290554,1,1,High,Low,Engaged Bargain Seekers
290564,0,1,High,Low,Engaged Bargain Seekers
290599,1,1,High,Low,Engaged Bargain Seekers
290620,0,1,High,Low,Engaged Bargain Seekers
290638,1,1,High,Low,Engaged Bargain Seekers
290756,1,1,High,Low,Engaged Bargain Seekers
290902,1,1,High,Low,Engaged Bargain Seekers
290964,1,1,High,Low,Engaged Bargain Seekers
290994,1,1,High,Low,Engaged Bargain Seekers
291148,1,1,High,Low,Engaged Bargain Seekers
291336,1,1,High,Low,Engaged Bargain Seekers
291509,1,1,High,Low,Engaged Bargain Seekers
291510,1,1,High,Low,Engaged Bargain Seekers
291595,1,1,High,Low,Engaged Bargain Seekers
291831,3,0,Low,High,High-Value At-Risk
292021,1,1,High,Low,Engaged Bargain Seekers
292035,3,0,Low,High,High-Value At-Risk
292049,1,1,High,Low,Engaged Bargain Seekers
292061,1,1,High,Low,Engaged Bargain Seekers
292084,1,1,High,Low,Engaged Bargain Seekers
292096,1,1,High,Low,Engaged Bargain Seekers
292164,1,1,High,Low,Engaged Bargain Seekers
292384,1,2,High,Medium,Rising Loyalists
292497,1,1,High,Low,Engaged Bargain Seekers
292516,0,1,High,Low,Engaged Bargain Seekers
292546,1,1,High,Low,Engaged Bargain Seekers
292617,1,1,High,Low,Engaged Bargain Seekers
292618,1,1,High,Low,Engaged Bargain Seekers
292843,1,1,High,Low,Engaged Bargain Seekers
292957,1,1,High,Low,Engaged Bargain Seekers
293100,0,1,High,Low,Engaged Bargain Seekers
293137,0,1,High,Low,Engaged Bargain Seekers
293212,1,1,High,Low,Engaged Bargain Seekers
293222,0,1,High,Low,Engaged Bargain Seekers
293266,1,1,High,Low,Engaged Bargain Seekers
293343,0,1,High,Low,Engaged Bargain Seekers
293496,1,1,High,Low,Engaged Bargain Seekers
293531,1,1,High,Low,Engaged Bargain Seekers
293663,0,1,High,Low,Engaged Bargain Seekers
293676,1,1,High,Low,Engaged Bargain Seekers
293685,1,1,High,Low,Engaged Bargain Seekers
293689,0,1,High,Low,Engaged Bargain Seekers
294005,1,1,High,Low,Engaged Bargain Seekers
294016,1,2,High,Medium,Rising Loyalists
294027,1,1,High,Low,Engaged Bargain Seekers
294048,1,1,High,Low,Engaged Bargain Seekers
294071,1,1,High,Low,Engaged Bargain Seekers
294172,1,1,High,Low,Engaged Bargain Seekers
294184,3,0,Low,High,High-Value At-Risk
294273,0,1,High,Low,Engaged Bargain Seekers
294278,3,0,Low,High,High-Value At-Risk
294283,1,1,High,Low,Engaged Bargain Seekers
294289,3,0,Low,High,High-Value At-Risk
294334,1,1,High,Low,Engaged Bargain Seekers
294396,1,1,High,Low,Engaged Bargain Seekers
294580,1,1,High,Low,Engaged Bargain Seekers
294617,1,1,High,Low,Engaged Bargain Seekers
294634,1,1,High,Low,Engaged Bargain Seekers
294642,1,1,High,Low,Engaged Bargain Seekers
294728,1,1,High,Low,Engaged Bargain Seekers
294738,1,1,High,Low,Engaged Bargain Seekers
294753,1,1,High,Low,Engaged Bargain Seekers
294849,1,1,High,Low,Engaged Bargain Seekers
294865,1,1,High,Low,Engaged Bargain Seekers
295064,1,1,High,Low,Engaged Bargain Seekers
295078,1,1,High,Low,Engaged Bargain Seekers
295138,1,1,High,Low,Engaged Bargain Seekers
295147,1,1,High,Low,Engaged Bargain Seekers
295205,1,1,High,Low,Engaged Bargain Seekers
295217,1,1,High,Low,Engaged Bargain Seekers
295302,0,1,High,Low,Engaged Bargain Seekers
295327,1,1,High,Low,Engaged Bargain Seekers
295355,1,2,High,Medium,Rising Loyalists
295387,1,1,High,Low,Engaged Bargain Seekers
295412,1,1,High,Low,Engaged Bargain Seekers
295423,1,1,High,Low,Engaged Bargain Seekers
295510,1,1,High,Low,Engaged Bargain Seekers
295533,1,1,High,Low,Engaged Bargain Seekers
295561,0,2,High,Medium,Rising Loyalists
295578,1,1,High,Low,Engaged Bargain Seekers
295795,2,1,Low,Low,Dormant / Churned
295884,1,1,High,Low,Engaged Bargain Seekers
295906,1,1,High,Low,Engaged Bargain Seekers
295929,1,1,High,Low,Engaged Bargain Seekers
296088,3,0,Low,High,High-Value At-Risk
296095,3,0,Low,High,High-Value At-Risk
296097,0,1,High,Low,Engaged Bargain Seekers
296104,0,1,High,Low,Engaged Bargain Seekers
296141,0,1,High,Low,Engaged Bargain Seekers
296146,1,1,High,Low,Engaged Bargain Seekers
296217,1,1,High,Low,Engaged Bargain Seekers
296412,3,1,Low,Low,Dormant / Churned
296457,3,0,Low,High,High-Value At-Risk
296566,0,1,High,Low,Engaged Bargain Seekers
296567,1,1,High,Low,Engaged Bargain Seekers
296579,1,1,High,Low,Engaged Bargain Seekers
296626,1,1,High,Low,Engaged Bargain Seekers
296689,1,1,High,Low,Engaged Bargain Seekers
296690,1,1,High,Low,Engaged Bargain Seekers
296736,1,1,High,Low,Engaged Bargain Seekers
296887,1,1,High,Low,Engaged Bargain Seekers
296915,1,1,High,Low,Engaged Bargain Seekers
296997,1,1,High,Low,Engaged Bargain Seekers
297101,1,1,High,Low,Engaged Bargain Seekers
297167,1,1,High,Low,Engaged Bargain Seekers
297172,1,1,High,Low,Engaged Bargain Seekers
297218,3,1,Low,Low,Dormant / Churned
297306,1,1,High,Low,Engaged Bargain Seekers
297327,1,1,High,Low,Engaged Bargain Seekers
297379,1,1,High,Low,Engaged Bargain Seekers
297382,1,1,High,Low,Engaged Bargain Seekers
297427,3,0,Low,High,High-Value At-Risk
297520,1,1,High,Low,Engaged Bargain Seekers
297568,1,1,High,Low,Engaged Bargain Seekers
297607,1,1,High,Low,Engaged Bargain Seekers
297621,1,1,High,Low,Engaged Bargain Seekers
297684,1,1,High,Low,Engaged Bargain Seekers
297702,1,1,High,Low,Engaged Bargain Seekers
297869,1,1,High,Low,Engaged Bargain Seekers
297954,3,1,Low,Low,Dormant / Churned
298063,1,1,High,Low,Engaged Bargain Seekers
298098,0,1,High,Low,Engaged Bargain Seekers
298156,0,1,High,Low,Engaged Bargain Seekers
298160,0,1,High,Low,Engaged Bargain Seekers
298181,1,1,High,Low,Engaged Bargain Seekers
298232,1,1,High,Low,Engaged Bargain Seekers
298280,1,1,High,Low,Engaged Bargain Seekers
298327,1,1,High,Low,Engaged Bargain Seekers
298343,1,1,High,Low,Engaged Bargain Seekers
298344,1,1,High,Low,Engaged Bargain Seekers
298506,1,1,High,Low,Engaged Bargain Seekers
298535,1,1,High,Low,Engaged Bargain Seekers
298539,1,1,High,Low,Engaged Bargain Seekers
298543,0,1,High,Low,Engaged Bargain Seekers
298601,1,1,High,Low,Engaged Bargain Seekers
298671,1,1,High,Low,Engaged Bargain Seekers
298681,1,1,High,Low,Engaged Bargain Seekers
298712,1,1,High,Low,Engaged Bargain Seekers
298795,1,1,High,Low,Engaged Bargain Seekers
298813,0,1,High,Low,Engaged Bargain Seekers
298817,1,1,High,Low,Engaged Bargain Seekers
298829,1,1,High,Low,Engaged Bargain Seekers
298853,1,1,High,Low,Engaged Bargain Seekers
298865,1,1,High,Low,Engaged Bargain Seekers
298869,1,1,High,Low,Engaged Bargain Seekers
298883,0,1,High,Low,Engaged Bargain Seekers
298967,3,0,Low,High,High-Value At-Risk
298999,1,1,High,Low,Engaged Bargain Seekers
299034,1,1,High,Low,Engaged Bargain Seekers
299107,1,1,High,Low,Engaged Bargain Seekers
299113,1,1,High,Low,Engaged Bargain Seekers
299165,0,1,High,Low,Engaged Bargain Seekers
299204,0,1,High,Low,Engaged Bargain Seekers
299210,1,1,High,Low,Engaged Bargain Seekers
299278,1,1,High,Low,Engaged Bargain Seekers
299359,1,1,High,Low,Engaged Bargain Seekers
299366,0,1,High,Low,Engaged Bargain Seekers
299367,3,1,Low,Low,Dormant / Churned
299397,0,1,High,Low,Engaged Bargain Seekers
299412,1,1,High,Low,Engaged Bargain Seekers
299419,1,1,High,Low,Engaged Bargain Seekers
299448,3,0,Low,High,High-Value At-Risk
299454,1,1,High,Low,Engaged Bargain Seekers
299464,1,1,High,Low,Engaged Bargain Seekers
299501,1,1,High,Low,Engaged Bargain Seekers
299573,1,1,High,Low,Engaged Bargain Seekers
299585,1,1,High,Low,Engaged Bargain Seekers
299760,1,1,High,Low,Engaged Bargain Seekers
299769,0,1,High,Low,Engaged Bargain Seekers
299830,1,1,High,Low,Engaged Bargain Seekers
299919,0,1,High,Low,Engaged Bargain Seekers
300008,1,1,High,Low,Engaged Bargain Seekers
300023,1,2,High,Medium,Rising Loyalists
300051,1,1,High,Low,Engaged Bargain Seekers
300106,3,1,Low,Low,Dormant / Churned
300166,1,1,High,Low,Engaged Bargain Seekers
300371,1,2,High,Medium,Rising Loyalists
300376,3,1,Low,Low,Dormant / Churned
300454,3,1,Low,Low,Dormant / Churned
300460,0,2,High,Medium,Rising Loyalists
300465,1,1,High,Low,Engaged Bargain Seekers
300606,1,1,High,Low,Engaged Bargain Seekers
300623,0,1,High,Low,Engaged Bargain Seekers
300676,1,1,High,Low,Engaged Bargain Seekers
300678,3,0,Low,High,High-Value At-Risk
300733,1,2,High,Medium,Rising Loyalists
300806,1,1,High,Low,Engaged Bargain Seekers
300818,1,1,High,Low,Engaged Bargain Seekers
300836,1,1,High,Low,Engaged Bargain Seekers
300845,1,1,High,Low,Engaged Bargain Seekers
300867,0,1,High,Low,Engaged Bargain Seekers
300870,1,1,High,Low,Engaged Bargain Seekers
300945,1,1,High,Low,Engaged Bargain Seekers
300960,1,2,High,Medium,Rising Loyalists
300964,1,1,High,Low,Engaged Bargain Seekers
301094,1,1,High,Low,Engaged Bargain Seekers
301112,1,1,High,Low,Engaged Bargain Seekers
301152,0,1,High,Low,Engaged Bargain Seekers
301155,1,1,High,Low,Engaged Bargain Seekers
301301,1,1,High,Low,Engaged Bargain Seekers
301323,0,1,High,Low,Engaged Bargain Seekers
301563,1,1,High,Low,Engaged Bargain Seekers
301603,1,1,High,Low,Engaged Bargain Seekers
301744,1,1,High,Low,Engaged Bargain Seekers
301760,1,1,High,Low,Engaged Bargain Seekers
301784,1,1,High,Low,Engaged Bargain Seekers
301793,1,1,High,Low,Engaged Bargain Seekers
301794,1,1,High,Low,Engaged Bargain Seekers
302056,1,1,High,Low,Engaged Bargain Seekers
302057,1,1,High,Low,Engaged Bargain Seekers
302066,0,1,High,Low,Engaged Bargain Seekers
302129,1,1,High,Low,Engaged Bargain Seekers
302134,1,1,High,Low,Engaged Bargain Seekers
302158,1,1,High,Low,Engaged Bargain Seekers
302186,1,1,High,Low,Engaged Bargain Seekers
302188,0,1,High,Low,Engaged Bargain Seekers
302198,1,1,High,Low,Engaged Bargain Seekers
302258,1,1,High,Low,Engaged Bargain Seekers
302313,0,2,High,Medium,Rising Loyalists
302414,1,1,High,Low,Engaged Bargain Seekers
302460,1,2,High,Medium,Rising Loyalists
302467,1,1,High,Low,Engaged Bargain Seekers
302509,1,1,High,Low,Engaged Bargain Seekers
302628,1,2,High,Medium,Rising Loyalists
302657,0,1,High,Low,Engaged Bargain Seekers
302669,0,1,High,Low,Engaged Bargain Seekers
302792,3,1,Low,Low,Dormant / Churned
302804,1,1,High,Low,Engaged Bargain Seekers
302827,3,0,Low,High,High-Value At-Risk
302839,1,1,High,Low,Engaged Bargain Seekers
302874,1,1,High,Low,Engaged Bargain Seekers
302908,1,1,High,Low,Engaged Bargain Seekers
302921,1,1,High,Low,Engaged Bargain Seekers
302957,1,1,High,Low,Engaged Bargain Seekers
302980,3,0,Low,High,High-Value At-Risk
303049,3,0,Low,High,High-Value At-Risk
303207,1,1,High,Low,Engaged Bargain Seekers
303246,1,1,High,Low,Engaged Bargain Seekers
303396,2,1,Low,Low,Dormant / Churned
303445,0,1,High,Low,Engaged Bargain Seekers
303573,1,1,High,Low,Engaged Bargain Seekers
303621,3,1,Low,Low,Dormant / Churned
303682,1,1,High,Low,Engaged Bargain Seekers
303934,1,1,High,Low,Engaged Bargain Seekers
304080,0,1,High,Low,Engaged Bargain Seekers
304117,1,1,High,Low,Engaged Bargain Seekers
304131,1,1,High,Low,Engaged Bargain Seekers
304445,0,1,High,Low,Engaged Bargain Seekers
304528,3,1,Low,Low,Dormant / Churned
304600,1,1,High,Low,Engaged Bargain Seekers
304601,1,1,High,Low,Engaged Bargain Seekers
304620,0,1,High,Low,Engaged Bargain Seekers
304643,1,1,High,Low,Engaged Bargain Seekers
304726,1,1,High,Low,Engaged Bargain Seekers
304764,0,1,High,Low,Engaged Bargain Seekers
304770,1,1,High,Low,Engaged Bargain Seekers
304779,1,1,High,Low,Engaged Bargain Seekers
304824,1,1,High,Low,Engaged Bargain Seekers
304870,0,0,High,High,Elite Frequent Flyers
304887,3,1,Low,Low,Dormant / Churned
304944,1,1,High,Low,Engaged Bargain Seekers
305100,1,1,High,Low,Engaged Bargain Seekers
305102,1,1,High,Low,Engaged Bargain Seekers
305150,1,1,High,Low,Engaged Bargain Seekers
305171,1,1,High,Low,Engaged Bargain Seekers
305243,1,1,High,Low,Engaged Bargain Seekers
305287,0,1,High,Low,Engaged Bargain Seekers
305380,1,1,High,Low,Engaged Bargain Seekers
305412,1,1,High,Low,Engaged Bargain Seekers
305556,0,1,High,Low,Engaged Bargain Seekers
305572,2,0,Low,High,High-Value At-Risk
305604,0,1,High,Low,Engaged Bargain Seekers
305618,3,0,Low,High,High-Value At-Risk
305687,1,1,High,Low,Engaged Bargain Seekers
305807,1,1,High,Low,Engaged Bargain Seekers
305843,0,1,High,Low,Engaged Bargain Seekers
305857,0,1,High,Low,Engaged Bargain Seekers
305910,0,1,High,Low,Engaged Bargain Seekers
306051,1,1,High,Low,Engaged Bargain Seekers
306068,1,1,High,Low,Engaged Bargain Seekers
306110,1,1,High,Low,Engaged Bargain Seekers
306112,3,0,Low,High,High-Value At-Risk
306203,3,0,Low,High,High-Value At-Risk
306231,1,1,High,Low,Engaged Bargain Seekers
306288,1,1,High,Low,Engaged Bargain Seekers
306331,1,1,High,Low,Engaged Bargain Seekers
306400,1,1,High,Low,Engaged Bargain Seekers
306402,1,1,High,Low,Engaged Bargain Seekers
306596,0,1,High,Low,Engaged Bargain Seekers
306667,1,1,High,Low,Engaged Bargain Seekers
306676,1,1,High,Low,Engaged Bargain Seekers
306708,1,1,High,Low,Engaged Bargain Seekers
306869,1,1,High,Low,Engaged Bargain Seekers
306872,1,1,High,Low,Engaged Bargain Seekers
306880,1,1,High,Low,Engaged Bargain Seekers
306965,1,1,High,Low,Engaged Bargain Seekers
307032,0,1,High,Low,Engaged Bargain Seekers
307033,1,1,High,Low,Engaged Bargain Seekers
307047,1,1,High,Low,Engaged Bargain Seekers
307049,1,1,High,Low,Engaged Bargain Seekers
307136,1,1,High,Low,Engaged Bargain Seekers
307159,3,1,Low,Low,Dormant / Churned
307166,1,1,High,Low,Engaged Bargain Seekers
307178,1,1,High,Low,Engaged Bargain Seekers
307233,1,1,High,Low,Engaged Bargain Seekers
307256,1,1,High,Low,Engaged Bargain Seekers
307296,1,1,High,Low,Engaged Bargain Seekers
307321,0,1,High,Low,Engaged Bargain Seekers
307619,0,1,High,Low,Engaged Bargain Seekers
307622,1,1,High,Low,Engaged Bargain Seekers
307623,1,1,High,Low,Engaged Bargain Seekers
307631,0,1,High,Low,Engaged Bargain Seekers
307740,1,1,High,Low,Engaged Bargain Seekers
307785,1,1,High,Low,Engaged Bargain Seekers
307848,1,1,High,Low,Engaged Bargain Seekers
307859,1,1,High,Low,Engaged Bargain Seekers
308144,0,1,High,Low,Engaged Bargain Seekers
308171,1,1,High,Low,Engaged Bargain Seekers
308176,1,1,High,Low,Engaged Bargain Seekers
308197,1,1,High,Low,Engaged Bargain Seekers
308202,0,1,High,Low,Engaged Bargain Seekers
308214,1,1,High,Low,Engaged Bargain Seekers
308255,0,1,High,Low,Engaged Bargain Seekers
308362,1,1,High,Low,Engaged Bargain Seekers
308379,1,1,High,Low,Engaged Bargain Seekers
308480,0,1,High,Low,Engaged Bargain Seekers
308591,1,1,High,Low,Engaged Bargain Seekers
308629,1,1,High,Low,Engaged Bargain Seekers
308704,1,2,High,Medium,Rising Loyalists
308798,1,1,High,Low,Engaged Bargain Seekers
308891,0,1,High,Low,Engaged Bargain Seekers
308991,1,1,High,Low,Engaged Bargain Seekers
309041,1,2,High,Medium,Rising Loyalists
309108,1,1,High,Low,Engaged Bargain Seekers
309110,1,1,High,Low,Engaged Bargain Seekers
309230,1,1,High,Low,Engaged Bargain Seekers
309277,1,1,High,Low,Engaged Bargain Seekers
309304,1,1,High,Low,Engaged Bargain Seekers
309352,1,1,High,Low,Engaged Bargain Seekers
309364,1,1,High,Low,Engaged Bargain Seekers
309408,1,1,High,Low,Engaged Bargain Seekers
309456,1,2,High,Medium,Rising Loyalists
309480,1,1,High,Low,Engaged Bargain Seekers
309584,1,1,High,Low,Engaged Bargain Seekers
309602,1,1,High,Low,Engaged Bargain Seekers
309639,0,1,High,Low,Engaged Bargain Seekers
309727,1,1,High,Low,Engaged Bargain Seekers
309861,1,2,High,Medium,Rising Loyalists
309921,1,1,High,Low,Engaged Bargain Seekers
309933,1,1,High,Low,Engaged Bargain Seekers
310236,3,0,Low,High,High-Value At-Risk
310252,1,1,High,Low,Engaged Bargain Seekers
310396,1,1,High,Low,Engaged Bargain Seekers
310534,1,1,High,Low,Engaged Bargain Seekers
310681,0,1,High,Low,Engaged Bargain Seekers
310700,1,2,High,Medium,Rising Loyalists
310833,3,0,Low,High,High-Value At-Risk
310853,1,1,High,Low,Engaged Bargain Seekers
310867,3,0,Low,High,High-Value At-Risk
310911,0,1,High,Low,Engaged Bargain Seekers
310965,1,1,High,Low,Engaged Bargain Seekers
310983,1,1,High,Low,Engaged Bargain Seekers
311008,3,0,Low,High,High-Value At-Risk
311346,1,1,High,Low,Engaged Bargain Seekers
311363,1,1,High,Low,Engaged Bargain Seekers
311556,1,1,High,Low,Engaged Bargain Seekers
311619,1,1,High,Low,Engaged Bargain Seekers
311636,1,1,High,Low,Engaged Bargain Seekers
311684,1,1,High,Low,Engaged Bargain Seekers
311692,0,1,High,Low,Engaged Bargain Seekers
311762,1,1,High,Low,Engaged Bargain Seekers
311795,0,1,High,Low,Engaged Bargain Seekers
311841,0,1,High,Low,Engaged Bargain Seekers
311857,3,0,Low,High,High-Value At-Risk
311907,1,1,High,Low,Engaged Bargain Seekers
311943,1,1,High,Low,Engaged Bargain Seekers
311946,1,1,High,Low,Engaged Bargain Seekers
311952,0,1,High,Low,Engaged Bargain Seekers
312048,1,1,High,Low,Engaged Bargain Seekers
312074,1,1,High,Low,Engaged Bargain Seekers
312148,1,1,High,Low,Engaged Bargain Seekers
312180,1,1,High,Low,Engaged Bargain Seekers
312226,0,1,High,Low,Engaged Bargain Seekers
312248,1,1,High,Low,Engaged Bargain Seekers
312312,1,1,High,Low,Engaged Bargain Seekers
312455,1,1,High,Low,Engaged Bargain Seekers
312474,1,1,High,Low,Engaged Bargain Seekers
312490,1,1,High,Low,Engaged Bargain Seekers
312530,1,1,High,Low,Engaged Bargain Seekers
312545,0,1,High,Low,Engaged Bargain Seekers
312568,1,1,High,Low,Engaged Bargain Seekers
312607,1,1,High,Low,Engaged Bargain Seekers
312630,1,1,High,Low,Engaged Bargain Seekers
312744,0,1,High,Low,Engaged Bargain Seekers
312774,1,1,High,Low,Engaged Bargain Seekers
312863,1,1,High,Low,Engaged Bargain Seekers
312867,1,1,High,Low,Engaged Bargain Seekers
312933,1,1,High,Low,Engaged Bargain Seekers
312979,1,2,High,Medium,Rising Loyalists
313185,1,1,High,Low,Engaged Bargain Seekers
313254,1,1,High,Low,Engaged Bargain Seekers
313292,0,1,High,Low,Engaged Bargain Seekers
313424,1,1,High,Low,Engaged Bargain Seekers
313437,0,1,High,Low,Engaged Bargain Seekers
313461,1,1,High,Low,Engaged Bargain Seekers
313473,1,1,High,Low,Engaged Bargain Seekers
313477,1,1,High,Low,Engaged Bargain Seekers
313538,1,1,High,Low,Engaged Bargain Seekers
313544,1,1,High,Low,Engaged Bargain Seekers
313571,3,1,Low,Low,Dormant / Churned
313602,1,1,High,Low,Engaged Bargain Seekers
313673,0,1,High,Low,Engaged Bargain Seekers
313681,1,1,High,Low,Engaged Bargain Seekers
313688,1,1,High,Low,Engaged Bargain Seekers
313708,0,1,High,Low,Engaged Bargain Seekers
313732,1,1,High,Low,Engaged Bargain Seekers
313763,1,2,High,Medium,Rising Loyalists
313815,1,1,High,Low,Engaged Bargain Seekers
313837,0,1,High,Low,Engaged Bargain Seekers
313860,1,1,High,Low,Engaged Bargain Seekers
313982,1,1,High,Low,Engaged Bargain Seekers
313996,0,1,High,Low,Engaged Bargain Seekers
314014,1,1,High,Low,Engaged Bargain Seekers
314065,1,1,High,Low,Engaged Bargain Seekers
314081,0,1,High,Low,Engaged Bargain Seekers
314108,1,1,High,Low,Engaged Bargain Seekers
314147,1,1,High,Low,Engaged Bargain Seekers
314182,3,1,Low,Low,Dormant / Churned
314189,0,1,High,Low,Engaged Bargain Seekers
314202,1,1,High,Low,Engaged Bargain Seekers
314250,1,1,High,Low,Engaged Bargain Seekers
314258,1,1,High,Low,Engaged Bargain Seekers
314317,1,1,High,Low,Engaged Bargain Seekers
314328,1,1,High,Low,Engaged Bargain Seekers
314372,1,1,High,Low,Engaged Bargain Seekers
314413,0,1,High,Low,Engaged Bargain Seekers
314441,3,0,Low,High,High-Value At-Risk
314558,3,0,Low,High,High-Value At-Risk
314589,1,2,High,Medium,Rising Loyalists
314705,0,1,High,Low,Engaged Bargain Seekers
314713,0,1,High,Low,Engaged Bargain Seekers
314718,1,1,High,Low,Engaged Bargain Seekers
314742,1,1,High,Low,Engaged Bargain Seekers
314842,1,1,High,Low,Engaged Bargain Seekers
314898,1,1,High,Low,Engaged Bargain Seekers
314935,1,1,High,Low,Engaged Bargain Seekers
314941,1,1,High,Low,Engaged Bargain Seekers
315014,0,1,High,Low,Engaged Bargain Seekers
315054,0,1,High,Low,Engaged Bargain Seekers
315113,1,1,High,Low,Engaged Bargain Seekers
315225,1,1,High,Low,Engaged Bargain Seekers
315235,1,1,High,Low,Engaged Bargain Seekers
315242,3,0,Low,High,High-Value At-Risk
315337,0,1,High,Low,Engaged Bargain Seekers
315361,1,1,High,Low,Engaged Bargain Seekers
315482,1,1,High,Low,Engaged Bargain Seekers
315527,1,1,High,Low,Engaged Bargain Seekers
315736,1,1,High,Low,Engaged Bargain Seekers
315848,1,1,High,Low,Engaged Bargain Seekers
315851,1,1,High,Low,Engaged Bargain Seekers
315869,1,1,High,Low,Engaged Bargain Seekers
316082,1,1,High,Low,Engaged Bargain Seekers
316290,1,1,High,Low,Engaged Bargain Seekers
316307,0,1,High,Low,Engaged Bargain Seekers
316308,1,1,High,Low,Engaged Bargain Seekers
316323,0,1,High,Low,Engaged Bargain Seekers
316527,1,1,High,Low,Engaged Bargain Seekers
316548,0,2,High,Medium,Rising Loyalists
316633,0,1,High,Low,Engaged Bargain Seekers
316644,1,1,High,Low,Engaged Bargain Seekers
316666,0,1,High,Low,Engaged Bargain Seekers
316752,1,1,High,Low,Engaged Bargain Seekers
316793,1,2,High,Medium,Rising Loyalists
316933,1,1,High,Low,Engaged Bargain Seekers
316970,0,1,High,Low,Engaged Bargain Seekers
316982,1,1,High,Low,Engaged Bargain Seekers
317001,0,1,High,Low,Engaged Bargain Seekers
317060,1,1,High,Low,Engaged Bargain Seekers
317094,1,1,High,Low,Engaged Bargain Seekers
317100,1,1,High,Low,Engaged Bargain Seekers
317137,0,1,High,Low,Engaged Bargain Seekers
317205,1,1,High,Low,Engaged Bargain Seekers
317260,1,1,High,Low,Engaged Bargain Seekers
317624,1,1,High,Low,Engaged Bargain Seekers
317664,1,1,High,Low,Engaged Bargain Seekers
317683,1,1,High,Low,Engaged Bargain Seekers
317689,3,1,Low,Low,Dormant / Churned
317726,1,1,High,Low,Engaged Bargain Seekers
317774,1,2,High,Medium,Rising Loyalists
317776,1,1,High,Low,Engaged Bargain Seekers
317827,1,1,High,Low,Engaged Bargain Seekers
317888,1,1,High,Low,Engaged Bargain Seekers
317919,1,2,High,Medium,Rising Loyalists
318180,1,1,High,Low,Engaged Bargain Seekers
318199,1,1,High,Low,Engaged Bargain Seekers
318264,1,1,High,Low,Engaged Bargain Seekers
318285,0,1,High,Low,Engaged Bargain Seekers
318291,3,1,Low,Low,Dormant / Churned
318537,3,0,Low,High,High-Value At-Risk
318561,1,1,High,Low,Engaged Bargain Seekers
318564,1,1,High,Low,Engaged Bargain Seekers
318595,0,1,High,Low,Engaged Bargain Seekers
318654,1,1,High,Low,Engaged Bargain Seekers
318751,1,1,High,Low,Engaged Bargain Seekers
318753,0,1,High,Low,Engaged Bargain Seekers
318755,1,1,High,Low,Engaged Bargain Seekers
318786,1,1,High,Low,Engaged Bargain Seekers
318845,3,0,Low,High,High-Value At-Risk
318902,1,1,High,Low,Engaged Bargain Seekers
318945,1,1,High,Low,Engaged Bargain Seekers
319012,1,1,High,Low,Engaged Bargain Seekers
319052,1,1,High,Low,Engaged Bargain Seekers
319059,1,1,High,Low,Engaged Bargain Seekers
319092,0,1,High,Low,Engaged Bargain Seekers
319123,1,1,High,Low,Engaged Bargain Seekers
319193,0,1,High,Low,Engaged Bargain Seekers
319304,1,1,High,Low,Engaged Bargain Seekers
319378,1,1,High,Low,Engaged Bargain Seekers
319387,1,1,High,Low,Engaged Bargain Seekers
319430,1,1,High,Low,Engaged Bargain Seekers
319433,1,1,High,Low,Engaged Bargain Seekers
319464,3,0,Low,High,High-Value At-Risk
319469,0,1,High,Low,Engaged Bargain Seekers
319501,1,1,High,Low,Engaged Bargain Seekers
319504,1,1,High,Low,Engaged Bargain Seekers
319658,0,1,High,Low,Engaged Bargain Seekers
319664,1,1,High,Low,Engaged Bargain Seekers
319671,1,1,High,Low,Engaged Bargain Seekers
319742,0,2,High,Medium,Rising Loyalists
319766,3,0,Low,High,High-Value At-Risk
319768,0,1,High,Low,Engaged Bargain Seekers
319801,0,1,High,Low,Engaged Bargain Seekers
319822,1,1,High,Low,Engaged Bargain Seekers
319850,1,1,High,Low,Engaged Bargain Seekers
319868,1,1,High,Low,Engaged Bargain Seekers
319901,0,1,High,Low,Engaged Bargain Seekers
319947,1,1,High,Low,Engaged Bargain Seekers
320004,1,2,High,Medium,Rising Loyalists
320031,1,1,High,Low,Engaged Bargain Seekers
320042,1,1,High,Low,Engaged Bargain Seekers
320180,1,1,High,Low,Engaged Bargain Seekers
320183,0,1,High,Low,Engaged Bargain Seekers
320191,1,1,High,Low,Engaged Bargain Seekers
320377,3,0,Low,High,High-Value At-Risk
320414,0,1,High,Low,Engaged Bargain Seekers
320576,1,1,High,Low,Engaged Bargain Seekers
320685,1,1,High,Low,Engaged Bargain Seekers
320728,0,1,High,Low,Engaged Bargain Seekers
320772,1,1,High,Low,Engaged Bargain Seekers
320784,1,1,High,Low,Engaged Bargain Seekers
320980,0,1,High,Low,Engaged Bargain Seekers
320996,0,1,High,Low,Engaged Bargain Seekers
321012,1,1,High,Low,Engaged Bargain Seekers
321027,1,2,High,Medium,Rising Loyalists
321074,1,1,High,Low,Engaged Bargain Seekers
321213,1,1,High,Low,Engaged Bargain Seekers
321227,1,1,High,Low,Engaged Bargain Seekers
321388,1,1,High,Low,Engaged Bargain Seekers
321427,0,1,High,Low,Engaged Bargain Seekers
321436,1,1,High,Low,Engaged Bargain Seekers
321457,1,1,High,Low,Engaged Bargain Seekers
321557,3,1,Low,Low,Dormant / Churned
321656,3,1,Low,Low,Dormant / Churned
321666,1,1,High,Low,Engaged Bargain Seekers
321734,0,1,High,Low,Engaged Bargain Seekers
321748,1,1,High,Low,Engaged Bargain Seekers
321762,1,1,High,Low,Engaged Bargain Seekers
321795,1,1,High,Low,Engaged Bargain Seekers
321954,1,1,High,Low,Engaged Bargain Seekers
322000,1,1,High,Low,Engaged Bargain Seekers
322102,3,1,Low,Low,Dormant / Churned
322169,1,1,High,Low,Engaged Bargain Seekers
322193,1,1,High,Low,Engaged Bargain Seekers
322294,0,1,High,Low,Engaged Bargain Seekers
322435,3,0,Low,High,High-Value At-Risk
322451,1,1,High,Low,Engaged Bargain Seekers
322501,1,1,High,Low,Engaged Bargain Seekers
322606,1,1,High,Low,Engaged Bargain Seekers
322733,1,1,High,Low,Engaged Bargain Seekers
322955,0,1,High,Low,Engaged Bargain Seekers
323043,1,1,High,Low,Engaged Bargain Seekers
323068,1,1,High,Low,Engaged Bargain Seekers
323099,1,1,High,Low,Engaged Bargain Seekers
323154,1,1,High,Low,Engaged Bargain Seekers
323249,0,1,High,Low,Engaged Bargain Seekers
323311,1,1,High,Low,Engaged Bargain Seekers
323341,3,0,Low,High,High-Value At-Risk
323345,1,1,High,Low,Engaged Bargain Seekers
323424,1,1,High,Low,Engaged Bargain Seekers
323448,1,1,High,Low,Engaged Bargain Seekers
323542,1,1,High,Low,Engaged Bargain Seekers
323593,2,1,Low,Low,Dormant / Churned
323660,0,2,High,Medium,Rising Loyalists
323720,1,1,High,Low,Engaged Bargain Seekers
323735,1,1,High,Low,Engaged Bargain Seekers
323776,0,1,High,Low,Engaged Bargain Seekers
323792,3,0,Low,High,High-Value At-Risk
323821,1,1,High,Low,Engaged Bargain Seekers
324013,0,1,High,Low,Engaged Bargain Seekers
324048,1,1,High,Low,Engaged Bargain Seekers
324049,3,0,Low,High,High-Value At-Risk
324066,0,1,High,Low,Engaged Bargain Seekers
324125,1,1,High,Low,Engaged Bargain Seekers
324139,1,1,High,Low,Engaged Bargain Seekers
324143,1,1,High,Low,Engaged Bargain Seekers
324242,1,1,High,Low,Engaged Bargain Seekers
324248,1,1,High,Low,Engaged Bargain Seekers
324295,1,1,High,Low,Engaged Bargain Seekers
324364,1,1,High,Low,Engaged Bargain Seekers
324404,0,2,High,Medium,Rising Loyalists
324506,1,1,High,Low,Engaged Bargain Seekers
324557,1,1,High,Low,Engaged Bargain Seekers
324662,1,1,High,Low,Engaged Bargain Seekers
324707,1,1,High,Low,Engaged Bargain Seekers
324713,3,0,Low,High,High-Value At-Risk
324739,1,1,High,Low,Engaged Bargain Seekers
324773,1,1,High,Low,Engaged Bargain Seekers
324801,1,1,High,Low,Engaged Bargain Seekers
324881,1,1,High,Low,Engaged Bargain Seekers
324900,0,1,High,Low,Engaged Bargain Seekers
324997,1,2,High,Medium,Rising Loyalists
325082,1,1,High,Low,Engaged Bargain Seekers
325134,1,1,High,Low,Engaged Bargain Seekers
325190,1,1,High,Low,Engaged Bargain Seekers
325268,1,1,High,Low,Engaged Bargain Seekers
325367,1,1,High,Low,Engaged Bargain Seekers
325379,1,1,High,Low,Engaged Bargain Seekers
325382,1,1,High,Low,Engaged Bargain Seekers
325490,1,2,High,Medium,Rising Loyalists
325498,1,1,High,Low,Engaged Bargain Seekers
325593,0,1,High,Low,Engaged Bargain Seekers
325599,1,1,High,Low,Engaged Bargain Seekers
325661,1,1,High,Low,Engaged Bargain Seekers
325778,1,1,High,Low,Engaged Bargain Seekers
325802,1,1,High,Low,Engaged Bargain Seekers
325830,1,1,High,Low,Engaged Bargain Seekers
325901,0,1,High,Low,Engaged Bargain Seekers
325935,1,1,High,Low,Engaged Bargain Seekers
326001,1,1,High,Low,Engaged Bargain Seekers
326028,0,1,High,Low,Engaged Bargain Seekers
326069,1,1,High,Low,Engaged Bargain Seekers
326174,0,1,High,Low,Engaged Bargain Seekers
326234,1,1,High,Low,Engaged Bargain Seekers
326240,0,1,High,Low,Engaged Bargain Seekers
326267,1,1,High,Low,Engaged Bargain Seekers
326272,1,1,High,Low,Engaged Bargain Seekers
326280,1,1,High,Low,Engaged Bargain Seekers
326418,1,1,High,Low,Engaged Bargain Seekers
326561,0,1,High,Low,Engaged Bargain Seekers
326564,1,1,High,Low,Engaged Bargain Seekers
326603,1,1,High,Low,Engaged Bargain Seekers
326699,1,1,High,Low,Engaged Bargain Seekers
326703,0,1,High,Low,Engaged Bargain Seekers
326707,1,1,High,Low,Engaged Bargain Seekers
326724,1,1,High,Low,Engaged Bargain Seekers
326803,1,1,High,Low,Engaged Bargain Seekers
326823,1,1,High,Low,Engaged Bargain Seekers
326905,1,1,High,Low,Engaged Bargain Seekers
326961,1,1,High,Low,Engaged Bargain Seekers
326988,1,1,High,Low,Engaged Bargain Seekers
327015,1,1,High,Low,Engaged Bargain Seekers
327019,3,1,Low,Low,Dormant / Churned
327098,1,1,High,Low,Engaged Bargain Seekers
327163,1,1,High,Low,Engaged Bargain Seekers
327203,0,1,High,Low,Engaged Bargain Seekers
327285,1,1,High,Low,Engaged Bargain Seekers
327320,1,1,High,Low,Engaged Bargain Seekers
327365,0,1,High,Low,Engaged Bargain Seekers
327470,1,1,High,Low,Engaged Bargain Seekers
327474,1,1,High,Low,Engaged Bargain Seekers
327498,3,0,Low,High,High-Value At-Risk
327530,1,1,High,Low,Engaged Bargain Seekers
327555,1,1,High,Low,Engaged Bargain Seekers
327565,3,1,Low,Low,Dormant / Churned
327638,0,1,High,Low,Engaged Bargain Seekers
327653,1,1,High,Low,Engaged Bargain Seekers
327688,1,1,High,Low,Engaged Bargain Seekers
327796,1,1,High,Low,Engaged Bargain Seekers
327866,1,1,High,Low,Engaged Bargain Seekers
327903,0,1,High,Low,Engaged Bargain Seekers
327910,1,1,High,Low,Engaged Bargain Seekers
327972,1,1,High,Low,Engaged Bargain Seekers
328111,1,1,High,Low,Engaged Bargain Seekers
328116,1,1,High,Low,Engaged Bargain Seekers
328173,1,1,High,Low,Engaged Bargain Seekers
328180,0,1,High,Low,Engaged Bargain Seekers
328181,1,1,High,Low,Engaged Bargain Seekers
328188,1,1,High,Low,Engaged Bargain Seekers
328198,1,1,High,Low,Engaged Bargain Seekers
328213,1,1,High,Low,Engaged Bargain Seekers
328303,1,2,High,Medium,Rising Loyalists
328323,1,1,High,Low,Engaged Bargain Seekers
328349,0,1,High,Low,Engaged Bargain Seekers
328394,3,0,Low,High,High-Value At-Risk
328446,1,1,High,Low,Engaged Bargain Seekers
328543,1,1,High,Low,Engaged Bargain Seekers
328576,1,1,High,Low,Engaged Bargain Seekers
328602,3,0,Low,High,High-Value At-Risk
328623,1,1,High,Low,Engaged Bargain Seekers
328668,1,1,High,Low,Engaged Bargain Seekers
328754,1,1,High,Low,Engaged Bargain Seekers
328936,1,1,High,Low,Engaged Bargain Seekers
329039,1,1,High,Low,Engaged Bargain Seekers
329056,1,1,High,Low,Engaged Bargain Seekers
329088,1,2,High,Medium,Rising Loyalists
329094,1,1,High,Low,Engaged Bargain Seekers
329162,1,1,High,Low,Engaged Bargain Seekers
329214,1,1,High,Low,Engaged Bargain Seekers
329215,1,1,High,Low,Engaged Bargain Seekers
329281,0,1,High,Low,Engaged Bargain Seekers
329300,1,1,High,Low,Engaged Bargain Seekers
329302,1,1,High,Low,Engaged Bargain Seekers
329355,1,1,High,Low,Engaged Bargain Seekers
329358,0,1,High,Low,Engaged Bargain Seekers
329364,1,1,High,Low,Engaged Bargain Seekers
329382,3,1,Low,Low,Dormant / Churned
329446,3,1,Low,Low,Dormant / Churned
329587,1,1,High,Low,Engaged Bargain Seekers
329660,1,1,High,Low,Engaged Bargain Seekers
329692,1,1,High,Low,Engaged Bargain Seekers
329720,1,1,High,Low,Engaged Bargain Seekers
329730,0,1,High,Low,Engaged Bargain Seekers
329735,1,1,High,Low,Engaged Bargain Seekers
329736,1,1,High,Low,Engaged Bargain Seekers
329826,1,1,High,Low,Engaged Bargain Seekers
329833,3,0,Low,High,High-Value At-Risk
329839,1,2,High,Medium,Rising Loyalists
329910,0,1,High,Low,Engaged Bargain Seekers
330040,1,1,High,Low,Engaged Bargain Seekers
330053,1,1,High,Low,Engaged Bargain Seekers
330131,1,1,High,Low,Engaged Bargain Seekers
330249,1,1,High,Low,Engaged Bargain Seekers
330278,1,2,High,Medium,Rising Loyalists
330316,1,1,High,Low,Engaged Bargain Seekers
330343,1,1,High,Low,Engaged Bargain Seekers
330365,1,1,High,Low,Engaged Bargain Seekers
330433,1,1,High,Low,Engaged Bargain Seekers
330464,1,1,High,Low,Engaged Bargain Seekers
330468,1,1,High,Low,Engaged Bargain Seekers
330515,1,1,High,Low,Engaged Bargain Seekers
330562,0,1,High,Low,Engaged Bargain Seekers
330680,1,1,High,Low,Engaged Bargain Seekers
330694,0,1,High,Low,Engaged Bargain Seekers
330741,1,1,High,Low,Engaged Bargain Seekers
330779,1,1,High,Low,Engaged Bargain Seekers
330783,1,1,High,Low,Engaged Bargain Seekers
330858,1,1,High,Low,Engaged Bargain Seekers
330870,0,1,High,Low,Engaged Bargain Seekers
330947,0,1,High,Low,Engaged Bargain Seekers
330988,1,1,High,Low,Engaged Bargain Seekers
331078,1,1,High,Low,Engaged Bargain Seekers
331094,0,1,High,Low,Engaged Bargain Seekers
331184,1,1,High,Low,Engaged Bargain Seekers
331258,1,1,High,Low,Engaged Bargain Seekers
331301,1,1,High,Low,Engaged Bargain Seekers
331325,1,1,High,Low,Engaged Bargain Seekers
331353,1,1,High,Low,Engaged Bargain Seekers
331560,1,1,High,Low,Engaged Bargain Seekers
331598,1,1,High,Low,Engaged Bargain Seekers
331669,0,1,High,Low,Engaged Bargain Seekers
331697,1,1,High,Low,Engaged Bargain Seekers
331698,1,1,High,Low,Engaged Bargain Seekers
331699,1,1,High,Low,Engaged Bargain Seekers
331706,1,1,High,Low,Engaged Bargain Seekers
331857,1,1,High,Low,Engaged Bargain Seekers
331992,3,0,Low,High,High-Value At-Risk
331995,0,1,High,Low,Engaged Bargain Seekers
332003,3,0,Low,High,High-Value At-Risk
332027,1,1,High,Low,Engaged Bargain Seekers
332077,1,1,High,Low,Engaged Bargain Seekers
332082,1,1,High,Low,Engaged Bargain Seekers
332175,1,1,High,Low,Engaged Bargain Seekers
332208,1,1,High,Low,Engaged Bargain Seekers
332225,1,1,High,Low,Engaged Bargain Seekers
332276,1,1,High,Low,Engaged Bargain Seekers
332289,1,1,High,Low,Engaged Bargain Seekers
332387,1,1,High,Low,Engaged Bargain Seekers
332409,1,1,High,Low,Engaged Bargain Seekers
332430,1,1,High,Low,Engaged Bargain Seekers
332466,1,1,High,Low,Engaged Bargain Seekers
332711,1,1,High,Low,Engaged Bargain Seekers
332716,1,1,High,Low,Engaged Bargain Seekers
332780,1,1,High,Low,Engaged Bargain Seekers
332823,1,1,High,Low,Engaged Bargain Seekers
332855,3,0,Low,High,High-Value At-Risk
332869,1,1,High,Low,Engaged Bargain Seekers
332962,1,2,High,Medium,Rising Loyalists
332983,0,1,High,Low,Engaged Bargain Seekers
333039,1,1,High,Low,Engaged Bargain Seekers
333051,0,2,High,Medium,Rising Loyalists
333064,1,1,High,Low,Engaged Bargain Seekers
333207,0,1,High,Low,Engaged Bargain Seekers
333213,1,1,High,Low,Engaged Bargain Seekers
333295,1,1,High,Low,Engaged Bargain Seekers
333451,1,1,High,Low,Engaged Bargain Seekers
333502,1,1,High,Low,Engaged Bargain Seekers
333595,1,1,High,Low,Engaged Bargain Seekers
333621,1,1,High,Low,Engaged Bargain Seekers
333644,0,1,High,Low,Engaged Bargain Seekers
333680,1,1,High,Low,Engaged Bargain Seekers
333694,1,1,High,Low,Engaged Bargain Seekers
333773,1,1,High,Low,Engaged Bargain Seekers
333799,1,1,High,Low,Engaged Bargain Seekers
333825,1,1,High,Low,Engaged Bargain Seekers
334003,1,1,High,Low,Engaged Bargain Seekers
334143,1,1,High,Low,Engaged Bargain Seekers
334192,3,0,Low,High,High-Value At-Risk
334224,1,1,High,Low,Engaged Bargain Seekers
334273,1,1,High,Low,Engaged Bargain Seekers
334324,1,1,High,Low,Engaged Bargain Seekers
334329,1,1,High,Low,Engaged Bargain Seekers
334437,1,1,High,Low,Engaged Bargain Seekers
334454,1,1,High,Low,Engaged Bargain Seekers
334574,3,0,Low,High,High-Value At-Risk
334575,1,1,High,Low,Engaged Bargain Seekers
334997,1,1,High,Low,Engaged Bargain Seekers
335137,1,1,High,Low,Engaged Bargain Seekers
335143,1,2,High,Medium,Rising Loyalists
335162,1,1,High,Low,Engaged Bargain Seekers
335246,0,1,High,Low,Engaged Bargain Seekers
335306,0,1,High,Low,Engaged Bargain Seekers
335324,1,1,High,Low,Engaged Bargain Seekers
335365,1,1,High,Low,Engaged Bargain Seekers
335371,1,1,High,Low,Engaged Bargain Seekers
335421,1,1,High,Low,Engaged Bargain Seekers
335545,1,1,High,Low,Engaged Bargain Seekers
335554,1,1,High,Low,Engaged Bargain Seekers
335671,1,1,High,Low,Engaged Bargain Seekers
335755,1,1,High,Low,Engaged Bargain Seekers
335839,1,1,High,Low,Engaged Bargain Seekers
335852,1,1,High,Low,Engaged Bargain Seekers
335964,1,1,High,Low,Engaged Bargain Seekers
336025,1,1,High,Low,Engaged Bargain Seekers
336037,1,1,High,Low,Engaged Bargain Seekers
336076,0,1,High,Low,Engaged Bargain Seekers
336127,1,1,High,Low,Engaged Bargain Seekers
336138,1,1,High,Low,Engaged Bargain Seekers
336139,1,1,High,Low,Engaged Bargain Seekers
336141,1,1,High,Low,Engaged Bargain Seekers
336143,1,1,High,Low,Engaged Bargain Seekers
336238,0,1,High,Low,Engaged Bargain Seekers
336247,1,1,High,Low,Engaged Bargain Seekers
336271,1,1,High,Low,Engaged Bargain Seekers
336281,1,1,High,Low,Engaged Bargain Seekers
336341,1,1,High,Low,Engaged Bargain Seekers
336357,1,1,High,Low,Engaged Bargain Seekers
336451,0,1,High,Low,Engaged Bargain Seekers
336469,1,1,High,Low,Engaged Bargain Seekers
336484,1,1,High,Low,Engaged Bargain Seekers
336539,1,1,High,Low,Engaged Bargain Seekers
336541,1,1,High,Low,Engaged Bargain Seekers
336665,0,2,High,Medium,Rising Loyalists
336722,1,2,High,Medium,Rising Loyalists
336724,1,1,High,Low,Engaged Bargain Seekers
336770,1,1,High,Low,Engaged Bargain Seekers
336809,1,1,High,Low,Engaged Bargain Seekers
336817,0,1,High,Low,Engaged Bargain Seekers
336831,0,1,High,Low,Engaged Bargain Seekers
336878,3,1,Low,Low,Dormant / Churned
336882,1,1,High,Low,Engaged Bargain Seekers
336902,0,2,High,Medium,Rising Loyalists
337066,1,1,High,Low,Engaged Bargain Seekers
337148,1,2,High,Medium,Rising Loyalists
337235,1,1,High,Low,Engaged Bargain Seekers
337260,1,1,High,Low,Engaged Bargain Seekers
337341,1,1,High,Low,Engaged Bargain Seekers
337453,1,1,High,Low,Engaged Bargain Seekers
337488,1,1,High,Low,Engaged Bargain Seekers
337812,3,0,Low,High,High-Value At-Risk
337815,1,1,High,Low,Engaged Bargain Seekers
337818,1,1,High,Low,Engaged Bargain Seekers
337842,1,1,High,Low,Engaged Bargain Seekers
337857,1,1,High,Low,Engaged Bargain Seekers
337925,1,1,High,Low,Engaged Bargain Seekers
337932,0,2,High,Medium,Rising Loyalists
337945,1,1,High,Low,Engaged Bargain Seekers
337980,1,1,High,Low,Engaged Bargain Seekers
337983,1,1,High,Low,Engaged Bargain Seekers
338059,1,1,High,Low,Engaged Bargain Seekers
338125,0,1,High,Low,Engaged Bargain Seekers
338212,1,1,High,Low,Engaged Bargain Seekers
338285,1,1,High,Low,Engaged Bargain Seekers
338291,0,1,High,Low,Engaged Bargain Seekers
338295,3,0,Low,High,High-Value At-Risk
338346,1,1,High,Low,Engaged Bargain Seekers
338750,3,1,Low,Low,Dormant / Churned
338786,1,1,High,Low,Engaged Bargain Seekers
338803,0,1,High,Low,Engaged Bargain Seekers
338808,0,1,High,Low,Engaged Bargain Seekers
338837,3,1,Low,Low,Dormant / Churned
338838,1,1,High,Low,Engaged Bargain Seekers
338872,1,1,High,Low,Engaged Bargain Seekers
339005,1,1,High,Low,Engaged Bargain Seekers
339151,1,1,High,Low,Engaged Bargain Seekers
339220,1,1,High,Low,Engaged Bargain Seekers
339274,3,0,Low,High,High-Value At-Risk
339371,0,2,High,Medium,Rising Loyalists
339573,1,1,High,Low,Engaged Bargain Seekers
339800,0,1,High,Low,Engaged Bargain Seekers
339819,1,1,High,Low,Engaged Bargain Seekers
339845,1,1,High,Low,Engaged Bargain Seekers
339880,1,2,High,Medium,Rising Loyalists
339927,1,1,High,Low,Engaged Bargain Seekers
339941,1,1,High,Low,Engaged Bargain Seekers
340156,3,0,Low,High,High-Value At-Risk
340277,1,1,High,Low,Engaged Bargain Seekers
340307,1,1,High,Low,Engaged Bargain Seekers
340467,1,1,High,Low,Engaged Bargain Seekers
340479,1,1,High,Low,Engaged Bargain Seekers
340492,3,1,Low,Low,Dormant / Churned
340574,1,1,High,Low,Engaged Bargain Seekers
340583,1,1,High,Low,Engaged Bargain Seekers
340604,3,0,Low,High,High-Value At-Risk
340638,0,1,High,Low,Engaged Bargain Seekers
340691,1,1,High,Low,Engaged Bargain Seekers
340723,0,1,High,Low,Engaged Bargain Seekers
340736,3,0,Low,High,High-Value At-Risk
340782,1,1,High,Low,Engaged Bargain Seekers
340802,1,1,High,Low,Engaged Bargain Seekers
340874,0,2,High,Medium,Rising Loyalists
340881,3,1,Low,Low,Dormant / Churned
340924,1,1,High,Low,Engaged Bargain Seekers
340925,1,1,High,Low,Engaged Bargain Seekers
340927,1,1,High,Low,Engaged Bargain Seekers
340931,0,2,High,Medium,Rising Loyalists
340934,3,0,Low,High,High-Value At-Risk
341169,1,1,High,Low,Engaged Bargain Seekers
341185,1,1,High,Low,Engaged Bargain Seekers
341302,1,1,High,Low,Engaged Bargain Seekers
341549,1,1,High,Low,Engaged Bargain Seekers
341594,1,1,High,Low,Engaged Bargain Seekers
341725,1,1,High,Low,Engaged Bargain Seekers
341728,1,1,High,Low,Engaged Bargain Seekers
341867,1,1,High,Low,Engaged Bargain Seekers
341897,0,1,High,Low,Engaged Bargain Seekers
341904,0,1,High,Low,Engaged Bargain Seekers
341907,0,1,High,Low,Engaged Bargain Seekers
341942,1,1,High,Low,Engaged Bargain Seekers
342007,1,1,High,Low,Engaged Bargain Seekers
342044,1,1,High,Low,Engaged Bargain Seekers
342156,1,1,High,Low,Engaged Bargain Seekers
342407,1,1,High,Low,Engaged Bargain Seekers
342483,1,2,High,Medium,Rising Loyalists
342527,1,1,High,Low,Engaged Bargain Seekers
342554,1,1,High,Low,Engaged Bargain Seekers
342569,3,1,Low,Low,Dormant / Churned
342570,1,2,High,Medium,Rising Loyalists
342583,1,1,High,Low,Engaged Bargain Seekers
342679,1,1,High,Low,Engaged Bargain Seekers
342725,1,1,High,Low,Engaged Bargain Seekers
342738,3,0,Low,High,High-Value At-Risk
342836,0,1,High,Low,Engaged Bargain Seekers
342929,1,1,High,Low,Engaged Bargain Seekers
342945,3,1,Low,Low,Dormant / Churned
342958,1,1,High,Low,Engaged Bargain Seekers
342980,0,1,High,Low,Engaged Bargain Seekers
343001,1,1,High,Low,Engaged Bargain Seekers
343011,1,1,High,Low,Engaged Bargain Seekers
343051,0,1,High,Low,Engaged Bargain Seekers
343103,1,1,High,Low,Engaged Bargain Seekers
343139,1,2,High,Medium,Rising Loyalists
343218,1,2,High,Medium,Rising Loyalists
343247,0,1,High,Low,Engaged Bargain Seekers
343377,1,1,High,Low,Engaged Bargain Seekers
343383,1,1,High,Low,Engaged Bargain Seekers
343425,0,1,High,Low,Engaged Bargain Seekers
343547,1,1,High,Low,Engaged Bargain Seekers
343605,1,1,High,Low,Engaged Bargain Seekers
343706,1,1,High,Low,Engaged Bargain Seekers
343879,0,1,High,Low,Engaged Bargain Seekers
343884,3,0,Low,High,High-Value At-Risk
343978,0,1,High,Low,Engaged Bargain Seekers
343994,1,1,High,Low,Engaged Bargain Seekers
344009,1,1,High,Low,Engaged Bargain Seekers
344039,0,1,High,Low,Engaged Bargain Seekers
344052,0,1,High,Low,Engaged Bargain Seekers
344121,1,1,High,Low,Engaged Bargain Seekers
344180,0,1,High,Low,Engaged Bargain Seekers
344199,1,1,High,Low,Engaged Bargain Seekers
344232,1,2,High,Medium,Rising Loyalists
344260,1,1,High,Low,Engaged Bargain Seekers
344372,0,1,High,Low,Engaged Bargain Seekers
344413,1,1,High,Low,Engaged Bargain Seekers
344464,1,1,High,Low,Engaged Bargain Seekers
344483,1,1,High,Low,Engaged Bargain Seekers
344527,1,2,High,Medium,Rising Loyalists
344570,0,1,High,Low,Engaged Bargain Seekers
344580,0,1,High,Low,Engaged Bargain Seekers
344627,1,1,High,Low,Engaged Bargain Seekers
344669,0,1,High,Low,Engaged Bargain Seekers
344671,0,1,High,Low,Engaged Bargain Seekers
344749,0,1,High,Low,Engaged Bargain Seekers
344768,3,1,Low,Low,Dormant / Churned
344797,1,1,High,Low,Engaged Bargain Seekers
344990,1,1,High,Low,Engaged Bargain Seekers
344998,1,1,High,Low,Engaged Bargain Seekers
345014,1,1,High,Low,Engaged Bargain Seekers
345090,0,1,High,Low,Engaged Bargain Seekers
345099,1,1,High,Low,Engaged Bargain Seekers
345238,1,1,High,Low,Engaged Bargain Seekers
345244,1,1,High,Low,Engaged Bargain Seekers
345518,1,1,High,Low,Engaged Bargain Seekers
345572,1,1,High,Low,Engaged Bargain Seekers
345597,1,1,High,Low,Engaged Bargain Seekers
345608,1,1,High,Low,Engaged Bargain Seekers
345615,1,1,High,Low,Engaged Bargain Seekers
345657,1,1,High,Low,Engaged Bargain Seekers
345682,1,1,High,Low,Engaged Bargain Seekers
345765,1,2,High,Medium,Rising Loyalists
345802,1,1,High,Low,Engaged Bargain Seekers
345840,0,1,High,Low,Engaged Bargain Seekers
345841,1,1,High,Low,Engaged Bargain Seekers
345908,1,1,High,Low,Engaged Bargain Seekers
345931,1,1,High,Low,Engaged Bargain Seekers
345959,0,1,High,Low,Engaged Bargain Seekers
345978,0,1,High,Low,Engaged Bargain Seekers
346090,1,1,High,Low,Engaged Bargain Seekers
346103,1,1,High,Low,Engaged Bargain Seekers
346163,1,1,High,Low,Engaged Bargain Seekers
346205,1,1,High,Low,Engaged Bargain Seekers
346225,1,1,High,Low,Engaged Bargain Seekers
346274,1,1,High,Low,Engaged Bargain Seekers
346295,0,1,High,Low,Engaged Bargain Seekers
346346,0,1,High,Low,Engaged Bargain Seekers
346384,1,1,High,Low,Engaged Bargain Seekers
346390,0,1,High,Low,Engaged Bargain Seekers
346456,1,1,High,Low,Engaged Bargain Seekers
346499,0,1,High,Low,Engaged Bargain Seekers
346529,1,1,High,Low,Engaged Bargain Seekers
346532,0,1,High,Low,Engaged Bargain Seekers
346554,3,1,Low,Low,Dormant / Churned
346560,0,2,High,Medium,Rising Loyalists
346598,1,1,High,Low,Engaged Bargain Seekers
346633,1,1,High,Low,Engaged Bargain Seekers
346678,1,1,High,Low,Engaged Bargain Seekers
346704,1,1,High,Low,Engaged Bargain Seekers
346766,0,2,High,Medium,Rising Loyalists
346809,1,1,High,Low,Engaged Bargain Seekers
346828,1,1,High,Low,Engaged Bargain Seekers
346925,1,1,High,Low,Engaged Bargain Seekers
347001,1,1,High,Low,Engaged Bargain Seekers
347013,1,1,High,Low,Engaged Bargain Seekers
347142,1,1,High,Low,Engaged Bargain Seekers
347212,0,1,High,Low,Engaged Bargain Seekers
347227,0,1,High,Low,Engaged Bargain Seekers
347231,1,1,High,Low,Engaged Bargain Seekers
347276,0,1,High,Low,Engaged Bargain Seekers
347423,0,1,High,Low,Engaged Bargain Seekers
347431,1,1,High,Low,Engaged Bargain Seekers
347466,1,1,High,Low,Engaged Bargain Seekers
347515,0,1,High,Low,Engaged Bargain Seekers
347629,1,1,High,Low,Engaged Bargain Seekers
347634,1,1,High,Low,Engaged Bargain Seekers
347733,3,1,Low,Low,Dormant / Churned
347850,1,1,High,Low,Engaged Bargain Seekers
347861,1,1,High,Low,Engaged Bargain Seekers
347914,0,2,High,Medium,Rising Loyalists
347932,1,1,High,Low,Engaged Bargain Seekers
347955,1,1,High,Low,Engaged Bargain Seekers
347982,0,1,High,Low,Engaged Bargain Seekers
347987,0,1,High,Low,Engaged Bargain Seekers
347997,0,1,High,Low,Engaged Bargain Seekers
348047,1,1,High,Low,Engaged Bargain Seekers
348056,1,1,High,Low,Engaged Bargain Seekers
348065,1,1,High,Low,Engaged Bargain Seekers
348085,1,1,High,Low,Engaged Bargain Seekers
348143,0,1,High,Low,Engaged Bargain Seekers
348173,3,0,Low,High,High-Value At-Risk
348202,1,1,High,Low,Engaged Bargain Seekers
348215,1,1,High,Low,Engaged Bargain Seekers
348238,0,1,High,Low,Engaged Bargain Seekers
348245,0,1,High,Low,Engaged Bargain Seekers
348299,3,0,Low,High,High-Value At-Risk
348350,3,0,Low,High,High-Value At-Risk
348400,1,1,High,Low,Engaged Bargain Seekers
348448,1,1,High,Low,Engaged Bargain Seekers
348463,1,1,High,Low,Engaged Bargain Seekers
348471,1,1,High,Low,Engaged Bargain Seekers
348475,1,1,High,Low,Engaged Bargain Seekers
348600,0,2,High,Medium,Rising Loyalists
348672,1,1,High,Low,Engaged Bargain Seekers
348681,1,2,High,Medium,Rising Loyalists
348718,3,1,Low,Low,Dormant / Churned
348723,1,1,High,Low,Engaged Bargain Seekers
348732,0,1,High,Low,Engaged Bargain Seekers
348740,1,1,High,Low,Engaged Bargain Seekers
348751,1,1,High,Low,Engaged Bargain Seekers
348774,1,1,High,Low,Engaged Bargain Seekers
348835,1,2,High,Medium,Rising Loyalists
348920,1,1,High,Low,Engaged Bargain Seekers
348994,1,2,High,Medium,Rising Loyalists
349001,1,1,High,Low,Engaged Bargain Seekers
349046,1,1,High,Low,Engaged Bargain Seekers
349108,0,1,High,Low,Engaged Bargain Seekers
349115,1,1,High,Low,Engaged Bargain Seekers
349132,1,1,High,Low,Engaged Bargain Seekers
349153,1,1,High,Low,Engaged Bargain Seekers
349220,1,1,High,Low,Engaged Bargain Seekers
349278,1,1,High,Low,Engaged Bargain Seekers
349342,1,1,High,Low,Engaged Bargain Seekers
349447,3,1,Low,Low,Dormant / Churned
349470,0,1,High,Low,Engaged Bargain Seekers
349490,1,1,High,Low,Engaged Bargain Seekers
349539,1,1,High,Low,Engaged Bargain Seekers
349577,1,1,High,Low,Engaged Bargain Seekers
349638,1,1,High,Low,Engaged Bargain Seekers
349670,1,1,High,Low,Engaged Bargain Seekers
349695,3,1,Low,Low,Dormant / Churned
349730,1,1,High,Low,Engaged Bargain Seekers
349767,1,1,High,Low,Engaged Bargain Seekers
349838,1,1,High,Low,Engaged Bargain Seekers
350001,1,1,High,Low,Engaged Bargain Seekers
350059,0,1,High,Low,Engaged Bargain Seekers
350238,1,1,High,Low,Engaged Bargain Seekers
350269,3,0,Low,High,High-Value At-Risk
350271,0,1,High,Low,Engaged Bargain Seekers
350486,3,0,Low,High,High-Value At-Risk
350587,1,1,High,Low,Engaged Bargain Seekers
350631,1,2,High,Medium,Rising Loyalists
350675,1,1,High,Low,Engaged Bargain Seekers
350692,1,1,High,Low,Engaged Bargain Seekers
350863,1,1,High,Low,Engaged Bargain Seekers
350901,1,1,High,Low,Engaged Bargain Seekers
350910,3,1,Low,Low,Dormant / Churned
350979,1,1,High,Low,Engaged Bargain Seekers
351029,1,1,High,Low,Engaged Bargain Seekers
351138,1,1,High,Low,Engaged Bargain Seekers
351145,1,1,High,Low,Engaged Bargain Seekers
351238,1,1,High,Low,Engaged Bargain Seekers
351292,0,1,High,Low,Engaged Bargain Seekers
351296,1,2,High,Medium,Rising Loyalists
351367,1,1,High,Low,Engaged Bargain Seekers
351389,1,1,High,Low,Engaged Bargain Seekers
351461,0,1,High,Low,Engaged Bargain Seekers
351500,1,1,High,Low,Engaged Bargain Seekers
351513,3,0,Low,High,High-Value At-Risk
351551,0,1,High,Low,Engaged Bargain Seekers
351615,1,1,High,Low,Engaged Bargain Seekers
351753,0,1,High,Low,Engaged Bargain Seekers
351889,1,1,High,Low,Engaged Bargain Seekers
351897,1,1,High,Low,Engaged Bargain Seekers
351937,0,2,High,Medium,Rising Loyalists
351966,0,1,High,Low,Engaged Bargain Seekers
352005,1,1,High,Low,Engaged Bargain Seekers
352026,0,1,High,Low,Engaged Bargain Seekers
352034,3,0,Low,High,High-Value At-Risk
352053,1,2,High,Medium,Rising Loyalists
352068,1,1,High,Low,Engaged Bargain Seekers
352078,1,1,High,Low,Engaged Bargain Seekers
352092,1,1,High,Low,Engaged Bargain Seekers
352101,1,1,High,Low,Engaged Bargain Seekers
352170,1,1,High,Low,Engaged Bargain Seekers
352216,0,1,High,Low,Engaged Bargain Seekers
352242,1,1,High,Low,Engaged Bargain Seekers
352280,1,1,High,Low,Engaged Bargain Seekers
352306,1,1,High,Low,Engaged Bargain Seekers
352337,1,1,High,Low,Engaged Bargain Seekers
352377,1,1,High,Low,Engaged Bargain Seekers
352424,1,1,High,Low,Engaged Bargain Seekers
352490,1,1,High,Low,Engaged Bargain Seekers
352501,1,1,High,Low,Engaged Bargain Seekers
352581,0,1,High,Low,Engaged Bargain Seekers
352582,1,1,High,Low,Engaged Bargain Seekers
352617,1,1,High,Low,Engaged Bargain Seekers
352653,1,1,High,Low,Engaged Bargain Seekers
352702,1,1,High,Low,Engaged Bargain Seekers
352734,3,0,Low,High,High-Value At-Risk
352747,0,1,High,Low,Engaged Bargain Seekers
352809,1,1,High,Low,Engaged Bargain Seekers
352834,1,1,High,Low,Engaged Bargain Seekers
352916,1,1,High,Low,Engaged Bargain Seekers
353032,1,1,High,Low,Engaged Bargain Seekers
353076,0,1,High,Low,Engaged Bargain Seekers
353096,1,1,High,Low,Engaged Bargain Seekers
353128,1,1,High,Low,Engaged Bargain Seekers
353308,0,1,High,Low,Engaged Bargain Seekers
353369,0,2,High,Medium,Rising Loyalists
353396,1,1,High,Low,Engaged Bargain Seekers
353455,1,2,High,Medium,Rising Loyalists
353486,1,1,High,Low,Engaged Bargain Seekers
353535,3,1,Low,Low,Dormant / Churned
353614,3,0,Low,High,High-Value At-Risk
353648,0,1,High,Low,Engaged Bargain Seekers
353786,0,1,High,Low,Engaged Bargain Seekers
354002,1,1,High,Low,Engaged Bargain Seekers
354084,1,1,High,Low,Engaged Bargain Seekers
354150,1,1,High,Low,Engaged Bargain Seekers
354176,0,1,High,Low,Engaged Bargain Seekers
354206,0,1,High,Low,Engaged Bargain Seekers
354295,1,1,High,Low,Engaged Bargain Seekers
354438,0,1,High,Low,Engaged Bargain Seekers
354442,1,1,High,Low,Engaged Bargain Seekers
354461,1,1,High,Low,Engaged Bargain Seekers
354464,1,1,High,Low,Engaged Bargain Seekers
354477,1,1,High,Low,Engaged Bargain Seekers
354483,1,1,High,Low,Engaged Bargain Seekers
354547,1,1,High,Low,Engaged Bargain Seekers
354730,0,1,High,Low,Engaged Bargain Seekers
355039,1,1,High,Low,Engaged Bargain Seekers
355099,0,1,High,Low,Engaged Bargain Seekers
355102,0,1,High,Low,Engaged Bargain Seekers
355126,1,1,High,Low,Engaged Bargain Seekers
355184,1,1,High,Low,Engaged Bargain Seekers
355298,1,1,High,Low,Engaged Bargain Seekers
355331,1,1,High,Low,Engaged Bargain Seekers
355491,1,1,High,Low,Engaged Bargain Seekers
355512,0,1,High,Low,Engaged Bargain Seekers
355515,1,1,High,Low,Engaged Bargain Seekers
355578,0,2,High,Medium,Rising Loyalists
355628,3,1,Low,Low,Dormant / Churned
355669,1,1,High,Low,Engaged Bargain Seekers
355707,0,1,High,Low,Engaged Bargain Seekers
355724,0,1,High,Low,Engaged Bargain Seekers
355750,1,1,High,Low,Engaged Bargain Seekers
355775,1,1,High,Low,Engaged Bargain Seekers
355781,3,0,Low,High,High-Value At-Risk
355795,1,2,High,Medium,Rising Loyalists
355839,0,1,High,Low,Engaged Bargain Seekers
355906,1,1,High,Low,Engaged Bargain Seekers
355908,1,1,High,Low,Engaged Bargain Seekers
355994,1,1,High,Low,Engaged Bargain Seekers
355995,1,1,High,Low,Engaged Bargain Seekers
356237,1,1,High,Low,Engaged Bargain Seekers
356240,0,2,High,Medium,Rising Loyalists
356460,1,1,High,Low,Engaged Bargain Seekers
356507,1,1,High,Low,Engaged Bargain Seekers
356558,1,1,High,Low,Engaged Bargain Seekers
356561,1,1,High,Low,Engaged Bargain Seekers
356578,1,1,High,Low,Engaged Bargain Seekers
356613,1,1,High,Low,Engaged Bargain Seekers
356618,1,1,High,Low,Engaged Bargain Seekers
356708,1,1,High,Low,Engaged Bargain Seekers
356712,1,1,High,Low,Engaged Bargain Seekers
356812,1,1,High,Low,Engaged Bargain Seekers
356828,1,1,High,Low,Engaged Bargain Seekers
356955,1,1,High,Low,Engaged Bargain Seekers
356980,1,1,High,Low,Engaged Bargain Seekers
357059,1,1,High,Low,Engaged Bargain Seekers
357138,1,1,High,Low,Engaged Bargain Seekers
357149,1,1,High,Low,Engaged Bargain Seekers
357161,1,1,High,Low,Engaged Bargain Seekers
357166,3,0,Low,High,High-Value At-Risk
357173,1,1,High,Low,Engaged Bargain Seekers
357199,1,1,High,Low,Engaged Bargain Seekers
357298,1,2,High,Medium,Rising Loyalists
357375,1,1,High,Low,Engaged Bargain Seekers
357381,1,1,High,Low,Engaged Bargain Seekers
357466,1,1,High,Low,Engaged Bargain Seekers
357549,3,1,Low,Low,Dormant / Churned
357567,1,1,High,Low,Engaged Bargain Seekers
357574,1,1,High,Low,Engaged Bargain Seekers
357589,1,1,High,Low,Engaged Bargain Seekers
357901,0,1,High,Low,Engaged Bargain Seekers
357903,3,1,Low,Low,Dormant / Churned
357971,1,1,High,Low,Engaged Bargain Seekers
357988,1,1,High,Low,Engaged Bargain Seekers
358012,0,1,High,Low,Engaged Bargain Seekers
358020,1,1,High,Low,Engaged Bargain Seekers
358039,0,1,High,Low,Engaged Bargain Seekers
358054,0,1,High,Low,Engaged Bargain Seekers
358151,0,1,High,Low,Engaged Bargain Seekers
358201,1,1,High,Low,Engaged Bargain Seekers
358255,3,0,Low,High,High-Value At-Risk
358375,3,0,Low,High,High-Value At-Risk
358384,1,1,High,Low,Engaged Bargain Seekers
358513,1,1,High,Low,Engaged Bargain Seekers
358586,3,0,Low,High,High-Value At-Risk
358792,1,1,High,Low,Engaged Bargain Seekers
358794,1,1,High,Low,Engaged Bargain Seekers
358900,1,1,High,Low,Engaged Bargain Seekers
358948,3,0,Low,High,High-Value At-Risk
358968,0,1,High,Low,Engaged Bargain Seekers
358979,1,1,High,Low,Engaged Bargain Seekers
358997,0,1,High,Low,Engaged Bargain Seekers
359011,1,1,High,Low,Engaged Bargain Seekers
359029,0,1,High,Low,Engaged Bargain Seekers
359091,1,1,High,Low,Engaged Bargain Seekers
359133,1,1,High,Low,Engaged Bargain Seekers
359138,3,0,Low,High,High-Value At-Risk
359188,0,1,High,Low,Engaged Bargain Seekers
359275,1,1,High,Low,Engaged Bargain Seekers
359360,1,1,High,Low,Engaged Bargain Seekers
359446,1,1,High,Low,Engaged Bargain Seekers
359466,1,1,High,Low,Engaged Bargain Seekers
359575,1,1,High,Low,Engaged Bargain Seekers
359693,1,1,High,Low,Engaged Bargain Seekers
359816,1,1,High,Low,Engaged Bargain Seekers
360017,1,1,High,Low,Engaged Bargain Seekers
360031,0,1,High,Low,Engaged Bargain Seekers
360240,0,1,High,Low,Engaged Bargain Seekers
360256,1,1,High,Low,Engaged Bargain Seekers
360435,1,1,High,Low,Engaged Bargain Seekers
360446,1,1,High,Low,Engaged Bargain Seekers
360472,1,1,High,Low,Engaged Bargain Seekers
360485,3,0,Low,High,High-Value At-Risk
360537,1,1,High,Low,Engaged Bargain Seekers
360730,1,1,High,Low,Engaged Bargain Seekers
360732,0,1,High,Low,Engaged Bargain Seekers
360744,3,0,Low,High,High-Value At-Risk
360805,1,1,High,Low,Engaged Bargain Seekers
360868,0,1,High,Low,Engaged Bargain Seekers
360902,1,1,High,Low,Engaged Bargain Seekers
360942,1,1,High,Low,Engaged Bargain Seekers
360981,0,2,High,Medium,Rising Loyalists
361109,1,1,High,Low,Engaged Bargain Seekers
361237,1,1,High,Low,Engaged Bargain Seekers
361266,1,1,High,Low,Engaged Bargain Seekers
361434,1,1,High,Low,Engaged Bargain Seekers
361439,1,1,High,Low,Engaged Bargain Seekers
361680,3,0,Low,High,High-Value At-Risk
361707,1,1,High,Low,Engaged Bargain Seekers
361710,3,0,Low,High,High-Value At-Risk
361816,1,1,High,Low,Engaged Bargain Seekers
361827,1,1,High,Low,Engaged Bargain Seekers
361892,1,1,High,Low,Engaged Bargain Seekers
361944,0,2,High,Medium,Rising Loyalists
362055,1,1,High,Low,Engaged Bargain Seekers
362134,0,1,High,Low,Engaged Bargain Seekers
362165,1,1,High,Low,Engaged Bargain Seekers
362167,1,1,High,Low,Engaged Bargain Seekers
362201,1,1,High,Low,Engaged Bargain Seekers
362293,1,1,High,Low,Engaged Bargain Seekers
362471,1,1,High,Low,Engaged Bargain Seekers
362541,1,1,High,Low,Engaged Bargain Seekers
362586,1,1,High,Low,Engaged Bargain Seekers
362642,1,1,High,Low,Engaged Bargain Seekers
362680,1,1,High,Low,Engaged Bargain Seekers
362736,1,1,High,Low,Engaged Bargain Seekers
362742,0,1,High,Low,Engaged Bargain Seekers
362823,3,0,Low,High,High-Value At-Risk
362841,1,1,High,Low,Engaged Bargain Seekers
362855,1,1,High,Low,Engaged Bargain Seekers
362925,1,1,High,Low,Engaged Bargain Seekers
363178,0,1,High,Low,Engaged Bargain Seekers
363199,1,1,High,Low,Engaged Bargain Seekers
363314,1,1,High,Low,Engaged Bargain Seekers
363483,3,0,Low,High,High-Value At-Risk
363513,3,1,Low,Low,Dormant / Churned
363743,1,1,High,Low,Engaged Bargain Seekers
363774,1,1,High,Low,Engaged Bargain Seekers
363780,0,1,High,Low,Engaged Bargain Seekers
363864,1,1,High,Low,Engaged Bargain Seekers
363866,0,1,High,Low,Engaged Bargain Seekers
363925,0,1,High,Low,Engaged Bargain Seekers
363967,0,1,High,Low,Engaged Bargain Seekers
363983,0,1,High,Low,Engaged Bargain Seekers
364049,1,1,High,Low,Engaged Bargain Seekers
364067,1,1,High,Low,Engaged Bargain Seekers
364137,1,1,High,Low,Engaged Bargain Seekers
364153,1,1,High,Low,Engaged Bargain Seekers
364247,3,1,Low,Low,Dormant / Churned
364264,1,1,High,Low,Engaged Bargain Seekers
364356,1,1,High,Low,Engaged Bargain Seekers
364372,3,0,Low,High,High-Value At-Risk
364596,0,1,High,Low,Engaged Bargain Seekers
364710,0,2,High,Medium,Rising Loyalists
364895,1,1,High,Low,Engaged Bargain Seekers
364908,1,1,High,Low,Engaged Bargain Seekers
364931,0,1,High,Low,Engaged Bargain Seekers
365138,1,1,High,Low,Engaged Bargain Seekers
365156,0,1,High,Low,Engaged Bargain Seekers
365166,0,1,High,Low,Engaged Bargain Seekers
365208,0,1,High,Low,Engaged Bargain Seekers
365346,1,1,High,Low,Engaged Bargain Seekers
365404,1,1,High,Low,Engaged Bargain Seekers
365413,1,1,High,Low,Engaged Bargain Seekers
365421,0,1,High,Low,Engaged Bargain Seekers
365451,1,1,High,Low,Engaged Bargain Seekers
365468,1,1,High,Low,Engaged Bargain Seekers
365515,1,1,High,Low,Engaged Bargain Seekers
365557,1,2,High,Medium,Rising Loyalists
365596,1,1,High,Low,Engaged Bargain Seekers
365619,1,1,High,Low,Engaged Bargain Seekers
365635,1,1,High,Low,Engaged Bargain Seekers
365642,1,1,High,Low,Engaged Bargain Seekers
365761,1,1,High,Low,Engaged Bargain Seekers
365816,1,1,High,Low,Engaged Bargain Seekers
365863,1,1,High,Low,Engaged Bargain Seekers
365887,0,1,High,Low,Engaged Bargain Seekers
366049,0,1,High,Low,Engaged Bargain Seekers
366116,1,1,High,Low,Engaged Bargain Seekers
366133,1,1,High,Low,Engaged Bargain Seekers
366161,0,1,High,Low,Engaged Bargain Seekers
366250,0,1,High,Low,Engaged Bargain Seekers
366263,1,1,High,Low,Engaged Bargain Seekers
366467,1,1,High,Low,Engaged Bargain Seekers
366487,1,1,High,Low,Engaged Bargain Seekers
366500,1,1,High,Low,Engaged Bargain Seekers
366537,1,1,High,Low,Engaged Bargain Seekers
366540,1,1,High,Low,Engaged Bargain Seekers
366576,3,0,Low,High,High-Value At-Risk
366599,1,1,High,Low,Engaged Bargain Seekers
366654,1,1,High,Low,Engaged Bargain Seekers
366687,1,2,High,Medium,Rising Loyalists
366719,1,1,High,Low,Engaged Bargain Seekers
366727,0,1,High,Low,Engaged Bargain Seekers
366744,1,1,High,Low,Engaged Bargain Seekers
366894,1,1,High,Low,Engaged Bargain Seekers
366911,1,1,High,Low,Engaged Bargain Seekers
366932,0,1,High,Low,Engaged Bargain Seekers
366977,0,1,High,Low,Engaged Bargain Seekers
367006,3,0,Low,High,High-Value At-Risk
367338,1,1,High,Low,Engaged Bargain Seekers
367492,1,1,High,Low,Engaged Bargain Seekers
367511,1,1,High,Low,Engaged Bargain Seekers
367547,1,1,High,Low,Engaged Bargain Seekers
367562,1,1,High,Low,Engaged Bargain Seekers
367617,0,1,High,Low,Engaged Bargain Seekers
367680,1,1,High,Low,Engaged Bargain Seekers
367685,0,1,High,Low,Engaged Bargain Seekers
367697,1,1,High,Low,Engaged Bargain Seekers
367751,1,1,High,Low,Engaged Bargain Seekers
367774,1,1,High,Low,Engaged Bargain Seekers
367782,0,1,High,Low,Engaged Bargain Seekers
367811,0,1,High,Low,Engaged Bargain Seekers
367961,1,1,High,Low,Engaged Bargain Seekers
368027,1,1,High,Low,Engaged Bargain Seekers
368045,1,1,High,Low,Engaged Bargain Seekers
368062,0,1,High,Low,Engaged Bargain Seekers
368073,1,1,High,Low,Engaged Bargain Seekers
368118,0,1,High,Low,Engaged Bargain Seekers
368122,1,1,High,Low,Engaged Bargain Seekers
368292,0,1,High,Low,Engaged Bargain Seekers
368330,1,1,High,Low,Engaged Bargain Seekers
368391,0,1,High,Low,Engaged Bargain Seekers
368435,0,1,High,Low,Engaged Bargain Seekers
368523,1,1,High,Low,Engaged Bargain Seekers
368549,1,1,High,Low,Engaged Bargain Seekers
368566,1,1,High,Low,Engaged Bargain Seekers
368591,1,1,High,Low,Engaged Bargain Seekers
368669,0,1,High,Low,Engaged Bargain Seekers
368675,0,1,High,Low,Engaged Bargain Seekers
368713,0,1,High,Low,Engaged Bargain Seekers
368772,0,1,High,Low,Engaged Bargain Seekers
368830,3,0,Low,High,High-Value At-Risk
368878,3,0,Low,High,High-Value At-Risk
368981,1,2,High,Medium,Rising Loyalists
369000,1,1,High,Low,Engaged Bargain Seekers
369035,1,1,High,Low,Engaged Bargain Seekers
369084,1,1,High,Low,Engaged Bargain Seekers
369091,1,1,High,Low,Engaged Bargain Seekers
369121,1,1,High,Low,Engaged Bargain Seekers
369141,1,1,High,Low,Engaged Bargain Seekers
369188,3,0,Low,High,High-Value At-Risk
369229,1,1,High,Low,Engaged Bargain Seekers
369242,1,1,High,Low,Engaged Bargain Seekers
369361,1,1,High,Low,Engaged Bargain Seekers
369388,3,1,Low,Low,Dormant / Churned
369392,1,1,High,Low,Engaged Bargain Seekers
369416,0,1,High,Low,Engaged Bargain Seekers
369458,1,1,High,Low,Engaged Bargain Seekers
369569,1,1,High,Low,Engaged Bargain Seekers
369603,1,1,High,Low,Engaged Bargain Seekers
369638,3,0,Low,High,High-Value At-Risk
369646,1,1,High,Low,Engaged Bargain Seekers
369658,1,1,High,Low,Engaged Bargain Seekers
369682,1,1,High,Low,Engaged Bargain Seekers
369715,0,1,High,Low,Engaged Bargain Seekers
369739,1,1,High,Low,Engaged Bargain Seekers
369795,0,1,High,Low,Engaged Bargain Seekers
369841,1,1,High,Low,Engaged Bargain Seekers
369853,0,1,High,Low,Engaged Bargain Seekers
369867,0,1,High,Low,Engaged Bargain Seekers
369943,1,1,High,Low,Engaged Bargain Seekers
370014,1,1,High,Low,Engaged Bargain Seekers
370066,1,1,High,Low,Engaged Bargain Seekers
370090,1,1,High,Low,Engaged Bargain Seekers
370093,1,1,High,Low,Engaged Bargain Seekers
370300,1,1,High,Low,Engaged Bargain Seekers
370405,1,1,High,Low,Engaged Bargain Seekers
370443,1,1,High,Low,Engaged Bargain Seekers
370450,1,1,High,Low,Engaged Bargain Seekers
370486,1,1,High,Low,Engaged Bargain Seekers
370517,1,1,High,Low,Engaged Bargain Seekers
370539,1,1,High,Low,Engaged Bargain Seekers
370660,0,1,High,Low,Engaged Bargain Seekers
370744,1,1,High,Low,Engaged Bargain Seekers
370842,1,1,High,Low,Engaged Bargain Seekers
370877,1,1,High,Low,Engaged Bargain Seekers
370959,0,1,High,Low,Engaged Bargain Seekers
370979,3,1,Low,Low,Dormant / Churned
370990,1,1,High,Low,Engaged Bargain Seekers
371065,1,1,High,Low,Engaged Bargain Seekers
371079,1,1,High,Low,Engaged Bargain Seekers
371148,0,2,High,Medium,Rising Loyalists
371152,1,1,High,Low,Engaged Bargain Seekers
371159,1,1,High,Low,Engaged Bargain Seekers
371164,1,1,High,Low,Engaged Bargain Seekers
371191,1,1,High,Low,Engaged Bargain Seekers
371368,0,1,High,Low,Engaged Bargain Seekers
371402,0,1,High,Low,Engaged Bargain Seekers
371422,1,1,High,Low,Engaged Bargain Seekers
371511,1,1,High,Low,Engaged Bargain Seekers
371532,1,1,High,Low,Engaged Bargain Seekers
371580,1,1,High,Low,Engaged Bargain Seekers
371606,1,1,High,Low,Engaged Bargain Seekers
371672,1,1,High,Low,Engaged Bargain Seekers
371675,1,1,High,Low,Engaged Bargain Seekers
371737,0,1,High,Low,Engaged Bargain Seekers
371739,1,1,High,Low,Engaged Bargain Seekers
371875,1,1,High,Low,Engaged Bargain Seekers
371969,1,2,High,Medium,Rising Loyalists
372069,0,1,High,Low,Engaged Bargain Seekers
372111,1,1,High,Low,Engaged Bargain Seekers
372169,3,0,Low,High,High-Value At-Risk
372175,0,1,High,Low,Engaged Bargain Seekers
372183,1,1,High,Low,Engaged Bargain Seekers
372237,1,1,High,Low,Engaged Bargain Seekers
372261,1,1,High,Low,Engaged Bargain Seekers
372290,1,1,High,Low,Engaged Bargain Seekers
372353,1,1,High,Low,Engaged Bargain Seekers
372522,1,1,High,Low,Engaged Bargain Seekers
372622,1,1,High,Low,Engaged Bargain Seekers
372647,1,2,High,Medium,Rising Loyalists
372652,1,1,High,Low,Engaged Bargain Seekers
372663,0,1,High,Low,Engaged Bargain Seekers
372737,0,1,High,Low,Engaged Bargain Seekers
372755,1,1,High,Low,Engaged Bargain Seekers
372824,1,1,High,Low,Engaged Bargain Seekers
372865,0,1,High,Low,Engaged Bargain Seekers
372961,0,1,High,Low,Engaged Bargain Seekers
373044,1,1,High,Low,Engaged Bargain Seekers
373118,3,0,Low,High,High-Value At-Risk
373144,1,1,High,Low,Engaged Bargain Seekers
373204,3,1,Low,Low,Dormant / Churned
373242,0,1,High,Low,Engaged Bargain Seekers
373321,3,0,Low,High,High-Value At-Risk
373374,1,1,High,Low,Engaged Bargain Seekers
373429,3,1,Low,Low,Dormant / Churned
373501,1,1,High,Low,Engaged Bargain Seekers
373554,0,1,High,Low,Engaged Bargain Seekers
373638,0,1,High,Low,Engaged Bargain Seekers
373665,3,1,Low,Low,Dormant / Churned
373737,1,1,High,Low,Engaged Bargain Seekers
373771,0,1,High,Low,Engaged Bargain Seekers
373886,1,1,High,Low,Engaged Bargain Seekers
373888,0,1,High,Low,Engaged Bargain Seekers
373898,1,1,High,Low,Engaged Bargain Seekers
373950,1,1,High,Low,Engaged Bargain Seekers
374107,1,1,High,Low,Engaged Bargain Seekers
374113,3,0,Low,High,High-Value At-Risk
374117,1,1,High,Low,Engaged Bargain Seekers
374266,1,1,High,Low,Engaged Bargain Seekers
374275,1,1,High,Low,Engaged Bargain Seekers
374293,0,1,High,Low,Engaged Bargain Seekers
374344,0,1,High,Low,Engaged Bargain Seekers
374345,1,1,High,Low,Engaged Bargain Seekers
374401,1,1,High,Low,Engaged Bargain Seekers
374421,0,1,High,Low,Engaged Bargain Seekers
374440,1,1,High,Low,Engaged Bargain Seekers
374585,1,1,High,Low,Engaged Bargain Seekers
374639,1,1,High,Low,Engaged Bargain Seekers
374679,1,1,High,Low,Engaged Bargain Seekers
374721,1,1,High,Low,Engaged Bargain Seekers
374736,1,1,High,Low,Engaged Bargain Seekers
374850,1,1,High,Low,Engaged Bargain Seekers
374881,1,1,High,Low,Engaged Bargain Seekers
374931,1,1,High,Low,Engaged Bargain Seekers
374941,1,1,High,Low,Engaged Bargain Seekers
374967,1,2,High,Medium,Rising Loyalists
374984,1,1,High,Low,Engaged Bargain Seekers
375056,0,1,High,Low,Engaged Bargain Seekers
375105,1,1,High,Low,Engaged Bargain Seekers
375115,3,0,Low,High,High-Value At-Risk
375162,3,0,Low,High,High-Value At-Risk
375203,0,1,High,Low,Engaged Bargain Seekers
375265,1,1,High,Low,Engaged Bargain Seekers
375297,1,1,High,Low,Engaged Bargain Seekers
375371,3,0,Low,High,High-Value At-Risk
375399,1,1,High,Low,Engaged Bargain Seekers
375430,1,1,High,Low,Engaged Bargain Seekers
375451,0,1,High,Low,Engaged Bargain Seekers
375467,3,0,Low,High,High-Value At-Risk
375511,1,1,High,Low,Engaged Bargain Seekers
375540,1,1,High,Low,Engaged Bargain Seekers
375597,1,1,High,Low,Engaged Bargain Seekers
375683,1,1,High,Low,Engaged Bargain Seekers
375694,1,1,High,Low,Engaged Bargain Seekers
375722,1,1,High,Low,Engaged Bargain Seekers
375757,1,1,High,Low,Engaged Bargain Seekers
375768,1,1,High,Low,Engaged Bargain Seekers
375792,0,1,High,Low,Engaged Bargain Seekers
375814,1,1,High,Low,Engaged Bargain Seekers
375890,1,1,High,Low,Engaged Bargain Seekers
375909,1,2,High,Medium,Rising Loyalists
375987,1,1,High,Low,Engaged Bargain Seekers
376072,1,1,High,Low,Engaged Bargain Seekers
376144,1,1,High,Low,Engaged Bargain Seekers
376299,1,2,High,Medium,Rising Loyalists
376367,0,1,High,Low,Engaged Bargain Seekers
376424,1,1,High,Low,Engaged Bargain Seekers
376484,1,1,High,Low,Engaged Bargain Seekers
376572,1,1,High,Low,Engaged Bargain Seekers
376618,1,1,High,Low,Engaged Bargain Seekers
376630,0,1,High,Low,Engaged Bargain Seekers
376725,1,2,High,Medium,Rising Loyalists
376862,1,1,High,Low,Engaged Bargain Seekers
376863,1,1,High,Low,Engaged Bargain Seekers
376929,3,1,Low,Low,Dormant / Churned
376969,1,1,High,Low,Engaged Bargain Seekers
376983,0,1,High,Low,Engaged Bargain Seekers
377029,1,1,High,Low,Engaged Bargain Seekers
377050,1,1,High,Low,Engaged Bargain Seekers
377114,1,1,High,Low,Engaged Bargain Seekers
377173,1,1,High,Low,Engaged Bargain Seekers
377247,1,1,High,Low,Engaged Bargain Seekers
377288,1,1,High,Low,Engaged Bargain Seekers
377289,1,1,High,Low,Engaged Bargain Seekers
377302,0,1,High,Low,Engaged Bargain Seekers
377322,1,1,High,Low,Engaged Bargain Seekers
377364,3,1,Low,Low,Dormant / Churned
377375,0,1,High,Low,Engaged Bargain Seekers
377444,0,1,High,Low,Engaged Bargain Seekers
377464,1,1,High,Low,Engaged Bargain Seekers
377471,1,1,High,Low,Engaged Bargain Seekers
377489,0,1,High,Low,Engaged Bargain Seekers
377642,3,0,Low,High,High-Value At-Risk
377674,1,1,High,Low,Engaged Bargain Seekers
377724,1,1,High,Low,Engaged Bargain Seekers
377742,0,1,High,Low,Engaged Bargain Seekers
377796,3,1,Low,Low,Dormant / Churned
377858,3,0,Low,High,High-Value At-Risk
377928,3,1,Low,Low,Dormant / Churned
377968,1,1,High,Low,Engaged Bargain Seekers
378014,1,1,High,Low,Engaged Bargain Seekers
378153,0,1,High,Low,Engaged Bargain Seekers
378181,1,1,High,Low,Engaged Bargain Seekers
378267,1,1,High,Low,Engaged Bargain Seekers
378454,1,1,High,Low,Engaged Bargain Seekers
378498,3,1,Low,Low,Dormant / Churned
378793,1,1,High,Low,Engaged Bargain Seekers
378827,1,1,High,Low,Engaged Bargain Seekers
378857,1,1,High,Low,Engaged Bargain Seekers
378920,1,1,High,Low,Engaged Bargain Seekers
378968,1,1,High,Low,Engaged Bargain Seekers
379038,0,1,High,Low,Engaged Bargain Seekers
379041,0,1,High,Low,Engaged Bargain Seekers
379110,1,1,High,Low,Engaged Bargain Seekers
379117,0,1,High,Low,Engaged Bargain Seekers
379120,1,1,High,Low,Engaged Bargain Seekers
379238,1,1,High,Low,Engaged Bargain Seekers
379281,1,1,High,Low,Engaged Bargain Seekers
379351,1,1,High,Low,Engaged Bargain Seekers
379384,1,1,High,Low,Engaged Bargain Seekers
379414,1,1,High,Low,Engaged Bargain Seekers
379446,1,1,High,Low,Engaged Bargain Seekers
379506,1,1,High,Low,Engaged Bargain Seekers
379562,1,2,High,Medium,Rising Loyalists
379572,1,1,High,Low,Engaged Bargain Seekers
379629,1,1,High,Low,Engaged Bargain Seekers
379716,1,1,High,Low,Engaged Bargain Seekers
379752,1,1,High,Low,Engaged Bargain Seekers
379836,1,1,High,Low,Engaged Bargain Seekers
379962,1,1,High,Low,Engaged Bargain Seekers
380001,1,2,High,Medium,Rising Loyalists
380031,1,1,High,Low,Engaged Bargain Seekers
380059,1,1,High,Low,Engaged Bargain Seekers
380099,1,1,High,Low,Engaged Bargain Seekers
380110,1,1,High,Low,Engaged Bargain Seekers
380183,1,1,High,Low,Engaged Bargain Seekers
380247,1,1,High,Low,Engaged Bargain Seekers
380255,1,1,High,Low,Engaged Bargain Seekers
380262,1,2,High,Medium,Rising Loyalists
380294,1,1,High,Low,Engaged Bargain Seekers
380526,1,1,High,Low,Engaged Bargain Seekers
380627,1,1,High,Low,Engaged Bargain Seekers
380709,0,1,High,Low,Engaged Bargain Seekers
380788,0,1,High,Low,Engaged Bargain Seekers
380795,1,1,High,Low,Engaged Bargain Seekers
380843,1,1,High,Low,Engaged Bargain Seekers
380928,1,1,High,Low,Engaged Bargain Seekers
380954,0,1,High,Low,Engaged Bargain Seekers
381065,0,1,High,Low,Engaged Bargain Seekers
381176,3,1,Low,Low,Dormant / Churned
381189,1,1,High,Low,Engaged Bargain Seekers
381234,1,1,High,Low,Engaged Bargain Seekers
381284,1,1,High,Low,Engaged Bargain Seekers
381307,1,1,High,Low,Engaged Bargain Seekers
381308,0,1,High,Low,Engaged Bargain Seekers
381316,1,1,High,Low,Engaged Bargain Seekers
381395,1,1,High,Low,Engaged Bargain Seekers
381459,1,1,High,Low,Engaged Bargain Seekers
381471,3,0,Low,High,High-Value At-Risk
381472,1,1,High,Low,Engaged Bargain Seekers
381496,1,1,High,Low,Engaged Bargain Seekers
381539,0,1,High,Low,Engaged Bargain Seekers
381651,1,1,High,Low,Engaged Bargain Seekers
381717,0,1,High,Low,Engaged Bargain Seekers
381748,1,1,High,Low,Engaged Bargain Seekers
381786,0,1,High,Low,Engaged Bargain Seekers
381901,1,1,High,Low,Engaged Bargain Seekers
382045,3,0,Low,High,High-Value At-Risk
382149,1,1,High,Low,Engaged Bargain Seekers
382197,0,1,High,Low,Engaged Bargain Seekers
382243,1,1,High,Low,Engaged Bargain Seekers
382252,1,1,High,Low,Engaged Bargain Seekers
382271,1,1,High,Low,Engaged Bargain Seekers
382464,1,1,High,Low,Engaged Bargain Seekers
382671,1,1,High,Low,Engaged Bargain Seekers
382678,3,0,Low,High,High-Value At-Risk
382738,1,1,High,Low,Engaged Bargain Seekers
382739,0,1,High,Low,Engaged Bargain Seekers
382748,1,1,High,Low,Engaged Bargain Seekers
382889,0,1,High,Low,Engaged Bargain Seekers
382953,1,1,High,Low,Engaged Bargain Seekers
382971,3,0,Low,High,High-Value At-Risk
382980,1,1,High,Low,Engaged Bargain Seekers
382983,3,1,Low,Low,Dormant / Churned
383108,1,1,High,Low,Engaged Bargain Seekers
383147,1,1,High,Low,Engaged Bargain Seekers
383190,1,1,High,Low,Engaged Bargain Seekers
383202,1,1,High,Low,Engaged Bargain Seekers
383367,0,1,High,Low,Engaged Bargain Seekers
383391,0,1,High,Low,Engaged Bargain Seekers
383399,0,1,High,Low,Engaged Bargain Seekers
383421,1,1,High,Low,Engaged Bargain Seekers
383627,1,1,High,Low,Engaged Bargain Seekers
383656,1,1,High,Low,Engaged Bargain Seekers
383701,1,1,High,Low,Engaged Bargain Seekers
383787,1,1,High,Low,Engaged Bargain Seekers
383808,1,1,High,Low,Engaged Bargain Seekers
383826,1,1,High,Low,Engaged Bargain Seekers
383842,1,1,High,Low,Engaged Bargain Seekers
383891,1,1,High,Low,Engaged Bargain Seekers
383898,0,1,High,Low,Engaged Bargain Seekers
383912,1,1,High,Low,Engaged Bargain Seekers
383954,1,1,High,Low,Engaged Bargain Seekers
383962,0,1,High,Low,Engaged Bargain Seekers
383969,1,1,High,Low,Engaged Bargain Seekers
384010,0,1,High,Low,Engaged Bargain Seekers
384090,1,1,High,Low,Engaged Bargain Seekers
384146,0,1,High,Low,Engaged Bargain Seekers
384269,1,1,High,Low,Engaged Bargain Seekers
384286,1,1,High,Low,Engaged Bargain Seekers
384296,3,1,Low,Low,Dormant / Churned
384328,1,1,High,Low,Engaged Bargain Seekers
384336,1,1,High,Low,Engaged Bargain Seekers
384356,0,1,High,Low,Engaged Bargain Seekers
384409,0,1,High,Low,Engaged Bargain Seekers
384412,0,1,High,Low,Engaged Bargain Seekers
384543,1,1,High,Low,Engaged Bargain Seekers
384548,0,1,High,Low,Engaged Bargain Seekers
384599,1,1,High,Low,Engaged Bargain Seekers
384602,0,1,High,Low,Engaged Bargain Seekers
384686,1,1,High,Low,Engaged Bargain Seekers
384737,3,0,Low,High,High-Value At-Risk
384744,1,1,High,Low,Engaged Bargain Seekers
384750,1,1,High,Low,Engaged Bargain Seekers
384818,3,0,Low,High,High-Value At-Risk
384825,1,1,High,Low,Engaged Bargain Seekers
384905,3,0,Low,High,High-Value At-Risk
384907,3,1,Low,Low,Dormant / Churned
384920,1,1,High,Low,Engaged Bargain Seekers
384928,1,1,High,Low,Engaged Bargain Seekers
384986,1,1,High,Low,Engaged Bargain Seekers
385092,0,1,High,Low,Engaged Bargain Seekers
385131,1,1,High,Low,Engaged Bargain Seekers
385190,1,1,High,Low,Engaged Bargain Seekers
385235,1,1,High,Low,Engaged Bargain Seekers
385358,1,1,High,Low,Engaged Bargain Seekers
385593,1,1,High,Low,Engaged Bargain Seekers
385638,0,1,High,Low,Engaged Bargain Seekers
385718,1,1,High,Low,Engaged Bargain Seekers
385747,3,0,Low,High,High-Value At-Risk
385861,0,1,High,Low,Engaged Bargain Seekers
385864,1,1,High,Low,Engaged Bargain Seekers
385912,1,1,High,Low,Engaged Bargain Seekers
386037,1,1,High,Low,Engaged Bargain Seekers
386082,0,1,High,Low,Engaged Bargain Seekers
386298,0,1,High,Low,Engaged Bargain Seekers
386342,1,1,High,Low,Engaged Bargain Seekers
386363,1,1,High,Low,Engaged Bargain Seekers
386446,0,1,High,Low,Engaged Bargain Seekers
386607,1,1,High,Low,Engaged Bargain Seekers
386649,1,1,High,Low,Engaged Bargain Seekers
386790,1,1,High,Low,Engaged Bargain Seekers
386825,1,1,High,Low,Engaged Bargain Seekers
386926,1,1,High,Low,Engaged Bargain Seekers
386936,0,1,High,Low,Engaged Bargain Seekers
386979,0,1,High,Low,Engaged Bargain Seekers
386986,1,1,High,Low,Engaged Bargain Seekers
387121,1,1,High,Low,Engaged Bargain Seekers
387129,1,1,High,Low,Engaged Bargain Seekers
387203,3,1,Low,Low,Dormant / Churned
387214,0,1,High,Low,Engaged Bargain Seekers
387307,0,1,High,Low,Engaged Bargain Seekers
387455,1,1,High,Low,Engaged Bargain Seekers
387506,1,1,High,Low,Engaged Bargain Seekers
387523,1,1,High,Low,Engaged Bargain Seekers
387553,0,1,High,Low,Engaged Bargain Seekers
387568,1,1,High,Low,Engaged Bargain Seekers
387570,1,1,High,Low,Engaged Bargain Seekers
387584,1,1,High,Low,Engaged Bargain Seekers
387648,1,1,High,Low,Engaged Bargain Seekers
387650,1,1,High,Low,Engaged Bargain Seekers
387695,1,1,High,Low,Engaged Bargain Seekers
387705,1,1,High,Low,Engaged Bargain Seekers
387721,1,1,High,Low,Engaged Bargain Seekers
387834,1,1,High,Low,Engaged Bargain Seekers
387880,1,1,High,Low,Engaged Bargain Seekers
387971,1,1,High,Low,Engaged Bargain Seekers
388046,1,1,High,Low,Engaged Bargain Seekers
388140,1,1,High,Low,Engaged Bargain Seekers
388156,1,1,High,Low,Engaged Bargain Seekers
388292,1,1,High,Low,Engaged Bargain Seekers
388448,1,1,High,Low,Engaged Bargain Seekers
388478,0,1,High,Low,Engaged Bargain Seekers
388624,1,1,High,Low,Engaged Bargain Seekers
388639,1,1,High,Low,Engaged Bargain Seekers
388777,1,1,High,Low,Engaged Bargain Seekers
388985,1,1,High,Low,Engaged Bargain Seekers
389081,3,0,Low,High,High-Value At-Risk
389146,1,1,High,Low,Engaged Bargain Seekers
389225,1,1,High,Low,Engaged Bargain Seekers
389387,0,1,High,Low,Engaged Bargain Seekers
389429,1,1,High,Low,Engaged Bargain Seekers
389430,3,0,Low,High,High-Value At-Risk
389488,1,1,High,Low,Engaged Bargain Seekers
389551,1,1,High,Low,Engaged Bargain Seekers
389565,1,1,High,Low,Engaged Bargain Seekers
389583,1,1,High,Low,Engaged Bargain Seekers
389706,1,2,High,Medium,Rising Loyalists
389741,0,1,High,Low,Engaged Bargain Seekers
389804,1,1,High,Low,Engaged Bargain Seekers
389812,0,1,High,Low,Engaged Bargain Seekers
389928,1,1,High,Low,Engaged Bargain Seekers
389995,1,1,High,Low,Engaged Bargain Seekers
389996,1,1,High,Low,Engaged Bargain Seekers
390022,0,1,High,Low,Engaged Bargain Seekers
390117,1,1,High,Low,Engaged Bargain Seekers
390190,1,1,High,Low,Engaged Bargain Seekers
390203,1,1,High,Low,Engaged Bargain Seekers
390209,1,1,High,Low,Engaged Bargain Seekers
390297,0,1,High,Low,Engaged Bargain Seekers
390343,1,1,High,Low,Engaged Bargain Seekers
390350,1,1,High,Low,Engaged Bargain Seekers
390377,0,1,High,Low,Engaged Bargain Seekers
390434,1,1,High,Low,Engaged Bargain Seekers
390435,1,1,High,Low,Engaged Bargain Seekers
390480,0,1,High,Low,Engaged Bargain Seekers
390546,1,1,High,Low,Engaged Bargain Seekers
390562,3,0,Low,High,High-Value At-Risk
390651,3,0,Low,High,High-Value At-Risk
390719,3,1,Low,Low,Dormant / Churned
390874,1,1,High,Low,Engaged Bargain Seekers
390880,1,1,High,Low,Engaged Bargain Seekers
390911,1,1,High,Low,Engaged Bargain Seekers
390924,0,1,High,Low,Engaged Bargain Seekers
390974,1,1,High,Low,Engaged Bargain Seekers
390980,0,1,High,Low,Engaged Bargain Seekers
391034,1,1,High,Low,Engaged Bargain Seekers
391091,3,0,Low,High,High-Value At-Risk
391106,1,1,High,Low,Engaged Bargain Seekers
391313,0,1,High,Low,Engaged Bargain Seekers
391357,0,1,High,Low,Engaged Bargain Seekers
391397,1,1,High,Low,Engaged Bargain Seekers
391402,1,1,High,Low,Engaged Bargain Seekers
391509,1,1,High,Low,Engaged Bargain Seekers
391542,1,1,High,Low,Engaged Bargain Seekers
391557,0,1,High,Low,Engaged Bargain Seekers
391564,1,1,High,Low,Engaged Bargain Seekers
391611,1,2,High,Medium,Rising Loyalists
391673,1,1,High,Low,Engaged Bargain Seekers
391761,1,1,High,Low,Engaged Bargain Seekers
391861,1,1,High,Low,Engaged Bargain Seekers
391900,0,1,High,Low,Engaged Bargain Seekers
391927,1,1,High,Low,Engaged Bargain Seekers
391939,1,1,High,Low,Engaged Bargain Seekers
392098,1,1,High,Low,Engaged Bargain Seekers
392206,1,1,High,Low,Engaged Bargain Seekers
392235,1,1,High,Low,Engaged Bargain Seekers
392335,1,1,High,Low,Engaged Bargain Seekers
392402,1,1,High,Low,Engaged Bargain Seekers
392430,1,1,High,Low,Engaged Bargain Seekers
392558,3,1,Low,Low,Dormant / Churned
392575,1,1,High,Low,Engaged Bargain Seekers
392582,1,1,High,Low,Engaged Bargain Seekers
392619,1,1,High,Low,Engaged Bargain Seekers
392682,0,1,High,Low,Engaged Bargain Seekers
392713,0,1,High,Low,Engaged Bargain Seekers
392774,1,1,High,Low,Engaged Bargain Seekers
392781,3,1,Low,Low,Dormant / Churned
392785,1,1,High,Low,Engaged Bargain Seekers
392802,1,1,High,Low,Engaged Bargain Seekers
392953,0,1,High,Low,Engaged Bargain Seekers
392989,0,1,High,Low,Engaged Bargain Seekers
393101,0,1,High,Low,Engaged Bargain Seekers
393130,0,1,High,Low,Engaged Bargain Seekers
393206,1,1,High,Low,Engaged Bargain Seekers
393309,1,1,High,Low,Engaged Bargain Seekers
393329,0,1,High,Low,Engaged Bargain Seekers
393380,1,1,High,Low,Engaged Bargain Seekers
393403,1,1,High,Low,Engaged Bargain Seekers
393565,1,1,High,Low,Engaged Bargain Seekers
393604,0,1,High,Low,Engaged Bargain Seekers
393806,1,1,High,Low,Engaged Bargain Seekers
393853,1,1,High,Low,Engaged Bargain Seekers
393888,1,1,High,Low,Engaged Bargain Seekers
393975,3,0,Low,High,High-Value At-Risk
394078,1,1,High,Low,Engaged Bargain Seekers
394167,1,1,High,Low,Engaged Bargain Seekers
394195,2,0,Low,High,High-Value At-Risk
394196,0,1,High,Low,Engaged Bargain Seekers
394200,3,0,Low,High,High-Value At-Risk
394213,0,1,High,Low,Engaged Bargain Seekers
394248,1,1,High,Low,Engaged Bargain Seekers
394321,1,1,High,Low,Engaged Bargain Seekers
394363,0,1,High,Low,Engaged Bargain Seekers
394454,1,1,High,Low,Engaged Bargain Seekers
394569,0,1,High,Low,Engaged Bargain Seekers
394715,1,1,High,Low,Engaged Bargain Seekers
394806,1,1,High,Low,Engaged Bargain Seekers
394812,1,1,High,Low,Engaged Bargain Seekers
394927,0,1,High,Low,Engaged Bargain Seekers
394941,1,1,High,Low,Engaged Bargain Seekers
394946,0,1,High,Low,Engaged Bargain Seekers
394979,1,1,High,Low,Engaged Bargain Seekers
395026,1,1,High,Low,Engaged Bargain Seekers
395121,1,1,High,Low,Engaged Bargain Seekers
395168,1,1,High,Low,Engaged Bargain Seekers
395189,3,0,Low,High,High-Value At-Risk
395300,3,0,Low,High,High-Value At-Risk
395324,1,1,High,Low,Engaged Bargain Seekers
395384,1,1,High,Low,Engaged Bargain Seekers
395446,0,1,High,Low,Engaged Bargain Seekers
395460,1,1,High,Low,Engaged Bargain Seekers
395511,1,1,High,Low,Engaged Bargain Seekers
395512,3,1,Low,Low,Dormant / Churned
395525,1,1,High,Low,Engaged Bargain Seekers
395622,1,2,High,Medium,Rising Loyalists
395639,1,1,High,Low,Engaged Bargain Seekers
395871,1,1,High,Low,Engaged Bargain Seekers
395887,1,1,High,Low,Engaged Bargain Seekers
395912,1,1,High,Low,Engaged Bargain Seekers
395962,0,1,High,Low,Engaged Bargain Seekers
396018,1,1,High,Low,Engaged Bargain Seekers
396048,0,1,High,Low,Engaged Bargain Seekers
396155,1,1,High,Low,Engaged Bargain Seekers
396267,1,1,High,Low,Engaged Bargain Seekers
396446,1,1,High,Low,Engaged Bargain Seekers
396471,1,1,High,Low,Engaged Bargain Seekers
396726,1,1,High,Low,Engaged Bargain Seekers
396863,1,1,High,Low,Engaged Bargain Seekers
396867,0,1,High,Low,Engaged Bargain Seekers
396920,1,1,High,Low,Engaged Bargain Seekers
396984,1,1,High,Low,Engaged Bargain Seekers
396996,1,1,High,Low,Engaged Bargain Seekers
396997,1,1,High,Low,Engaged Bargain Seekers
396998,1,2,High,Medium,Rising Loyalists
397053,1,1,High,Low,Engaged Bargain Seekers
397065,0,1,High,Low,Engaged Bargain Seekers
397099,0,1,High,Low,Engaged Bargain Seekers
397104,1,1,High,Low,Engaged Bargain Seekers
397141,1,1,High,Low,Engaged Bargain Seekers
397242,1,1,High,Low,Engaged Bargain Seekers
397248,1,1,High,Low,Engaged Bargain Seekers
397272,3,1,Low,Low,Dormant / Churned
397376,3,1,Low,Low,Dormant / Churned
397377,1,1,High,Low,Engaged Bargain Seekers
397480,1,2,High,Medium,Rising Loyalists
397518,0,1,High,Low,Engaged Bargain Seekers
397533,1,1,High,Low,Engaged Bargain Seekers
397706,1,1,High,Low,Engaged Bargain Seekers
397787,0,1,High,Low,Engaged Bargain Seekers
397817,1,1,High,Low,Engaged Bargain Seekers
397820,1,1,High,Low,Engaged Bargain Seekers
397848,3,0,Low,High,High-Value At-Risk
397891,3,1,Low,Low,Dormant / Churned
397934,0,1,High,Low,Engaged Bargain Seekers
397947,1,1,High,Low,Engaged Bargain Seekers
397962,3,1,Low,Low,Dormant / Churned
398074,3,0,Low,High,High-Value At-Risk
398086,1,1,High,Low,Engaged Bargain Seekers
398305,0,1,High,Low,Engaged Bargain Seekers
398351,1,2,High,Medium,Rising Loyalists
398506,1,2,High,Medium,Rising Loyalists
398535,0,1,High,Low,Engaged Bargain Seekers
398586,1,2,High,Medium,Rising Loyalists
398603,1,1,High,Low,Engaged Bargain Seekers
398611,1,1,High,Low,Engaged Bargain Seekers
398655,0,1,High,Low,Engaged Bargain Seekers
398819,1,1,High,Low,Engaged Bargain Seekers
398839,1,2,High,Medium,Rising Loyalists
398846,0,1,High,Low,Engaged Bargain Seekers
398924,1,2,High,Medium,Rising Loyalists
398965,1,2,High,Medium,Rising Loyalists
399065,1,1,High,Low,Engaged Bargain Seekers
399101,0,1,High,Low,Engaged Bargain Seekers
399214,1,1,High,Low,Engaged Bargain Seekers
399251,1,1,High,Low,Engaged Bargain Seekers
399372,1,1,High,Low,Engaged Bargain Seekers
399379,1,1,High,Low,Engaged Bargain Seekers
399397,1,1,High,Low,Engaged Bargain Seekers
399417,1,1,High,Low,Engaged Bargain Seekers
399418,1,1,High,Low,Engaged Bargain Seekers
399514,0,1,High,Low,Engaged Bargain Seekers
399555,0,1,High,Low,Engaged Bargain Seekers
399575,1,1,High,Low,Engaged Bargain Seekers
399666,0,1,High,Low,Engaged Bargain Seekers
399670,1,1,High,Low,Engaged Bargain Seekers
399678,1,1,High,Low,Engaged Bargain Seekers
399704,1,1,High,Low,Engaged Bargain Seekers
399917,3,1,Low,Low,Dormant / Churned
399943,1,2,High,Medium,Rising Loyalists
399973,1,1,High,Low,Engaged Bargain Seekers
399982,1,1,High,Low,Engaged Bargain Seekers
400030,1,1,High,Low,Engaged Bargain Seekers
400079,1,1,High,Low,Engaged Bargain Seekers
400181,1,1,High,Low,Engaged Bargain Seekers
400224,1,1,High,Low,Engaged Bargain Seekers
400265,1,1,High,Low,Engaged Bargain Seekers
400272,1,1,High,Low,Engaged Bargain Seekers
400313,1,1,High,Low,Engaged Bargain Seekers
400392,1,1,High,Low,Engaged Bargain Seekers
400404,0,1,High,Low,Engaged Bargain Seekers
400470,1,1,High,Low,Engaged Bargain Seekers
400478,0,1,High,Low,Engaged Bargain Seekers
400486,1,1,High,Low,Engaged Bargain Seekers
400513,3,0,Low,High,High-Value At-Risk
400600,0,1,High,Low,Engaged Bargain Seekers
400702,1,1,High,Low,Engaged Bargain Seekers
400802,1,1,High,Low,Engaged Bargain Seekers
400844,3,0,Low,High,High-Value At-Risk
400873,3,1,Low,Low,Dormant / Churned
400958,1,1,High,Low,Engaged Bargain Seekers
400979,1,1,High,Low,Engaged Bargain Seekers
400985,1,1,High,Low,Engaged Bargain Seekers
401007,1,1,High,Low,Engaged Bargain Seekers
401036,1,1,High,Low,Engaged Bargain Seekers
401055,1,1,High,Low,Engaged Bargain Seekers
401060,1,1,High,Low,Engaged Bargain Seekers
401062,0,1,High,Low,Engaged Bargain Seekers
401101,1,1,High,Low,Engaged Bargain Seekers
401336,1,1,High,Low,Engaged Bargain Seekers
401350,0,1,High,Low,Engaged Bargain Seekers
401422,0,1,High,Low,Engaged Bargain Seekers
401424,1,1,High,Low,Engaged Bargain Seekers
401454,1,1,High,Low,Engaged Bargain Seekers
401645,1,1,High,Low,Engaged Bargain Seekers
401710,1,2,High,Medium,Rising Loyalists
401722,1,1,High,Low,Engaged Bargain Seekers
401760,1,1,High,Low,Engaged Bargain Seekers
401766,1,1,High,Low,Engaged Bargain Seekers
401769,1,1,High,Low,Engaged Bargain Seekers
401824,1,2,High,Medium,Rising Loyalists
401834,1,1,High,Low,Engaged Bargain Seekers
401857,1,1,High,Low,Engaged Bargain Seekers
401858,0,1,High,Low,Engaged Bargain Seekers
401859,1,1,High,Low,Engaged Bargain Seekers
401943,3,0,Low,High,High-Value At-Risk
401956,1,1,High,Low,Engaged Bargain Seekers
402034,1,1,High,Low,Engaged Bargain Seekers
402052,1,1,High,Low,Engaged Bargain Seekers
402082,1,1,High,Low,Engaged Bargain Seekers
402136,3,0,Low,High,High-Value At-Risk
402177,0,1,High,Low,Engaged Bargain Seekers
402251,1,1,High,Low,Engaged Bargain Seekers
402332,1,1,High,Low,Engaged Bargain Seekers
402390,3,1,Low,Low,Dormant / Churned
402624,3,0,Low,High,High-Value At-Risk
402638,1,1,High,Low,Engaged Bargain Seekers
402697,0,1,High,Low,Engaged Bargain Seekers
402706,1,1,High,Low,Engaged Bargain Seekers
402918,1,1,High,Low,Engaged Bargain Seekers
402964,1,1,High,Low,Engaged Bargain Seekers
402966,0,2,High,Medium,Rising Loyalists
403052,0,1,High,Low,Engaged Bargain Seekers
403118,1,1,High,Low,Engaged Bargain Seekers
403185,1,1,High,Low,Engaged Bargain Seekers
403258,3,1,Low,Low,Dormant / Churned
403282,1,1,High,Low,Engaged Bargain Seekers
403361,1,1,High,Low,Engaged Bargain Seekers
403463,0,1,High,Low,Engaged Bargain Seekers
403473,1,1,High,Low,Engaged Bargain Seekers
403500,1,1,High,Low,Engaged Bargain Seekers
403507,1,1,High,Low,Engaged Bargain Seekers
403529,3,1,Low,Low,Dormant / Churned
403675,1,2,High,Medium,Rising Loyalists
403764,0,2,High,Medium,Rising Loyalists
403856,0,1,High,Low,Engaged Bargain Seekers
403893,1,1,High,Low,Engaged Bargain Seekers
404011,1,1,High,Low,Engaged Bargain Seekers
404012,0,1,High,Low,Engaged Bargain Seekers
404106,1,1,High,Low,Engaged Bargain Seekers
404233,1,1,High,Low,Engaged Bargain Seekers
404314,1,1,High,Low,Engaged Bargain Seekers
404339,0,2,High,Medium,Rising Loyalists
404417,1,1,High,Low,Engaged Bargain Seekers
404426,1,1,High,Low,Engaged Bargain Seekers
404431,1,1,High,Low,Engaged Bargain Seekers
404434,1,1,High,Low,Engaged Bargain Seekers
404475,1,2,High,Medium,Rising Loyalists
404720,1,1,High,Low,Engaged Bargain Seekers
404742,1,2,High,Medium,Rising Loyalists
404801,0,1,High,Low,Engaged Bargain Seekers
404805,0,2,High,Medium,Rising Loyalists
404846,1,1,High,Low,Engaged Bargain Seekers
404920,1,1,High,Low,Engaged Bargain Seekers
405030,3,1,Low,Low,Dormant / Churned
405201,1,1,High,Low,Engaged Bargain Seekers
405318,1,1,High,Low,Engaged Bargain Seekers
405339,1,1,High,Low,Engaged Bargain Seekers
405351,1,1,High,Low,Engaged Bargain Seekers
405418,1,1,High,Low,Engaged Bargain Seekers
405442,1,1,High,Low,Engaged Bargain Seekers
405465,3,0,Low,High,High-Value At-Risk
405500,1,1,High,Low,Engaged Bargain Seekers
405597,1,1,High,Low,Engaged Bargain Seekers
405602,1,1,High,Low,Engaged Bargain Seekers
405698,0,1,High,Low,Engaged Bargain Seekers
405699,1,1,High,Low,Engaged Bargain Seekers
405735,1,1,High,Low,Engaged Bargain Seekers
405739,1,1,High,Low,Engaged Bargain Seekers
405740,3,0,Low,High,High-Value At-Risk
405768,0,1,High,Low,Engaged Bargain Seekers
405804,1,1,High,Low,Engaged Bargain Seekers
405928,1,1,High,Low,Engaged Bargain Seekers
406047,1,1,High,Low,Engaged Bargain Seekers
406099,0,1,High,Low,Engaged Bargain Seekers
406176,1,1,High,Low,Engaged Bargain Seekers
406252,0,1,High,Low,Engaged Bargain Seekers
406254,1,1,High,Low,Engaged Bargain Seekers
406287,0,1,High,Low,Engaged Bargain Seekers
406294,1,1,High,Low,Engaged Bargain Seekers
406367,0,1,High,Low,Engaged Bargain Seekers
406369,0,1,High,Low,Engaged Bargain Seekers
406373,1,1,High,Low,Engaged Bargain Seekers
406411,1,2,High,Medium,Rising Loyalists
406564,1,1,High,Low,Engaged Bargain Seekers
406574,1,1,High,Low,Engaged Bargain Seekers
406810,1,1,High,Low,Engaged Bargain Seekers
406988,3,0,Low,High,High-Value At-Risk
407008,0,1,High,Low,Engaged Bargain Seekers
407032,1,1,High,Low,Engaged Bargain Seekers
407119,1,1,High,Low,Engaged Bargain Seekers
407173,1,1,High,Low,Engaged Bargain Seekers
407233,3,0,Low,High,High-Value At-Risk
407238,1,1,High,Low,Engaged Bargain Seekers
407305,1,1,High,Low,Engaged Bargain Seekers
407340,1,1,High,Low,Engaged Bargain Seekers
407377,1,1,High,Low,Engaged Bargain Seekers
407404,3,0,Low,High,High-Value At-Risk
407411,1,1,High,Low,Engaged Bargain Seekers
407433,1,1,High,Low,Engaged Bargain Seekers
407468,1,1,High,Low,Engaged Bargain Seekers
407478,0,1,High,Low,Engaged Bargain Seekers
407641,3,0,Low,High,High-Value At-Risk
407648,3,1,Low,Low,Dormant / Churned
407768,1,1,High,Low,Engaged Bargain Seekers
407798,1,1,High,Low,Engaged Bargain Seekers
407924,3,0,Low,High,High-Value At-Risk
407933,1,1,High,Low,Engaged Bargain Seekers
407945,1,1,High,Low,Engaged Bargain Seekers
407999,1,1,High,Low,Engaged Bargain Seekers
408047,1,1,High,Low,Engaged Bargain Seekers
408091,0,1,High,Low,Engaged Bargain Seekers
408134,0,1,High,Low,Engaged Bargain Seekers
408170,3,0,Low,High,High-Value At-Risk
408259,1,1,High,Low,Engaged Bargain Seekers
408309,1,1,High,Low,Engaged Bargain Seekers
408347,0,1,High,Low,Engaged Bargain Seekers
408378,0,1,High,Low,Engaged Bargain Seekers
408468,0,1,High,Low,Engaged Bargain Seekers
408493,0,1,High,Low,Engaged Bargain Seekers
408500,1,1,High,Low,Engaged Bargain Seekers
408561,1,1,High,Low,Engaged Bargain Seekers
408651,1,1,High,Low,Engaged Bargain Seekers
408838,1,1,High,Low,Engaged Bargain Seekers
408863,1,1,High,Low,Engaged Bargain Seekers
408886,1,1,High,Low,Engaged Bargain Seekers
408915,0,1,High,Low,Engaged Bargain Seekers
408931,1,1,High,Low,Engaged Bargain Seekers
408990,1,1,High,Low,Engaged Bargain Seekers
409051,1,2,High,Medium,Rising Loyalists
409102,1,1,High,Low,Engaged Bargain Seekers
409156,1,1,High,Low,Engaged Bargain Seekers
409174,0,1,High,Low,Engaged Bargain Seekers
409454,1,1,High,Low,Engaged Bargain Seekers
409512,1,1,High,Low,Engaged Bargain Seekers
409603,1,1,High,Low,Engaged Bargain Seekers
409684,1,1,High,Low,Engaged Bargain Seekers
409741,1,1,High,Low,Engaged Bargain Seekers
409768,0,1,High,Low,Engaged Bargain Seekers
409798,1,1,High,Low,Engaged Bargain Seekers
409908,1,1,High,Low,Engaged Bargain Seekers
409914,1,1,High,Low,Engaged Bargain Seekers
409951,1,1,High,Low,Engaged Bargain Seekers
409984,0,1,High,Low,Engaged Bargain Seekers
409989,0,1,High,Low,Engaged Bargain Seekers
410202,1,2,High,Medium,Rising Loyalists
410209,1,1,High,Low,Engaged Bargain Seekers
410218,1,1,High,Low,Engaged Bargain Seekers
410341,1,1,High,Low,Engaged Bargain Seekers
410343,0,1,High,Low,Engaged Bargain Seekers
410347,1,1,High,Low,Engaged Bargain Seekers
410373,3,0,Low,High,High-Value At-Risk
410384,1,1,High,Low,Engaged Bargain Seekers
410460,0,1,High,Low,Engaged Bargain Seekers
410544,1,1,High,Low,Engaged Bargain Seekers
410552,1,1,High,Low,Engaged Bargain Seekers
410558,1,1,High,Low,Engaged Bargain Seekers
410702,1,1,High,Low,Engaged Bargain Seekers
410790,1,1,High,Low,Engaged Bargain Seekers
410921,1,1,High,Low,Engaged Bargain Seekers
410938,1,1,High,Low,Engaged Bargain Seekers
410958,0,1,High,Low,Engaged Bargain Seekers
410963,1,1,High,Low,Engaged Bargain Seekers
410982,1,1,High,Low,Engaged Bargain Seekers
411030,0,1,High,Low,Engaged Bargain Seekers
411094,1,1,High,Low,Engaged Bargain Seekers
411116,1,1,High,Low,Engaged Bargain Seekers
411204,1,1,High,Low,Engaged Bargain Seekers
411242,3,1,Low,Low,Dormant / Churned
411272,0,1,High,Low,Engaged Bargain Seekers
411296,0,1,High,Low,Engaged Bargain Seekers
411298,1,1,High,Low,Engaged Bargain Seekers
411365,3,1,Low,Low,Dormant / Churned
411420,1,2,High,Medium,Rising Loyalists
411523,1,1,High,Low,Engaged Bargain Seekers
411533,1,1,High,Low,Engaged Bargain Seekers
411583,1,1,High,Low,Engaged Bargain Seekers
411586,1,1,High,Low,Engaged Bargain Seekers
411651,3,0,Low,High,High-Value At-Risk
411686,1,1,High,Low,Engaged Bargain Seekers
411690,1,1,High,Low,Engaged Bargain Seekers
411715,0,1,High,Low,Engaged Bargain Seekers
411734,0,1,High,Low,Engaged Bargain Seekers
411744,1,1,High,Low,Engaged Bargain Seekers
411876,1,1,High,Low,Engaged Bargain Seekers
411897,1,1,High,Low,Engaged Bargain Seekers
412024,1,1,High,Low,Engaged Bargain Seekers
412133,1,1,High,Low,Engaged Bargain Seekers
412186,1,2,High,Medium,Rising Loyalists
412203,1,1,High,Low,Engaged Bargain Seekers
412284,1,1,High,Low,Engaged Bargain Seekers
412362,3,1,Low,Low,Dormant / Churned
412394,1,1,High,Low,Engaged Bargain Seekers
412402,1,1,High,Low,Engaged Bargain Seekers
412429,1,1,High,Low,Engaged Bargain Seekers
412480,0,1,High,Low,Engaged Bargain Seekers
412487,1,1,High,Low,Engaged Bargain Seekers
412743,0,1,High,Low,Engaged Bargain Seekers
412793,1,1,High,Low,Engaged Bargain Seekers
412803,1,1,High,Low,Engaged Bargain Seekers
412817,1,2,High,Medium,Rising Loyalists
412854,1,1,High,Low,Engaged Bargain Seekers
412880,1,2,High,Medium,Rising Loyalists
412902,1,1,High,Low,Engaged Bargain Seekers
412944,1,1,High,Low,Engaged Bargain Seekers
412995,1,1,High,Low,Engaged Bargain Seekers
413050,1,1,High,Low,Engaged Bargain Seekers
413052,1,1,High,Low,Engaged Bargain Seekers
413088,1,1,High,Low,Engaged Bargain Seekers
413101,1,1,High,Low,Engaged Bargain Seekers
413115,1,1,High,Low,Engaged Bargain Seekers
413185,1,1,High,Low,Engaged Bargain Seekers
413243,1,1,High,Low,Engaged Bargain Seekers
413266,1,1,High,Low,Engaged Bargain Seekers
413282,1,1,High,Low,Engaged Bargain Seekers
413305,3,1,Low,Low,Dormant / Churned
413330,1,1,High,Low,Engaged Bargain Seekers
413345,1,1,High,Low,Engaged Bargain Seekers
413347,1,1,High,Low,Engaged Bargain Seekers
413426,1,1,High,Low,Engaged Bargain Seekers
413445,0,1,High,Low,Engaged Bargain Seekers
413459,1,1,High,Low,Engaged Bargain Seekers
413620,1,1,High,Low,Engaged Bargain Seekers
413659,0,1,High,Low,Engaged Bargain Seekers
413741,1,1,High,Low,Engaged Bargain Seekers
413798,1,1,High,Low,Engaged Bargain Seekers
413815,1,1,High,Low,Engaged Bargain Seekers
413853,1,2,High,Medium,Rising Loyalists
413994,1,1,High,Low,Engaged Bargain Seekers
414033,1,1,High,Low,Engaged Bargain Seekers
414157,1,1,High,Low,Engaged Bargain Seekers
414164,1,1,High,Low,Engaged Bargain Seekers
414207,1,1,High,Low,Engaged Bargain Seekers
414211,1,2,High,Medium,Rising Loyalists
414239,1,1,High,Low,Engaged Bargain Seekers
414305,1,1,High,Low,Engaged Bargain Seekers
414318,1,1,High,Low,Engaged Bargain Seekers
414382,2,1,Low,Low,Dormant / Churned
414433,1,2,High,Medium,Rising Loyalists
414584,1,1,High,Low,Engaged Bargain Seekers
414661,3,0,Low,High,High-Value At-Risk
414727,1,1,High,Low,Engaged Bargain Seekers
414741,1,1,High,Low,Engaged Bargain Seekers
414757,1,1,High,Low,Engaged Bargain Seekers
415067,1,1,High,Low,Engaged Bargain Seekers
415077,1,1,High,Low,Engaged Bargain Seekers
415088,0,1,High,Low,Engaged Bargain Seekers
415090,1,1,High,Low,Engaged Bargain Seekers
415148,1,1,High,Low,Engaged Bargain Seekers
415201,0,1,High,Low,Engaged Bargain Seekers
415292,3,0,Low,High,High-Value At-Risk
415327,1,1,High,Low,Engaged Bargain Seekers
415332,1,2,High,Medium,Rising Loyalists
415341,1,1,High,Low,Engaged Bargain Seekers
415372,1,1,High,Low,Engaged Bargain Seekers
415381,1,2,High,Medium,Rising Loyalists
415402,1,1,High,Low,Engaged Bargain Seekers
415441,1,1,High,Low,Engaged Bargain Seekers
415446,0,1,High,Low,Engaged Bargain Seekers
415640,3,0,Low,High,High-Value At-Risk
415862,1,1,High,Low,Engaged Bargain Seekers
415896,1,1,High,Low,Engaged Bargain Seekers
415915,1,1,High,Low,Engaged Bargain Seekers
415916,1,1,High,Low,Engaged Bargain Seekers
416091,0,1,High,Low,Engaged Bargain Seekers
416105,0,1,High,Low,Engaged Bargain Seekers
416124,1,1,High,Low,Engaged Bargain Seekers
416127,1,1,High,Low,Engaged Bargain Seekers
416216,1,1,High,Low,Engaged Bargain Seekers
416575,1,1,High,Low,Engaged Bargain Seekers
416620,0,1,High,Low,Engaged Bargain Seekers
416768,1,1,High,Low,Engaged Bargain Seekers
416783,1,1,High,Low,Engaged Bargain Seekers
416940,1,1,High,Low,Engaged Bargain Seekers
416973,1,1,High,Low,Engaged Bargain Seekers
417001,0,1,High,Low,Engaged Bargain Seekers
417082,1,1,High,Low,Engaged Bargain Seekers
417118,1,1,High,Low,Engaged Bargain Seekers
417240,1,2,High,Medium,Rising Loyalists
417274,1,1,High,Low,Engaged Bargain Seekers
417507,1,1,High,Low,Engaged Bargain Seekers
417553,3,0,Low,High,High-Value At-Risk
417564,1,1,High,Low,Engaged Bargain Seekers
417584,1,1,High,Low,Engaged Bargain Seekers
417721,3,1,Low,Low,Dormant / Churned
417825,1,1,High,Low,Engaged Bargain Seekers
417838,1,1,High,Low,Engaged Bargain Seekers
417841,3,1,Low,Low,Dormant / Churned
417886,1,1,High,Low,Engaged Bargain Seekers
417904,1,1,High,Low,Engaged Bargain Seekers
417929,1,1,High,Low,Engaged Bargain Seekers
418090,1,1,High,Low,Engaged Bargain Seekers
418166,1,1,High,Low,Engaged Bargain Seekers
418233,3,1,Low,Low,Dormant / Churned
418281,1,1,High,Low,Engaged Bargain Seekers
418327,1,1,High,Low,Engaged Bargain Seekers
418470,0,1,High,Low,Engaged Bargain Seekers
418626,3,0,Low,High,High-Value At-Risk
418636,0,1,High,Low,Engaged Bargain Seekers
418718,0,1,High,Low,Engaged Bargain Seekers
418753,1,1,High,Low,Engaged Bargain Seekers
418779,1,1,High,Low,Engaged Bargain Seekers
418784,0,2,High,Medium,Rising Loyalists
418793,1,1,High,Low,Engaged Bargain Seekers
418910,1,1,High,Low,Engaged Bargain Seekers
418930,1,1,High,Low,Engaged Bargain Seekers
418938,0,1,High,Low,Engaged Bargain Seekers
418958,1,1,High,Low,Engaged Bargain Seekers
418990,1,1,High,Low,Engaged Bargain Seekers
419182,1,1,High,Low,Engaged Bargain Seekers
419237,0,1,High,Low,Engaged Bargain Seekers
419275,1,1,High,Low,Engaged Bargain Seekers
419377,1,1,High,Low,Engaged Bargain Seekers
419491,3,0,Low,High,High-Value At-Risk
419493,1,1,High,Low,Engaged Bargain Seekers
419522,1,2,High,Medium,Rising Loyalists
419540,1,1,High,Low,Engaged Bargain Seekers
419570,1,1,High,Low,Engaged Bargain Seekers
419626,0,1,High,Low,Engaged Bargain Seekers
419648,0,1,High,Low,Engaged Bargain Seekers
419661,0,1,High,Low,Engaged Bargain Seekers
419732,0,1,High,Low,Engaged Bargain Seekers
419748,1,1,High,Low,Engaged Bargain Seekers
419749,1,1,High,Low,Engaged Bargain Seekers
419758,1,1,High,Low,Engaged Bargain Seekers
419776,1,1,High,Low,Engaged Bargain Seekers
419818,1,1,High,Low,Engaged Bargain Seekers
419893,1,1,High,Low,Engaged Bargain Seekers
419953,1,1,High,Low,Engaged Bargain Seekers
419973,1,2,High,Medium,Rising Loyalists
420008,1,1,High,Low,Engaged Bargain Seekers
420010,0,1,High,Low,Engaged Bargain Seekers
420126,0,1,High,Low,Engaged Bargain Seekers
420148,1,1,High,Low,Engaged Bargain Seekers
420202,0,1,High,Low,Engaged Bargain Seekers
420204,1,1,High,Low,Engaged Bargain Seekers
420222,1,1,High,Low,Engaged Bargain Seekers
420243,0,1,High,Low,Engaged Bargain Seekers
420339,1,1,High,Low,Engaged Bargain Seekers
420394,1,1,High,Low,Engaged Bargain Seekers
420434,1,1,High,Low,Engaged Bargain Seekers
420439,1,1,High,Low,Engaged Bargain Seekers
420457,1,1,High,Low,Engaged Bargain Seekers
420464,3,0,Low,High,High-Value At-Risk
420481,1,1,High,Low,Engaged Bargain Seekers
420488,1,1,High,Low,Engaged Bargain Seekers
420490,1,1,High,Low,Engaged Bargain Seekers
420508,1,1,High,Low,Engaged Bargain Seekers
420515,1,1,High,Low,Engaged Bargain Seekers
420590,0,1,High,Low,Engaged Bargain Seekers
420627,1,1,High,Low,Engaged Bargain Seekers
420738,1,1,High,Low,Engaged Bargain Seekers
420786,1,1,High,Low,Engaged Bargain Seekers
420856,0,1,High,Low,Engaged Bargain Seekers
420890,0,1,High,Low,Engaged Bargain Seekers
421001,1,1,High,Low,Engaged Bargain Seekers
421191,1,1,High,Low,Engaged Bargain Seekers
421252,0,1,High,Low,Engaged Bargain Seekers
421310,3,1,Low,Low,Dormant / Churned
421432,3,1,Low,Low,Dormant / Churned
421458,1,1,High,Low,Engaged Bargain Seekers
421497,1,1,High,Low,Engaged Bargain Seekers
421580,1,1,High,Low,Engaged Bargain Seekers
421691,1,1,High,Low,Engaged Bargain Seekers
421744,1,1,High,Low,Engaged Bargain Seekers
421748,1,1,High,Low,Engaged Bargain Seekers
421752,0,1,High,Low,Engaged Bargain Seekers
421822,0,1,High,Low,Engaged Bargain Seekers
421855,3,0,Low,High,High-Value At-Risk
421923,1,1,High,Low,Engaged Bargain Seekers
421930,1,1,High,Low,Engaged Bargain Seekers
422121,1,1,High,Low,Engaged Bargain Seekers
422152,1,1,High,Low,Engaged Bargain Seekers
422164,0,2,High,Medium,Rising Loyalists
422204,1,1,High,Low,Engaged Bargain Seekers
422245,0,1,High,Low,Engaged Bargain Seekers
422276,1,1,High,Low,Engaged Bargain Seekers
422320,0,1,High,Low,Engaged Bargain Seekers
422349,1,1,High,Low,Engaged Bargain Seekers
422358,1,1,High,Low,Engaged Bargain Seekers
422398,1,1,High,Low,Engaged Bargain Seekers
422436,0,1,High,Low,Engaged Bargain Seekers
422496,1,1,High,Low,Engaged Bargain Seekers
422750,1,1,High,Low,Engaged Bargain Seekers
422787,1,1,High,Low,Engaged Bargain Seekers
422803,1,1,High,Low,Engaged Bargain Seekers
422805,1,1,High,Low,Engaged Bargain Seekers
422989,0,1,High,Low,Engaged Bargain Seekers
423035,1,1,High,Low,Engaged Bargain Seekers
423096,1,1,High,Low,Engaged Bargain Seekers
423119,0,1,High,Low,Engaged Bargain Seekers
423153,1,1,High,Low,Engaged Bargain Seekers
423201,1,1,High,Low,Engaged Bargain Seekers
423228,1,1,High,Low,Engaged Bargain Seekers
423254,1,1,High,Low,Engaged Bargain Seekers
423272,1,1,High,Low,Engaged Bargain Seekers
423313,3,0,Low,High,High-Value At-Risk
423324,0,1,High,Low,Engaged Bargain Seekers
423336,1,1,High,Low,Engaged Bargain Seekers
423409,0,1,High,Low,Engaged Bargain Seekers
423432,1,1,High,Low,Engaged Bargain Seekers
423473,0,1,High,Low,Engaged Bargain Seekers
423598,1,2,High,Medium,Rising Loyalists
423609,1,1,High,Low,Engaged Bargain Seekers
423686,1,1,High,Low,Engaged Bargain Seekers
423711,3,0,Low,High,High-Value At-Risk
423821,1,1,High,Low,Engaged Bargain Seekers
423844,3,0,Low,High,High-Value At-Risk
423941,1,1,High,Low,Engaged Bargain Seekers
423978,1,1,High,Low,Engaged Bargain Seekers
424012,1,1,High,Low,Engaged Bargain Seekers
424027,3,1,Low,Low,Dormant / Churned
424098,1,2,High,Medium,Rising Loyalists
424100,1,1,High,Low,Engaged Bargain Seekers
424126,1,1,High,Low,Engaged Bargain Seekers
424139,1,1,High,Low,Engaged Bargain Seekers
424208,1,1,High,Low,Engaged Bargain Seekers
424216,1,1,High,Low,Engaged Bargain Seekers
424270,0,1,High,Low,Engaged Bargain Seekers
424317,3,0,Low,High,High-Value At-Risk
424337,1,2,High,Medium,Rising Loyalists
424403,1,1,High,Low,Engaged Bargain Seekers
424451,0,1,High,Low,Engaged Bargain Seekers
424526,1,1,High,Low,Engaged Bargain Seekers
424540,1,1,High,Low,Engaged Bargain Seekers
424585,0,1,High,Low,Engaged Bargain Seekers
424688,1,1,High,Low,Engaged Bargain Seekers
424793,1,1,High,Low,Engaged Bargain Seekers
424812,1,2,High,Medium,Rising Loyalists
424837,1,1,High,Low,Engaged Bargain Seekers
424917,1,1,High,Low,Engaged Bargain Seekers
424983,1,1,High,Low,Engaged Bargain Seekers
425294,1,1,High,Low,Engaged Bargain Seekers
425411,1,1,High,Low,Engaged Bargain Seekers
425436,1,1,High,Low,Engaged Bargain Seekers
425445,1,1,High,Low,Engaged Bargain Seekers
425472,1,1,High,Low,Engaged Bargain Seekers
425477,3,0,Low,High,High-Value At-Risk
425567,1,1,High,Low,Engaged Bargain Seekers
425620,0,1,High,Low,Engaged Bargain Seekers
425687,0,1,High,Low,Engaged Bargain Seekers
425717,1,1,High,Low,Engaged Bargain Seekers
425720,1,1,High,Low,Engaged Bargain Seekers
425779,0,1,High,Low,Engaged Bargain Seekers
425826,0,1,High,Low,Engaged Bargain Seekers
425854,1,1,High,Low,Engaged Bargain Seekers
425940,1,1,High,Low,Engaged Bargain Seekers
426022,3,0,Low,High,High-Value At-Risk
426027,1,1,High,Low,Engaged Bargain Seekers
426124,1,1,High,Low,Engaged Bargain Seekers
426141,3,1,Low,Low,Dormant / Churned
426185,1,1,High,Low,Engaged Bargain Seekers
426223,1,1,High,Low,Engaged Bargain Seekers
426302,1,1,High,Low,Engaged Bargain Seekers
426317,1,1,High,Low,Engaged Bargain Seekers
426351,1,1,High,Low,Engaged Bargain Seekers
426384,1,1,High,Low,Engaged Bargain Seekers
426414,1,1,High,Low,Engaged Bargain Seekers
426429,1,1,High,Low,Engaged Bargain Seekers
426439,1,1,High,Low,Engaged Bargain Seekers
426530,1,1,High,Low,Engaged Bargain Seekers
426533,1,1,High,Low,Engaged Bargain Seekers
426536,1,1,High,Low,Engaged Bargain Seekers
426698,1,1,High,Low,Engaged Bargain Seekers
426720,1,1,High,Low,Engaged Bargain Seekers
426791,1,1,High,Low,Engaged Bargain Seekers
426958,1,1,High,Low,Engaged Bargain Seekers
426981,1,1,High,Low,Engaged Bargain Seekers
426990,1,1,High,Low,Engaged Bargain Seekers
426994,1,1,High,Low,Engaged Bargain Seekers
427036,1,1,High,Low,Engaged Bargain Seekers
427140,1,1,High,Low,Engaged Bargain Seekers
427163,1,1,High,Low,Engaged Bargain Seekers
427177,1,2,High,Medium,Rising Loyalists
427329,1,1,High,Low,Engaged Bargain Seekers
427354,0,1,High,Low,Engaged Bargain Seekers
427358,1,1,High,Low,Engaged Bargain Seekers
427388,0,1,High,Low,Engaged Bargain Seekers
427444,0,1,High,Low,Engaged Bargain Seekers
427733,1,1,High,Low,Engaged Bargain Seekers
427804,3,0,Low,High,High-Value At-Risk
427919,1,1,High,Low,Engaged Bargain Seekers
427976,1,1,High,Low,Engaged Bargain Seekers
427980,1,1,High,Low,Engaged Bargain Seekers
428020,1,1,High,Low,Engaged Bargain Seekers
428114,1,2,High,Medium,Rising Loyalists
428129,1,1,High,Low,Engaged Bargain Seekers
428130,1,1,High,Low,Engaged Bargain Seekers
428152,0,1,High,Low,Engaged Bargain Seekers
428162,1,1,High,Low,Engaged Bargain Seekers
428249,1,1,High,Low,Engaged Bargain Seekers
428305,1,1,High,Low,Engaged Bargain Seekers
428345,0,1,High,Low,Engaged Bargain Seekers
428376,1,1,High,Low,Engaged Bargain Seekers
428383,0,1,High,Low,Engaged Bargain Seekers
428402,1,1,High,Low,Engaged Bargain Seekers
428452,3,1,Low,Low,Dormant / Churned
428520,0,1,High,Low,Engaged Bargain Seekers
428523,1,1,High,Low,Engaged Bargain Seekers
428526,1,1,High,Low,Engaged Bargain Seekers
428536,1,1,High,Low,Engaged Bargain Seekers
428565,0,1,High,Low,Engaged Bargain Seekers
428590,3,0,Low,High,High-Value At-Risk
428604,0,1,High,Low,Engaged Bargain Seekers
428649,1,1,High,Low,Engaged Bargain Seekers
428710,1,1,High,Low,Engaged Bargain Seekers
428757,1,1,High,Low,Engaged Bargain Seekers
428765,0,1,High,Low,Engaged Bargain Seekers
428778,0,1,High,Low,Engaged Bargain Seekers
428826,0,1,High,Low,Engaged Bargain Seekers
428843,1,1,High,Low,Engaged Bargain Seekers
428853,1,1,High,Low,Engaged Bargain Seekers
428872,3,0,Low,High,High-Value At-Risk
428903,1,1,High,Low,Engaged Bargain Seekers
428919,1,1,High,Low,Engaged Bargain Seekers
428922,1,1,High,Low,Engaged Bargain Seekers
429054,1,1,High,Low,Engaged Bargain Seekers
429238,1,1,High,Low,Engaged Bargain Seekers
429244,1,1,High,Low,Engaged Bargain Seekers
429292,1,1,High,Low,Engaged Bargain Seekers
429308,1,1,High,Low,Engaged Bargain Seekers
429354,1,1,High,Low,Engaged Bargain Seekers
429448,3,0,Low,High,High-Value At-Risk
429460,0,1,High,Low,Engaged Bargain Seekers
429471,1,1,High,Low,Engaged Bargain Seekers
429557,1,1,High,Low,Engaged Bargain Seekers
429689,3,1,Low,Low,Dormant / Churned
429692,0,1,High,Low,Engaged Bargain Seekers
429829,1,1,High,Low,Engaged Bargain Seekers
429849,1,1,High,Low,Engaged Bargain Seekers
429894,1,1,High,Low,Engaged Bargain Seekers
429921,1,1,High,Low,Engaged Bargain Seekers
429933,1,1,High,Low,Engaged Bargain Seekers
430048,1,1,High,Low,Engaged Bargain Seekers
430059,1,1,High,Low,Engaged Bargain Seekers
430097,1,2,High,Medium,Rising Loyalists
430107,1,1,High,Low,Engaged Bargain Seekers
430197,1,1,High,Low,Engaged Bargain Seekers
430221,0,1,High,Low,Engaged Bargain Seekers
430228,1,1,High,Low,Engaged Bargain Seekers
430265,1,1,High,Low,Engaged Bargain Seekers
430323,1,1,High,Low,Engaged Bargain Seekers
430398,0,2,High,Medium,Rising Loyalists
430413,1,1,High,Low,Engaged Bargain Seekers
430475,1,1,High,Low,Engaged Bargain Seekers
430500,1,1,High,Low,Engaged Bargain Seekers
430503,1,1,High,Low,Engaged Bargain Seekers
430519,3,0,Low,High,High-Value At-Risk
430521,3,1,Low,Low,Dormant / Churned
430555,1,1,High,Low,Engaged Bargain Seekers
430559,3,1,Low,Low,Dormant / Churned
430569,1,1,High,Low,Engaged Bargain Seekers
430618,1,1,High,Low,Engaged Bargain Seekers
430670,3,0,Low,High,High-Value At-Risk
430712,0,1,High,Low,Engaged Bargain Seekers
430813,1,1,High,Low,Engaged Bargain Seekers
430817,1,1,High,Low,Engaged Bargain Seekers
430880,1,1,High,Low,Engaged Bargain Seekers
431020,1,1,High,Low,Engaged Bargain Seekers
431021,1,1,High,Low,Engaged Bargain Seekers
431034,1,1,High,Low,Engaged Bargain Seekers
431187,0,1,High,Low,Engaged Bargain Seekers
431201,0,1,High,Low,Engaged Bargain Seekers
431277,1,1,High,Low,Engaged Bargain Seekers
431286,3,0,Low,High,High-Value At-Risk
431392,0,1,High,Low,Engaged Bargain Seekers
431514,0,1,High,Low,Engaged Bargain Seekers
431521,1,1,High,Low,Engaged Bargain Seekers
431533,1,1,High,Low,Engaged Bargain Seekers
431586,1,1,High,Low,Engaged Bargain Seekers
431640,1,1,High,Low,Engaged Bargain Seekers
431829,1,1,High,Low,Engaged Bargain Seekers
431899,1,1,High,Low,Engaged Bargain Seekers
432031,1,1,High,Low,Engaged Bargain Seekers
432059,1,1,High,Low,Engaged Bargain Seekers
432145,1,1,High,Low,Engaged Bargain Seekers
432200,1,1,High,Low,Engaged Bargain Seekers
432215,1,1,High,Low,Engaged Bargain Seekers
432255,1,1,High,Low,Engaged Bargain Seekers
432298,1,1,High,Low,Engaged Bargain Seekers
432302,1,1,High,Low,Engaged Bargain Seekers
432366,1,2,High,Medium,Rising Loyalists
432370,1,1,High,Low,Engaged Bargain Seekers
432392,1,1,High,Low,Engaged Bargain Seekers
432451,1,1,High,Low,Engaged Bargain Seekers
432493,1,1,High,Low,Engaged Bargain Seekers
432564,0,1,High,Low,Engaged Bargain Seekers
432579,0,1,High,Low,Engaged Bargain Seekers
432592,1,1,High,Low,Engaged Bargain Seekers
432598,1,1,High,Low,Engaged Bargain Seekers
432655,1,1,High,Low,Engaged Bargain Seekers
432716,1,1,High,Low,Engaged Bargain Seekers
432718,1,1,High,Low,Engaged Bargain Seekers
432729,3,1,Low,Low,Dormant / Churned
432843,1,1,High,Low,Engaged Bargain Seekers
432920,1,1,High,Low,Engaged Bargain Seekers
432938,1,1,High,Low,Engaged Bargain Seekers
432941,0,1,High,Low,Engaged Bargain Seekers
432961,0,1,High,Low,Engaged Bargain Seekers
433017,1,1,High,Low,Engaged Bargain Seekers
433020,0,1,High,Low,Engaged Bargain Seekers
433116,3,0,Low,High,High-Value At-Risk
433172,1,1,High,Low,Engaged Bargain Seekers
433300,0,1,High,Low,Engaged Bargain Seekers
433307,0,2,High,Medium,Rising Loyalists
433353,1,1,High,Low,Engaged Bargain Seekers
433477,0,1,High,Low,Engaged Bargain Seekers
433496,1,1,High,Low,Engaged Bargain Seekers
433510,1,1,High,Low,Engaged Bargain Seekers
433678,1,1,High,Low,Engaged Bargain Seekers
433752,0,1,High,Low,Engaged Bargain Seekers
433812,1,1,High,Low,Engaged Bargain Seekers
433815,1,1,High,Low,Engaged Bargain Seekers
433857,1,2,High,Medium,Rising Loyalists
433881,3,0,Low,High,High-Value At-Risk
433946,1,1,High,Low,Engaged Bargain Seekers
434081,1,1,High,Low,Engaged Bargain Seekers
434098,1,1,High,Low,Engaged Bargain Seekers
434113,1,1,High,Low,Engaged Bargain Seekers
434136,1,1,High,Low,Engaged Bargain Seekers
434215,0,1,High,Low,Engaged Bargain Seekers
434385,1,2,High,Medium,Rising Loyalists
434430,3,1,Low,Low,Dormant / Churned
434470,1,1,High,Low,Engaged Bargain Seekers
434477,1,1,High,Low,Engaged Bargain Seekers
434489,1,1,High,Low,Engaged Bargain Seekers
434568,1,1,High,Low,Engaged Bargain Seekers
434620,0,1,High,Low,Engaged Bargain Seekers
434621,1,1,High,Low,Engaged Bargain Seekers
434657,0,1,High,Low,Engaged Bargain Seekers
434658,1,1,High,Low,Engaged Bargain Seekers
434679,1,2,High,Medium,Rising Loyalists
434693,0,1,High,Low,Engaged Bargain Seekers
434751,1,1,High,Low,Engaged Bargain Seekers
434760,1,1,High,Low,Engaged Bargain Seekers
434802,1,1,High,Low,Engaged Bargain Seekers
434807,1,1,High,Low,Engaged Bargain Seekers
434888,1,1,High,Low,Engaged Bargain Seekers
434922,1,1,High,Low,Engaged Bargain Seekers
434965,3,0,Low,High,High-Value At-Risk
435049,1,1,High,Low,Engaged Bargain Seekers
435097,1,1,High,Low,Engaged Bargain Seekers
435129,1,1,High,Low,Engaged Bargain Seekers
435156,1,1,High,Low,Engaged Bargain Seekers
435223,1,2,High,Medium,Rising Loyalists
435249,1,2,High,Medium,Rising Loyalists
435358,0,1,High,Low,Engaged Bargain Seekers
435378,1,1,High,Low,Engaged Bargain Seekers
435557,1,1,High,Low,Engaged Bargain Seekers
435613,1,1,High,Low,Engaged Bargain Seekers
435657,1,1,High,Low,Engaged Bargain Seekers
435777,3,0,Low,High,High-Value At-Risk
435789,1,1,High,Low,Engaged Bargain Seekers
435883,3,1,Low,Low,Dormant / Churned
436010,1,1,High,Low,Engaged Bargain Seekers
436041,0,1,High,Low,Engaged Bargain Seekers
436081,1,1,High,Low,Engaged Bargain Seekers
436087,0,1,High,Low,Engaged Bargain Seekers
436226,1,1,High,Low,Engaged Bargain Seekers
436235,1,1,High,Low,Engaged Bargain Seekers
436247,0,1,High,Low,Engaged Bargain Seekers
436266,0,1,High,Low,Engaged Bargain Seekers
436282,3,0,Low,High,High-Value At-Risk
436318,3,0,Low,High,High-Value At-Risk
436419,0,1,High,Low,Engaged Bargain Seekers
436475,1,1,High,Low,Engaged Bargain Seekers
436498,3,1,Low,Low,Dormant / Churned
436569,1,1,High,Low,Engaged Bargain Seekers
436705,0,1,High,Low,Engaged Bargain Seekers
436719,1,1,High,Low,Engaged Bargain Seekers
436805,0,1,High,Low,Engaged Bargain Seekers
436827,1,1,High,Low,Engaged Bargain Seekers
436874,1,1,High,Low,Engaged Bargain Seekers
436901,1,1,High,Low,Engaged Bargain Seekers
436969,1,1,High,Low,Engaged Bargain Seekers
436971,1,1,High,Low,Engaged Bargain Seekers
436975,1,1,High,Low,Engaged Bargain Seekers
436990,1,1,High,Low,Engaged Bargain Seekers
437022,1,1,High,Low,Engaged Bargain Seekers
437074,1,1,High,Low,Engaged Bargain Seekers
437086,1,1,High,Low,Engaged Bargain Seekers
437158,1,1,High,Low,Engaged Bargain Seekers
437197,1,1,High,Low,Engaged Bargain Seekers
437251,0,1,High,Low,Engaged Bargain Seekers
437262,3,1,Low,Low,Dormant / Churned
437269,0,1,High,Low,Engaged Bargain Seekers
437288,1,1,High,Low,Engaged Bargain Seekers
437357,1,1,High,Low,Engaged Bargain Seekers
437403,0,1,High,Low,Engaged Bargain Seekers
437407,1,1,High,Low,Engaged Bargain Seekers
437440,1,1,High,Low,Engaged Bargain Seekers
437545,1,1,High,Low,Engaged Bargain Seekers
437598,1,1,High,Low,Engaged Bargain Seekers
437737,1,1,High,Low,Engaged Bargain Seekers
437810,1,1,High,Low,Engaged Bargain Seekers
438023,1,1,High,Low,Engaged Bargain Seekers
438120,0,1,High,Low,Engaged Bargain Seekers
438199,1,1,High,Low,Engaged Bargain Seekers
438263,1,1,High,Low,Engaged Bargain Seekers
438299,1,1,High,Low,Engaged Bargain Seekers
438383,1,1,High,Low,Engaged Bargain Seekers
438511,3,0,Low,High,High-Value At-Risk
438525,0,1,High,Low,Engaged Bargain Seekers
438526,1,1,High,Low,Engaged Bargain Seekers
438593,0,1,High,Low,Engaged Bargain Seekers
438641,1,1,High,Low,Engaged Bargain Seekers
438698,3,0,Low,High,High-Value At-Risk
438707,1,1,High,Low,Engaged Bargain Seekers
438746,1,1,High,Low,Engaged Bargain Seekers
438822,1,1,High,Low,Engaged Bargain Seekers
438869,1,1,High,Low,Engaged Bargain Seekers
438875,0,1,High,Low,Engaged Bargain Seekers
438936,1,1,High,Low,Engaged Bargain Seekers
439013,0,1,High,Low,Engaged Bargain Seekers
439068,0,1,High,Low,Engaged Bargain Seekers
439092,0,1,High,Low,Engaged Bargain Seekers
439251,1,1,High,Low,Engaged Bargain Seekers
439252,0,1,High,Low,Engaged Bargain Seekers
439296,1,1,High,Low,Engaged Bargain Seekers
439350,1,1,High,Low,Engaged Bargain Seekers
439361,1,1,High,Low,Engaged Bargain Seekers
439566,1,1,High,Low,Engaged Bargain Seekers
439572,0,1,High,Low,Engaged Bargain Seekers
439574,1,1,High,Low,Engaged Bargain Seekers
439675,1,1,High,Low,Engaged Bargain Seekers
439696,1,1,High,Low,Engaged Bargain Seekers
439819,1,1,High,Low,Engaged Bargain Seekers
439900,1,1,High,Low,Engaged Bargain Seekers
440112,1,1,High,Low,Engaged Bargain Seekers
440198,1,1,High,Low,Engaged Bargain Seekers
440209,1,1,High,Low,Engaged Bargain Seekers
440213,1,1,High,Low,Engaged Bargain Seekers
440320,1,1,High,Low,Engaged Bargain Seekers
440511,1,1,High,Low,Engaged Bargain Seekers
440595,1,2,High,Medium,Rising Loyalists
440618,1,1,High,Low,Engaged Bargain Seekers
440642,1,1,High,Low,Engaged Bargain Seekers
440671,3,0,Low,High,High-Value At-Risk
440699,0,1,High,Low,Engaged Bargain Seekers
440758,3,1,Low,Low,Dormant / Churned
440785,1,1,High,Low,Engaged Bargain Seekers
440885,1,1,High,Low,Engaged Bargain Seekers
440928,1,1,High,Low,Engaged Bargain Seekers
440939,1,1,High,Low,Engaged Bargain Seekers
440967,1,1,High,Low,Engaged Bargain Seekers
441113,1,1,High,Low,Engaged Bargain Seekers
441128,1,1,High,Low,Engaged Bargain Seekers
441135,1,1,High,Low,Engaged Bargain Seekers
441155,1,1,High,Low,Engaged Bargain Seekers
441304,1,1,High,Low,Engaged Bargain Seekers
441313,1,1,High,Low,Engaged Bargain Seekers
441340,1,1,High,Low,Engaged Bargain Seekers
441345,0,1,High,Low,Engaged Bargain Seekers
441356,0,1,High,Low,Engaged Bargain Seekers
441359,1,1,High,Low,Engaged Bargain Seekers
441389,1,1,High,Low,Engaged Bargain Seekers
441419,0,1,High,Low,Engaged Bargain Seekers
441423,1,1,High,Low,Engaged Bargain Seekers
441439,1,1,High,Low,Engaged Bargain Seekers
441440,1,1,High,Low,Engaged Bargain Seekers
441442,1,1,High,Low,Engaged Bargain Seekers
441509,1,1,High,Low,Engaged Bargain Seekers
441623,1,1,High,Low,Engaged Bargain Seekers
441631,0,1,High,Low,Engaged Bargain Seekers
441670,1,1,High,Low,Engaged Bargain Seekers
441719,3,1,Low,Low,Dormant / Churned
441724,1,1,High,Low,Engaged Bargain Seekers
441741,1,1,High,Low,Engaged Bargain Seekers
441782,1,1,High,Low,Engaged Bargain Seekers
441964,1,1,High,Low,Engaged Bargain Seekers
442014,1,1,High,Low,Engaged Bargain Seekers
442018,1,1,High,Low,Engaged Bargain Seekers
442103,1,2,High,Medium,Rising Loyalists
442192,1,1,High,Low,Engaged Bargain Seekers
442249,1,1,High,Low,Engaged Bargain Seekers
442251,0,1,High,Low,Engaged Bargain Seekers
442252,1,1,High,Low,Engaged Bargain Seekers
442282,1,1,High,Low,Engaged Bargain Seekers
442304,1,1,High,Low,Engaged Bargain Seekers
442306,1,1,High,Low,Engaged Bargain Seekers
442418,0,1,High,Low,Engaged Bargain Seekers
442458,1,1,High,Low,Engaged Bargain Seekers
442479,1,1,High,Low,Engaged Bargain Seekers
442525,1,1,High,Low,Engaged Bargain Seekers
442609,1,1,High,Low,Engaged Bargain Seekers
442695,0,2,High,Medium,Rising Loyalists
442792,1,1,High,Low,Engaged Bargain Seekers
442831,0,1,High,Low,Engaged Bargain Seekers
442838,1,1,High,Low,Engaged Bargain Seekers
442868,1,1,High,Low,Engaged Bargain Seekers
442879,1,1,High,Low,Engaged Bargain Seekers
442956,1,1,High,Low,Engaged Bargain Seekers
442980,1,1,High,Low,Engaged Bargain Seekers
443130,1,1,High,Low,Engaged Bargain Seekers
443198,0,1,High,Low,Engaged Bargain Seekers
443199,1,1,High,Low,Engaged Bargain Seekers
443231,1,1,High,Low,Engaged Bargain Seekers
443232,1,1,High,Low,Engaged Bargain Seekers
443243,1,1,High,Low,Engaged Bargain Seekers
443557,2,1,Low,Low,Dormant / Churned
443595,1,1,High,Low,Engaged Bargain Seekers
443770,3,1,Low,Low,Dormant / Churned
443865,1,1,High,Low,Engaged Bargain Seekers
443896,1,1,High,Low,Engaged Bargain Seekers
443967,0,1,High,Low,Engaged Bargain Seekers
443970,0,1,High,Low,Engaged Bargain Seekers
443985,1,1,High,Low,Engaged Bargain Seekers
444022,1,1,High,Low,Engaged Bargain Seekers
444050,3,0,Low,High,High-Value At-Risk
444060,1,1,High,Low,Engaged Bargain Seekers
444085,1,1,High,Low,Engaged Bargain Seekers
444092,1,1,High,Low,Engaged Bargain Seekers
444154,1,1,High,Low,Engaged Bargain Seekers
444202,0,1,High,Low,Engaged Bargain Seekers
444218,3,0,Low,High,High-Value At-Risk
444237,1,1,High,Low,Engaged Bargain Seekers
444259,1,1,High,Low,Engaged Bargain Seekers
444300,0,1,High,Low,Engaged Bargain Seekers
444365,1,1,High,Low,Engaged Bargain Seekers
444366,1,1,High,Low,Engaged Bargain Seekers
444371,1,1,High,Low,Engaged Bargain Seekers
444524,1,1,High,Low,Engaged Bargain Seekers
444646,1,1,High,Low,Engaged Bargain Seekers
444652,0,1,High,Low,Engaged Bargain Seekers
444661,0,1,High,Low,Engaged Bargain Seekers
444684,1,1,High,Low,Engaged Bargain Seekers
444686,1,1,High,Low,Engaged Bargain Seekers
444748,1,1,High,Low,Engaged Bargain Seekers
444778,1,1,High,Low,Engaged Bargain Seekers
444786,1,1,High,Low,Engaged Bargain Seekers
444894,1,1,High,Low,Engaged Bargain Seekers
444904,3,0,Low,High,High-Value At-Risk
444931,1,1,High,Low,Engaged Bargain Seekers
444997,1,1,High,Low,Engaged Bargain Seekers
445008,3,0,Low,High,High-Value At-Risk
445024,1,1,High,Low,Engaged Bargain Seekers
445073,1,1,High,Low,Engaged Bargain Seekers
445137,1,1,High,Low,Engaged Bargain Seekers
445145,1,1,High,Low,Engaged Bargain Seekers
445146,0,1,High,Low,Engaged Bargain Seekers
445169,1,1,High,Low,Engaged Bargain Seekers
445176,1,1,High,Low,Engaged Bargain Seekers
445177,1,1,High,Low,Engaged Bargain Seekers
445247,3,0,Low,High,High-Value At-Risk
445251,1,1,High,Low,Engaged Bargain Seekers
445282,3,0,Low,High,High-Value At-Risk
445338,1,1,High,Low,Engaged Bargain Seekers
445370,1,1,High,Low,Engaged Bargain Seekers
445418,3,1,Low,Low,Dormant / Churned
445427,0,1,High,Low,Engaged Bargain Seekers
445432,1,1,High,Low,Engaged Bargain Seekers
445451,1,1,High,Low,Engaged Bargain Seekers
445496,1,1,High,Low,Engaged Bargain Seekers
445549,1,1,High,Low,Engaged Bargain Seekers
445599,3,0,Low,High,High-Value At-Risk
445632,1,1,High,Low,Engaged Bargain Seekers
445673,1,1,High,Low,Engaged Bargain Seekers
445675,1,1,High,Low,Engaged Bargain Seekers
445679,3,1,Low,Low,Dormant / Churned
445704,1,1,High,Low,Engaged Bargain Seekers
445746,1,1,High,Low,Engaged Bargain Seekers
445783,3,0,Low,High,High-Value At-Risk
445839,1,1,High,Low,Engaged Bargain Seekers
445867,1,1,High,Low,Engaged Bargain Seekers
445879,1,1,High,Low,Engaged Bargain Seekers
445915,0,1,High,Low,Engaged Bargain Seekers
446096,0,1,High,Low,Engaged Bargain Seekers
446135,0,1,High,Low,Engaged Bargain Seekers
446171,1,1,High,Low,Engaged Bargain Seekers
446302,1,1,High,Low,Engaged Bargain Seekers
446315,1,1,High,Low,Engaged Bargain Seekers
446352,1,1,High,Low,Engaged Bargain Seekers
446403,1,1,High,Low,Engaged Bargain Seekers
446662,3,0,Low,High,High-Value At-Risk
446712,1,1,High,Low,Engaged Bargain Seekers
446886,0,1,High,Low,Engaged Bargain Seekers
446968,3,1,Low,Low,Dormant / Churned
446988,1,1,High,Low,Engaged Bargain Seekers
446991,1,1,High,Low,Engaged Bargain Seekers
447092,1,1,High,Low,Engaged Bargain Seekers
447275,1,1,High,Low,Engaged Bargain Seekers
447387,1,1,High,Low,Engaged Bargain Seekers
447401,1,1,High,Low,Engaged Bargain Seekers
447439,0,1,High,Low,Engaged Bargain Seekers
447470,1,1,High,Low,Engaged Bargain Seekers
447544,1,1,High,Low,Engaged Bargain Seekers
447647,1,1,High,Low,Engaged Bargain Seekers
447675,1,1,High,Low,Engaged Bargain Seekers
447771,1,2,High,Medium,Rising Loyalists
447796,1,1,High,Low,Engaged Bargain Seekers
447804,1,1,High,Low,Engaged Bargain Seekers
447925,1,1,High,Low,Engaged Bargain Seekers
447943,1,1,High,Low,Engaged Bargain Seekers
447962,1,1,High,Low,Engaged Bargain Seekers
448136,1,1,High,Low,Engaged Bargain Seekers
448142,1,1,High,Low,Engaged Bargain Seekers
448147,1,1,High,Low,Engaged Bargain Seekers
448273,1,1,High,Low,Engaged Bargain Seekers
448354,1,1,High,Low,Engaged Bargain Seekers
448483,3,0,Low,High,High-Value At-Risk
448577,0,1,High,Low,Engaged Bargain Seekers
448654,1,1,High,Low,Engaged Bargain Seekers
448751,3,0,Low,High,High-Value At-Risk
448774,1,1,High,Low,Engaged Bargain Seekers
448812,1,2,High,Medium,Rising Loyalists
448823,0,1,High,Low,Engaged Bargain Seekers
448896,1,1,High,Low,Engaged Bargain Seekers
448912,1,1,High,Low,Engaged Bargain Seekers
449046,1,1,High,Low,Engaged Bargain Seekers
449084,1,1,High,Low,Engaged Bargain Seekers
449223,0,1,High,Low,Engaged Bargain Seekers
449417,1,1,High,Low,Engaged Bargain Seekers
449441,0,1,High,Low,Engaged Bargain Seekers
449530,0,1,High,Low,Engaged Bargain Seekers
449555,1,1,High,Low,Engaged Bargain Seekers
449654,1,1,High,Low,Engaged Bargain Seekers
449843,1,1,High,Low,Engaged Bargain Seekers
449858,1,1,High,Low,Engaged Bargain Seekers
450125,3,0,Low,High,High-Value At-Risk
450150,0,1,High,Low,Engaged Bargain Seekers
450205,0,1,High,Low,Engaged Bargain Seekers
450323,1,1,High,Low,Engaged Bargain Seekers
450417,0,1,High,Low,Engaged Bargain Seekers
450621,1,1,High,Low,Engaged Bargain Seekers
450665,1,2,High,Medium,Rising Loyalists
450698,1,1,High,Low,Engaged Bargain Seekers
450735,0,1,High,Low,Engaged Bargain Seekers
450802,0,1,High,Low,Engaged Bargain Seekers
450865,1,1,High,Low,Engaged Bargain Seekers
450888,1,1,High,Low,Engaged Bargain Seekers
450896,1,1,High,Low,Engaged Bargain Seekers
450979,1,1,High,Low,Engaged Bargain Seekers
450987,0,1,High,Low,Engaged Bargain Seekers
450995,1,1,High,Low,Engaged Bargain Seekers
451042,3,1,Low,Low,Dormant / Churned
451080,0,1,High,Low,Engaged Bargain Seekers
451183,0,1,High,Low,Engaged Bargain Seekers
451226,1,1,High,Low,Engaged Bargain Seekers
451240,1,1,High,Low,Engaged Bargain Seekers
451391,1,1,High,Low,Engaged Bargain Seekers
451425,1,1,High,Low,Engaged Bargain Seekers
451446,1,1,High,Low,Engaged Bargain Seekers
451448,3,0,Low,High,High-Value At-Risk
451469,1,1,High,Low,Engaged Bargain Seekers
451528,0,1,High,Low,Engaged Bargain Seekers
451711,1,1,High,Low,Engaged Bargain Seekers
451740,0,1,High,Low,Engaged Bargain Seekers
451819,1,1,High,Low,Engaged Bargain Seekers
451839,0,1,High,Low,Engaged Bargain Seekers
451886,1,1,High,Low,Engaged Bargain Seekers
451961,3,0,Low,High,High-Value At-Risk
452150,3,0,Low,High,High-Value At-Risk
452208,1,1,High,Low,Engaged Bargain Seekers
452279,0,1,High,Low,Engaged Bargain Seekers
452282,1,1,High,Low,Engaged Bargain Seekers
452342,1,2,High,Medium,Rising Loyalists
452417,1,1,High,Low,Engaged Bargain Seekers
452439,1,1,High,Low,Engaged Bargain Seekers
452459,0,1,High,Low,Engaged Bargain Seekers
452464,1,1,High,Low,Engaged Bargain Seekers
452530,1,1,High,Low,Engaged Bargain Seekers
452684,0,1,High,Low,Engaged Bargain Seekers
452725,1,1,High,Low,Engaged Bargain Seekers
452873,1,1,High,Low,Engaged Bargain Seekers
452976,1,1,High,Low,Engaged Bargain Seekers
452985,0,1,High,Low,Engaged Bargain Seekers
452994,0,1,High,Low,Engaged Bargain Seekers
453032,1,1,High,Low,Engaged Bargain Seekers
453034,1,1,High,Low,Engaged Bargain Seekers
453133,1,1,High,Low,Engaged Bargain Seekers
453135,1,1,High,Low,Engaged Bargain Seekers
453136,1,1,High,Low,Engaged Bargain Seekers
453165,0,1,High,Low,Engaged Bargain Seekers
453349,1,1,High,Low,Engaged Bargain Seekers
453408,1,1,High,Low,Engaged Bargain Seekers
453448,0,1,High,Low,Engaged Bargain Seekers
453466,0,1,High,Low,Engaged Bargain Seekers
453494,1,1,High,Low,Engaged Bargain Seekers
453578,0,1,High,Low,Engaged Bargain Seekers
453587,0,1,High,Low,Engaged Bargain Seekers
453654,1,1,High,Low,Engaged Bargain Seekers
453719,1,1,High,Low,Engaged Bargain Seekers
453876,0,1,High,Low,Engaged Bargain Seekers
453887,1,1,High,Low,Engaged Bargain Seekers
453971,0,1,High,Low,Engaged Bargain Seekers
453972,1,1,High,Low,Engaged Bargain Seekers
454022,1,1,High,Low,Engaged Bargain Seekers
454041,1,1,High,Low,Engaged Bargain Seekers
454073,1,1,High,Low,Engaged Bargain Seekers
454145,0,1,High,Low,Engaged Bargain Seekers
454223,3,1,Low,Low,Dormant / Churned
454327,1,1,High,Low,Engaged Bargain Seekers
454356,0,1,High,Low,Engaged Bargain Seekers
454440,1,1,High,Low,Engaged Bargain Seekers
454471,1,1,High,Low,Engaged Bargain Seekers
454514,1,1,High,Low,Engaged Bargain Seekers
454543,1,1,High,Low,Engaged Bargain Seekers
454609,0,1,High,Low,Engaged Bargain Seekers
454628,1,1,High,Low,Engaged Bargain Seekers
454630,1,1,High,Low,Engaged Bargain Seekers
454632,1,1,High,Low,Engaged Bargain Seekers
454663,1,1,High,Low,Engaged Bargain Seekers
454665,3,0,Low,High,High-Value At-Risk
454668,1,1,High,Low,Engaged Bargain Seekers
454690,1,1,High,Low,Engaged Bargain Seekers
454718,1,1,High,Low,Engaged Bargain Seekers
454720,1,1,High,Low,Engaged Bargain Seekers
454750,1,1,High,Low,Engaged Bargain Seekers
454880,1,1,High,Low,Engaged Bargain Seekers
454985,1,1,High,Low,Engaged Bargain Seekers
455023,1,1,High,Low,Engaged Bargain Seekers
455068,1,1,High,Low,Engaged Bargain Seekers
455234,0,1,High,Low,Engaged Bargain Seekers
455287,0,1,High,Low,Engaged Bargain Seekers
455319,1,1,High,Low,Engaged Bargain Seekers
455474,1,1,High,Low,Engaged Bargain Seekers
455594,1,1,High,Low,Engaged Bargain Seekers
455606,1,1,High,Low,Engaged Bargain Seekers
455651,1,1,High,Low,Engaged Bargain Seekers
455758,0,1,High,Low,Engaged Bargain Seekers
455866,1,1,High,Low,Engaged Bargain Seekers
455892,1,1,High,Low,Engaged Bargain Seekers
455896,1,1,High,Low,Engaged Bargain Seekers
455937,1,1,High,Low,Engaged Bargain Seekers
455941,1,1,High,Low,Engaged Bargain Seekers
455991,1,1,High,Low,Engaged Bargain Seekers
456095,1,1,High,Low,Engaged Bargain Seekers
456117,1,1,High,Low,Engaged Bargain Seekers
456128,1,1,High,Low,Engaged Bargain Seekers
456140,1,1,High,Low,Engaged Bargain Seekers
456167,1,1,High,Low,Engaged Bargain Seekers
456177,0,1,High,Low,Engaged Bargain Seekers
456259,1,1,High,Low,Engaged Bargain Seekers
456294,1,1,High,Low,Engaged Bargain Seekers
456360,1,1,High,Low,Engaged Bargain Seekers
456367,1,1,High,Low,Engaged Bargain Seekers
456432,1,1,High,Low,Engaged Bargain Seekers
456433,1,1,High,Low,Engaged Bargain Seekers
456436,1,1,High,Low,Engaged Bargain Seekers
456554,1,1,High,Low,Engaged Bargain Seekers
456613,1,1,High,Low,Engaged Bargain Seekers
456614,0,1,High,Low,Engaged Bargain Seekers
456632,1,1,High,Low,Engaged Bargain Seekers
456716,1,1,High,Low,Engaged Bargain Seekers
456752,0,1,High,Low,Engaged Bargain Seekers
456785,1,1,High,Low,Engaged Bargain Seekers
456822,1,1,High,Low,Engaged Bargain Seekers
456839,1,1,High,Low,Engaged Bargain Seekers
456887,1,1,High,Low,Engaged Bargain Seekers
456958,1,2,High,Medium,Rising Loyalists
457077,0,1,High,Low,Engaged Bargain Seekers
457127,3,1,Low,Low,Dormant / Churned
457374,0,1,High,Low,Engaged Bargain Seekers
457456,1,1,High,Low,Engaged Bargain Seekers
457489,1,1,High,Low,Engaged Bargain Seekers
457525,1,1,High,Low,Engaged Bargain Seekers
457535,1,1,High,Low,Engaged Bargain Seekers
457536,1,1,High,Low,Engaged Bargain Seekers
457552,0,1,High,Low,Engaged Bargain Seekers
457605,0,1,High,Low,Engaged Bargain Seekers
457652,3,1,Low,Low,Dormant / Churned
457695,0,1,High,Low,Engaged Bargain Seekers
457716,1,1,High,Low,Engaged Bargain Seekers
457797,1,1,High,Low,Engaged Bargain Seekers
457947,0,1,High,Low,Engaged Bargain Seekers
458029,3,1,Low,Low,Dormant / Churned
458041,1,1,High,Low,Engaged Bargain Seekers
458072,1,1,High,Low,Engaged Bargain Seekers
458074,1,1,High,Low,Engaged Bargain Seekers
458199,0,1,High,Low,Engaged Bargain Seekers
458202,1,1,High,Low,Engaged Bargain Seekers
458320,0,1,High,Low,Engaged Bargain Seekers
458614,1,1,High,Low,Engaged Bargain Seekers
458640,3,0,Low,High,High-Value At-Risk
458697,1,1,High,Low,Engaged Bargain Seekers
458745,0,1,High,Low,Engaged Bargain Seekers
458773,3,0,Low,High,High-Value At-Risk
458864,0,1,High,Low,Engaged Bargain Seekers
458939,1,1,High,Low,Engaged Bargain Seekers
458963,1,1,High,Low,Engaged Bargain Seekers
458984,1,1,High,Low,Engaged Bargain Seekers
459017,1,1,High,Low,Engaged Bargain Seekers
459099,1,1,High,Low,Engaged Bargain Seekers
459128,1,1,High,Low,Engaged Bargain Seekers
459163,1,1,High,Low,Engaged Bargain Seekers
459164,0,1,High,Low,Engaged Bargain Seekers
459223,1,1,High,Low,Engaged Bargain Seekers
459345,1,1,High,Low,Engaged Bargain Seekers
459404,1,1,High,Low,Engaged Bargain Seekers
459517,1,1,High,Low,Engaged Bargain Seekers
459563,1,1,High,Low,Engaged Bargain Seekers
459636,1,1,High,Low,Engaged Bargain Seekers
459683,1,1,High,Low,Engaged Bargain Seekers
459735,1,1,High,Low,Engaged Bargain Seekers
459737,1,1,High,Low,Engaged Bargain Seekers
459801,1,1,High,Low,Engaged Bargain Seekers
459835,0,1,High,Low,Engaged Bargain Seekers
459936,1,1,High,Low,Engaged Bargain Seekers
459948,1,1,High,Low,Engaged Bargain Seekers
459971,1,1,High,Low,Engaged Bargain Seekers
459991,0,1,High,Low,Engaged Bargain Seekers
459999,0,1,High,Low,Engaged Bargain Seekers
460025,1,1,High,Low,Engaged Bargain Seekers
460037,0,1,High,Low,Engaged Bargain Seekers
460043,1,1,High,Low,Engaged Bargain Seekers
460058,0,1,High,Low,Engaged Bargain Seekers
460091,1,1,High,Low,Engaged Bargain Seekers
460110,1,1,High,Low,Engaged Bargain Seekers
460207,1,1,High,Low,Engaged Bargain Seekers
460272,1,1,High,Low,Engaged Bargain Seekers
460291,1,1,High,Low,Engaged Bargain Seekers
460349,1,1,High,Low,Engaged Bargain Seekers
460629,1,1,High,Low,Engaged Bargain Seekers
460673,0,2,High,Medium,Rising Loyalists
460711,3,0,Low,High,High-Value At-Risk
460770,0,1,High,Low,Engaged Bargain Seekers
460894,1,1,High,Low,Engaged Bargain Seekers
460929,1,1,High,Low,Engaged Bargain Seekers
460934,1,1,High,Low,Engaged Bargain Seekers
460938,1,1,High,Low,Engaged Bargain Seekers
460943,0,1,High,Low,Engaged Bargain Seekers
461012,1,1,High,Low,Engaged Bargain Seekers
461108,0,1,High,Low,Engaged Bargain Seekers
461199,1,1,High,Low,Engaged Bargain Seekers
461325,3,0,Low,High,High-Value At-Risk
461353,1,1,High,Low,Engaged Bargain Seekers
461354,0,1,High,Low,Engaged Bargain Seekers
461540,0,1,High,Low,Engaged Bargain Seekers
461559,1,1,High,Low,Engaged Bargain Seekers
461859,1,1,High,Low,Engaged Bargain Seekers
461937,1,1,High,Low,Engaged Bargain Seekers
461974,0,1,High,Low,Engaged Bargain Seekers
462036,1,2,High,Medium,Rising Loyalists
462077,1,1,High,Low,Engaged Bargain Seekers
462078,3,0,Low,High,High-Value At-Risk
462128,1,1,High,Low,Engaged Bargain Seekers
462174,1,2,High,Medium,Rising Loyalists
462232,0,1,High,Low,Engaged Bargain Seekers
462247,0,1,High,Low,Engaged Bargain Seekers
462253,0,1,High,Low,Engaged Bargain Seekers
462279,0,1,High,Low,Engaged Bargain Seekers
462337,0,1,High,Low,Engaged Bargain Seekers
462355,1,1,High,Low,Engaged Bargain Seekers
462366,0,1,High,Low,Engaged Bargain Seekers
462459,0,1,High,Low,Engaged Bargain Seekers
462495,1,1,High,Low,Engaged Bargain Seekers
462497,3,1,Low,Low,Dormant / Churned
462595,1,1,High,Low,Engaged Bargain Seekers
462616,0,1,High,Low,Engaged Bargain Seekers
462638,1,1,High,Low,Engaged Bargain Seekers
462663,1,1,High,Low,Engaged Bargain Seekers
462701,1,1,High,Low,Engaged Bargain Seekers
462803,1,1,High,Low,Engaged Bargain Seekers
462815,0,1,High,Low,Engaged Bargain Seekers
462833,1,1,High,Low,Engaged Bargain Seekers
462974,1,1,High,Low,Engaged Bargain Seekers
462993,1,1,High,Low,Engaged Bargain Seekers
463070,2,1,Low,Low,Dormant / Churned
463146,0,1,High,Low,Engaged Bargain Seekers
463230,1,1,High,Low,Engaged Bargain Seekers
463263,1,1,High,Low,Engaged Bargain Seekers
463298,0,1,High,Low,Engaged Bargain Seekers
463361,1,1,High,Low,Engaged Bargain Seekers
463490,1,1,High,Low,Engaged Bargain Seekers
463606,1,1,High,Low,Engaged Bargain Seekers
463751,1,1,High,Low,Engaged Bargain Seekers
463833,1,1,High,Low,Engaged Bargain Seekers
463854,0,1,High,Low,Engaged Bargain Seekers
463882,1,1,High,Low,Engaged Bargain Seekers
463890,1,1,High,Low,Engaged Bargain Seekers
463926,0,1,High,Low,Engaged Bargain Seekers
463947,3,0,Low,High,High-Value At-Risk
463971,1,1,High,Low,Engaged Bargain Seekers
464044,1,1,High,Low,Engaged Bargain Seekers
464105,1,1,High,Low,Engaged Bargain Seekers
464114,0,1,High,Low,Engaged Bargain Seekers
464117,0,1,High,Low,Engaged Bargain Seekers
464137,1,1,High,Low,Engaged Bargain Seekers
464166,1,1,High,Low,Engaged Bargain Seekers
464187,1,1,High,Low,Engaged Bargain Seekers
464220,1,1,High,Low,Engaged Bargain Seekers
464248,1,1,High,Low,Engaged Bargain Seekers
464256,1,2,High,Medium,Rising Loyalists
464385,0,1,High,Low,Engaged Bargain Seekers
464394,1,2,High,Medium,Rising Loyalists
464447,1,1,High,Low,Engaged Bargain Seekers
464471,3,1,Low,Low,Dormant / Churned
464606,1,1,High,Low,Engaged Bargain Seekers
464639,1,1,High,Low,Engaged Bargain Seekers
464720,1,1,High,Low,Engaged Bargain Seekers
464771,1,1,High,Low,Engaged Bargain Seekers
464799,0,1,High,Low,Engaged Bargain Seekers
464828,0,1,High,Low,Engaged Bargain Seekers
464959,1,2,High,Medium,Rising Loyalists
464962,1,2,High,Medium,Rising Loyalists
464970,0,1,High,Low,Engaged Bargain Seekers
465095,0,1,High,Low,Engaged Bargain Seekers
465170,0,1,High,Low,Engaged Bargain Seekers
465197,1,1,High,Low,Engaged Bargain Seekers
465241,1,1,High,Low,Engaged Bargain Seekers
465260,1,1,High,Low,Engaged Bargain Seekers
465347,1,2,High,Medium,Rising Loyalists
465412,1,1,High,Low,Engaged Bargain Seekers
465421,1,1,High,Low,Engaged Bargain Seekers
465424,0,1,High,Low,Engaged Bargain Seekers
465476,3,0,Low,High,High-Value At-Risk
465530,1,1,High,Low,Engaged Bargain Seekers
465540,1,1,High,Low,Engaged Bargain Seekers
465570,1,1,High,Low,Engaged Bargain Seekers
465603,1,1,High,Low,Engaged Bargain Seekers
465692,1,1,High,Low,Engaged Bargain Seekers
465729,1,1,High,Low,Engaged Bargain Seekers
465741,1,1,High,Low,Engaged Bargain Seekers
465746,1,1,High,Low,Engaged Bargain Seekers
465842,1,1,High,Low,Engaged Bargain Seekers
465864,0,1,High,Low,Engaged Bargain Seekers
465891,0,1,High,Low,Engaged Bargain Seekers
465927,0,1,High,Low,Engaged Bargain Seekers
465931,1,1,High,Low,Engaged Bargain Seekers
465950,3,1,Low,Low,Dormant / Churned
465962,1,1,High,Low,Engaged Bargain Seekers
465980,0,1,High,Low,Engaged Bargain Seekers
465990,1,1,High,Low,Engaged Bargain Seekers
466147,0,1,High,Low,Engaged Bargain Seekers
466384,3,0,Low,High,High-Value At-Risk
466477,0,1,High,Low,Engaged Bargain Seekers
466645,0,1,High,Low,Engaged Bargain Seekers
466754,0,1,High,Low,Engaged Bargain Seekers
466781,0,1,High,Low,Engaged Bargain Seekers
466795,1,1,High,Low,Engaged Bargain Seekers
466813,0,1,High,Low,Engaged Bargain Seekers
466862,1,1,High,Low,Engaged Bargain Seekers
466865,1,1,High,Low,Engaged Bargain Seekers
466953,1,1,High,Low,Engaged Bargain Seekers
466998,1,1,High,Low,Engaged Bargain Seekers
467013,3,0,Low,High,High-Value At-Risk
467046,1,1,High,Low,Engaged Bargain Seekers
467139,3,0,Low,High,High-Value At-Risk
467143,1,1,High,Low,Engaged Bargain Seekers
467151,1,1,High,Low,Engaged Bargain Seekers
467175,1,1,High,Low,Engaged Bargain Seekers
467182,1,1,High,Low,Engaged Bargain Seekers
467222,1,2,High,Medium,Rising Loyalists
467249,0,1,High,Low,Engaged Bargain Seekers
467359,0,2,High,Medium,Rising Loyalists
467361,1,2,High,Medium,Rising Loyalists
467382,1,1,High,Low,Engaged Bargain Seekers
467401,0,1,High,Low,Engaged Bargain Seekers
467455,0,1,High,Low,Engaged Bargain Seekers
467510,1,1,High,Low,Engaged Bargain Seekers
467580,0,1,High,Low,Engaged Bargain Seekers
467607,0,1,High,Low,Engaged Bargain Seekers
467631,1,1,High,Low,Engaged Bargain Seekers
467685,3,1,Low,Low,Dormant / Churned
467848,1,2,High,Medium,Rising Loyalists
467894,3,0,Low,High,High-Value At-Risk
467926,1,1,High,Low,Engaged Bargain Seekers
467945,1,1,High,Low,Engaged Bargain Seekers
468067,1,1,High,Low,Engaged Bargain Seekers
468138,1,1,High,Low,Engaged Bargain Seekers
468192,1,1,High,Low,Engaged Bargain Seekers
468220,1,1,High,Low,Engaged Bargain Seekers
468310,1,1,High,Low,Engaged Bargain Seekers
468380,3,0,Low,High,High-Value At-Risk
468516,1,1,High,Low,Engaged Bargain Seekers
468520,0,1,High,Low,Engaged Bargain Seekers
468522,3,0,Low,High,High-Value At-Risk
468534,3,0,Low,High,High-Value At-Risk
468542,0,1,High,Low,Engaged Bargain Seekers
468945,1,1,High,Low,Engaged Bargain Seekers
468970,1,1,High,Low,Engaged Bargain Seekers
469075,1,1,High,Low,Engaged Bargain Seekers
469230,1,1,High,Low,Engaged Bargain Seekers
469238,0,1,High,Low,Engaged Bargain Seekers
469404,1,1,High,Low,Engaged Bargain Seekers
469532,0,1,High,Low,Engaged Bargain Seekers
469545,3,1,Low,Low,Dormant / Churned
469616,1,1,High,Low,Engaged Bargain Seekers
469660,1,1,High,Low,Engaged Bargain Seekers
469684,1,1,High,Low,Engaged Bargain Seekers
469702,3,0,Low,High,High-Value At-Risk
469718,1,1,High,Low,Engaged Bargain Seekers
469767,0,1,High,Low,Engaged Bargain Seekers
469781,1,1,High,Low,Engaged Bargain Seekers
469977,1,1,High,Low,Engaged Bargain Seekers
470022,1,1,High,Low,Engaged Bargain Seekers
470076,1,1,High,Low,Engaged Bargain Seekers
470123,1,1,High,Low,Engaged Bargain Seekers
470245,1,1,High,Low,Engaged Bargain Seekers
470272,1,1,High,Low,Engaged Bargain Seekers
470323,1,1,High,Low,Engaged Bargain Seekers
470334,1,1,High,Low,Engaged Bargain Seekers
470373,1,1,High,Low,Engaged Bargain Seekers
470381,1,1,High,Low,Engaged Bargain Seekers
470450,3,0,Low,High,High-Value At-Risk
470469,1,1,High,Low,Engaged Bargain Seekers
470480,1,1,High,Low,Engaged Bargain Seekers
470591,1,1,High,Low,Engaged Bargain Seekers
470671,1,1,High,Low,Engaged Bargain Seekers
470738,1,1,High,Low,Engaged Bargain Seekers
470739,3,0,Low,High,High-Value At-Risk
470802,0,1,High,Low,Engaged Bargain Seekers
470952,0,1,High,Low,Engaged Bargain Seekers
470989,1,1,High,Low,Engaged Bargain Seekers
470998,0,1,High,Low,Engaged Bargain Seekers
471000,1,2,High,Medium,Rising Loyalists
471015,1,1,High,Low,Engaged Bargain Seekers
471018,3,1,Low,Low,Dormant / Churned
471098,1,1,High,Low,Engaged Bargain Seekers
471170,1,1,High,Low,Engaged Bargain Seekers
471188,1,1,High,Low,Engaged Bargain Seekers
471204,1,1,High,Low,Engaged Bargain Seekers
471440,0,1,High,Low,Engaged Bargain Seekers
471460,0,1,High,Low,Engaged Bargain Seekers
471466,0,1,High,Low,Engaged Bargain Seekers
471523,0,1,High,Low,Engaged Bargain Seekers
471583,1,1,High,Low,Engaged Bargain Seekers
471662,1,1,High,Low,Engaged Bargain Seekers
471706,1,1,High,Low,Engaged Bargain Seekers
471858,1,1,High,Low,Engaged Bargain Seekers
471944,3,0,Low,High,High-Value At-Risk
472009,1,1,High,Low,Engaged Bargain Seekers
472225,1,1,High,Low,Engaged Bargain Seekers
472283,3,1,Low,Low,Dormant / Churned
472314,0,1,High,Low,Engaged Bargain Seekers
472325,1,1,High,Low,Engaged Bargain Seekers
472356,1,1,High,Low,Engaged Bargain Seekers
472373,1,1,High,Low,Engaged Bargain Seekers
472376,0,2,High,Medium,Rising Loyalists
472405,1,1,High,Low,Engaged Bargain Seekers
472445,0,1,High,Low,Engaged Bargain Seekers
472488,0,1,High,Low,Engaged Bargain Seekers
472521,1,1,High,Low,Engaged Bargain Seekers
472532,1,1,High,Low,Engaged Bargain Seekers
472540,1,1,High,Low,Engaged Bargain Seekers
472589,1,1,High,Low,Engaged Bargain Seekers
472674,1,1,High,Low,Engaged Bargain Seekers
472692,1,1,High,Low,Engaged Bargain Seekers
472695,1,1,High,Low,Engaged Bargain Seekers
472702,0,1,High,Low,Engaged Bargain Seekers
472719,1,1,High,Low,Engaged Bargain Seekers
472726,3,0,Low,High,High-Value At-Risk
472787,1,1,High,Low,Engaged Bargain Seekers
472807,0,1,High,Low,Engaged Bargain Seekers
472824,1,1,High,Low,Engaged Bargain Seekers
472879,1,1,High,Low,Engaged Bargain Seekers
472921,0,1,High,Low,Engaged Bargain Seekers
472933,1,1,High,Low,Engaged Bargain Seekers
472942,1,1,High,Low,Engaged Bargain Seekers
472964,1,1,High,Low,Engaged Bargain Seekers
473093,1,1,High,Low,Engaged Bargain Seekers
473144,1,1,High,Low,Engaged Bargain Seekers
473194,1,1,High,Low,Engaged Bargain Seekers
473204,1,1,High,Low,Engaged Bargain Seekers
473259,0,1,High,Low,Engaged Bargain Seekers
473409,1,1,High,Low,Engaged Bargain Seekers
473410,1,1,High,Low,Engaged Bargain Seekers
473548,1,1,High,Low,Engaged Bargain Seekers
473563,1,1,High,Low,Engaged Bargain Seekers
473564,0,1,High,Low,Engaged Bargain Seekers
473622,1,1,High,Low,Engaged Bargain Seekers
473636,1,1,High,Low,Engaged Bargain Seekers
473648,0,1,High,Low,Engaged Bargain Seekers
473674,0,1,High,Low,Engaged Bargain Seekers
473758,1,1,High,Low,Engaged Bargain Seekers
473772,1,1,High,Low,Engaged Bargain Seekers
473775,1,1,High,Low,Engaged Bargain Seekers
473786,1,1,High,Low,Engaged Bargain Seekers
474027,0,1,High,Low,Engaged Bargain Seekers
474047,3,1,Low,Low,Dormant / Churned
474172,3,1,Low,Low,Dormant / Churned
474174,1,1,High,Low,Engaged Bargain Seekers
474272,0,1,High,Low,Engaged Bargain Seekers
474305,1,1,High,Low,Engaged Bargain Seekers
474333,1,1,High,Low,Engaged Bargain Seekers
474342,1,1,High,Low,Engaged Bargain Seekers
474383,0,1,High,Low,Engaged Bargain Seekers
474458,1,1,High,Low,Engaged Bargain Seekers
474752,1,1,High,Low,Engaged Bargain Seekers
474757,3,1,Low,Low,Dormant / Churned
474779,1,1,High,Low,Engaged Bargain Seekers
474846,1,1,High,Low,Engaged Bargain Seekers
474894,1,1,High,Low,Engaged Bargain Seekers
474905,1,1,High,Low,Engaged Bargain Seekers
474921,1,1,High,Low,Engaged Bargain Seekers
474945,1,1,High,Low,Engaged Bargain Seekers
475009,3,0,Low,High,High-Value At-Risk
475034,0,1,High,Low,Engaged Bargain Seekers
475123,1,1,High,Low,Engaged Bargain Seekers
475132,1,2,High,Medium,Rising Loyalists
475172,1,1,High,Low,Engaged Bargain Seekers
475175,1,1,High,Low,Engaged Bargain Seekers
475233,1,1,High,Low,Engaged Bargain Seekers
475249,3,0,Low,High,High-Value At-Risk
475313,3,0,Low,High,High-Value At-Risk
475395,0,1,High,Low,Engaged Bargain Seekers
475500,1,1,High,Low,Engaged Bargain Seekers
475532,1,1,High,Low,Engaged Bargain Seekers
475535,0,1,High,Low,Engaged Bargain Seekers
475550,1,1,High,Low,Engaged Bargain Seekers
475634,0,1,High,Low,Engaged Bargain Seekers
475690,1,1,High,Low,Engaged Bargain Seekers
475700,1,1,High,Low,Engaged Bargain Seekers
475713,1,1,High,Low,Engaged Bargain Seekers
475930,0,1,High,Low,Engaged Bargain Seekers
475950,0,1,High,Low,Engaged Bargain Seekers
475974,1,1,High,Low,Engaged Bargain Seekers
475991,1,1,High,Low,Engaged Bargain Seekers
476068,1,1,High,Low,Engaged Bargain Seekers
476080,0,1,High,Low,Engaged Bargain Seekers
476258,1,1,High,Low,Engaged Bargain Seekers
476273,0,2,High,Medium,Rising Loyalists
476288,1,1,High,Low,Engaged Bargain Seekers
476327,1,1,High,Low,Engaged Bargain Seekers
476371,0,1,High,Low,Engaged Bargain Seekers
476431,1,1,High,Low,Engaged Bargain Seekers
476477,1,2,High,Medium,Rising Loyalists
476497,1,1,High,Low,Engaged Bargain Seekers
476539,1,1,High,Low,Engaged Bargain Seekers
476571,1,1,High,Low,Engaged Bargain Seekers
476648,1,2,High,Medium,Rising Loyalists
476652,1,2,High,Medium,Rising Loyalists
476875,1,1,High,Low,Engaged Bargain Seekers
477157,0,1,High,Low,Engaged Bargain Seekers
477219,1,2,High,Medium,Rising Loyalists
477295,1,1,High,Low,Engaged Bargain Seekers
477362,1,1,High,Low,Engaged Bargain Seekers
477468,1,1,High,Low,Engaged Bargain Seekers
477517,1,1,High,Low,Engaged Bargain Seekers
477598,1,1,High,Low,Engaged Bargain Seekers
477599,0,1,High,Low,Engaged Bargain Seekers
477654,1,2,High,Medium,Rising Loyalists
477676,1,1,High,Low,Engaged Bargain Seekers
477739,1,2,High,Medium,Rising Loyalists
477787,0,1,High,Low,Engaged Bargain Seekers
477867,3,0,Low,High,High-Value At-Risk
477869,1,1,High,Low,Engaged Bargain Seekers
477993,1,1,High,Low,Engaged Bargain Seekers
478050,1,1,High,Low,Engaged Bargain Seekers
478107,0,1,High,Low,Engaged Bargain Seekers
478108,1,1,High,Low,Engaged Bargain Seekers
478127,1,1,High,Low,Engaged Bargain Seekers
478142,1,1,High,Low,Engaged Bargain Seekers
478247,1,1,High,Low,Engaged Bargain Seekers
478278,1,1,High,Low,Engaged Bargain Seekers
478284,0,1,High,Low,Engaged Bargain Seekers
478315,1,1,High,Low,Engaged Bargain Seekers
478373,1,1,High,Low,Engaged Bargain Seekers
478431,1,1,High,Low,Engaged Bargain Seekers
478566,0,1,High,Low,Engaged Bargain Seekers
478666,1,1,High,Low,Engaged Bargain Seekers
478700,1,1,High,Low,Engaged Bargain Seekers
478770,1,1,High,Low,Engaged Bargain Seekers
478785,1,1,High,Low,Engaged Bargain Seekers
478792,1,1,High,Low,Engaged Bargain Seekers
478890,1,1,High,Low,Engaged Bargain Seekers
478912,1,1,High,Low,Engaged Bargain Seekers
478986,1,1,High,Low,Engaged Bargain Seekers
479015,1,1,High,Low,Engaged Bargain Seekers
479198,1,1,High,Low,Engaged Bargain Seekers
479278,1,1,High,Low,Engaged Bargain Seekers
479359,3,1,Low,Low,Dormant / Churned
479445,1,2,High,Medium,Rising Loyalists
479509,0,1,High,Low,Engaged Bargain Seekers
479593,1,1,High,Low,Engaged Bargain Seekers
479724,1,1,High,Low,Engaged Bargain Seekers
479766,1,1,High,Low,Engaged Bargain Seekers
479815,1,1,High,Low,Engaged Bargain Seekers
479872,1,1,High,Low,Engaged Bargain Seekers
479950,1,1,High,Low,Engaged Bargain Seekers
479960,1,1,High,Low,Engaged Bargain Seekers
480021,0,1,High,Low,Engaged Bargain Seekers
480074,1,1,High,Low,Engaged Bargain Seekers
480158,1,1,High,Low,Engaged Bargain Seekers
480200,1,1,High,Low,Engaged Bargain Seekers
480203,1,1,High,Low,Engaged Bargain Seekers
480239,1,1,High,Low,Engaged Bargain Seekers
480259,0,1,High,Low,Engaged Bargain Seekers
480275,1,2,High,Medium,Rising Loyalists
480389,0,1,High,Low,Engaged Bargain Seekers
480435,0,2,High,Medium,Rising Loyalists
480502,0,1,High,Low,Engaged Bargain Seekers
480675,0,1,High,Low,Engaged Bargain Seekers
480732,1,1,High,Low,Engaged Bargain Seekers
480760,1,2,High,Medium,Rising Loyalists
480846,1,1,High,Low,Engaged Bargain Seekers
480858,1,2,High,Medium,Rising Loyalists
480864,1,1,High,Low,Engaged Bargain Seekers
480872,0,1,High,Low,Engaged Bargain Seekers
480909,1,1,High,Low,Engaged Bargain Seekers
480934,1,1,High,Low,Engaged Bargain Seekers
480957,1,1,High,Low,Engaged Bargain Seekers
481018,1,1,High,Low,Engaged Bargain Seekers
481028,1,2,High,Medium,Rising Loyalists
481048,1,1,High,Low,Engaged Bargain Seekers
481076,1,1,High,Low,Engaged Bargain Seekers
481105,1,1,High,Low,Engaged Bargain Seekers
481191,0,1,High,Low,Engaged Bargain Seekers
481262,3,1,Low,Low,Dormant / Churned
481293,1,1,High,Low,Engaged Bargain Seekers
481450,0,1,High,Low,Engaged Bargain Seekers
481457,0,1,High,Low,Engaged Bargain Seekers
481531,3,1,Low,Low,Dormant / Churned
481590,0,2,High,Medium,Rising Loyalists
481660,0,1,High,Low,Engaged Bargain Seekers
481699,3,0,Low,High,High-Value At-Risk
481851,0,2,High,Medium,Rising Loyalists
481857,1,1,High,Low,Engaged Bargain Seekers
481860,0,1,High,Low,Engaged Bargain Seekers
481893,1,1,High,Low,Engaged Bargain Seekers
481902,0,1,High,Low,Engaged Bargain Seekers
481931,1,1,High,Low,Engaged Bargain Seekers
481955,1,1,High,Low,Engaged Bargain Seekers
481987,0,1,High,Low,Engaged Bargain Seekers
482169,1,1,High,Low,Engaged Bargain Seekers
482218,1,1,High,Low,Engaged Bargain Seekers
482256,1,1,High,Low,Engaged Bargain Seekers
482345,1,1,High,Low,Engaged Bargain Seekers
482351,0,1,High,Low,Engaged Bargain Seekers
482370,0,1,High,Low,Engaged Bargain Seekers
482402,1,1,High,Low,Engaged Bargain Seekers
482424,3,0,Low,High,High-Value At-Risk
482525,1,1,High,Low,Engaged Bargain Seekers
482528,1,1,High,Low,Engaged Bargain Seekers
482551,1,1,High,Low,Engaged Bargain Seekers
482561,1,1,High,Low,Engaged Bargain Seekers
482567,0,1,High,Low,Engaged Bargain Seekers
482673,0,1,High,Low,Engaged Bargain Seekers
482681,1,1,High,Low,Engaged Bargain Seekers
482711,1,1,High,Low,Engaged Bargain Seekers
482777,0,1,High,Low,Engaged Bargain Seekers
482796,3,0,Low,High,High-Value At-Risk
482882,1,1,High,Low,Engaged Bargain Seekers
482922,0,2,High,Medium,Rising Loyalists
482938,0,1,High,Low,Engaged Bargain Seekers
482940,1,1,High,Low,Engaged Bargain Seekers
483125,1,2,High,Medium,Rising Loyalists
483154,1,1,High,Low,Engaged Bargain Seekers
483198,1,1,High,Low,Engaged Bargain Seekers
483212,2,1,Low,Low,Dormant / Churned
483274,3,0,Low,High,High-Value At-Risk
483436,1,1,High,Low,Engaged Bargain Seekers
483623,1,1,High,Low,Engaged Bargain Seekers
483627,1,1,High,Low,Engaged Bargain Seekers
483631,1,1,High,Low,Engaged Bargain Seekers
483747,0,1,High,Low,Engaged Bargain Seekers
483768,1,1,High,Low,Engaged Bargain Seekers
483802,3,1,Low,Low,Dormant / Churned
483863,1,1,High,Low,Engaged Bargain Seekers
483875,1,1,High,Low,Engaged Bargain Seekers
483899,1,1,High,Low,Engaged Bargain Seekers
483969,3,1,Low,Low,Dormant / Churned
484194,1,1,High,Low,Engaged Bargain Seekers
484225,0,1,High,Low,Engaged Bargain Seekers
484243,1,1,High,Low,Engaged Bargain Seekers
484317,1,1,High,Low,Engaged Bargain Seekers
484422,1,1,High,Low,Engaged Bargain Seekers
484446,1,1,High,Low,Engaged Bargain Seekers
484495,1,1,High,Low,Engaged Bargain Seekers
484504,1,1,High,Low,Engaged Bargain Seekers
484543,0,1,High,Low,Engaged Bargain Seekers
484592,1,1,High,Low,Engaged Bargain Seekers
484625,1,1,High,Low,Engaged Bargain Seekers
484718,1,1,High,Low,Engaged Bargain Seekers
484733,1,1,High,Low,Engaged Bargain Seekers
484765,0,1,High,Low,Engaged Bargain Seekers
484774,0,1,High,Low,Engaged Bargain Seekers
484811,1,1,High,Low,Engaged Bargain Seekers
484853,1,1,High,Low,Engaged Bargain Seekers
484894,1,1,High,Low,Engaged Bargain Seekers
484939,3,0,Low,High,High-Value At-Risk
485040,1,1,High,Low,Engaged Bargain Seekers
485062,0,1,High,Low,Engaged Bargain Seekers
485189,3,1,Low,Low,Dormant / Churned
485196,1,1,High,Low,Engaged Bargain Seekers
485258,0,1,High,Low,Engaged Bargain Seekers
485280,1,1,High,Low,Engaged Bargain Seekers
485281,1,1,High,Low,Engaged Bargain Seekers
485282,1,1,High,Low,Engaged Bargain Seekers
485283,0,1,High,Low,Engaged Bargain Seekers
485300,0,1,High,Low,Engaged Bargain Seekers
485330,0,1,High,Low,Engaged Bargain Seekers
485383,1,1,High,Low,Engaged Bargain Seekers
485397,1,1,High,Low,Engaged Bargain Seekers
485486,3,1,Low,Low,Dormant / Churned
485557,1,1,High,Low,Engaged Bargain Seekers
485674,1,1,High,Low,Engaged Bargain Seekers
485705,3,0,Low,High,High-Value At-Risk
485742,1,1,High,Low,Engaged Bargain Seekers
485745,1,2,High,Medium,Rising Loyalists
485787,1,1,High,Low,Engaged Bargain Seekers
485795,1,1,High,Low,Engaged Bargain Seekers
485845,1,1,High,Low,Engaged Bargain Seekers
485933,1,1,High,Low,Engaged Bargain Seekers
486048,1,1,High,Low,Engaged Bargain Seekers
486075,1,2,High,Medium,Rising Loyalists
486112,0,1,High,Low,Engaged Bargain Seekers
486117,1,1,High,Low,Engaged Bargain Seekers
486139,1,1,High,Low,Engaged Bargain Seekers
486143,1,1,High,Low,Engaged Bargain Seekers
486197,0,1,High,Low,Engaged Bargain Seekers
486200,0,1,High,Low,Engaged Bargain Seekers
486226,1,1,High,Low,Engaged Bargain Seekers
486359,1,1,High,Low,Engaged Bargain Seekers
486422,3,0,Low,High,High-Value At-Risk
486600,1,1,High,Low,Engaged Bargain Seekers
486708,1,2,High,Medium,Rising Loyalists
486776,1,1,High,Low,Engaged Bargain Seekers
486812,0,1,High,Low,Engaged Bargain Seekers
486831,1,1,High,Low,Engaged Bargain Seekers
486860,0,1,High,Low,Engaged Bargain Seekers
486880,3,0,Low,High,High-Value At-Risk
486890,1,1,High,Low,Engaged Bargain Seekers
486897,1,2,High,Medium,Rising Loyalists
486909,1,1,High,Low,Engaged Bargain Seekers
486933,0,1,High,Low,Engaged Bargain Seekers
486955,1,1,High,Low,Engaged Bargain Seekers
486956,1,1,High,Low,Engaged Bargain Seekers
487027,0,1,High,Low,Engaged Bargain Seekers
487070,1,2,High,Medium,Rising Loyalists
487195,1,2,High,Medium,Rising Loyalists
487212,1,1,High,Low,Engaged Bargain Seekers
487228,0,1,High,Low,Engaged Bargain Seekers
487359,1,1,High,Low,Engaged Bargain Seekers
487486,1,1,High,Low,Engaged Bargain Seekers
487536,3,0,Low,High,High-Value At-Risk
487605,1,1,High,Low,Engaged Bargain Seekers
487726,1,1,High,Low,Engaged Bargain Seekers
487727,1,1,High,Low,Engaged Bargain Seekers
487777,1,1,High,Low,Engaged Bargain Seekers
487799,0,1,High,Low,Engaged Bargain Seekers
487807,1,1,High,Low,Engaged Bargain Seekers
487823,0,1,High,Low,Engaged Bargain Seekers
487901,1,1,High,Low,Engaged Bargain Seekers
487930,1,1,High,Low,Engaged Bargain Seekers
488009,0,1,High,Low,Engaged Bargain Seekers
488044,1,1,High,Low,Engaged Bargain Seekers
488071,1,1,High,Low,Engaged Bargain Seekers
488130,1,1,High,Low,Engaged Bargain Seekers
488151,0,1,High,Low,Engaged Bargain Seekers
488188,1,1,High,Low,Engaged Bargain Seekers
488224,3,0,Low,High,High-Value At-Risk
488268,1,1,High,Low,Engaged Bargain Seekers
488303,1,1,High,Low,Engaged Bargain Seekers
488346,3,1,Low,Low,Dormant / Churned
488535,1,1,High,Low,Engaged Bargain Seekers
488549,1,1,High,Low,Engaged Bargain Seekers
488647,0,2,High,Medium,Rising Loyalists
488675,1,2,High,Medium,Rising Loyalists
488679,1,1,High,Low,Engaged Bargain Seekers
488724,3,0,Low,High,High-Value At-Risk
488799,1,1,High,Low,Engaged Bargain Seekers
488811,0,1,High,Low,Engaged Bargain Seekers
488853,1,1,High,Low,Engaged Bargain Seekers
488872,1,1,High,Low,Engaged Bargain Seekers
488884,1,1,High,Low,Engaged Bargain Seekers
488891,3,0,Low,High,High-Value At-Risk
489108,1,1,High,Low,Engaged Bargain Seekers
489115,1,1,High,Low,Engaged Bargain Seekers
489221,1,1,High,Low,Engaged Bargain Seekers
489244,1,1,High,Low,Engaged Bargain Seekers
489279,1,1,High,Low,Engaged Bargain Seekers
489301,1,1,High,Low,Engaged Bargain Seekers
489335,1,1,High,Low,Engaged Bargain Seekers
489371,1,1,High,Low,Engaged Bargain Seekers
489391,1,1,High,Low,Engaged Bargain Seekers
489394,0,1,High,Low,Engaged Bargain Seekers
489443,3,0,Low,High,High-Value At-Risk
489459,3,0,Low,High,High-Value At-Risk
489501,0,1,High,Low,Engaged Bargain Seekers
489523,1,2,High,Medium,Rising Loyalists
489534,1,1,High,Low,Engaged Bargain Seekers
489549,0,1,High,Low,Engaged Bargain Seekers
489592,0,1,High,Low,Engaged Bargain Seekers
489609,0,1,High,Low,Engaged Bargain Seekers
489628,0,1,High,Low,Engaged Bargain Seekers
489781,1,1,High,Low,Engaged Bargain Seekers
489842,1,2,High,Medium,Rising Loyalists
489856,0,1,High,Low,Engaged Bargain Seekers
489956,1,1,High,Low,Engaged Bargain Seekers
489985,0,1,High,Low,Engaged Bargain Seekers
490053,1,1,High,Low,Engaged Bargain Seekers
490250,1,1,High,Low,Engaged Bargain Seekers
490387,3,1,Low,Low,Dormant / Churned
490439,0,1,High,Low,Engaged Bargain Seekers
490479,1,1,High,Low,Engaged Bargain Seekers
490487,1,1,High,Low,Engaged Bargain Seekers
490553,1,1,High,Low,Engaged Bargain Seekers
490562,0,1,High,Low,Engaged Bargain Seekers
490563,1,1,High,Low,Engaged Bargain Seekers
490774,1,1,High,Low,Engaged Bargain Seekers
490806,1,1,High,Low,Engaged Bargain Seekers
490824,1,1,High,Low,Engaged Bargain Seekers
490840,1,1,High,Low,Engaged Bargain Seekers
490860,1,1,High,Low,Engaged Bargain Seekers
490932,1,1,High,Low,Engaged Bargain Seekers
490984,1,1,High,Low,Engaged Bargain Seekers
491005,1,1,High,Low,Engaged Bargain Seekers
491122,1,1,High,Low,Engaged Bargain Seekers
491242,0,1,High,Low,Engaged Bargain Seekers
491244,0,1,High,Low,Engaged Bargain Seekers
491253,1,1,High,Low,Engaged Bargain Seekers
491310,1,1,High,Low,Engaged Bargain Seekers
491351,1,1,High,Low,Engaged Bargain Seekers
491369,1,1,High,Low,Engaged Bargain Seekers
491391,1,1,High,Low,Engaged Bargain Seekers
491404,1,1,High,Low,Engaged Bargain Seekers
491481,1,2,High,Medium,Rising Loyalists
491495,3,0,Low,High,High-Value At-Risk
491513,1,1,High,Low,Engaged Bargain Seekers
491643,0,1,High,Low,Engaged Bargain Seekers
491690,0,1,High,Low,Engaged Bargain Seekers
491704,3,1,Low,Low,Dormant / Churned
491773,1,1,High,Low,Engaged Bargain Seekers
491907,1,2,High,Medium,Rising Loyalists
491948,1,1,High,Low,Engaged Bargain Seekers
491986,1,1,High,Low,Engaged Bargain Seekers
491987,1,1,High,Low,Engaged Bargain Seekers
492011,1,1,High,Low,Engaged Bargain Seekers
492036,0,1,High,Low,Engaged Bargain Seekers
492090,1,1,High,Low,Engaged Bargain Seekers
492158,1,1,High,Low,Engaged Bargain Seekers
492159,1,1,High,Low,Engaged Bargain Seekers
492165,1,1,High,Low,Engaged Bargain Seekers
492226,0,1,High,Low,Engaged Bargain Seekers
492265,0,1,High,Low,Engaged Bargain Seekers
492367,0,1,High,Low,Engaged Bargain Seekers
492401,1,1,High,Low,Engaged Bargain Seekers
492433,1,1,High,Low,Engaged Bargain Seekers
492496,1,1,High,Low,Engaged Bargain Seekers
492505,1,1,High,Low,Engaged Bargain Seekers
492575,0,1,High,Low,Engaged Bargain Seekers
492695,0,1,High,Low,Engaged Bargain Seekers
492700,0,1,High,Low,Engaged Bargain Seekers
492757,1,1,High,Low,Engaged Bargain Seekers
492789,1,1,High,Low,Engaged Bargain Seekers
492812,1,1,High,Low,Engaged Bargain Seekers
492883,1,1,High,Low,Engaged Bargain Seekers
492966,1,1,High,Low,Engaged Bargain Seekers
492973,0,1,High,Low,Engaged Bargain Seekers
493061,1,1,High,Low,Engaged Bargain Seekers
493088,1,1,High,Low,Engaged Bargain Seekers
493283,1,1,High,Low,Engaged Bargain Seekers
493337,3,0,Low,High,High-Value At-Risk
493350,1,1,High,Low,Engaged Bargain Seekers
493358,0,1,High,Low,Engaged Bargain Seekers
493369,0,1,High,Low,Engaged Bargain Seekers
493427,1,1,High,Low,Engaged Bargain Seekers
493598,1,1,High,Low,Engaged Bargain Seekers
493606,3,0,Low,High,High-Value At-Risk
493640,0,1,High,Low,Engaged Bargain Seekers
493677,1,1,High,Low,Engaged Bargain Seekers
493775,1,1,High,Low,Engaged Bargain Seekers
493800,1,1,High,Low,Engaged Bargain Seekers
493819,1,1,High,Low,Engaged Bargain Seekers
493827,3,1,Low,Low,Dormant / Churned
493894,1,1,High,Low,Engaged Bargain Seekers
493925,1,1,High,Low,Engaged Bargain Seekers
493972,1,1,High,Low,Engaged Bargain Seekers
494062,1,1,High,Low,Engaged Bargain Seekers
494179,1,1,High,Low,Engaged Bargain Seekers
494206,1,1,High,Low,Engaged Bargain Seekers
494213,1,1,High,Low,Engaged Bargain Seekers
494263,1,1,High,Low,Engaged Bargain Seekers
494284,1,1,High,Low,Engaged Bargain Seekers
494384,1,1,High,Low,Engaged Bargain Seekers
494438,0,1,High,Low,Engaged Bargain Seekers
494498,1,1,High,Low,Engaged Bargain Seekers
494515,1,1,High,Low,Engaged Bargain Seekers
494536,3,0,Low,High,High-Value At-Risk
494552,0,1,High,Low,Engaged Bargain Seekers
494600,1,1,High,Low,Engaged Bargain Seekers
494885,1,1,High,Low,Engaged Bargain Seekers
494887,1,1,High,Low,Engaged Bargain Seekers
494899,1,1,High,Low,Engaged Bargain Seekers
495027,1,1,High,Low,Engaged Bargain Seekers
495058,1,1,High,Low,Engaged Bargain Seekers
495148,1,1,High,Low,Engaged Bargain Seekers
495168,1,1,High,Low,Engaged Bargain Seekers
495253,1,2,High,Medium,Rising Loyalists
495286,1,1,High,Low,Engaged Bargain Seekers
495369,0,1,High,Low,Engaged Bargain Seekers
495381,1,1,High,Low,Engaged Bargain Seekers
495403,1,1,High,Low,Engaged Bargain Seekers
495473,1,1,High,Low,Engaged Bargain Seekers
495632,0,1,High,Low,Engaged Bargain Seekers
495707,1,1,High,Low,Engaged Bargain Seekers
495773,1,1,High,Low,Engaged Bargain Seekers
495787,1,1,High,Low,Engaged Bargain Seekers
495912,1,1,High,Low,Engaged Bargain Seekers
495926,0,1,High,Low,Engaged Bargain Seekers
495942,1,1,High,Low,Engaged Bargain Seekers
496014,1,1,High,Low,Engaged Bargain Seekers
496052,3,1,Low,Low,Dormant / Churned
496159,1,1,High,Low,Engaged Bargain Seekers
496191,1,1,High,Low,Engaged Bargain Seekers
496233,1,1,High,Low,Engaged Bargain Seekers
496325,1,1,High,Low,Engaged Bargain Seekers
496329,1,2,High,Medium,Rising Loyalists
496357,1,1,High,Low,Engaged Bargain Seekers
496371,1,1,High,Low,Engaged Bargain Seekers
496387,1,1,High,Low,Engaged Bargain Seekers
496403,1,1,High,Low,Engaged Bargain Seekers
496482,0,1,High,Low,Engaged Bargain Seekers
496668,0,1,High,Low,Engaged Bargain Seekers
496675,0,1,High,Low,Engaged Bargain Seekers
496686,0,1,High,Low,Engaged Bargain Seekers
496728,1,1,High,Low,Engaged Bargain Seekers
496759,1,1,High,Low,Engaged Bargain Seekers
496820,1,1,High,Low,Engaged Bargain Seekers
496830,3,1,Low,Low,Dormant / Churned
496831,0,1,High,Low,Engaged Bargain Seekers
497030,3,1,Low,Low,Dormant / Churned
497070,0,1,High,Low,Engaged Bargain Seekers
497106,0,1,High,Low,Engaged Bargain Seekers
497108,1,1,High,Low,Engaged Bargain Seekers
497194,1,1,High,Low,Engaged Bargain Seekers
497201,1,1,High,Low,Engaged Bargain Seekers
497226,0,1,High,Low,Engaged Bargain Seekers
497281,0,1,High,Low,Engaged Bargain Seekers
497421,1,1,High,Low,Engaged Bargain Seekers
497467,1,1,High,Low,Engaged Bargain Seekers
497476,3,0,Low,High,High-Value At-Risk
497494,1,1,High,Low,Engaged Bargain Seekers
497576,0,1,High,Low,Engaged Bargain Seekers
497613,1,1,High,Low,Engaged Bargain Seekers
497648,0,1,High,Low,Engaged Bargain Seekers
497756,0,1,High,Low,Engaged Bargain Seekers
497784,1,1,High,Low,Engaged Bargain Seekers
497836,1,1,High,Low,Engaged Bargain Seekers
497854,1,2,High,Medium,Rising Loyalists
497861,1,1,High,Low,Engaged Bargain Seekers
497891,1,1,High,Low,Engaged Bargain Seekers
498028,1,2,High,Medium,Rising Loyalists
498030,1,1,High,Low,Engaged Bargain Seekers
498149,0,1,High,Low,Engaged Bargain Seekers
498319,0,1,High,Low,Engaged Bargain Seekers
498514,0,2,High,Medium,Rising Loyalists
498573,0,1,High,Low,Engaged Bargain Seekers
498587,1,1,High,Low,Engaged Bargain Seekers
498610,0,1,High,Low,Engaged Bargain Seekers
498632,1,1,High,Low,Engaged Bargain Seekers
498643,1,1,High,Low,Engaged Bargain Seekers
498644,1,1,High,Low,Engaged Bargain Seekers
498694,1,1,High,Low,Engaged Bargain Seekers
498793,1,1,High,Low,Engaged Bargain Seekers
498897,0,1,High,Low,Engaged Bargain Seekers
498923,1,1,High,Low,Engaged Bargain Seekers
498932,1,1,High,Low,Engaged Bargain Seekers
498989,1,1,High,Low,Engaged Bargain Seekers
498998,0,1,High,Low,Engaged Bargain Seekers
499027,1,1,High,Low,Engaged Bargain Seekers
499089,1,1,High,Low,Engaged Bargain Seekers
499128,1,1,High,Low,Engaged Bargain Seekers
499132,1,1,High,Low,Engaged Bargain Seekers
499346,0,1,High,Low,Engaged Bargain Seekers
499423,0,1,High,Low,Engaged Bargain Seekers
499482,0,1,High,Low,Engaged Bargain Seekers
499518,1,1,High,Low,Engaged Bargain Seekers
499563,0,1,High,Low,Engaged Bargain Seekers
499583,3,1,Low,Low,Dormant / Churned
499658,1,1,High,Low,Engaged Bargain Seekers
499874,1,2,High,Medium,Rising Loyalists
499875,1,1,High,Low,Engaged Bargain Seekers
499890,1,1,High,Low,Engaged Bargain Seekers
499913,0,1,High,Low,Engaged Bargain Seekers
499932,1,1,High,Low,Engaged Bargain Seekers
499945,1,1,High,Low,Engaged Bargain Seekers
499963,1,1,High,Low,Engaged Bargain Seekers
500022,1,1,High,Low,Engaged Bargain Seekers
500026,1,1,High,Low,Engaged Bargain Seekers
500038,1,1,High,Low,Engaged Bargain Seekers
500058,1,1,High,Low,Engaged Bargain Seekers
500060,1,1,High,Low,Engaged Bargain Seekers
500115,0,1,High,Low,Engaged Bargain Seekers
500248,1,1,High,Low,Engaged Bargain Seekers
500280,1,1,High,Low,Engaged Bargain Seekers
500374,0,1,High,Low,Engaged Bargain Seekers
500437,3,0,Low,High,High-Value At-Risk
500455,1,1,High,Low,Engaged Bargain Seekers
500759,1,1,High,Low,Engaged Bargain Seekers
500767,1,1,High,Low,Engaged Bargain Seekers
500782,1,1,High,Low,Engaged Bargain Seekers
500788,1,1,High,Low,Engaged Bargain Seekers
501030,1,1,High,Low,Engaged Bargain Seekers
501037,3,0,Low,High,High-Value At-Risk
501109,1,1,High,Low,Engaged Bargain Seekers
501131,1,1,High,Low,Engaged Bargain Seekers
501165,0,1,High,Low,Engaged Bargain Seekers
501189,3,0,Low,High,High-Value At-Risk
501209,1,1,High,Low,Engaged Bargain Seekers
501217,0,1,High,Low,Engaged Bargain Seekers
501278,1,1,High,Low,Engaged Bargain Seekers
501363,1,1,High,Low,Engaged Bargain Seekers
501490,1,2,High,Medium,Rising Loyalists
501551,1,1,High,Low,Engaged Bargain Seekers
501552,1,1,High,Low,Engaged Bargain Seekers
501569,0,1,High,Low,Engaged Bargain Seekers
501602,1,1,High,Low,Engaged Bargain Seekers
501655,1,1,High,Low,Engaged Bargain Seekers
501699,1,1,High,Low,Engaged Bargain Seekers
501704,1,1,High,Low,Engaged Bargain Seekers
501854,1,1,High,Low,Engaged Bargain Seekers
501856,1,1,High,Low,Engaged Bargain Seekers
501875,1,1,High,Low,Engaged Bargain Seekers
501877,1,1,High,Low,Engaged Bargain Seekers
501885,0,2,High,Medium,Rising Loyalists
501976,1,1,High,Low,Engaged Bargain Seekers
502012,1,1,High,Low,Engaged Bargain Seekers
502023,1,1,High,Low,Engaged Bargain Seekers
502047,3,1,Low,Low,Dormant / Churned
502141,1,1,High,Low,Engaged Bargain Seekers
502152,0,2,High,Medium,Rising Loyalists
502163,1,1,High,Low,Engaged Bargain Seekers
502212,1,1,High,Low,Engaged Bargain Seekers
502353,1,1,High,Low,Engaged Bargain Seekers
502376,1,1,High,Low,Engaged Bargain Seekers
502390,1,1,High,Low,Engaged Bargain Seekers
502534,1,1,High,Low,Engaged Bargain Seekers
502573,0,1,High,Low,Engaged Bargain Seekers
502585,1,1,High,Low,Engaged Bargain Seekers
502592,1,1,High,Low,Engaged Bargain Seekers
502615,1,1,High,Low,Engaged Bargain Seekers
502670,1,2,High,Medium,Rising Loyalists
502708,1,1,High,Low,Engaged Bargain Seekers
502745,0,1,High,Low,Engaged Bargain Seekers
502784,0,1,High,Low,Engaged Bargain Seekers
502848,1,1,High,Low,Engaged Bargain Seekers
502943,1,1,High,Low,Engaged Bargain Seekers
502946,0,1,High,Low,Engaged Bargain Seekers
502952,0,1,High,Low,Engaged Bargain Seekers
502977,1,1,High,Low,Engaged Bargain Seekers
503025,1,1,High,Low,Engaged Bargain Seekers
503096,3,0,Low,High,High-Value At-Risk
503217,1,1,High,Low,Engaged Bargain Seekers
503242,0,1,High,Low,Engaged Bargain Seekers
503257,1,1,High,Low,Engaged Bargain Seekers
503305,1,1,High,Low,Engaged Bargain Seekers
503357,1,1,High,Low,Engaged Bargain Seekers
503494,0,1,High,Low,Engaged Bargain Seekers
503560,1,1,High,Low,Engaged Bargain Seekers
503573,1,1,High,Low,Engaged Bargain Seekers
503598,1,1,High,Low,Engaged Bargain Seekers
503615,1,1,High,Low,Engaged Bargain Seekers
503638,0,1,High,Low,Engaged Bargain Seekers
503673,1,1,High,Low,Engaged Bargain Seekers
503832,1,1,High,Low,Engaged Bargain Seekers
503938,1,1,High,Low,Engaged Bargain Seekers
503988,0,1,High,Low,Engaged Bargain Seekers
504078,1,1,High,Low,Engaged Bargain Seekers
504190,0,1,High,Low,Engaged Bargain Seekers
504208,1,1,High,Low,Engaged Bargain Seekers
504219,1,1,High,Low,Engaged Bargain Seekers
504260,1,2,High,Medium,Rising Loyalists
504311,1,1,High,Low,Engaged Bargain Seekers
504319,3,0,Low,High,High-Value At-Risk
504403,1,1,High,Low,Engaged Bargain Seekers
504455,0,1,High,Low,Engaged Bargain Seekers
504525,1,1,High,Low,Engaged Bargain Seekers
504545,0,1,High,Low,Engaged Bargain Seekers
504564,0,2,High,Medium,Rising Loyalists
504589,1,1,High,Low,Engaged Bargain Seekers
504638,1,1,High,Low,Engaged Bargain Seekers
504663,0,1,High,Low,Engaged Bargain Seekers
504715,1,1,High,Low,Engaged Bargain Seekers
504802,1,1,High,Low,Engaged Bargain Seekers
504860,1,1,High,Low,Engaged Bargain Seekers
504867,0,2,High,Medium,Rising Loyalists
504919,1,1,High,Low,Engaged Bargain Seekers
505070,0,1,High,Low,Engaged Bargain Seekers
505167,0,1,High,Low,Engaged Bargain Seekers
505179,0,1,High,Low,Engaged Bargain Seekers
505204,1,1,High,Low,Engaged Bargain Seekers
505390,1,2,High,Medium,Rising Loyalists
505522,1,1,High,Low,Engaged Bargain Seekers
505680,1,1,High,Low,Engaged Bargain Seekers
505776,0,1,High,Low,Engaged Bargain Seekers
505779,1,1,High,Low,Engaged Bargain Seekers
505790,1,1,High,Low,Engaged Bargain Seekers
505798,1,1,High,Low,Engaged Bargain Seekers
505871,3,0,Low,High,High-Value At-Risk
505962,1,1,High,Low,Engaged Bargain Seekers
505988,1,1,High,Low,Engaged Bargain Seekers
506149,3,0,Low,High,High-Value At-Risk
506170,1,1,High,Low,Engaged Bargain Seekers
506190,1,1,High,Low,Engaged Bargain Seekers
506193,0,1,High,Low,Engaged Bargain Seekers
506252,0,1,High,Low,Engaged Bargain Seekers
506293,0,1,High,Low,Engaged Bargain Seekers
506372,0,1,High,Low,Engaged Bargain Seekers
506400,0,1,High,Low,Engaged Bargain Seekers
506418,0,1,High,Low,Engaged Bargain Seekers
506572,1,1,High,Low,Engaged Bargain Seekers
506746,1,1,High,Low,Engaged Bargain Seekers
506749,3,1,Low,Low,Dormant / Churned
506776,1,1,High,Low,Engaged Bargain Seekers
506793,3,1,Low,Low,Dormant / Churned
507005,1,1,High,Low,Engaged Bargain Seekers
507008,0,1,High,Low,Engaged Bargain Seekers
507112,1,1,High,Low,Engaged Bargain Seekers
507128,0,1,High,Low,Engaged Bargain Seekers
507189,1,1,High,Low,Engaged Bargain Seekers
507281,1,1,High,Low,Engaged Bargain Seekers
507360,3,0,Low,High,High-Value At-Risk
507486,1,1,High,Low,Engaged Bargain Seekers
507503,1,1,High,Low,Engaged Bargain Seekers
507514,1,2,High,Medium,Rising Loyalists
507555,1,1,High,Low,Engaged Bargain Seekers
507567,1,1,High,Low,Engaged Bargain Seekers
507838,1,1,High,Low,Engaged Bargain Seekers
507998,1,1,High,Low,Engaged Bargain Seekers
508022,1,2,High,Medium,Rising Loyalists
508080,1,1,High,Low,Engaged Bargain Seekers
508115,1,1,High,Low,Engaged Bargain Seekers
508126,1,1,High,Low,Engaged Bargain Seekers
508215,0,1,High,Low,Engaged Bargain Seekers
508399,1,1,High,Low,Engaged Bargain Seekers
508402,0,1,High,Low,Engaged Bargain Seekers
508443,3,0,Low,High,High-Value At-Risk
508456,0,1,High,Low,Engaged Bargain Seekers
508488,1,2,High,Medium,Rising Loyalists
508501,1,1,High,Low,Engaged Bargain Seekers
508728,3,1,Low,Low,Dormant / Churned
508795,0,1,High,Low,Engaged Bargain Seekers
508821,1,1,High,Low,Engaged Bargain Seekers
508824,1,1,High,Low,Engaged Bargain Seekers
508854,1,1,High,Low,Engaged Bargain Seekers
508923,1,1,High,Low,Engaged Bargain Seekers
508934,1,1,High,Low,Engaged Bargain Seekers
509044,1,1,High,Low,Engaged Bargain Seekers
509060,0,1,High,Low,Engaged Bargain Seekers
509108,0,1,High,Low,Engaged Bargain Seekers
509136,1,1,High,Low,Engaged Bargain Seekers
509149,1,1,High,Low,Engaged Bargain Seekers
509223,0,1,High,Low,Engaged Bargain Seekers
509345,0,1,High,Low,Engaged Bargain Seekers
509474,0,1,High,Low,Engaged Bargain Seekers
509513,1,1,High,Low,Engaged Bargain Seekers
509514,1,1,High,Low,Engaged Bargain Seekers
509607,1,1,High,Low,Engaged Bargain Seekers
509614,3,1,Low,Low,Dormant / Churned
509669,0,1,High,Low,Engaged Bargain Seekers
509686,1,1,High,Low,Engaged Bargain Seekers
509714,1,1,High,Low,Engaged Bargain Seekers
509746,1,1,High,Low,Engaged Bargain Seekers
509809,0,1,High,Low,Engaged Bargain Seekers
509810,1,1,High,Low,Engaged Bargain Seekers
509909,1,1,High,Low,Engaged Bargain Seekers
509928,1,1,High,Low,Engaged Bargain Seekers
509962,1,1,High,Low,Engaged Bargain Seekers
509965,1,1,High,Low,Engaged Bargain Seekers
510182,1,1,High,Low,Engaged Bargain Seekers
510224,1,1,High,Low,Engaged Bargain Seekers
510264,0,1,High,Low,Engaged Bargain Seekers
510329,1,1,High,Low,Engaged Bargain Seekers
510353,0,1,High,Low,Engaged Bargain Seekers
510372,0,1,High,Low,Engaged Bargain Seekers
510440,1,1,High,Low,Engaged Bargain Seekers
510502,1,1,High,Low,Engaged Bargain Seekers
510505,1,1,High,Low,Engaged Bargain Seekers
510513,1,1,High,Low,Engaged Bargain Seekers
510537,0,1,High,Low,Engaged Bargain Seekers
510644,1,1,High,Low,Engaged Bargain Seekers
510841,1,1,High,Low,Engaged Bargain Seekers
510865,1,2,High,Medium,Rising Loyalists
511053,1,1,High,Low,Engaged Bargain Seekers
511226,0,1,High,Low,Engaged Bargain Seekers
511253,1,2,High,Medium,Rising Loyalists
511302,1,1,High,Low,Engaged Bargain Seekers
511342,1,1,High,Low,Engaged Bargain Seekers
511437,0,1,High,Low,Engaged Bargain Seekers
511444,1,1,High,Low,Engaged Bargain Seekers
511472,1,1,High,Low,Engaged Bargain Seekers
511483,0,1,High,Low,Engaged Bargain Seekers
511541,1,1,High,Low,Engaged Bargain Seekers
511568,1,1,High,Low,Engaged Bargain Seekers
511573,1,1,High,Low,Engaged Bargain Seekers
511584,1,1,High,Low,Engaged Bargain Seekers
511588,1,1,High,Low,Engaged Bargain Seekers
511626,3,1,Low,Low,Dormant / Churned
511642,1,1,High,Low,Engaged Bargain Seekers
511765,1,2,High,Medium,Rising Loyalists
511835,0,1,High,Low,Engaged Bargain Seekers
511862,1,1,High,Low,Engaged Bargain Seekers
511875,1,1,High,Low,Engaged Bargain Seekers
511922,0,1,High,Low,Engaged Bargain Seekers
511981,0,1,High,Low,Engaged Bargain Seekers
512071,1,1,High,Low,Engaged Bargain Seekers
512097,1,1,High,Low,Engaged Bargain Seekers
512169,3,0,Low,High,High-Value At-Risk
512177,1,1,High,Low,Engaged Bargain Seekers
512179,1,1,High,Low,Engaged Bargain Seekers
512191,1,1,High,Low,Engaged Bargain Seekers
512219,1,1,High,Low,Engaged Bargain Seekers
512262,1,1,High,Low,Engaged Bargain Seekers
512284,1,1,High,Low,Engaged Bargain Seekers
512296,1,1,High,Low,Engaged Bargain Seekers
512358,0,1,High,Low,Engaged Bargain Seekers
512426,1,2,High,Medium,Rising Loyalists
512471,1,2,High,Medium,Rising Loyalists
512522,1,1,High,Low,Engaged Bargain Seekers
512580,0,1,High,Low,Engaged Bargain Seekers
512599,1,1,High,Low,Engaged Bargain Seekers
512615,1,1,High,Low,Engaged Bargain Seekers
512640,1,1,High,Low,Engaged Bargain Seekers
512869,1,1,High,Low,Engaged Bargain Seekers
512897,1,1,High,Low,Engaged Bargain Seekers
512906,0,1,High,Low,Engaged Bargain Seekers
513000,0,1,High,Low,Engaged Bargain Seekers
513081,1,1,High,Low,Engaged Bargain Seekers
513099,1,1,High,Low,Engaged Bargain Seekers
513123,1,1,High,Low,Engaged Bargain Seekers
513125,1,1,High,Low,Engaged Bargain Seekers
513170,1,1,High,Low,Engaged Bargain Seekers
513229,1,1,High,Low,Engaged Bargain Seekers
513246,1,1,High,Low,Engaged Bargain Seekers
513446,1,1,High,Low,Engaged Bargain Seekers
513480,1,1,High,Low,Engaged Bargain Seekers
513553,1,1,High,Low,Engaged Bargain Seekers
513590,1,1,High,Low,Engaged Bargain Seekers
513661,1,1,High,Low,Engaged Bargain Seekers
513708,1,1,High,Low,Engaged Bargain Seekers
513778,1,1,High,Low,Engaged Bargain Seekers
513820,1,1,High,Low,Engaged Bargain Seekers
514042,1,1,High,Low,Engaged Bargain Seekers
514145,1,1,High,Low,Engaged Bargain Seekers
514235,1,1,High,Low,Engaged Bargain Seekers
514272,1,1,High,Low,Engaged Bargain Seekers
514369,0,1,High,Low,Engaged Bargain Seekers
514395,1,1,High,Low,Engaged Bargain Seekers
514403,1,2,High,Medium,Rising Loyalists
514451,1,1,High,Low,Engaged Bargain Seekers
514493,0,1,High,Low,Engaged Bargain Seekers
514523,0,1,High,Low,Engaged Bargain Seekers
514530,1,1,High,Low,Engaged Bargain Seekers
514552,1,1,High,Low,Engaged Bargain Seekers
514559,1,1,High,Low,Engaged Bargain Seekers
514616,0,1,High,Low,Engaged Bargain Seekers
514632,1,1,High,Low,Engaged Bargain Seekers
514652,0,1,High,Low,Engaged Bargain Seekers
514900,0,1,High,Low,Engaged Bargain Seekers
514917,1,1,High,Low,Engaged Bargain Seekers
515023,3,1,Low,Low,Dormant / Churned
515049,1,1,High,Low,Engaged Bargain Seekers
515134,1,1,High,Low,Engaged Bargain Seekers
515142,3,1,Low,Low,Dormant / Churned
515165,1,1,High,Low,Engaged Bargain Seekers
515185,1,1,High,Low,Engaged Bargain Seekers
515298,3,1,Low,Low,Dormant / Churned
515315,3,0,Low,High,High-Value At-Risk
515386,1,1,High,Low,Engaged Bargain Seekers
515444,0,1,High,Low,Engaged Bargain Seekers
515579,0,1,High,Low,Engaged Bargain Seekers
515605,1,1,High,Low,Engaged Bargain Seekers
515634,0,1,High,Low,Engaged Bargain Seekers
515639,3,0,Low,High,High-Value At-Risk
515645,1,1,High,Low,Engaged Bargain Seekers
515656,1,1,High,Low,Engaged Bargain Seekers
515663,1,1,High,Low,Engaged Bargain Seekers
515667,1,1,High,Low,Engaged Bargain Seekers
515718,0,1,High,Low,Engaged Bargain Seekers
515775,1,1,High,Low,Engaged Bargain Seekers
515790,3,0,Low,High,High-Value At-Risk
515805,1,1,High,Low,Engaged Bargain Seekers
515822,1,1,High,Low,Engaged Bargain Seekers
515826,1,1,High,Low,Engaged Bargain Seekers
515860,1,1,High,Low,Engaged Bargain Seekers
515905,1,1,High,Low,Engaged Bargain Seekers
515929,1,1,High,Low,Engaged Bargain Seekers
515969,1,1,High,Low,Engaged Bargain Seekers
515981,1,1,High,Low,Engaged Bargain Seekers
516133,1,1,High,Low,Engaged Bargain Seekers
516224,1,1,High,Low,Engaged Bargain Seekers
516242,1,1,High,Low,Engaged Bargain Seekers
516255,1,1,High,Low,Engaged Bargain Seekers
516271,1,1,High,Low,Engaged Bargain Seekers
516276,0,1,High,Low,Engaged Bargain Seekers
516301,1,1,High,Low,Engaged Bargain Seekers
516329,1,1,High,Low,Engaged Bargain Seekers
516337,1,1,High,Low,Engaged Bargain Seekers
516362,1,1,High,Low,Engaged Bargain Seekers
516474,1,1,High,Low,Engaged Bargain Seekers
516491,1,1,High,Low,Engaged Bargain Seekers
516519,0,1,High,Low,Engaged Bargain Seekers
516544,1,1,High,Low,Engaged Bargain Seekers
516594,1,1,High,Low,Engaged Bargain Seekers
516674,1,1,High,Low,Engaged Bargain Seekers
516791,1,1,High,Low,Engaged Bargain Seekers
516984,1,1,High,Low,Engaged Bargain Seekers
516995,1,1,High,Low,Engaged Bargain Seekers
517087,1,1,High,Low,Engaged Bargain Seekers
517129,3,0,Low,High,High-Value At-Risk
517190,1,1,High,Low,Engaged Bargain Seekers
517222,1,1,High,Low,Engaged Bargain Seekers
517262,0,1,High,Low,Engaged Bargain Seekers
517267,1,1,High,Low,Engaged Bargain Seekers
517295,1,1,High,Low,Engaged Bargain Seekers
517405,1,1,High,Low,Engaged Bargain Seekers
517472,0,1,High,Low,Engaged Bargain Seekers
517533,1,1,High,Low,Engaged Bargain Seekers
517538,1,1,High,Low,Engaged Bargain Seekers
517559,1,1,High,Low,Engaged Bargain Seekers
517612,3,1,Low,Low,Dormant / Churned
517614,0,1,High,Low,Engaged Bargain Seekers
517702,0,1,High,Low,Engaged Bargain Seekers
517729,1,1,High,Low,Engaged Bargain Seekers
517739,1,2,High,Medium,Rising Loyalists
517758,1,1,High,Low,Engaged Bargain Seekers
517781,1,1,High,Low,Engaged Bargain Seekers
517797,0,1,High,Low,Engaged Bargain Seekers
517867,1,1,High,Low,Engaged Bargain Seekers
517940,0,1,High,Low,Engaged Bargain Seekers
517945,1,1,High,Low,Engaged Bargain Seekers
518061,1,1,High,Low,Engaged Bargain Seekers
518064,1,1,High,Low,Engaged Bargain Seekers
518210,3,1,Low,Low,Dormant / Churned
518236,1,1,High,Low,Engaged Bargain Seekers
518249,1,1,High,Low,Engaged Bargain Seekers
518305,1,1,High,Low,Engaged Bargain Seekers
518533,0,1,High,Low,Engaged Bargain Seekers
518561,1,1,High,Low,Engaged Bargain Seekers
518578,0,1,High,Low,Engaged Bargain Seekers
518582,1,1,High,Low,Engaged Bargain Seekers
518622,1,1,High,Low,Engaged Bargain Seekers
518677,1,2,High,Medium,Rising Loyalists
518771,1,1,High,Low,Engaged Bargain Seekers
518834,1,1,High,Low,Engaged Bargain Seekers
519087,1,2,High,Medium,Rising Loyalists
519203,1,1,High,Low,Engaged Bargain Seekers
519213,3,0,Low,High,High-Value At-Risk
519276,1,1,High,Low,Engaged Bargain Seekers
519300,1,1,High,Low,Engaged Bargain Seekers
519419,1,2,High,Medium,Rising Loyalists
519442,1,2,High,Medium,Rising Loyalists
519677,1,1,High,Low,Engaged Bargain Seekers
519726,0,1,High,Low,Engaged Bargain Seekers
519742,1,1,High,Low,Engaged Bargain Seekers
519766,1,1,High,Low,Engaged Bargain Seekers
519796,1,1,High,Low,Engaged Bargain Seekers
519826,1,1,High,Low,Engaged Bargain Seekers
519873,0,1,High,Low,Engaged Bargain Seekers
519933,1,1,High,Low,Engaged Bargain Seekers
519984,1,1,High,Low,Engaged Bargain Seekers
520091,1,1,High,Low,Engaged Bargain Seekers
520094,1,1,High,Low,Engaged Bargain Seekers
520137,1,1,High,Low,Engaged Bargain Seekers
520163,1,1,High,Low,Engaged Bargain Seekers
520202,0,1,High,Low,Engaged Bargain Seekers
520207,1,1,High,Low,Engaged Bargain Seekers
520321,3,1,Low,Low,Dormant / Churned
520428,1,1,High,Low,Engaged Bargain Seekers
520660,1,1,High,Low,Engaged Bargain Seekers
520821,1,1,High,Low,Engaged Bargain Seekers
521043,2,0,Low,High,High-Value At-Risk
521111,1,1,High,Low,Engaged Bargain Seekers
521176,1,1,High,Low,Engaged Bargain Seekers
521217,1,1,High,Low,Engaged Bargain Seekers
521225,1,1,High,Low,Engaged Bargain Seekers
521252,1,1,High,Low,Engaged Bargain Seekers
521311,1,1,High,Low,Engaged Bargain Seekers
521384,1,1,High,Low,Engaged Bargain Seekers
521431,1,1,High,Low,Engaged Bargain Seekers
521486,1,1,High,Low,Engaged Bargain Seekers
521545,1,1,High,Low,Engaged Bargain Seekers
521576,1,1,High,Low,Engaged Bargain Seekers
521653,1,1,High,Low,Engaged Bargain Seekers
521684,1,1,High,Low,Engaged Bargain Seekers
521699,0,1,High,Low,Engaged Bargain Seekers
521702,1,1,High,Low,Engaged Bargain Seekers
521875,1,1,High,Low,Engaged Bargain Seekers
521949,0,1,High,Low,Engaged Bargain Seekers
522111,1,1,High,Low,Engaged Bargain Seekers
522234,1,1,High,Low,Engaged Bargain Seekers
522251,1,1,High,Low,Engaged Bargain Seekers
522261,1,1,High,Low,Engaged Bargain Seekers
522285,0,1,High,Low,Engaged Bargain Seekers
522408,1,1,High,Low,Engaged Bargain Seekers
522493,1,1,High,Low,Engaged Bargain Seekers
522572,1,1,High,Low,Engaged Bargain Seekers
522618,1,1,High,Low,Engaged Bargain Seekers
522677,1,1,High,Low,Engaged Bargain Seekers
522758,1,1,High,Low,Engaged Bargain Seekers
522763,0,1,High,Low,Engaged Bargain Seekers
522788,0,1,High,Low,Engaged Bargain Seekers
522851,3,0,Low,High,High-Value At-Risk
522866,1,1,High,Low,Engaged Bargain Seekers
522924,1,1,High,Low,Engaged Bargain Seekers
522935,1,1,High,Low,Engaged Bargain Seekers
523037,0,1,High,Low,Engaged Bargain Seekers
523110,1,1,High,Low,Engaged Bargain Seekers
523170,1,1,High,Low,Engaged Bargain Seekers
523188,0,1,High,Low,Engaged Bargain Seekers
523194,0,1,High,Low,Engaged Bargain Seekers
523210,1,1,High,Low,Engaged Bargain Seekers
523246,1,1,High,Low,Engaged Bargain Seekers
523272,1,1,High,Low,Engaged Bargain Seekers
523288,1,1,High,Low,Engaged Bargain Seekers
523296,1,1,High,Low,Engaged Bargain Seekers
523394,1,1,High,Low,Engaged Bargain Seekers
523399,0,1,High,Low,Engaged Bargain Seekers
523642,1,1,High,Low,Engaged Bargain Seekers
523722,1,1,High,Low,Engaged Bargain Seekers
523897,1,1,High,Low,Engaged Bargain Seekers
523904,1,1,High,Low,Engaged Bargain Seekers
523979,0,1,High,Low,Engaged Bargain Seekers
524055,1,2,High,Medium,Rising Loyalists
524234,1,1,High,Low,Engaged Bargain Seekers
524379,1,1,High,Low,Engaged Bargain Seekers
524483,1,1,High,Low,Engaged Bargain Seekers
524536,3,0,Low,High,High-Value At-Risk
524586,1,1,High,Low,Engaged Bargain Seekers
524951,3,0,Low,High,High-Value At-Risk
524968,0,1,High,Low,Engaged Bargain Seekers
525129,1,1,High,Low,Engaged Bargain Seekers
525188,1,1,High,Low,Engaged Bargain Seekers
525202,0,1,High,Low,Engaged Bargain Seekers
525245,0,1,High,Low,Engaged Bargain Seekers
525246,1,1,High,Low,Engaged Bargain Seekers
525476,3,1,Low,Low,Dormant / Churned
525508,1,1,High,Low,Engaged Bargain Seekers
525525,1,1,High,Low,Engaged Bargain Seekers
525548,1,1,High,Low,Engaged Bargain Seekers
525579,1,1,High,Low,Engaged Bargain Seekers
525612,1,2,High,Medium,Rising Loyalists
525740,1,1,High,Low,Engaged Bargain Seekers
525765,1,1,High,Low,Engaged Bargain Seekers
525866,3,0,Low,High,High-Value At-Risk
525918,0,1,High,Low,Engaged Bargain Seekers
526020,0,2,High,Medium,Rising Loyalists
526064,0,1,High,Low,Engaged Bargain Seekers
526094,1,2,High,Medium,Rising Loyalists
526164,1,1,High,Low,Engaged Bargain Seekers
526165,1,1,High,Low,Engaged Bargain Seekers
526222,1,1,High,Low,Engaged Bargain Seekers
526316,1,1,High,Low,Engaged Bargain Seekers
526344,0,1,High,Low,Engaged Bargain Seekers
526349,1,1,High,Low,Engaged Bargain Seekers
526374,1,1,High,Low,Engaged Bargain Seekers
526479,0,1,High,Low,Engaged Bargain Seekers
526481,1,1,High,Low,Engaged Bargain Seekers
526508,1,1,High,Low,Engaged Bargain Seekers
526579,1,1,High,Low,Engaged Bargain Seekers
526586,1,1,High,Low,Engaged Bargain Seekers
526629,0,1,High,Low,Engaged Bargain Seekers
526644,1,1,High,Low,Engaged Bargain Seekers
526663,1,1,High,Low,Engaged Bargain Seekers
526736,0,1,High,Low,Engaged Bargain Seekers
526747,1,1,High,Low,Engaged Bargain Seekers
526765,1,1,High,Low,Engaged Bargain Seekers
526784,1,1,High,Low,Engaged Bargain Seekers
526822,1,1,High,Low,Engaged Bargain Seekers
526867,0,1,High,Low,Engaged Bargain Seekers
526975,3,0,Low,High,High-Value At-Risk
527004,1,1,High,Low,Engaged Bargain Seekers
527067,1,1,High,Low,Engaged Bargain Seekers
527090,0,1,High,Low,Engaged Bargain Seekers
527194,1,1,High,Low,Engaged Bargain Seekers
527235,1,1,High,Low,Engaged Bargain Seekers
527244,0,1,High,Low,Engaged Bargain Seekers
527337,1,1,High,Low,Engaged Bargain Seekers
527414,3,0,Low,High,High-Value At-Risk
527434,0,1,High,Low,Engaged Bargain Seekers
527565,1,1,High,Low,Engaged Bargain Seekers
527582,1,1,High,Low,Engaged Bargain Seekers
527622,1,1,High,Low,Engaged Bargain Seekers
527640,1,1,High,Low,Engaged Bargain Seekers
527656,0,1,High,Low,Engaged Bargain Seekers
527712,1,1,High,Low,Engaged Bargain Seekers
527773,1,1,High,Low,Engaged Bargain Seekers
527838,1,1,High,Low,Engaged Bargain Seekers
527941,1,1,High,Low,Engaged Bargain Seekers
527944,3,0,Low,High,High-Value At-Risk
528055,1,1,High,Low,Engaged Bargain Seekers
528074,3,0,Low,High,High-Value At-Risk
528095,3,0,Low,High,High-Value At-Risk
528122,1,1,High,Low,Engaged Bargain Seekers
528160,1,1,High,Low,Engaged Bargain Seekers
528173,1,1,High,Low,Engaged Bargain Seekers
528226,1,1,High,Low,Engaged Bargain Seekers
528229,1,1,High,Low,Engaged Bargain Seekers
528260,0,1,High,Low,Engaged Bargain Seekers
528331,1,1,High,Low,Engaged Bargain Seekers
528332,1,1,High,Low,Engaged Bargain Seekers
528363,1,1,High,Low,Engaged Bargain Seekers
528413,1,2,High,Medium,Rising Loyalists
528447,1,1,High,Low,Engaged Bargain Seekers
528492,1,1,High,Low,Engaged Bargain Seekers
528693,1,1,High,Low,Engaged Bargain Seekers
528697,0,1,High,Low,Engaged Bargain Seekers
528712,0,1,High,Low,Engaged Bargain Seekers
528782,3,1,Low,Low,Dormant / Churned
528809,1,1,High,Low,Engaged Bargain Seekers
528985,1,1,High,Low,Engaged Bargain Seekers
529085,1,2,High,Medium,Rising Loyalists
529098,0,1,High,Low,Engaged Bargain Seekers
529106,1,1,High,Low,Engaged Bargain Seekers
529140,1,1,High,Low,Engaged Bargain Seekers
529218,1,1,High,Low,Engaged Bargain Seekers
529331,3,0,Low,High,High-Value At-Risk
529390,1,1,High,Low,Engaged Bargain Seekers
529415,1,1,High,Low,Engaged Bargain Seekers
529458,1,1,High,Low,Engaged Bargain Seekers
529471,1,1,High,Low,Engaged Bargain Seekers
529544,0,2,High,Medium,Rising Loyalists
529579,0,1,High,Low,Engaged Bargain Seekers
529733,0,1,High,Low,Engaged Bargain Seekers
529746,0,1,High,Low,Engaged Bargain Seekers
529922,1,1,High,Low,Engaged Bargain Seekers
529988,3,0,Low,High,High-Value At-Risk
530051,1,1,High,Low,Engaged Bargain Seekers
530098,1,1,High,Low,Engaged Bargain Seekers
530105,0,1,High,Low,Engaged Bargain Seekers
530113,0,1,High,Low,Engaged Bargain Seekers
530119,0,1,High,Low,Engaged Bargain Seekers
530206,1,1,High,Low,Engaged Bargain Seekers
530214,0,1,High,Low,Engaged Bargain Seekers
530235,1,1,High,Low,Engaged Bargain Seekers
530281,1,1,High,Low,Engaged Bargain Seekers
530299,1,1,High,Low,Engaged Bargain Seekers
530425,1,1,High,Low,Engaged Bargain Seekers
530436,1,1,High,Low,Engaged Bargain Seekers
530508,1,1,High,Low,Engaged Bargain Seekers
530517,1,1,High,Low,Engaged Bargain Seekers
530613,1,1,High,Low,Engaged Bargain Seekers
530621,0,1,High,Low,Engaged Bargain Seekers
530666,1,1,High,Low,Engaged Bargain Seekers
530712,3,0,Low,High,High-Value At-Risk
530770,1,1,High,Low,Engaged Bargain Seekers
530833,1,1,High,Low,Engaged Bargain Seekers
530839,1,1,High,Low,Engaged Bargain Seekers
530880,1,2,High,Medium,Rising Loyalists
530955,1,1,High,Low,Engaged Bargain Seekers
530978,1,1,High,Low,Engaged Bargain Seekers
531052,1,1,High,Low,Engaged Bargain Seekers
531201,3,1,Low,Low,Dormant / Churned
531286,1,1,High,Low,Engaged Bargain Seekers
531290,0,2,High,Medium,Rising Loyalists
531293,1,1,High,Low,Engaged Bargain Seekers
531398,1,1,High,Low,Engaged Bargain Seekers
531430,1,1,High,Low,Engaged Bargain Seekers
531514,1,1,High,Low,Engaged Bargain Seekers
531515,1,1,High,Low,Engaged Bargain Seekers
531619,1,1,High,Low,Engaged Bargain Seekers
531793,1,1,High,Low,Engaged Bargain Seekers
531841,1,1,High,Low,Engaged Bargain Seekers
531868,1,1,High,Low,Engaged Bargain Seekers
531976,1,1,High,Low,Engaged Bargain Seekers
532203,1,1,High,Low,Engaged Bargain Seekers
532333,1,1,High,Low,Engaged Bargain Seekers
532334,3,1,Low,Low,Dormant / Churned
532376,0,1,High,Low,Engaged Bargain Seekers
532378,1,1,High,Low,Engaged Bargain Seekers
532419,0,2,High,Medium,Rising Loyalists
532422,1,1,High,Low,Engaged Bargain Seekers
532464,1,1,High,Low,Engaged Bargain Seekers
532592,1,1,High,Low,Engaged Bargain Seekers
532752,3,0,Low,High,High-Value At-Risk
532759,1,1,High,Low,Engaged Bargain Seekers
532813,1,1,High,Low,Engaged Bargain Seekers
532832,1,1,High,Low,Engaged Bargain Seekers
532848,0,1,High,Low,Engaged Bargain Seekers
532925,0,1,High,Low,Engaged Bargain Seekers
532945,0,1,High,Low,Engaged Bargain Seekers
532978,1,1,High,Low,Engaged Bargain Seekers
532997,1,2,High,Medium,Rising Loyalists
533157,1,1,High,Low,Engaged Bargain Seekers
533198,1,1,High,Low,Engaged Bargain Seekers
533213,0,1,High,Low,Engaged Bargain Seekers
533302,1,1,High,Low,Engaged Bargain Seekers
533365,1,1,High,Low,Engaged Bargain Seekers
533388,3,0,Low,High,High-Value At-Risk
533391,0,1,High,Low,Engaged Bargain Seekers
533470,1,1,High,Low,Engaged Bargain Seekers
533488,0,1,High,Low,Engaged Bargain Seekers
533509,1,1,High,Low,Engaged Bargain Seekers
533539,1,2,High,Medium,Rising Loyalists
533638,1,1,High,Low,Engaged Bargain Seekers
533666,1,1,High,Low,Engaged Bargain Seekers
533742,1,1,High,Low,Engaged Bargain Seekers
533766,1,1,High,Low,Engaged Bargain Seekers
533950,1,1,High,Low,Engaged Bargain Seekers
534009,1,1,High,Low,Engaged Bargain Seekers
534151,1,1,High,Low,Engaged Bargain Seekers
534324,3,0,Low,High,High-Value At-Risk
534452,1,1,High,Low,Engaged Bargain Seekers
534464,1,1,High,Low,Engaged Bargain Seekers
534481,1,1,High,Low,Engaged Bargain Seekers
534505,3,0,Low,High,High-Value At-Risk
534510,0,1,High,Low,Engaged Bargain Seekers
534571,2,0,Low,High,High-Value At-Risk
534649,1,1,High,Low,Engaged Bargain Seekers
534716,1,1,High,Low,Engaged Bargain Seekers
534734,1,1,High,Low,Engaged Bargain Seekers
534764,0,1,High,Low,Engaged Bargain Seekers
534794,3,1,Low,Low,Dormant / Churned
534805,0,1,High,Low,Engaged Bargain Seekers
534813,1,1,High,Low,Engaged Bargain Seekers
534904,1,1,High,Low,Engaged Bargain Seekers
534905,1,1,High,Low,Engaged Bargain Seekers
534972,1,1,High,Low,Engaged Bargain Seekers
535151,1,1,High,Low,Engaged Bargain Seekers
535183,0,1,High,Low,Engaged Bargain Seekers
535233,1,1,High,Low,Engaged Bargain Seekers
535251,1,1,High,Low,Engaged Bargain Seekers
535320,1,1,High,Low,Engaged Bargain Seekers
535327,0,1,High,Low,Engaged Bargain Seekers
535367,1,1,High,Low,Engaged Bargain Seekers
535413,0,1,High,Low,Engaged Bargain Seekers
535436,1,1,High,Low,Engaged Bargain Seekers
535482,1,1,High,Low,Engaged Bargain Seekers
535525,0,1,High,Low,Engaged Bargain Seekers
535539,1,1,High,Low,Engaged Bargain Seekers
535544,1,1,High,Low,Engaged Bargain Seekers
535587,1,1,High,Low,Engaged Bargain Seekers
535852,1,1,High,Low,Engaged Bargain Seekers
535892,1,1,High,Low,Engaged Bargain Seekers
535944,1,1,High,Low,Engaged Bargain Seekers
536018,1,1,High,Low,Engaged Bargain Seekers
536021,0,1,High,Low,Engaged Bargain Seekers
536066,1,1,High,Low,Engaged Bargain Seekers
536082,1,1,High,Low,Engaged Bargain Seekers
536092,1,1,High,Low,Engaged Bargain Seekers
536124,0,1,High,Low,Engaged Bargain Seekers
536132,1,1,High,Low,Engaged Bargain Seekers
536186,1,1,High,Low,Engaged Bargain Seekers
536371,0,2,High,Medium,Rising Loyalists
536409,1,1,High,Low,Engaged Bargain Seekers
536485,1,1,High,Low,Engaged Bargain Seekers
536517,1,1,High,Low,Engaged Bargain Seekers
536535,1,1,High,Low,Engaged Bargain Seekers
536567,1,1,High,Low,Engaged Bargain Seekers
536577,1,1,High,Low,Engaged Bargain Seekers
536603,1,1,High,Low,Engaged Bargain Seekers
536671,1,1,High,Low,Engaged Bargain Seekers
536699,0,2,High,Medium,Rising Loyalists
536794,1,1,High,Low,Engaged Bargain Seekers
536823,1,1,High,Low,Engaged Bargain Seekers
536848,0,1,High,Low,Engaged Bargain Seekers
536941,0,1,High,Low,Engaged Bargain Seekers
536959,3,0,Low,High,High-Value At-Risk
537013,1,1,High,Low,Engaged Bargain Seekers
537038,1,1,High,Low,Engaged Bargain Seekers
537124,1,1,High,Low,Engaged Bargain Seekers
537132,1,1,High,Low,Engaged Bargain Seekers
537387,1,1,High,Low,Engaged Bargain Seekers
537397,1,1,High,Low,Engaged Bargain Seekers
537405,0,1,High,Low,Engaged Bargain Seekers
537421,1,1,High,Low,Engaged Bargain Seekers
537613,1,1,High,Low,Engaged Bargain Seekers
537701,1,1,High,Low,Engaged Bargain Seekers
537711,1,1,High,Low,Engaged Bargain Seekers
537722,1,1,High,Low,Engaged Bargain Seekers
537795,1,1,High,Low,Engaged Bargain Seekers
537829,0,1,High,Low,Engaged Bargain Seekers
537852,1,1,High,Low,Engaged Bargain Seekers
537887,0,1,High,Low,Engaged Bargain Seekers
537907,1,2,High,Medium,Rising Loyalists
537914,0,1,High,Low,Engaged Bargain Seekers
537990,1,1,High,Low,Engaged Bargain Seekers
538042,1,1,High,Low,Engaged Bargain Seekers
538308,3,0,Low,High,High-Value At-Risk
538341,1,1,High,Low,Engaged Bargain Seekers
538507,1,1,High,Low,Engaged Bargain Seekers
538550,1,1,High,Low,Engaged Bargain Seekers
538760,0,1,High,Low,Engaged Bargain Seekers
538770,1,1,High,Low,Engaged Bargain Seekers
538795,0,1,High,Low,Engaged Bargain Seekers
538854,1,1,High,Low,Engaged Bargain Seekers
538877,1,1,High,Low,Engaged Bargain Seekers
538902,0,1,High,Low,Engaged Bargain Seekers
538949,0,1,High,Low,Engaged Bargain Seekers
538979,0,1,High,Low,Engaged Bargain Seekers
539106,1,1,High,Low,Engaged Bargain Seekers
539125,1,1,High,Low,Engaged Bargain Seekers
539144,1,1,High,Low,Engaged Bargain Seekers
539322,1,1,High,Low,Engaged Bargain Seekers
539358,1,1,High,Low,Engaged Bargain Seekers
539370,1,1,High,Low,Engaged Bargain Seekers
539436,1,1,High,Low,Engaged Bargain Seekers
539505,0,2,High,Medium,Rising Loyalists
539537,1,1,High,Low,Engaged Bargain Seekers
539599,0,1,High,Low,Engaged Bargain Seekers
539673,1,1,High,Low,Engaged Bargain Seekers
539674,1,1,High,Low,Engaged Bargain Seekers
539704,1,1,High,Low,Engaged Bargain Seekers
539705,3,1,Low,Low,Dormant / Churned
539739,0,1,High,Low,Engaged Bargain Seekers
539742,1,1,High,Low,Engaged Bargain Seekers
539746,0,1,High,Low,Engaged Bargain Seekers
539760,1,2,High,Medium,Rising Loyalists
539776,1,1,High,Low,Engaged Bargain Seekers
539854,0,1,High,Low,Engaged Bargain Seekers
539941,3,1,Low,Low,Dormant / Churned
540011,1,1,High,Low,Engaged Bargain Seekers
540109,1,1,High,Low,Engaged Bargain Seekers
540112,1,2,High,Medium,Rising Loyalists
540142,1,1,High,Low,Engaged Bargain Seekers
540268,0,1,High,Low,Engaged Bargain Seekers
540291,3,0,Low,High,High-Value At-Risk
540316,1,1,High,Low,Engaged Bargain Seekers
540380,0,1,High,Low,Engaged Bargain Seekers
540497,1,1,High,Low,Engaged Bargain Seekers
540548,1,2,High,Medium,Rising Loyalists
540551,1,1,High,Low,Engaged Bargain Seekers
540628,1,1,High,Low,Engaged Bargain Seekers
540715,0,1,High,Low,Engaged Bargain Seekers
540751,1,1,High,Low,Engaged Bargain Seekers
540756,1,1,High,Low,Engaged Bargain Seekers
540796,0,1,High,Low,Engaged Bargain Seekers
540836,3,0,Low,High,High-Value At-Risk
540901,3,0,Low,High,High-Value At-Risk
540905,1,1,High,Low,Engaged Bargain Seekers
540918,1,1,High,Low,Engaged Bargain Seekers
540966,1,1,High,Low,Engaged Bargain Seekers
541000,1,1,High,Low,Engaged Bargain Seekers
541008,0,1,High,Low,Engaged Bargain Seekers
541009,1,1,High,Low,Engaged Bargain Seekers
541037,1,1,High,Low,Engaged Bargain Seekers
541040,0,1,High,Low,Engaged Bargain Seekers
541078,0,1,High,Low,Engaged Bargain Seekers
541163,1,1,High,Low,Engaged Bargain Seekers
541178,1,1,High,Low,Engaged Bargain Seekers
541239,0,1,High,Low,Engaged Bargain Seekers
541358,1,1,High,Low,Engaged Bargain Seekers
541410,0,1,High,Low,Engaged Bargain Seekers
541435,1,1,High,Low,Engaged Bargain Seekers
541557,1,2,High,Medium,Rising Loyalists
541564,1,1,High,Low,Engaged Bargain Seekers
541741,1,1,High,Low,Engaged Bargain Seekers
541751,1,1,High,Low,Engaged Bargain Seekers
541898,1,1,High,Low,Engaged Bargain Seekers
541953,1,1,High,Low,Engaged Bargain Seekers
541961,1,1,High,Low,Engaged Bargain Seekers
542002,1,1,High,Low,Engaged Bargain Seekers
542014,1,1,High,Low,Engaged Bargain Seekers
542043,1,1,High,Low,Engaged Bargain Seekers
542085,1,1,High,Low,Engaged Bargain Seekers
542089,0,1,High,Low,Engaged Bargain Seekers
542118,1,1,High,Low,Engaged Bargain Seekers
542180,1,1,High,Low,Engaged Bargain Seekers
542182,1,1,High,Low,Engaged Bargain Seekers
542208,3,0,Low,High,High-Value At-Risk
542287,1,1,High,Low,Engaged Bargain Seekers
542296,1,1,High,Low,Engaged Bargain Seekers
542574,0,1,High,Low,Engaged Bargain Seekers
542636,3,0,Low,High,High-Value At-Risk
542696,1,1,High,Low,Engaged Bargain Seekers
542893,1,1,High,Low,Engaged Bargain Seekers
542934,0,1,High,Low,Engaged Bargain Seekers
542976,0,2,High,Medium,Rising Loyalists
543119,1,1,High,Low,Engaged Bargain Seekers
543285,0,1,High,Low,Engaged Bargain Seekers
543326,1,1,High,Low,Engaged Bargain Seekers
543422,1,2,High,Medium,Rising Loyalists
543449,0,1,High,Low,Engaged Bargain Seekers
543456,0,1,High,Low,Engaged Bargain Seekers
543460,1,1,High,Low,Engaged Bargain Seekers
543478,0,1,High,Low,Engaged Bargain Seekers
543553,0,1,High,Low,Engaged Bargain Seekers
543599,3,0,Low,High,High-Value At-Risk
543693,1,1,High,Low,Engaged Bargain Seekers
543852,1,1,High,Low,Engaged Bargain Seekers
543862,1,1,High,Low,Engaged Bargain Seekers
543881,1,1,High,Low,Engaged Bargain Seekers
543901,1,1,High,Low,Engaged Bargain Seekers
543918,1,1,High,Low,Engaged Bargain Seekers
543956,0,1,High,Low,Engaged Bargain Seekers
543978,1,1,High,Low,Engaged Bargain Seekers
544167,1,2,High,Medium,Rising Loyalists
544182,1,1,High,Low,Engaged Bargain Seekers
544301,1,2,High,Medium,Rising Loyalists
544306,0,1,High,Low,Engaged Bargain Seekers
544337,1,1,High,Low,Engaged Bargain Seekers
544421,1,1,High,Low,Engaged Bargain Seekers
544493,1,1,High,Low,Engaged Bargain Seekers
544561,1,1,High,Low,Engaged Bargain Seekers
544569,1,1,High,Low,Engaged Bargain Seekers
544619,0,1,High,Low,Engaged Bargain Seekers
544690,1,1,High,Low,Engaged Bargain Seekers
544752,1,1,High,Low,Engaged Bargain Seekers
544837,1,1,High,Low,Engaged Bargain Seekers
544890,1,1,High,Low,Engaged Bargain Seekers
545010,0,1,High,Low,Engaged Bargain Seekers
545087,1,1,High,Low,Engaged Bargain Seekers
545127,1,1,High,Low,Engaged Bargain Seekers
545144,0,1,High,Low,Engaged Bargain Seekers
545179,1,1,High,Low,Engaged Bargain Seekers
545278,1,1,High,Low,Engaged Bargain Seekers
545378,1,1,High,Low,Engaged Bargain Seekers
545410,1,1,High,Low,Engaged Bargain Seekers
545421,1,1,High,Low,Engaged Bargain Seekers
545497,1,1,High,Low,Engaged Bargain Seekers
545514,3,1,Low,Low,Dormant / Churned
545534,1,2,High,Medium,Rising Loyalists
545541,1,1,High,Low,Engaged Bargain Seekers
545567,1,1,High,Low,Engaged Bargain Seekers
545582,1,2,High,Medium,Rising Loyalists
545586,1,1,High,Low,Engaged Bargain Seekers
545638,0,1,High,Low,Engaged Bargain Seekers
545659,1,1,High,Low,Engaged Bargain Seekers
545744,1,1,High,Low,Engaged Bargain Seekers
545883,1,1,High,Low,Engaged Bargain Seekers
545889,3,0,Low,High,High-Value At-Risk
545917,1,1,High,Low,Engaged Bargain Seekers
545947,1,1,High,Low,Engaged Bargain Seekers
546025,1,1,High,Low,Engaged Bargain Seekers
546037,3,0,Low,High,High-Value At-Risk
546039,1,1,High,Low,Engaged Bargain Seekers
546163,0,1,High,Low,Engaged Bargain Seekers
546171,3,0,Low,High,High-Value At-Risk
546177,1,1,High,Low,Engaged Bargain Seekers
546231,1,1,High,Low,Engaged Bargain Seekers
546259,3,0,Low,High,High-Value At-Risk
546456,1,1,High,Low,Engaged Bargain Seekers
546665,1,1,High,Low,Engaged Bargain Seekers
546736,0,2,High,Medium,Rising Loyalists
546758,1,1,High,Low,Engaged Bargain Seekers
546773,1,2,High,Medium,Rising Loyalists
546796,1,1,High,Low,Engaged Bargain Seekers
546827,1,1,High,Low,Engaged Bargain Seekers
546869,1,1,High,Low,Engaged Bargain Seekers
546994,0,1,High,Low,Engaged Bargain Seekers
546997,0,1,High,Low,Engaged Bargain Seekers
547016,1,1,High,Low,Engaged Bargain Seekers
547190,1,1,High,Low,Engaged Bargain Seekers
547213,1,1,High,Low,Engaged Bargain Seekers
547217,3,0,Low,High,High-Value At-Risk
547342,0,1,High,Low,Engaged Bargain Seekers
547355,1,1,High,Low,Engaged Bargain Seekers
547357,1,1,High,Low,Engaged Bargain Seekers
547360,1,1,High,Low,Engaged Bargain Seekers
547407,1,1,High,Low,Engaged Bargain Seekers
547442,0,1,High,Low,Engaged Bargain Seekers
547500,1,1,High,Low,Engaged Bargain Seekers
547522,0,1,High,Low,Engaged Bargain Seekers
547542,1,1,High,Low,Engaged Bargain Seekers
547559,1,1,High,Low,Engaged Bargain Seekers
547561,1,1,High,Low,Engaged Bargain Seekers
547575,1,1,High,Low,Engaged Bargain Seekers
547649,1,1,High,Low,Engaged Bargain Seekers
547699,1,1,High,Low,Engaged Bargain Seekers
547764,3,0,Low,High,High-Value At-Risk
547802,1,1,High,Low,Engaged Bargain Seekers
547994,3,0,Low,High,High-Value At-Risk
548037,1,1,High,Low,Engaged Bargain Seekers
548126,1,1,High,Low,Engaged Bargain Seekers
548202,3,0,Low,High,High-Value At-Risk
548228,1,1,High,Low,Engaged Bargain Seekers
548238,0,1,High,Low,Engaged Bargain Seekers
548244,1,1,High,Low,Engaged Bargain Seekers
548251,0,1,High,Low,Engaged Bargain Seekers
548335,1,1,High,Low,Engaged Bargain Seekers
548390,0,1,High,Low,Engaged Bargain Seekers
548565,1,1,High,Low,Engaged Bargain Seekers
548638,0,1,High,Low,Engaged Bargain Seekers
548682,1,1,High,Low,Engaged Bargain Seekers
548722,1,1,High,Low,Engaged Bargain Seekers
548752,1,1,High,Low,Engaged Bargain Seekers
548883,3,0,Low,High,High-Value At-Risk
548999,1,1,High,Low,Engaged Bargain Seekers
549034,1,1,High,Low,Engaged Bargain Seekers
549064,1,1,High,Low,Engaged Bargain Seekers
549080,1,1,High,Low,Engaged Bargain Seekers
549091,0,1,High,Low,Engaged Bargain Seekers
549132,0,1,High,Low,Engaged Bargain Seekers
549200,1,1,High,Low,Engaged Bargain Seekers
549238,1,1,High,Low,Engaged Bargain Seekers
549402,1,1,High,Low,Engaged Bargain Seekers
549404,0,1,High,Low,Engaged Bargain Seekers
549415,1,1,High,Low,Engaged Bargain Seekers
549444,1,1,High,Low,Engaged Bargain Seekers
549537,1,1,High,Low,Engaged Bargain Seekers
549540,1,1,High,Low,Engaged Bargain Seekers
549541,1,1,High,Low,Engaged Bargain Seekers
549562,0,1,High,Low,Engaged Bargain Seekers
549598,0,1,High,Low,Engaged Bargain Seekers
549612,1,1,High,Low,Engaged Bargain Seekers
549686,1,1,High,Low,Engaged Bargain Seekers
549715,1,1,High,Low,Engaged Bargain Seekers
549751,1,1,High,Low,Engaged Bargain Seekers
549757,1,1,High,Low,Engaged Bargain Seekers
549858,1,1,High,Low,Engaged Bargain Seekers
549862,1,1,High,Low,Engaged Bargain Seekers
549982,1,1,High,Low,Engaged Bargain Seekers
550058,1,1,High,Low,Engaged Bargain Seekers
550173,1,1,High,Low,Engaged Bargain Seekers
550213,1,1,High,Low,Engaged Bargain Seekers
550262,0,1,High,Low,Engaged Bargain Seekers
550303,3,1,Low,Low,Dormant / Churned
550352,1,1,High,Low,Engaged Bargain Seekers
550434,1,1,High,Low,Engaged Bargain Seekers
550519,1,1,High,Low,Engaged Bargain Seekers
550539,0,1,High,Low,Engaged Bargain Seekers
550575,0,1,High,Low,Engaged Bargain Seekers
550598,0,1,High,Low,Engaged Bargain Seekers
550686,1,1,High,Low,Engaged Bargain Seekers
550769,1,1,High,Low,Engaged Bargain Seekers
550834,3,0,Low,High,High-Value At-Risk
550839,1,1,High,Low,Engaged Bargain Seekers
550856,1,1,High,Low,Engaged Bargain Seekers
550896,1,1,High,Low,Engaged Bargain Seekers
551055,1,1,High,Low,Engaged Bargain Seekers
551154,1,1,High,Low,Engaged Bargain Seekers
551248,1,1,High,Low,Engaged Bargain Seekers
551296,1,1,High,Low,Engaged Bargain Seekers
551300,1,1,High,Low,Engaged Bargain Seekers
551313,0,1,High,Low,Engaged Bargain Seekers
551391,1,1,High,Low,Engaged Bargain Seekers
551429,1,1,High,Low,Engaged Bargain Seekers
551510,1,1,High,Low,Engaged Bargain Seekers
551533,3,1,Low,Low,Dormant / Churned
551652,1,1,High,Low,Engaged Bargain Seekers
551710,0,1,High,Low,Engaged Bargain Seekers
551809,1,1,High,Low,Engaged Bargain Seekers
551828,1,1,High,Low,Engaged Bargain Seekers
551833,1,1,High,Low,Engaged Bargain Seekers
551837,1,1,High,Low,Engaged Bargain Seekers
551938,1,1,High,Low,Engaged Bargain Seekers
551946,1,1,High,Low,Engaged Bargain Seekers
551961,3,1,Low,Low,Dormant / Churned
551975,1,1,High,Low,Engaged Bargain Seekers
551981,1,1,High,Low,Engaged Bargain Seekers
552016,1,1,High,Low,Engaged Bargain Seekers
552221,3,0,Low,High,High-Value At-Risk
552235,3,0,Low,High,High-Value At-Risk
552278,1,1,High,Low,Engaged Bargain Seekers
552328,1,1,High,Low,Engaged Bargain Seekers
552364,0,1,High,Low,Engaged Bargain Seekers
552441,0,1,High,Low,Engaged Bargain Seekers
552546,3,0,Low,High,High-Value At-Risk
552568,3,0,Low,High,High-Value At-Risk
552576,1,1,High,Low,Engaged Bargain Seekers
552669,1,1,High,Low,Engaged Bargain Seekers
552747,1,1,High,Low,Engaged Bargain Seekers
552755,0,1,High,Low,Engaged Bargain Seekers
552776,0,2,High,Medium,Rising Loyalists
552818,1,1,High,Low,Engaged Bargain Seekers
552823,1,1,High,Low,Engaged Bargain Seekers
552936,0,1,High,Low,Engaged Bargain Seekers
552945,0,1,High,Low,Engaged Bargain Seekers
552965,0,1,High,Low,Engaged Bargain Seekers
552966,1,1,High,Low,Engaged Bargain Seekers
553018,3,0,Low,High,High-Value At-Risk
553061,1,1,High,Low,Engaged Bargain Seekers
553089,1,1,High,Low,Engaged Bargain Seekers
553254,1,1,High,Low,Engaged Bargain Seekers
553261,1,2,High,Medium,Rising Loyalists
553389,1,1,High,Low,Engaged Bargain Seekers
553396,1,1,High,Low,Engaged Bargain Seekers
553412,1,1,High,Low,Engaged Bargain Seekers
553453,1,1,High,Low,Engaged Bargain Seekers
553530,1,1,High,Low,Engaged Bargain Seekers
553558,1,1,High,Low,Engaged Bargain Seekers
553567,0,1,High,Low,Engaged Bargain Seekers
553879,1,1,High,Low,Engaged Bargain Seekers
553936,3,1,Low,Low,Dormant / Churned
553943,1,1,High,Low,Engaged Bargain Seekers
553944,3,0,Low,High,High-Value At-Risk
553954,1,1,High,Low,Engaged Bargain Seekers
553956,1,2,High,Medium,Rising Loyalists
553973,1,1,High,Low,Engaged Bargain Seekers
554104,1,1,High,Low,Engaged Bargain Seekers
554136,1,1,High,Low,Engaged Bargain Seekers
554155,1,1,High,Low,Engaged Bargain Seekers
554255,0,1,High,Low,Engaged Bargain Seekers
554442,1,2,High,Medium,Rising Loyalists
554449,1,1,High,Low,Engaged Bargain Seekers
554453,1,1,High,Low,Engaged Bargain Seekers
554487,1,1,High,Low,Engaged Bargain Seekers
554572,3,0,Low,High,High-Value At-Risk
554636,1,2,High,Medium,Rising Loyalists
554712,0,1,High,Low,Engaged Bargain Seekers
554761,1,1,High,Low,Engaged Bargain Seekers
554888,0,1,High,Low,Engaged Bargain Seekers
554983,1,2,High,Medium,Rising Loyalists
555001,1,1,High,Low,Engaged Bargain Seekers
555024,0,1,High,Low,Engaged Bargain Seekers
555050,1,1,High,Low,Engaged Bargain Seekers
555081,1,1,High,Low,Engaged Bargain Seekers
555102,1,1,High,Low,Engaged Bargain Seekers
555112,0,1,High,Low,Engaged Bargain Seekers
555118,1,1,High,Low,Engaged Bargain Seekers
555205,1,1,High,Low,Engaged Bargain Seekers
555218,0,1,High,Low,Engaged Bargain Seekers
555298,1,1,High,Low,Engaged Bargain Seekers
555301,1,1,High,Low,Engaged Bargain Seekers
555398,1,1,High,Low,Engaged Bargain Seekers
555517,0,1,High,Low,Engaged Bargain Seekers
555541,1,1,High,Low,Engaged Bargain Seekers
555576,1,2,High,Medium,Rising Loyalists
555745,1,2,High,Medium,Rising Loyalists
555831,0,1,High,Low,Engaged Bargain Seekers
555947,0,1,High,Low,Engaged Bargain Seekers
556050,1,1,High,Low,Engaged Bargain Seekers
556136,1,1,High,Low,Engaged Bargain Seekers
556164,1,1,High,Low,Engaged Bargain Seekers
556188,1,1,High,Low,Engaged Bargain Seekers
556266,1,1,High,Low,Engaged Bargain Seekers
556313,1,1,High,Low,Engaged Bargain Seekers
556453,1,1,High,Low,Engaged Bargain Seekers
556492,0,1,High,Low,Engaged Bargain Seekers
556622,1,1,High,Low,Engaged Bargain Seekers
556626,1,1,High,Low,Engaged Bargain Seekers
556649,1,1,High,Low,Engaged Bargain Seekers
556688,1,1,High,Low,Engaged Bargain Seekers
556755,3,0,Low,High,High-Value At-Risk
556778,1,1,High,Low,Engaged Bargain Seekers
556808,1,1,High,Low,Engaged Bargain Seekers
556865,1,1,High,Low,Engaged Bargain Seekers
556879,0,1,High,Low,Engaged Bargain Seekers
556958,1,1,High,Low,Engaged Bargain Seekers
556982,1,1,High,Low,Engaged Bargain Seekers
557138,0,1,High,Low,Engaged Bargain Seekers
557289,1,1,High,Low,Engaged Bargain Seekers
557458,1,1,High,Low,Engaged Bargain Seekers
557469,3,0,Low,High,High-Value At-Risk
557500,1,1,High,Low,Engaged Bargain Seekers
557519,1,1,High,Low,Engaged Bargain Seekers
557525,1,1,High,Low,Engaged Bargain Seekers
557597,0,1,High,Low,Engaged Bargain Seekers
557633,1,1,High,Low,Engaged Bargain Seekers
557640,1,1,High,Low,Engaged Bargain Seekers
557723,1,1,High,Low,Engaged Bargain Seekers
557739,1,1,High,Low,Engaged Bargain Seekers
557752,0,1,High,Low,Engaged Bargain Seekers
557852,3,0,Low,High,High-Value At-Risk
557867,1,1,High,Low,Engaged Bargain Seekers
557872,1,1,High,Low,Engaged Bargain Seekers
557880,1,2,High,Medium,Rising Loyalists
557932,1,1,High,Low,Engaged Bargain Seekers
557996,1,1,High,Low,Engaged Bargain Seekers
558040,1,2,High,Medium,Rising Loyalists
558097,1,2,High,Medium,Rising Loyalists
558138,0,1,High,Low,Engaged Bargain Seekers
558248,3,1,Low,Low,Dormant / Churned
558258,0,1,High,Low,Engaged Bargain Seekers
558288,0,1,High,Low,Engaged Bargain Seekers
558451,1,1,High,Low,Engaged Bargain Seekers
558469,3,0,Low,High,High-Value At-Risk
558511,1,1,High,Low,Engaged Bargain Seekers
558543,1,1,High,Low,Engaged Bargain Seekers
558598,1,1,High,Low,Engaged Bargain Seekers
558686,1,1,High,Low,Engaged Bargain Seekers
558854,1,1,High,Low,Engaged Bargain Seekers
558969,1,2,High,Medium,Rising Loyalists
559005,1,1,High,Low,Engaged Bargain Seekers
559007,1,1,High,Low,Engaged Bargain Seekers
559016,1,1,High,Low,Engaged Bargain Seekers
559111,0,2,High,Medium,Rising Loyalists
559124,1,1,High,Low,Engaged Bargain Seekers
559127,0,1,High,Low,Engaged Bargain Seekers
559233,0,1,High,Low,Engaged Bargain Seekers
559261,0,1,High,Low,Engaged Bargain Seekers
559279,1,1,High,Low,Engaged Bargain Seekers
559304,1,1,High,Low,Engaged Bargain Seekers
559342,0,1,High,Low,Engaged Bargain Seekers
559362,1,1,High,Low,Engaged Bargain Seekers
559388,1,1,High,Low,Engaged Bargain Seekers
559483,1,1,High,Low,Engaged Bargain Seekers
559519,0,1,High,Low,Engaged Bargain Seekers
559576,1,1,High,Low,Engaged Bargain Seekers
559619,0,1,High,Low,Engaged Bargain Seekers
559622,1,1,High,Low,Engaged Bargain Seekers
559657,3,0,Low,High,High-Value At-Risk
559721,1,1,High,Low,Engaged Bargain Seekers
559723,1,1,High,Low,Engaged Bargain Seekers
559726,1,1,High,Low,Engaged Bargain Seekers
559879,1,1,High,Low,Engaged Bargain Seekers
560024,1,1,High,Low,Engaged Bargain Seekers
560104,1,1,High,Low,Engaged Bargain Seekers
560149,1,1,High,Low,Engaged Bargain Seekers
560283,1,1,High,Low,Engaged Bargain Seekers
560505,0,1,High,Low,Engaged Bargain Seekers
560528,1,1,High,Low,Engaged Bargain Seekers
560597,0,1,High,Low,Engaged Bargain Seekers
560713,1,1,High,Low,Engaged Bargain Seekers
560714,1,1,High,Low,Engaged Bargain Seekers
560936,1,1,High,Low,Engaged Bargain Seekers
560990,0,1,High,Low,Engaged Bargain Seekers
561041,1,1,High,Low,Engaged Bargain Seekers
561053,1,1,High,Low,Engaged Bargain Seekers
561072,1,1,High,Low,Engaged Bargain Seekers
561092,1,1,High,Low,Engaged Bargain Seekers
561107,1,1,High,Low,Engaged Bargain Seekers
561219,1,1,High,Low,Engaged Bargain Seekers
561228,1,1,High,Low,Engaged Bargain Seekers
561251,1,1,High,Low,Engaged Bargain Seekers
561284,1,1,High,Low,Engaged Bargain Seekers
561307,0,2,High,Medium,Rising Loyalists
561321,1,1,High,Low,Engaged Bargain Seekers
561413,1,1,High,Low,Engaged Bargain Seekers
561481,1,1,High,Low,Engaged Bargain Seekers
561520,1,1,High,Low,Engaged Bargain Seekers
561570,1,1,High,Low,Engaged Bargain Seekers
561620,1,1,High,Low,Engaged Bargain Seekers
561621,1,1,High,Low,Engaged Bargain Seekers
561640,1,1,High,Low,Engaged Bargain Seekers
561654,1,1,High,Low,Engaged Bargain Seekers
561722,3,0,Low,High,High-Value At-Risk
561801,0,1,High,Low,Engaged Bargain Seekers
561873,1,1,High,Low,Engaged Bargain Seekers
561874,1,1,High,Low,Engaged Bargain Seekers
561917,0,1,High,Low,Engaged Bargain Seekers
561933,0,1,High,Low,Engaged Bargain Seekers
561961,1,1,High,Low,Engaged Bargain Seekers
561981,0,1,High,Low,Engaged Bargain Seekers
562084,1,1,High,Low,Engaged Bargain Seekers
562093,1,1,High,Low,Engaged Bargain Seekers
562234,1,2,High,Medium,Rising Loyalists
562305,1,1,High,Low,Engaged Bargain Seekers
562324,3,0,Low,High,High-Value At-Risk
562358,0,1,High,Low,Engaged Bargain Seekers
562361,0,1,High,Low,Engaged Bargain Seekers
562376,1,1,High,Low,Engaged Bargain Seekers
562404,1,1,High,Low,Engaged Bargain Seekers
562411,1,1,High,Low,Engaged Bargain Seekers
562501,3,0,Low,High,High-Value At-Risk
562510,0,2,High,Medium,Rising Loyalists
562588,0,1,High,Low,Engaged Bargain Seekers
562644,1,1,High,Low,Engaged Bargain Seekers
562655,1,1,High,Low,Engaged Bargain Seekers
562661,0,1,High,Low,Engaged Bargain Seekers
562677,1,1,High,Low,Engaged Bargain Seekers
562703,3,1,Low,Low,Dormant / Churned
562734,1,1,High,Low,Engaged Bargain Seekers
562737,1,1,High,Low,Engaged Bargain Seekers
563076,1,1,High,Low,Engaged Bargain Seekers
563086,1,2,High,Medium,Rising Loyalists
563094,0,1,High,Low,Engaged Bargain Seekers
563142,0,1,High,Low,Engaged Bargain Seekers
563188,1,1,High,Low,Engaged Bargain Seekers
563217,1,1,High,Low,Engaged Bargain Seekers
563386,1,1,High,Low,Engaged Bargain Seekers
563410,1,1,High,Low,Engaged Bargain Seekers
563428,3,0,Low,High,High-Value At-Risk
563587,1,1,High,Low,Engaged Bargain Seekers
563633,1,1,High,Low,Engaged Bargain Seekers
563749,1,1,High,Low,Engaged Bargain Seekers
563774,1,1,High,Low,Engaged Bargain Seekers
563945,1,2,High,Medium,Rising Loyalists
563977,1,2,High,Medium,Rising Loyalists
563981,1,1,High,Low,Engaged Bargain Seekers
564111,1,1,High,Low,Engaged Bargain Seekers
564114,1,1,High,Low,Engaged Bargain Seekers
564138,1,1,High,Low,Engaged Bargain Seekers
564141,1,1,High,Low,Engaged Bargain Seekers
564201,1,1,High,Low,Engaged Bargain Seekers
564305,0,1,High,Low,Engaged Bargain Seekers
564449,1,1,High,Low,Engaged Bargain Seekers
564650,1,1,High,Low,Engaged Bargain Seekers
564707,1,1,High,Low,Engaged Bargain Seekers
564813,0,1,High,Low,Engaged Bargain Seekers
564838,0,1,High,Low,Engaged Bargain Seekers
564841,1,1,High,Low,Engaged Bargain Seekers
564882,1,1,High,Low,Engaged Bargain Seekers
564909,1,1,High,Low,Engaged Bargain Seekers
564959,1,1,High,Low,Engaged Bargain Seekers
564973,1,1,High,Low,Engaged Bargain Seekers
565008,0,1,High,Low,Engaged Bargain Seekers
565040,1,1,High,Low,Engaged Bargain Seekers
565041,1,1,High,Low,Engaged Bargain Seekers
565074,3,1,Low,Low,Dormant / Churned
565133,1,1,High,Low,Engaged Bargain Seekers
565171,1,1,High,Low,Engaged Bargain Seekers
565227,3,0,Low,High,High-Value At-Risk
565242,0,1,High,Low,Engaged Bargain Seekers
565351,1,1,High,Low,Engaged Bargain Seekers
565452,1,1,High,Low,Engaged Bargain Seekers
565533,1,1,High,Low,Engaged Bargain Seekers
565602,1,1,High,Low,Engaged Bargain Seekers
565634,3,0,Low,High,High-Value At-Risk
565690,0,1,High,Low,Engaged Bargain Seekers
565710,1,1,High,Low,Engaged Bargain Seekers
565787,3,0,Low,High,High-Value At-Risk
565805,1,1,High,Low,Engaged Bargain Seekers
565811,1,1,High,Low,Engaged Bargain Seekers
565841,1,1,High,Low,Engaged Bargain Seekers
565876,1,1,High,Low,Engaged Bargain Seekers
565900,1,1,High,Low,Engaged Bargain Seekers
565960,1,1,High,Low,Engaged Bargain Seekers
565991,0,1,High,Low,Engaged Bargain Seekers
566033,3,1,Low,Low,Dormant / Churned
566165,1,1,High,Low,Engaged Bargain Seekers
566182,1,1,High,Low,Engaged Bargain Seekers
566343,3,1,Low,Low,Dormant / Churned
566374,1,2,High,Medium,Rising Loyalists
566550,0,1,High,Low,Engaged Bargain Seekers
566630,1,1,High,Low,Engaged Bargain Seekers
566640,1,1,High,Low,Engaged Bargain Seekers
566663,3,1,Low,Low,Dormant / Churned
566696,1,1,High,Low,Engaged Bargain Seekers
566714,1,1,High,Low,Engaged Bargain Seekers
566737,1,1,High,Low,Engaged Bargain Seekers
566767,1,1,High,Low,Engaged Bargain Seekers
566802,3,0,Low,High,High-Value At-Risk
566808,1,1,High,Low,Engaged Bargain Seekers
566851,1,1,High,Low,Engaged Bargain Seekers
566951,1,1,High,Low,Engaged Bargain Seekers
566957,1,1,High,Low,Engaged Bargain Seekers
566961,1,1,High,Low,Engaged Bargain Seekers
566991,0,1,High,Low,Engaged Bargain Seekers
567048,1,1,High,Low,Engaged Bargain Seekers
567070,1,1,High,Low,Engaged Bargain Seekers
567082,3,1,Low,Low,Dormant / Churned
567151,0,1,High,Low,Engaged Bargain Seekers
567210,1,1,High,Low,Engaged Bargain Seekers
567219,0,1,High,Low,Engaged Bargain Seekers
567227,1,1,High,Low,Engaged Bargain Seekers
567256,1,1,High,Low,Engaged Bargain Seekers
567261,1,1,High,Low,Engaged Bargain Seekers
567319,1,1,High,Low,Engaged Bargain Seekers
567412,1,1,High,Low,Engaged Bargain Seekers
567420,1,2,High,Medium,Rising Loyalists
567571,1,1,High,Low,Engaged Bargain Seekers
567670,0,1,High,Low,Engaged Bargain Seekers
567805,0,1,High,Low,Engaged Bargain Seekers
567865,0,1,High,Low,Engaged Bargain Seekers
567875,0,1,High,Low,Engaged Bargain Seekers
568111,1,1,High,Low,Engaged Bargain Seekers
568171,1,1,High,Low,Engaged Bargain Seekers
568172,1,1,High,Low,Engaged Bargain Seekers
568205,1,1,High,Low,Engaged Bargain Seekers
568286,1,1,High,Low,Engaged Bargain Seekers
568329,1,1,High,Low,Engaged Bargain Seekers
568442,1,1,High,Low,Engaged Bargain Seekers
568484,1,1,High,Low,Engaged Bargain Seekers
568525,1,1,High,Low,Engaged Bargain Seekers
568547,1,1,High,Low,Engaged Bargain Seekers
568594,1,1,High,Low,Engaged Bargain Seekers
568667,3,0,Low,High,High-Value At-Risk
568678,1,1,High,Low,Engaged Bargain Seekers
568681,3,0,Low,High,High-Value At-Risk
568712,1,1,High,Low,Engaged Bargain Seekers
568734,1,1,High,Low,Engaged Bargain Seekers
568769,1,1,High,Low,Engaged Bargain Seekers
568786,1,1,High,Low,Engaged Bargain Seekers
568798,0,1,High,Low,Engaged Bargain Seekers
568814,1,1,High,Low,Engaged Bargain Seekers
568870,1,2,High,Medium,Rising Loyalists
568880,1,1,High,Low,Engaged Bargain Seekers
568953,1,1,High,Low,Engaged Bargain Seekers
569188,0,1,High,Low,Engaged Bargain Seekers
569236,1,1,High,Low,Engaged Bargain Seekers
569313,1,1,High,Low,Engaged Bargain Seekers
569315,1,1,High,Low,Engaged Bargain Seekers
569319,1,1,High,Low,Engaged Bargain Seekers
569347,1,1,High,Low,Engaged Bargain Seekers
569369,1,1,High,Low,Engaged Bargain Seekers
569603,1,1,High,Low,Engaged Bargain Seekers
569677,0,1,High,Low,Engaged Bargain Seekers
569720,1,1,High,Low,Engaged Bargain Seekers
569769,0,1,High,Low,Engaged Bargain Seekers
569846,0,1,High,Low,Engaged Bargain Seekers
569880,1,1,High,Low,Engaged Bargain Seekers
569940,1,1,High,Low,Engaged Bargain Seekers
569972,0,1,High,Low,Engaged Bargain Seekers
570116,1,1,High,Low,Engaged Bargain Seekers
570299,1,2,High,Medium,Rising Loyalists
570318,1,1,High,Low,Engaged Bargain Seekers
570406,1,1,High,Low,Engaged Bargain Seekers
570469,1,1,High,Low,Engaged Bargain Seekers
570531,3,1,Low,Low,Dormant / Churned
570600,1,1,High,Low,Engaged Bargain Seekers
570637,1,1,High,Low,Engaged Bargain Seekers
570668,3,0,Low,High,High-Value At-Risk
570683,1,1,High,Low,Engaged Bargain Seekers
570784,1,1,High,Low,Engaged Bargain Seekers
570796,1,1,High,Low,Engaged Bargain Seekers
570806,1,1,High,Low,Engaged Bargain Seekers
570920,1,1,High,Low,Engaged Bargain Seekers
570971,0,1,High,Low,Engaged Bargain Seekers
571017,1,1,High,Low,Engaged Bargain Seekers
571123,1,1,High,Low,Engaged Bargain Seekers
571163,1,2,High,Medium,Rising Loyalists
571169,0,1,High,Low,Engaged Bargain Seekers
571180,1,1,High,Low,Engaged Bargain Seekers
571215,1,1,High,Low,Engaged Bargain Seekers
571239,1,1,High,Low,Engaged Bargain Seekers
571340,0,1,High,Low,Engaged Bargain Seekers
571406,3,0,Low,High,High-Value At-Risk
571409,3,1,Low,Low,Dormant / Churned
571479,3,1,Low,Low,Dormant / Churned
571498,1,1,High,Low,Engaged Bargain Seekers
571603,0,1,High,Low,Engaged Bargain Seekers
571643,1,1,High,Low,Engaged Bargain Seekers
571670,1,1,High,Low,Engaged Bargain Seekers
571760,1,1,High,Low,Engaged Bargain Seekers
571845,3,1,Low,Low,Dormant / Churned
571942,1,1,High,Low,Engaged Bargain Seekers
571964,1,1,High,Low,Engaged Bargain Seekers
571970,1,1,High,Low,Engaged Bargain Seekers
571992,1,2,High,Medium,Rising Loyalists
572015,1,1,High,Low,Engaged Bargain Seekers
572045,0,1,High,Low,Engaged Bargain Seekers
572062,3,0,Low,High,High-Value At-Risk
572066,0,1,High,Low,Engaged Bargain Seekers
572073,1,2,High,Medium,Rising Loyalists
572094,1,1,High,Low,Engaged Bargain Seekers
572263,1,1,High,Low,Engaged Bargain Seekers
572265,1,1,High,Low,Engaged Bargain Seekers
572282,1,1,High,Low,Engaged Bargain Seekers
572345,1,1,High,Low,Engaged Bargain Seekers
572410,1,1,High,Low,Engaged Bargain Seekers
572448,0,1,High,Low,Engaged Bargain Seekers
572463,3,0,Low,High,High-Value At-Risk
572505,0,1,High,Low,Engaged Bargain Seekers
572547,1,2,High,Medium,Rising Loyalists
572647,0,1,High,Low,Engaged Bargain Seekers
572663,1,1,High,Low,Engaged Bargain Seekers
572668,1,1,High,Low,Engaged Bargain Seekers
572768,0,1,High,Low,Engaged Bargain Seekers
572811,1,1,High,Low,Engaged Bargain Seekers
572812,0,1,High,Low,Engaged Bargain Seekers
572836,0,1,High,Low,Engaged Bargain Seekers
572890,0,1,High,Low,Engaged Bargain Seekers
572927,0,1,High,Low,Engaged Bargain Seekers
573078,0,1,High,Low,Engaged Bargain Seekers
573217,1,1,High,Low,Engaged Bargain Seekers
573290,0,1,High,Low,Engaged Bargain Seekers
573332,1,1,High,Low,Engaged Bargain Seekers
573344,1,1,High,Low,Engaged Bargain Seekers
573347,3,1,Low,Low,Dormant / Churned
573446,1,1,High,Low,Engaged Bargain Seekers
573458,1,1,High,Low,Engaged Bargain Seekers
573475,1,1,High,Low,Engaged Bargain Seekers
573505,1,1,High,Low,Engaged Bargain Seekers
573649,1,1,High,Low,Engaged Bargain Seekers
573661,0,1,High,Low,Engaged Bargain Seekers
573681,1,1,High,Low,Engaged Bargain Seekers
573830,0,1,High,Low,Engaged Bargain Seekers
573897,1,1,High,Low,Engaged Bargain Seekers
573954,1,1,High,Low,Engaged Bargain Seekers
573964,1,1,High,Low,Engaged Bargain Seekers
573972,1,1,High,Low,Engaged Bargain Seekers
573986,0,1,High,Low,Engaged Bargain Seekers
573995,0,1,High,Low,Engaged Bargain Seekers
574005,0,1,High,Low,Engaged Bargain Seekers
574081,0,1,High,Low,Engaged Bargain Seekers
574163,1,1,High,Low,Engaged Bargain Seekers
574302,0,1,High,Low,Engaged Bargain Seekers
574330,1,1,High,Low,Engaged Bargain Seekers
574391,0,1,High,Low,Engaged Bargain Seekers
574492,3,0,Low,High,High-Value At-Risk
574506,0,1,High,Low,Engaged Bargain Seekers
574542,1,1,High,Low,Engaged Bargain Seekers
574560,3,1,Low,Low,Dormant / Churned
574613,3,0,Low,High,High-Value At-Risk
574627,3,1,Low,Low,Dormant / Churned
574640,1,1,High,Low,Engaged Bargain Seekers
574674,1,1,High,Low,Engaged Bargain Seekers
574688,3,0,Low,High,High-Value At-Risk
574723,0,1,High,Low,Engaged Bargain Seekers
574726,1,1,High,Low,Engaged Bargain Seekers
574745,3,0,Low,High,High-Value At-Risk
574771,1,1,High,Low,Engaged Bargain Seekers
574835,1,1,High,Low,Engaged Bargain Seekers
574899,1,1,High,Low,Engaged Bargain Seekers
574930,0,1,High,Low,Engaged Bargain Seekers
575015,0,1,High,Low,Engaged Bargain Seekers
575030,0,1,High,Low,Engaged Bargain Seekers
575070,1,1,High,Low,Engaged Bargain Seekers
575089,3,0,Low,High,High-Value At-Risk
575123,1,1,High,Low,Engaged Bargain Seekers
575145,3,0,Low,High,High-Value At-Risk
575147,1,1,High,Low,Engaged Bargain Seekers
575342,1,1,High,Low,Engaged Bargain Seekers
575411,3,0,Low,High,High-Value At-Risk
575434,1,1,High,Low,Engaged Bargain Seekers
575487,0,1,High,Low,Engaged Bargain Seekers
575571,1,1,High,Low,Engaged Bargain Seekers
575573,1,1,High,Low,Engaged Bargain Seekers
575574,1,1,High,Low,Engaged Bargain Seekers
575612,1,1,High,Low,Engaged Bargain Seekers
575818,1,1,High,Low,Engaged Bargain Seekers
575821,0,1,High,Low,Engaged Bargain Seekers
575833,1,1,High,Low,Engaged Bargain Seekers
575844,1,1,High,Low,Engaged Bargain Seekers
575849,1,1,High,Low,Engaged Bargain Seekers
575948,1,1,High,Low,Engaged Bargain Seekers
576051,1,1,High,Low,Engaged Bargain Seekers
576057,0,1,High,Low,Engaged Bargain Seekers
576071,1,1,High,Low,Engaged Bargain Seekers
576074,1,1,High,Low,Engaged Bargain Seekers
576110,1,1,High,Low,Engaged Bargain Seekers
576176,0,1,High,Low,Engaged Bargain Seekers
576184,1,1,High,Low,Engaged Bargain Seekers
576217,1,1,High,Low,Engaged Bargain Seekers
576294,1,1,High,Low,Engaged Bargain Seekers
576345,1,1,High,Low,Engaged Bargain Seekers
576354,1,1,High,Low,Engaged Bargain Seekers
576363,1,1,High,Low,Engaged Bargain Seekers
576498,1,1,High,Low,Engaged Bargain Seekers
576576,1,1,High,Low,Engaged Bargain Seekers
576587,1,1,High,Low,Engaged Bargain Seekers
576654,3,1,Low,Low,Dormant / Churned
576658,0,1,High,Low,Engaged Bargain Seekers
576690,1,1,High,Low,Engaged Bargain Seekers
576692,1,1,High,Low,Engaged Bargain Seekers
576716,1,1,High,Low,Engaged Bargain Seekers
576736,0,1,High,Low,Engaged Bargain Seekers
576871,1,1,High,Low,Engaged Bargain Seekers
576878,1,1,High,Low,Engaged Bargain Seekers
576911,1,1,High,Low,Engaged Bargain Seekers
576936,1,1,High,Low,Engaged Bargain Seekers
576947,1,1,High,Low,Engaged Bargain Seekers
577124,1,1,High,Low,Engaged Bargain Seekers
577151,0,1,High,Low,Engaged Bargain Seekers
577156,1,1,High,Low,Engaged Bargain Seekers
577195,0,1,High,Low,Engaged Bargain Seekers
577232,3,0,Low,High,High-Value At-Risk
577265,1,1,High,Low,Engaged Bargain Seekers
577278,1,1,High,Low,Engaged Bargain Seekers
577322,1,1,High,Low,Engaged Bargain Seekers
577360,1,1,High,Low,Engaged Bargain Seekers
577374,1,1,High,Low,Engaged Bargain Seekers
577386,1,1,High,Low,Engaged Bargain Seekers
577398,1,2,High,Medium,Rising Loyalists
577405,1,1,High,Low,Engaged Bargain Seekers
577467,1,1,High,Low,Engaged Bargain Seekers
577501,1,1,High,Low,Engaged Bargain Seekers
577535,1,1,High,Low,Engaged Bargain Seekers
577726,1,1,High,Low,Engaged Bargain Seekers
577795,1,1,High,Low,Engaged Bargain Seekers
577844,1,1,High,Low,Engaged Bargain Seekers
577860,1,1,High,Low,Engaged Bargain Seekers
577872,0,1,High,Low,Engaged Bargain Seekers
577901,0,1,High,Low,Engaged Bargain Seekers
577998,3,0,Low,High,High-Value At-Risk
578013,1,1,High,Low,Engaged Bargain Seekers
578020,1,1,High,Low,Engaged Bargain Seekers
578114,1,1,High,Low,Engaged Bargain Seekers
578167,1,1,High,Low,Engaged Bargain Seekers
578203,1,1,High,Low,Engaged Bargain Seekers
578234,0,1,High,Low,Engaged Bargain Seekers
578688,1,1,High,Low,Engaged Bargain Seekers
578751,3,1,Low,Low,Dormant / Churned
578788,0,1,High,Low,Engaged Bargain Seekers
578811,1,1,High,Low,Engaged Bargain Seekers
578837,1,1,High,Low,Engaged Bargain Seekers
578944,1,1,High,Low,Engaged Bargain Seekers
578998,1,2,High,Medium,Rising Loyalists
579005,1,1,High,Low,Engaged Bargain Seekers
579015,1,1,High,Low,Engaged Bargain Seekers
579034,1,1,High,Low,Engaged Bargain Seekers
579093,0,1,High,Low,Engaged Bargain Seekers
579245,3,0,Low,High,High-Value At-Risk
579283,0,1,High,Low,Engaged Bargain Seekers
579318,1,1,High,Low,Engaged Bargain Seekers
579322,1,1,High,Low,Engaged Bargain Seekers
579377,1,1,High,Low,Engaged Bargain Seekers
579424,1,2,High,Medium,Rising Loyalists
579438,0,1,High,Low,Engaged Bargain Seekers
579581,1,1,High,Low,Engaged Bargain Seekers
579584,3,0,Low,High,High-Value At-Risk
579684,1,1,High,Low,Engaged Bargain Seekers
579710,1,1,High,Low,Engaged Bargain Seekers
579726,1,1,High,Low,Engaged Bargain Seekers
579785,0,1,High,Low,Engaged Bargain Seekers
579847,1,1,High,Low,Engaged Bargain Seekers
579883,0,1,High,Low,Engaged Bargain Seekers
579890,1,1,High,Low,Engaged Bargain Seekers
579931,1,1,High,Low,Engaged Bargain Seekers
579943,1,1,High,Low,Engaged Bargain Seekers
579990,1,1,High,Low,Engaged Bargain Seekers
580068,0,1,High,Low,Engaged Bargain Seekers
580159,1,1,High,Low,Engaged Bargain Seekers
580169,1,1,High,Low,Engaged Bargain Seekers
580201,1,1,High,Low,Engaged Bargain Seekers
580212,1,1,High,Low,Engaged Bargain Seekers
580324,1,1,High,Low,Engaged Bargain Seekers
580341,1,1,High,Low,Engaged Bargain Seekers
580356,1,1,High,Low,Engaged Bargain Seekers
580472,1,1,High,Low,Engaged Bargain Seekers
580493,0,1,High,Low,Engaged Bargain Seekers
580500,0,1,High,Low,Engaged Bargain Seekers
580508,1,1,High,Low,Engaged Bargain Seekers
580554,1,1,High,Low,Engaged Bargain Seekers
580586,1,1,High,Low,Engaged Bargain Seekers
580592,3,0,Low,High,High-Value At-Risk
580628,3,1,Low,Low,Dormant / Churned
580834,1,1,High,Low,Engaged Bargain Seekers
580979,0,1,High,Low,Engaged Bargain Seekers
581007,1,1,High,Low,Engaged Bargain Seekers
581079,1,1,High,Low,Engaged Bargain Seekers
581260,1,1,High,Low,Engaged Bargain Seekers
581294,1,1,High,Low,Engaged Bargain Seekers
581380,3,1,Low,Low,Dormant / Churned
581396,1,1,High,Low,Engaged Bargain Seekers
581419,3,0,Low,High,High-Value At-Risk
581427,1,1,High,Low,Engaged Bargain Seekers
581481,1,1,High,Low,Engaged Bargain Seekers
581513,1,1,High,Low,Engaged Bargain Seekers
581531,1,1,High,Low,Engaged Bargain Seekers
581533,1,1,High,Low,Engaged Bargain Seekers
581596,1,1,High,Low,Engaged Bargain Seekers
581651,0,1,High,Low,Engaged Bargain Seekers
581661,1,1,High,Low,Engaged Bargain Seekers
581668,1,1,High,Low,Engaged Bargain Seekers
581682,1,1,High,Low,Engaged Bargain Seekers
581712,1,1,High,Low,Engaged Bargain Seekers
581913,0,1,High,Low,Engaged Bargain Seekers
581999,1,1,High,Low,Engaged Bargain Seekers
582066,1,1,High,Low,Engaged Bargain Seekers
582067,0,1,High,Low,Engaged Bargain Seekers
582097,3,0,Low,High,High-Value At-Risk
582166,3,0,Low,High,High-Value At-Risk
582244,3,0,Low,High,High-Value At-Risk
582256,3,0,Low,High,High-Value At-Risk
582257,1,1,High,Low,Engaged Bargain Seekers
582364,1,1,High,Low,Engaged Bargain Seekers
582427,1,1,High,Low,Engaged Bargain Seekers
582429,1,1,High,Low,Engaged Bargain Seekers
582493,1,1,High,Low,Engaged Bargain Seekers
582646,0,1,High,Low,Engaged Bargain Seekers
582674,0,1,High,Low,Engaged Bargain Seekers
582690,1,1,High,Low,Engaged Bargain Seekers
582843,0,1,High,Low,Engaged Bargain Seekers
582861,1,1,High,Low,Engaged Bargain Seekers
582874,0,1,High,Low,Engaged Bargain Seekers
582883,1,1,High,Low,Engaged Bargain Seekers
582929,1,1,High,Low,Engaged Bargain Seekers
582930,1,1,High,Low,Engaged Bargain Seekers
582990,0,1,High,Low,Engaged Bargain Seekers
583003,0,1,High,Low,Engaged Bargain Seekers
583005,1,1,High,Low,Engaged Bargain Seekers
583165,3,0,Low,High,High-Value At-Risk
583175,0,1,High,Low,Engaged Bargain Seekers
583223,1,1,High,Low,Engaged Bargain Seekers
583227,1,1,High,Low,Engaged Bargain Seekers
583252,1,1,High,Low,Engaged Bargain Seekers
583271,1,1,High,Low,Engaged Bargain Seekers
583272,0,1,High,Low,Engaged Bargain Seekers
583327,1,1,High,Low,Engaged Bargain Seekers
583415,1,1,High,Low,Engaged Bargain Seekers
583513,1,1,High,Low,Engaged Bargain Seekers
583539,1,1,High,Low,Engaged Bargain Seekers
583565,1,1,High,Low,Engaged Bargain Seekers
583601,0,1,High,Low,Engaged Bargain Seekers
583610,1,1,High,Low,Engaged Bargain Seekers
583648,1,1,High,Low,Engaged Bargain Seekers
583670,1,2,High,Medium,Rising Loyalists
583718,1,1,High,Low,Engaged Bargain Seekers
583754,0,1,High,Low,Engaged Bargain Seekers
583788,0,1,High,Low,Engaged Bargain Seekers
584017,1,1,High,Low,Engaged Bargain Seekers
584173,1,1,High,Low,Engaged Bargain Seekers
584285,1,1,High,Low,Engaged Bargain Seekers
584377,1,1,High,Low,Engaged Bargain Seekers
584405,1,1,High,Low,Engaged Bargain Seekers
584426,3,0,Low,High,High-Value At-Risk
584458,1,1,High,Low,Engaged Bargain Seekers
584463,1,1,High,Low,Engaged Bargain Seekers
584536,1,1,High,Low,Engaged Bargain Seekers
584537,1,1,High,Low,Engaged Bargain Seekers
584564,1,1,High,Low,Engaged Bargain Seekers
584727,1,1,High,Low,Engaged Bargain Seekers
584737,0,1,High,Low,Engaged Bargain Seekers
584782,0,1,High,Low,Engaged Bargain Seekers
584796,0,1,High,Low,Engaged Bargain Seekers
584833,0,1,High,Low,Engaged Bargain Seekers
584845,1,1,High,Low,Engaged Bargain Seekers
584880,1,1,High,Low,Engaged Bargain Seekers
585039,1,1,High,Low,Engaged Bargain Seekers
585066,3,1,Low,Low,Dormant / Churned
585082,1,1,High,Low,Engaged Bargain Seekers
585162,3,0,Low,High,High-Value At-Risk
585271,0,1,High,Low,Engaged Bargain Seekers
585275,1,1,High,Low,Engaged Bargain Seekers
585277,1,1,High,Low,Engaged Bargain Seekers
585316,1,1,High,Low,Engaged Bargain Seekers
585357,1,1,High,Low,Engaged Bargain Seekers
585377,1,1,High,Low,Engaged Bargain Seekers
585386,1,1,High,Low,Engaged Bargain Seekers
585420,0,1,High,Low,Engaged Bargain Seekers
585495,3,0,Low,High,High-Value At-Risk
585509,0,1,High,Low,Engaged Bargain Seekers
585629,1,1,High,Low,Engaged Bargain Seekers
585642,1,1,High,Low,Engaged Bargain Seekers
585756,1,1,High,Low,Engaged Bargain Seekers
585780,1,1,High,Low,Engaged Bargain Seekers
585793,1,1,High,Low,Engaged Bargain Seekers
585850,1,1,High,Low,Engaged Bargain Seekers
585853,1,1,High,Low,Engaged Bargain Seekers
585854,1,1,High,Low,Engaged Bargain Seekers
585947,1,1,High,Low,Engaged Bargain Seekers
585975,1,1,High,Low,Engaged Bargain Seekers
585976,0,1,High,Low,Engaged Bargain Seekers
585978,1,1,High,Low,Engaged Bargain Seekers
586056,1,1,High,Low,Engaged Bargain Seekers
586076,0,1,High,Low,Engaged Bargain Seekers
586100,1,1,High,Low,Engaged Bargain Seekers
586164,1,1,High,Low,Engaged Bargain Seekers
586191,1,1,High,Low,Engaged Bargain Seekers
586199,0,1,High,Low,Engaged Bargain Seekers
586365,0,1,High,Low,Engaged Bargain Seekers
586401,1,1,High,Low,Engaged Bargain Seekers
586446,1,1,High,Low,Engaged Bargain Seekers
586542,1,1,High,Low,Engaged Bargain Seekers
586686,1,1,High,Low,Engaged Bargain Seekers
586711,1,1,High,Low,Engaged Bargain Seekers
586734,1,2,High,Medium,Rising Loyalists
586753,1,1,High,Low,Engaged Bargain Seekers
586870,1,1,High,Low,Engaged Bargain Seekers
586891,1,1,High,Low,Engaged Bargain Seekers
586944,1,1,High,Low,Engaged Bargain Seekers
587136,1,1,High,Low,Engaged Bargain Seekers
587196,0,1,High,Low,Engaged Bargain Seekers
587284,0,1,High,Low,Engaged Bargain Seekers
587378,1,1,High,Low,Engaged Bargain Seekers
587420,1,1,High,Low,Engaged Bargain Seekers
587480,1,1,High,Low,Engaged Bargain Seekers
587543,0,1,High,Low,Engaged Bargain Seekers
587591,1,1,High,Low,Engaged Bargain Seekers
587619,1,1,High,Low,Engaged Bargain Seekers
587623,1,1,High,Low,Engaged Bargain Seekers
587633,1,1,High,Low,Engaged Bargain Seekers
587769,3,0,Low,High,High-Value At-Risk
587800,1,1,High,Low,Engaged Bargain Seekers
587867,1,1,High,Low,Engaged Bargain Seekers
588015,1,2,High,Medium,Rising Loyalists
588095,1,1,High,Low,Engaged Bargain Seekers
588220,1,1,High,Low,Engaged Bargain Seekers
588237,1,1,High,Low,Engaged Bargain Seekers
588292,0,1,High,Low,Engaged Bargain Seekers
588445,1,1,High,Low,Engaged Bargain Seekers
588516,1,1,High,Low,Engaged Bargain Seekers
588657,1,1,High,Low,Engaged Bargain Seekers
588789,1,1,High,Low,Engaged Bargain Seekers
588864,0,1,High,Low,Engaged Bargain Seekers
588917,1,2,High,Medium,Rising Loyalists
588943,0,1,High,Low,Engaged Bargain Seekers
588980,1,1,High,Low,Engaged Bargain Seekers
588993,0,1,High,Low,Engaged Bargain Seekers
589074,0,1,High,Low,Engaged Bargain Seekers
589101,1,1,High,Low,Engaged Bargain Seekers
589394,3,1,Low,Low,Dormant / Churned
589427,1,1,High,Low,Engaged Bargain Seekers
589430,0,1,High,Low,Engaged Bargain Seekers
589466,1,1,High,Low,Engaged Bargain Seekers
589580,1,1,High,Low,Engaged Bargain Seekers
589745,1,1,High,Low,Engaged Bargain Seekers
589765,1,1,High,Low,Engaged Bargain Seekers
589795,1,1,High,Low,Engaged Bargain Seekers
589818,1,1,High,Low,Engaged Bargain Seekers
589840,1,1,High,Low,Engaged Bargain Seekers
590012,3,1,Low,Low,Dormant / Churned
590025,1,1,High,Low,Engaged Bargain Seekers
590098,1,1,High,Low,Engaged Bargain Seekers
590246,1,1,High,Low,Engaged Bargain Seekers
590280,1,2,High,Medium,Rising Loyalists
590301,1,1,High,Low,Engaged Bargain Seekers
590393,0,1,High,Low,Engaged Bargain Seekers
590485,1,1,High,Low,Engaged Bargain Seekers
590514,1,2,High,Medium,Rising Loyalists
590621,3,1,Low,Low,Dormant / Churned
590647,1,1,High,Low,Engaged Bargain Seekers
590727,0,1,High,Low,Engaged Bargain Seekers
590752,1,1,High,Low,Engaged Bargain Seekers
590778,1,2,High,Medium,Rising Loyalists
590936,1,1,High,Low,Engaged Bargain Seekers
590981,1,1,High,Low,Engaged Bargain Seekers
590989,1,1,High,Low,Engaged Bargain Seekers
591174,1,1,High,Low,Engaged Bargain Seekers
591234,0,1,High,Low,Engaged Bargain Seekers
591272,1,1,High,Low,Engaged Bargain Seekers
591367,1,1,High,Low,Engaged Bargain Seekers
591377,1,1,High,Low,Engaged Bargain Seekers
591414,0,1,High,Low,Engaged Bargain Seekers
591476,1,1,High,Low,Engaged Bargain Seekers
591547,1,1,High,Low,Engaged Bargain Seekers
591576,3,1,Low,Low,Dormant / Churned
591579,0,1,High,Low,Engaged Bargain Seekers
591608,1,1,High,Low,Engaged Bargain Seekers
591641,1,1,High,Low,Engaged Bargain Seekers
591731,1,1,High,Low,Engaged Bargain Seekers
591758,1,1,High,Low,Engaged Bargain Seekers
591841,1,1,High,Low,Engaged Bargain Seekers
591854,1,1,High,Low,Engaged Bargain Seekers
592003,1,2,High,Medium,Rising Loyalists
592034,0,1,High,Low,Engaged Bargain Seekers
592064,0,1,High,Low,Engaged Bargain Seekers
592088,1,1,High,Low,Engaged Bargain Seekers
592145,1,1,High,Low,Engaged Bargain Seekers
592213,3,1,Low,Low,Dormant / Churned
592218,0,1,High,Low,Engaged Bargain Seekers
592251,1,2,High,Medium,Rising Loyalists
592302,0,1,High,Low,Engaged Bargain Seekers
592350,1,1,High,Low,Engaged Bargain Seekers
592431,1,1,High,Low,Engaged Bargain Seekers
592485,1,1,High,Low,Engaged Bargain Seekers
592515,3,1,Low,Low,Dormant / Churned
592532,3,1,Low,Low,Dormant / Churned
592966,1,1,High,Low,Engaged Bargain Seekers
592992,1,2,High,Medium,Rising Loyalists
593007,1,1,High,Low,Engaged Bargain Seekers
593039,0,1,High,Low,Engaged Bargain Seekers
593116,1,1,High,Low,Engaged Bargain Seekers
593190,1,1,High,Low,Engaged Bargain Seekers
593252,0,1,High,Low,Engaged Bargain Seekers
593277,0,1,High,Low,Engaged Bargain Seekers
593327,0,1,High,Low,Engaged Bargain Seekers
593340,1,1,High,Low,Engaged Bargain Seekers
593386,1,1,High,Low,Engaged Bargain Seekers
593421,1,1,High,Low,Engaged Bargain Seekers
593506,1,1,High,Low,Engaged Bargain Seekers
593651,1,1,High,Low,Engaged Bargain Seekers
593684,1,1,High,Low,Engaged Bargain Seekers
593710,1,1,High,Low,Engaged Bargain Seekers
593781,1,1,High,Low,Engaged Bargain Seekers
593868,1,1,High,Low,Engaged Bargain Seekers
593885,3,0,Low,High,High-Value At-Risk
594028,1,1,High,Low,Engaged Bargain Seekers
594044,0,1,High,Low,Engaged Bargain Seekers
594200,3,0,Low,High,High-Value At-Risk
594468,3,0,Low,High,High-Value At-Risk
594598,1,1,High,Low,Engaged Bargain Seekers
594606,0,1,High,Low,Engaged Bargain Seekers
594626,3,0,Low,High,High-Value At-Risk
594636,0,1,High,Low,Engaged Bargain Seekers
594649,1,1,High,Low,Engaged Bargain Seekers
594672,1,2,High,Medium,Rising Loyalists
594681,0,1,High,Low,Engaged Bargain Seekers
594997,1,1,High,Low,Engaged Bargain Seekers
595024,1,1,High,Low,Engaged Bargain Seekers
595027,1,1,High,Low,Engaged Bargain Seekers
595028,1,1,High,Low,Engaged Bargain Seekers
595083,1,2,High,Medium,Rising Loyalists
595169,1,1,High,Low,Engaged Bargain Seekers
595215,1,1,High,Low,Engaged Bargain Seekers
595235,1,1,High,Low,Engaged Bargain Seekers
595236,0,1,High,Low,Engaged Bargain Seekers
595320,1,1,High,Low,Engaged Bargain Seekers
595323,1,1,High,Low,Engaged Bargain Seekers
595325,1,1,High,Low,Engaged Bargain Seekers
595334,0,1,High,Low,Engaged Bargain Seekers
595529,3,0,Low,High,High-Value At-Risk
595624,0,1,High,Low,Engaged Bargain Seekers
595658,1,1,High,Low,Engaged Bargain Seekers
595681,1,1,High,Low,Engaged Bargain Seekers
595747,1,1,High,Low,Engaged Bargain Seekers
595775,3,1,Low,Low,Dormant / Churned
595965,1,1,High,Low,Engaged Bargain Seekers
595978,1,1,High,Low,Engaged Bargain Seekers
595980,1,1,High,Low,Engaged Bargain Seekers
596004,1,1,High,Low,Engaged Bargain Seekers
596033,3,1,Low,Low,Dormant / Churned
596153,1,1,High,Low,Engaged Bargain Seekers
596171,0,1,High,Low,Engaged Bargain Seekers
596173,3,0,Low,High,High-Value At-Risk
596179,1,1,High,Low,Engaged Bargain Seekers
596297,0,1,High,Low,Engaged Bargain Seekers
596327,1,1,High,Low,Engaged Bargain Seekers
596390,1,1,High,Low,Engaged Bargain Seekers
596462,0,1,High,Low,Engaged Bargain Seekers
596544,0,1,High,Low,Engaged Bargain Seekers
596586,1,1,High,Low,Engaged Bargain Seekers
596674,1,1,High,Low,Engaged Bargain Seekers
596787,1,1,High,Low,Engaged Bargain Seekers
596818,1,1,High,Low,Engaged Bargain Seekers
596911,1,2,High,Medium,Rising Loyalists
597023,1,1,High,Low,Engaged Bargain Seekers
597124,3,0,Low,High,High-Value At-Risk
597156,0,1,High,Low,Engaged Bargain Seekers
597189,1,1,High,Low,Engaged Bargain Seekers
597191,1,1,High,Low,Engaged Bargain Seekers
597197,1,1,High,Low,Engaged Bargain Seekers
597209,1,1,High,Low,Engaged Bargain Seekers
597228,1,1,High,Low,Engaged Bargain Seekers
597237,1,1,High,Low,Engaged Bargain Seekers
597267,1,1,High,Low,Engaged Bargain Seekers
597294,0,1,High,Low,Engaged Bargain Seekers
597300,1,1,High,Low,Engaged Bargain Seekers
597313,1,1,High,Low,Engaged Bargain Seekers
597522,3,1,Low,Low,Dormant / Churned
597532,1,1,High,Low,Engaged Bargain Seekers
597630,0,1,High,Low,Engaged Bargain Seekers
597837,1,1,High,Low,Engaged Bargain Seekers
597897,0,1,High,Low,Engaged Bargain Seekers
597981,1,1,High,Low,Engaged Bargain Seekers
598016,1,1,High,Low,Engaged Bargain Seekers
598059,1,1,High,Low,Engaged Bargain Seekers
598258,3,0,Low,High,High-Value At-Risk
598360,1,1,High,Low,Engaged Bargain Seekers
598364,1,1,High,Low,Engaged Bargain Seekers
598369,1,1,High,Low,Engaged Bargain Seekers
598398,1,1,High,Low,Engaged Bargain Seekers
598705,1,1,High,Low,Engaged Bargain Seekers
598706,1,1,High,Low,Engaged Bargain Seekers
598711,0,1,High,Low,Engaged Bargain Seekers
598760,1,2,High,Medium,Rising Loyalists
598799,1,1,High,Low,Engaged Bargain Seekers
599078,0,1,High,Low,Engaged Bargain Seekers
599145,1,1,High,Low,Engaged Bargain Seekers
599184,1,1,High,Low,Engaged Bargain Seekers
599341,1,1,High,Low,Engaged Bargain Seekers
599369,1,1,High,Low,Engaged Bargain Seekers
599372,1,1,High,Low,Engaged Bargain Seekers
599394,0,1,High,Low,Engaged Bargain Seekers
599442,1,1,High,Low,Engaged Bargain Seekers
599483,1,1,High,Low,Engaged Bargain Seekers
599491,1,1,High,Low,Engaged Bargain Seekers
599560,0,1,High,Low,Engaged Bargain Seekers
599746,1,1,High,Low,Engaged Bargain Seekers
599778,1,1,High,Low,Engaged Bargain Seekers
599873,0,1,High,Low,Engaged Bargain Seekers
599925,0,1,High,Low,Engaged Bargain Seekers
600013,0,1,High,Low,Engaged Bargain Seekers
600021,0,1,High,Low,Engaged Bargain Seekers
600063,1,1,High,Low,Engaged Bargain Seekers
600220,3,0,Low,High,High-Value At-Risk
600302,1,1,High,Low,Engaged Bargain Seekers
600309,0,1,High,Low,Engaged Bargain Seekers
600432,1,2,High,Medium,Rising Loyalists
600482,1,1,High,Low,Engaged Bargain Seekers
600541,0,2,High,Medium,Rising Loyalists
600563,1,1,High,Low,Engaged Bargain Seekers
600598,1,1,High,Low,Engaged Bargain Seekers
600651,1,1,High,Low,Engaged Bargain Seekers
600664,1,1,High,Low,Engaged Bargain Seekers
600712,0,1,High,Low,Engaged Bargain Seekers
600746,1,1,High,Low,Engaged Bargain Seekers
600756,1,1,High,Low,Engaged Bargain Seekers
600785,1,1,High,Low,Engaged Bargain Seekers
600792,0,1,High,Low,Engaged Bargain Seekers
600820,3,0,Low,High,High-Value At-Risk
600884,1,1,High,Low,Engaged Bargain Seekers
600914,1,1,High,Low,Engaged Bargain Seekers
600923,3,0,Low,High,High-Value At-Risk
601027,1,1,High,Low,Engaged Bargain Seekers
601068,3,0,Low,High,High-Value At-Risk
601105,1,1,High,Low,Engaged Bargain Seekers
601131,1,1,High,Low,Engaged Bargain Seekers
601143,1,1,High,Low,Engaged Bargain Seekers
601167,1,1,High,Low,Engaged Bargain Seekers
601332,1,1,High,Low,Engaged Bargain Seekers
601341,1,2,High,Medium,Rising Loyalists
601407,1,1,High,Low,Engaged Bargain Seekers
601448,1,1,High,Low,Engaged Bargain Seekers
601583,0,1,High,Low,Engaged Bargain Seekers
601586,1,1,High,Low,Engaged Bargain Seekers
601597,1,1,High,Low,Engaged Bargain Seekers
601625,1,1,High,Low,Engaged Bargain Seekers
601626,1,1,High,Low,Engaged Bargain Seekers
601681,1,1,High,Low,Engaged Bargain Seekers
601775,1,1,High,Low,Engaged Bargain Seekers
601834,1,1,High,Low,Engaged Bargain Seekers
601940,1,1,High,Low,Engaged Bargain Seekers
601997,3,0,Low,High,High-Value At-Risk
602014,1,1,High,Low,Engaged Bargain Seekers
602043,3,0,Low,High,High-Value At-Risk
602068,0,1,High,Low,Engaged Bargain Seekers
602086,1,1,High,Low,Engaged Bargain Seekers
602150,1,1,High,Low,Engaged Bargain Seekers
602176,0,1,High,Low,Engaged Bargain Seekers
602213,1,1,High,Low,Engaged Bargain Seekers
602222,0,1,High,Low,Engaged Bargain Seekers
602275,0,1,High,Low,Engaged Bargain Seekers
602346,1,1,High,Low,Engaged Bargain Seekers
602361,1,1,High,Low,Engaged Bargain Seekers
602384,0,1,High,Low,Engaged Bargain Seekers
602574,1,1,High,Low,Engaged Bargain Seekers
602585,1,2,High,Medium,Rising Loyalists
602587,1,1,High,Low,Engaged Bargain Seekers
602649,0,1,High,Low,Engaged Bargain Seekers
602685,1,2,High,Medium,Rising Loyalists
602694,0,1,High,Low,Engaged Bargain Seekers
602783,1,1,High,Low,Engaged Bargain Seekers
602900,1,1,High,Low,Engaged Bargain Seekers
602931,1,2,High,Medium,Rising Loyalists
603005,0,1,High,Low,Engaged Bargain Seekers
603009,0,1,High,Low,Engaged Bargain Seekers
603050,0,1,High,Low,Engaged Bargain Seekers
603070,1,1,High,Low,Engaged Bargain Seekers
603077,1,1,High,Low,Engaged Bargain Seekers
603079,1,1,High,Low,Engaged Bargain Seekers
603082,0,1,High,Low,Engaged Bargain Seekers
603248,3,1,Low,Low,Dormant / Churned
603371,0,1,High,Low,Engaged Bargain Seekers
603407,1,1,High,Low,Engaged Bargain Seekers
603433,0,1,High,Low,Engaged Bargain Seekers
603446,1,1,High,Low,Engaged Bargain Seekers
603531,1,1,High,Low,Engaged Bargain Seekers
603539,1,1,High,Low,Engaged Bargain Seekers
603545,1,1,High,Low,Engaged Bargain Seekers
603587,1,1,High,Low,Engaged Bargain Seekers
603653,0,1,High,Low,Engaged Bargain Seekers
603658,1,1,High,Low,Engaged Bargain Seekers
603674,1,1,High,Low,Engaged Bargain Seekers
603739,1,1,High,Low,Engaged Bargain Seekers
603744,1,1,High,Low,Engaged Bargain Seekers
603775,1,1,High,Low,Engaged Bargain Seekers
603968,1,1,High,Low,Engaged Bargain Seekers
604019,1,1,High,Low,Engaged Bargain Seekers
604039,3,0,Low,High,High-Value At-Risk
604076,3,1,Low,Low,Dormant / Churned
604077,0,1,High,Low,Engaged Bargain Seekers
604116,0,1,High,Low,Engaged Bargain Seekers
604274,1,1,High,Low,Engaged Bargain Seekers
604328,3,1,Low,Low,Dormant / Churned
604332,1,2,High,Medium,Rising Loyalists
604436,0,1,High,Low,Engaged Bargain Seekers
604461,1,1,High,Low,Engaged Bargain Seekers
604470,1,1,High,Low,Engaged Bargain Seekers
604471,0,1,High,Low,Engaged Bargain Seekers
604510,0,2,High,Medium,Rising Loyalists
604526,1,1,High,Low,Engaged Bargain Seekers
604630,3,0,Low,High,High-Value At-Risk
604645,1,1,High,Low,Engaged Bargain Seekers
604681,1,1,High,Low,Engaged Bargain Seekers
604724,1,1,High,Low,Engaged Bargain Seekers
604772,1,1,High,Low,Engaged Bargain Seekers
604783,1,1,High,Low,Engaged Bargain Seekers
604792,1,1,High,Low,Engaged Bargain Seekers
604822,1,1,High,Low,Engaged Bargain Seekers
604825,3,0,Low,High,High-Value At-Risk
604839,3,1,Low,Low,Dormant / Churned
604870,1,1,High,Low,Engaged Bargain Seekers
604943,1,1,High,Low,Engaged Bargain Seekers
605127,1,1,High,Low,Engaged Bargain Seekers
605134,1,1,High,Low,Engaged Bargain Seekers
605184,1,1,High,Low,Engaged Bargain Seekers
605269,1,1,High,Low,Engaged Bargain Seekers
605320,1,1,High,Low,Engaged Bargain Seekers
605322,1,1,High,Low,Engaged Bargain Seekers
605341,1,1,High,Low,Engaged Bargain Seekers
605343,1,1,High,Low,Engaged Bargain Seekers
605421,1,1,High,Low,Engaged Bargain Seekers
605500,1,2,High,Medium,Rising Loyalists
605505,1,1,High,Low,Engaged Bargain Seekers
605723,1,2,High,Medium,Rising Loyalists
605761,1,1,High,Low,Engaged Bargain Seekers
605768,3,0,Low,High,High-Value At-Risk
605787,1,1,High,Low,Engaged Bargain Seekers
605790,1,1,High,Low,Engaged Bargain Seekers
605803,1,1,High,Low,Engaged Bargain Seekers
605849,1,1,High,Low,Engaged Bargain Seekers
605874,0,1,High,Low,Engaged Bargain Seekers
605877,1,1,High,Low,Engaged Bargain Seekers
605907,1,1,High,Low,Engaged Bargain Seekers
605926,1,1,High,Low,Engaged Bargain Seekers
606004,0,2,High,Medium,Rising Loyalists
606026,1,1,High,Low,Engaged Bargain Seekers
606060,1,1,High,Low,Engaged Bargain Seekers
606074,0,1,High,Low,Engaged Bargain Seekers
606076,3,1,Low,Low,Dormant / Churned
606117,3,0,Low,High,High-Value At-Risk
606214,1,1,High,Low,Engaged Bargain Seekers
606344,0,1,High,Low,Engaged Bargain Seekers
606371,1,1,High,Low,Engaged Bargain Seekers
606396,0,1,High,Low,Engaged Bargain Seekers
606455,1,1,High,Low,Engaged Bargain Seekers
606563,1,1,High,Low,Engaged Bargain Seekers
606600,1,1,High,Low,Engaged Bargain Seekers
606712,1,1,High,Low,Engaged Bargain Seekers
606811,3,0,Low,High,High-Value At-Risk
606846,1,2,High,Medium,Rising Loyalists
606852,1,1,High,Low,Engaged Bargain Seekers
606875,1,1,High,Low,Engaged Bargain Seekers
606877,1,1,High,Low,Engaged Bargain Seekers
606962,0,1,High,Low,Engaged Bargain Seekers
606989,1,1,High,Low,Engaged Bargain Seekers
607115,1,1,High,Low,Engaged Bargain Seekers
607117,1,1,High,Low,Engaged Bargain Seekers
607123,1,1,High,Low,Engaged Bargain Seekers
607266,3,0,Low,High,High-Value At-Risk
607275,1,1,High,Low,Engaged Bargain Seekers
607292,1,1,High,Low,Engaged Bargain Seekers
607347,1,1,High,Low,Engaged Bargain Seekers
607405,1,1,High,Low,Engaged Bargain Seekers
607453,1,1,High,Low,Engaged Bargain Seekers
607480,1,1,High,Low,Engaged Bargain Seekers
607489,1,1,High,Low,Engaged Bargain Seekers
607538,1,1,High,Low,Engaged Bargain Seekers
607548,1,1,High,Low,Engaged Bargain Seekers
607555,1,1,High,Low,Engaged Bargain Seekers
607565,1,2,High,Medium,Rising Loyalists
607588,0,1,High,Low,Engaged Bargain Seekers
607662,1,1,High,Low,Engaged Bargain Seekers
607696,1,1,High,Low,Engaged Bargain Seekers
607752,3,0,Low,High,High-Value At-Risk
607769,0,1,High,Low,Engaged Bargain Seekers
607847,0,1,High,Low,Engaged Bargain Seekers
607856,1,1,High,Low,Engaged Bargain Seekers
607885,1,1,High,Low,Engaged Bargain Seekers
607993,0,1,High,Low,Engaged Bargain Seekers
607997,1,1,High,Low,Engaged Bargain Seekers
608070,1,1,High,Low,Engaged Bargain Seekers
608087,1,1,High,Low,Engaged Bargain Seekers
608116,1,1,High,Low,Engaged Bargain Seekers
608159,1,1,High,Low,Engaged Bargain Seekers
608241,1,1,High,Low,Engaged Bargain Seekers
608326,0,1,High,Low,Engaged Bargain Seekers
608370,1,1,High,Low,Engaged Bargain Seekers
608384,1,1,High,Low,Engaged Bargain Seekers
608419,1,1,High,Low,Engaged Bargain Seekers
608493,1,1,High,Low,Engaged Bargain Seekers
608504,3,0,Low,High,High-Value At-Risk
608508,1,1,High,Low,Engaged Bargain Seekers
608517,1,1,High,Low,Engaged Bargain Seekers
608537,0,1,High,Low,Engaged Bargain Seekers
608601,1,1,High,Low,Engaged Bargain Seekers
608605,1,1,High,Low,Engaged Bargain Seekers
608739,1,1,High,Low,Engaged Bargain Seekers
608758,1,1,High,Low,Engaged Bargain Seekers
608850,1,1,High,Low,Engaged Bargain Seekers
608974,1,1,High,Low,Engaged Bargain Seekers
609009,1,1,High,Low,Engaged Bargain Seekers
609072,1,1,High,Low,Engaged Bargain Seekers
609174,1,1,High,Low,Engaged Bargain Seekers
609184,1,1,High,Low,Engaged Bargain Seekers
609296,1,1,High,Low,Engaged Bargain Seekers
609532,1,1,High,Low,Engaged Bargain Seekers
609650,0,1,High,Low,Engaged Bargain Seekers
609664,0,1,High,Low,Engaged Bargain Seekers
609667,1,1,High,Low,Engaged Bargain Seekers
609730,1,1,High,Low,Engaged Bargain Seekers
609778,1,2,High,Medium,Rising Loyalists
609878,3,0,Low,High,High-Value At-Risk
609971,1,1,High,Low,Engaged Bargain Seekers
610096,1,1,High,Low,Engaged Bargain Seekers
610393,1,1,High,Low,Engaged Bargain Seekers
610432,1,1,High,Low,Engaged Bargain Seekers
610465,1,2,High,Medium,Rising Loyalists
610482,1,1,High,Low,Engaged Bargain Seekers
610573,1,1,High,Low,Engaged Bargain Seekers
610585,1,1,High,Low,Engaged Bargain Seekers
610631,3,0,Low,High,High-Value At-Risk
610684,1,1,High,Low,Engaged Bargain Seekers
610860,3,0,Low,High,High-Value At-Risk
610916,0,1,High,Low,Engaged Bargain Seekers
610946,1,1,High,Low,Engaged Bargain Seekers
611029,0,2,High,Medium,Rising Loyalists
611046,0,1,High,Low,Engaged Bargain Seekers
611051,1,1,High,Low,Engaged Bargain Seekers
611084,1,1,High,Low,Engaged Bargain Seekers
611086,1,1,High,Low,Engaged Bargain Seekers
611247,3,0,Low,High,High-Value At-Risk
611356,1,1,High,Low,Engaged Bargain Seekers
611366,1,1,High,Low,Engaged Bargain Seekers
611415,1,1,High,Low,Engaged Bargain Seekers
611436,1,1,High,Low,Engaged Bargain Seekers
611464,1,1,High,Low,Engaged Bargain Seekers
611481,1,1,High,Low,Engaged Bargain Seekers
611538,1,1,High,Low,Engaged Bargain Seekers
611582,1,1,High,Low,Engaged Bargain Seekers
611618,1,1,High,Low,Engaged Bargain Seekers
611667,0,1,High,Low,Engaged Bargain Seekers
611673,1,1,High,Low,Engaged Bargain Seekers
611689,1,1,High,Low,Engaged Bargain Seekers
611765,0,1,High,Low,Engaged Bargain Seekers
611817,1,1,High,Low,Engaged Bargain Seekers
611873,1,1,High,Low,Engaged Bargain Seekers
611990,1,1,High,Low,Engaged Bargain Seekers
612013,0,1,High,Low,Engaged Bargain Seekers
612019,0,1,High,Low,Engaged Bargain Seekers
612060,1,1,High,Low,Engaged Bargain Seekers
612074,1,1,High,Low,Engaged Bargain Seekers
612122,1,1,High,Low,Engaged Bargain Seekers
612140,1,2,High,Medium,Rising Loyalists
612144,1,2,High,Medium,Rising Loyalists
612162,1,1,High,Low,Engaged Bargain Seekers
612186,1,1,High,Low,Engaged Bargain Seekers
612233,1,1,High,Low,Engaged Bargain Seekers
612269,1,1,High,Low,Engaged Bargain Seekers
612294,0,1,High,Low,Engaged Bargain Seekers
612311,1,1,High,Low,Engaged Bargain Seekers
612339,1,1,High,Low,Engaged Bargain Seekers
612370,3,1,Low,Low,Dormant / Churned
612488,1,1,High,Low,Engaged Bargain Seekers
612510,1,1,High,Low,Engaged Bargain Seekers
612555,1,1,High,Low,Engaged Bargain Seekers
612595,3,1,Low,Low,Dormant / Churned
612650,0,1,High,Low,Engaged Bargain Seekers
612664,1,1,High,Low,Engaged Bargain Seekers
612703,1,1,High,Low,Engaged Bargain Seekers
612719,1,1,High,Low,Engaged Bargain Seekers
612742,3,0,Low,High,High-Value At-Risk
612795,1,1,High,Low,Engaged Bargain Seekers
612834,1,1,High,Low,Engaged Bargain Seekers
612905,1,1,High,Low,Engaged Bargain Seekers
612955,1,1,High,Low,Engaged Bargain Seekers
612963,0,1,High,Low,Engaged Bargain Seekers
612995,1,1,High,Low,Engaged Bargain Seekers
613076,1,1,High,Low,Engaged Bargain Seekers
613185,1,1,High,Low,Engaged Bargain Seekers
613195,1,1,High,Low,Engaged Bargain Seekers
613234,1,1,High,Low,Engaged Bargain Seekers
613265,1,1,High,Low,Engaged Bargain Seekers
613303,1,1,High,Low,Engaged Bargain Seekers
613546,1,1,High,Low,Engaged Bargain Seekers
613709,3,0,Low,High,High-Value At-Risk
613747,1,1,High,Low,Engaged Bargain Seekers
613804,1,1,High,Low,Engaged Bargain Seekers
613860,0,1,High,Low,Engaged Bargain Seekers
613908,1,1,High,Low,Engaged Bargain Seekers
613925,0,1,High,Low,Engaged Bargain Seekers
614000,1,1,High,Low,Engaged Bargain Seekers
614063,1,1,High,Low,Engaged Bargain Seekers
614100,1,1,High,Low,Engaged Bargain Seekers
614106,1,1,High,Low,Engaged Bargain Seekers
614122,1,1,High,Low,Engaged Bargain Seekers
614164,1,1,High,Low,Engaged Bargain Seekers
614219,1,1,High,Low,Engaged Bargain Seekers
614221,0,1,High,Low,Engaged Bargain Seekers
614246,1,1,High,Low,Engaged Bargain Seekers
614307,1,1,High,Low,Engaged Bargain Seekers
614350,1,1,High,Low,Engaged Bargain Seekers
614373,1,1,High,Low,Engaged Bargain Seekers
614377,0,1,High,Low,Engaged Bargain Seekers
614379,1,1,High,Low,Engaged Bargain Seekers
614428,3,1,Low,Low,Dormant / Churned
614441,1,1,High,Low,Engaged Bargain Seekers
614574,0,1,High,Low,Engaged Bargain Seekers
614634,1,1,High,Low,Engaged Bargain Seekers
614720,3,0,Low,High,High-Value At-Risk
614721,1,1,High,Low,Engaged Bargain Seekers
614782,0,1,High,Low,Engaged Bargain Seekers
614787,0,1,High,Low,Engaged Bargain Seekers
614810,1,1,High,Low,Engaged Bargain Seekers
614830,1,1,High,Low,Engaged Bargain Seekers
614871,0,1,High,Low,Engaged Bargain Seekers
615022,1,1,High,Low,Engaged Bargain Seekers
615054,1,1,High,Low,Engaged Bargain Seekers
615131,1,2,High,Medium,Rising Loyalists
615201,1,1,High,Low,Engaged Bargain Seekers
615214,1,1,High,Low,Engaged Bargain Seekers
615244,1,1,High,Low,Engaged Bargain Seekers
615251,1,1,High,Low,Engaged Bargain Seekers
615327,1,1,High,Low,Engaged Bargain Seekers
615385,0,1,High,Low,Engaged Bargain Seekers
615394,1,1,High,Low,Engaged Bargain Seekers
615411,1,1,High,Low,Engaged Bargain Seekers
615439,1,1,High,Low,Engaged Bargain Seekers
615459,0,2,High,Medium,Rising Loyalists
615528,1,1,High,Low,Engaged Bargain Seekers
615529,1,1,High,Low,Engaged Bargain Seekers
615561,1,1,High,Low,Engaged Bargain Seekers
615578,1,1,High,Low,Engaged Bargain Seekers
615617,1,1,High,Low,Engaged Bargain Seekers
615662,1,1,High,Low,Engaged Bargain Seekers
615673,1,1,High,Low,Engaged Bargain Seekers
615678,0,1,High,Low,Engaged Bargain Seekers
615826,1,2,High,Medium,Rising Loyalists
615854,1,1,High,Low,Engaged Bargain Seekers
615945,0,1,High,Low,Engaged Bargain Seekers
615989,1,1,High,Low,Engaged Bargain Seekers
616083,1,1,High,Low,Engaged Bargain Seekers
616137,0,1,High,Low,Engaged Bargain Seekers
616162,1,1,High,Low,Engaged Bargain Seekers
616183,0,1,High,Low,Engaged Bargain Seekers
616207,0,1,High,Low,Engaged Bargain Seekers
616220,1,1,High,Low,Engaged Bargain Seekers
616226,1,1,High,Low,Engaged Bargain Seekers
616342,1,1,High,Low,Engaged Bargain Seekers
616350,1,1,High,Low,Engaged Bargain Seekers
616374,0,1,High,Low,Engaged Bargain Seekers
616416,1,1,High,Low,Engaged Bargain Seekers
616447,0,1,High,Low,Engaged Bargain Seekers
616500,1,1,High,Low,Engaged Bargain Seekers
616522,3,0,Low,High,High-Value At-Risk
616611,3,0,Low,High,High-Value At-Risk
616641,0,1,High,Low,Engaged Bargain Seekers
616650,1,1,High,Low,Engaged Bargain Seekers
616667,1,1,High,Low,Engaged Bargain Seekers
616722,1,1,High,Low,Engaged Bargain Seekers
616739,1,1,High,Low,Engaged Bargain Seekers
616746,0,1,High,Low,Engaged Bargain Seekers
616835,1,1,High,Low,Engaged Bargain Seekers
616857,1,1,High,Low,Engaged Bargain Seekers
616875,1,1,High,Low,Engaged Bargain Seekers
616920,1,1,High,Low,Engaged Bargain Seekers
616956,0,1,High,Low,Engaged Bargain Seekers
617008,1,1,High,Low,Engaged Bargain Seekers
617079,1,1,High,Low,Engaged Bargain Seekers
617099,1,1,High,Low,Engaged Bargain Seekers
617108,0,1,High,Low,Engaged Bargain Seekers
617171,1,1,High,Low,Engaged Bargain Seekers
617263,1,1,High,Low,Engaged Bargain Seekers
617296,1,2,High,Medium,Rising Loyalists
617326,1,1,High,Low,Engaged Bargain Seekers
617348,1,1,High,Low,Engaged Bargain Seekers
617447,1,1,High,Low,Engaged Bargain Seekers
617471,1,1,High,Low,Engaged Bargain Seekers
617484,1,1,High,Low,Engaged Bargain Seekers
617489,1,2,High,Medium,Rising Loyalists
617516,1,1,High,Low,Engaged Bargain Seekers
617670,1,1,High,Low,Engaged Bargain Seekers
617916,1,1,High,Low,Engaged Bargain Seekers
617960,1,1,High,Low,Engaged Bargain Seekers
618022,1,1,High,Low,Engaged Bargain Seekers
618089,0,1,High,Low,Engaged Bargain Seekers
618100,1,1,High,Low,Engaged Bargain Seekers
618112,1,1,High,Low,Engaged Bargain Seekers
618124,1,1,High,Low,Engaged Bargain Seekers
618226,0,1,High,Low,Engaged Bargain Seekers
618300,1,1,High,Low,Engaged Bargain Seekers
618302,1,1,High,Low,Engaged Bargain Seekers
618309,1,1,High,Low,Engaged Bargain Seekers
618329,1,1,High,Low,Engaged Bargain Seekers
618379,1,1,High,Low,Engaged Bargain Seekers
618390,1,1,High,Low,Engaged Bargain Seekers
618409,1,1,High,Low,Engaged Bargain Seekers
618461,1,1,High,Low,Engaged Bargain Seekers
618494,1,1,High,Low,Engaged Bargain Seekers
618523,1,1,High,Low,Engaged Bargain Seekers
618524,1,2,High,Medium,Rising Loyalists
618601,1,1,High,Low,Engaged Bargain Seekers
618656,1,1,High,Low,Engaged Bargain Seekers
618719,1,1,High,Low,Engaged Bargain Seekers
618731,1,1,High,Low,Engaged Bargain Seekers
618817,1,1,High,Low,Engaged Bargain Seekers
618823,1,1,High,Low,Engaged Bargain Seekers
618824,1,1,High,Low,Engaged Bargain Seekers
618830,1,1,High,Low,Engaged Bargain Seekers
618871,0,1,High,Low,Engaged Bargain Seekers
618877,0,1,High,Low,Engaged Bargain Seekers
618886,1,1,High,Low,Engaged Bargain Seekers
619141,0,1,High,Low,Engaged Bargain Seekers
619268,1,1,High,Low,Engaged Bargain Seekers
619337,0,1,High,Low,Engaged Bargain Seekers
619404,1,1,High,Low,Engaged Bargain Seekers
619483,1,1,High,Low,Engaged Bargain Seekers
619537,1,1,High,Low,Engaged Bargain Seekers
619548,1,1,High,Low,Engaged Bargain Seekers
619596,0,1,High,Low,Engaged Bargain Seekers
619693,1,1,High,Low,Engaged Bargain Seekers
619826,1,1,High,Low,Engaged Bargain Seekers
619840,1,1,High,Low,Engaged Bargain Seekers
619916,1,1,High,Low,Engaged Bargain Seekers
619920,1,1,High,Low,Engaged Bargain Seekers
620078,0,1,High,Low,Engaged Bargain Seekers
620084,1,1,High,Low,Engaged Bargain Seekers
620094,1,1,High,Low,Engaged Bargain Seekers
620122,1,1,High,Low,Engaged Bargain Seekers
620406,1,1,High,Low,Engaged Bargain Seekers
620446,1,1,High,Low,Engaged Bargain Seekers
620465,1,1,High,Low,Engaged Bargain Seekers
620480,1,1,High,Low,Engaged Bargain Seekers
620563,1,1,High,Low,Engaged Bargain Seekers
620584,1,1,High,Low,Engaged Bargain Seekers
620587,3,1,Low,Low,Dormant / Churned
620674,0,1,High,Low,Engaged Bargain Seekers
620741,1,1,High,Low,Engaged Bargain Seekers
620792,0,1,High,Low,Engaged Bargain Seekers
620858,1,1,High,Low,Engaged Bargain Seekers
620969,0,1,High,Low,Engaged Bargain Seekers
620990,0,1,High,Low,Engaged Bargain Seekers
621006,1,1,High,Low,Engaged Bargain Seekers
621072,0,1,High,Low,Engaged Bargain Seekers
621093,1,1,High,Low,Engaged Bargain Seekers
621180,1,1,High,Low,Engaged Bargain Seekers
621190,1,1,High,Low,Engaged Bargain Seekers
621218,1,1,High,Low,Engaged Bargain Seekers
621279,1,1,High,Low,Engaged Bargain Seekers
621583,1,1,High,Low,Engaged Bargain Seekers
621695,1,1,High,Low,Engaged Bargain Seekers
621731,1,1,High,Low,Engaged Bargain Seekers
621750,1,1,High,Low,Engaged Bargain Seekers
621814,1,1,High,Low,Engaged Bargain Seekers
621823,0,1,High,Low,Engaged Bargain Seekers
621832,1,1,High,Low,Engaged Bargain Seekers
621876,1,1,High,Low,Engaged Bargain Seekers
621940,0,1,High,Low,Engaged Bargain Seekers
621951,1,1,High,Low,Engaged Bargain Seekers
622006,1,1,High,Low,Engaged Bargain Seekers
622019,1,2,High,Medium,Rising Loyalists
622036,0,1,High,Low,Engaged Bargain Seekers
622171,0,1,High,Low,Engaged Bargain Seekers
622269,3,0,Low,High,High-Value At-Risk
622302,0,1,High,Low,Engaged Bargain Seekers
622324,1,1,High,Low,Engaged Bargain Seekers
622334,1,1,High,Low,Engaged Bargain Seekers
622527,1,1,High,Low,Engaged Bargain Seekers
622610,1,1,High,Low,Engaged Bargain Seekers
622632,3,0,Low,High,High-Value At-Risk
622697,1,1,High,Low,Engaged Bargain Seekers
622776,0,1,High,Low,Engaged Bargain Seekers
622794,0,0,High,High,Elite Frequent Flyers
622801,3,0,Low,High,High-Value At-Risk
622822,0,1,High,Low,Engaged Bargain Seekers
622883,1,2,High,Medium,Rising Loyalists
622906,1,1,High,Low,Engaged Bargain Seekers
622953,3,1,Low,Low,Dormant / Churned
622975,1,1,High,Low,Engaged Bargain Seekers
622992,3,1,Low,Low,Dormant / Churned
623008,0,1,High,Low,Engaged Bargain Seekers
623071,0,1,High,Low,Engaged Bargain Seekers
623144,1,1,High,Low,Engaged Bargain Seekers
623154,0,1,High,Low,Engaged Bargain Seekers
623222,1,1,High,Low,Engaged Bargain Seekers
623327,1,1,High,Low,Engaged Bargain Seekers
623341,3,1,Low,Low,Dormant / Churned
623478,1,1,High,Low,Engaged Bargain Seekers
623537,1,1,High,Low,Engaged Bargain Seekers
623569,1,1,High,Low,Engaged Bargain Seekers
623654,0,1,High,Low,Engaged Bargain Seekers
623688,1,1,High,Low,Engaged Bargain Seekers
623861,1,1,High,Low,Engaged Bargain Seekers
623903,1,1,High,Low,Engaged Bargain Seekers
623946,0,1,High,Low,Engaged Bargain Seekers
624065,1,1,High,Low,Engaged Bargain Seekers
624216,1,1,High,Low,Engaged Bargain Seekers
624407,1,1,High,Low,Engaged Bargain Seekers
624463,1,1,High,Low,Engaged Bargain Seekers
624485,3,1,Low,Low,Dormant / Churned
624487,1,1,High,Low,Engaged Bargain Seekers
624528,3,0,Low,High,High-Value At-Risk
624569,0,1,High,Low,Engaged Bargain Seekers
624621,1,1,High,Low,Engaged Bargain Seekers
624704,0,1,High,Low,Engaged Bargain Seekers
624881,1,2,High,Medium,Rising Loyalists
624929,1,1,High,Low,Engaged Bargain Seekers
624935,1,1,High,Low,Engaged Bargain Seekers
624980,1,1,High,Low,Engaged Bargain Seekers
625033,1,2,High,Medium,Rising Loyalists
625123,1,1,High,Low,Engaged Bargain Seekers
625183,1,1,High,Low,Engaged Bargain Seekers
625318,0,1,High,Low,Engaged Bargain Seekers
625320,0,1,High,Low,Engaged Bargain Seekers
625434,1,1,High,Low,Engaged Bargain Seekers
625451,1,1,High,Low,Engaged Bargain Seekers
625458,1,1,High,Low,Engaged Bargain Seekers
625497,1,1,High,Low,Engaged Bargain Seekers
625524,1,1,High,Low,Engaged Bargain Seekers
625557,1,1,High,Low,Engaged Bargain Seekers
625599,1,1,High,Low,Engaged Bargain Seekers
625621,1,1,High,Low,Engaged Bargain Seekers
625784,1,1,High,Low,Engaged Bargain Seekers
625859,1,1,High,Low,Engaged Bargain Seekers
625870,1,1,High,Low,Engaged Bargain Seekers
625945,1,1,High,Low,Engaged Bargain Seekers
626030,1,1,High,Low,Engaged Bargain Seekers
626046,0,1,High,Low,Engaged Bargain Seekers
626068,0,1,High,Low,Engaged Bargain Seekers
626070,3,1,Low,Low,Dormant / Churned
626149,1,1,High,Low,Engaged Bargain Seekers
626211,1,1,High,Low,Engaged Bargain Seekers
626217,3,0,Low,High,High-Value At-Risk
626312,3,1,Low,Low,Dormant / Churned
626326,3,1,Low,Low,Dormant / Churned
626474,1,1,High,Low,Engaged Bargain Seekers
626510,3,0,Low,High,High-Value At-Risk
626542,1,1,High,Low,Engaged Bargain Seekers
626560,0,1,High,Low,Engaged Bargain Seekers
626664,1,1,High,Low,Engaged Bargain Seekers
626746,1,1,High,Low,Engaged Bargain Seekers
626762,1,1,High,Low,Engaged Bargain Seekers
626767,0,1,High,Low,Engaged Bargain Seekers
626973,1,1,High,Low,Engaged Bargain Seekers
627107,0,1,High,Low,Engaged Bargain Seekers
627191,0,1,High,Low,Engaged Bargain Seekers
627244,3,0,Low,High,High-Value At-Risk
627354,1,1,High,Low,Engaged Bargain Seekers
627373,0,1,High,Low,Engaged Bargain Seekers
627428,1,1,High,Low,Engaged Bargain Seekers
627485,1,1,High,Low,Engaged Bargain Seekers
627489,1,1,High,Low,Engaged Bargain Seekers
627502,0,1,High,Low,Engaged Bargain Seekers
627568,0,1,High,Low,Engaged Bargain Seekers
627670,1,1,High,Low,Engaged Bargain Seekers
627778,0,1,High,Low,Engaged Bargain Seekers
627791,1,1,High,Low,Engaged Bargain Seekers
627826,1,1,High,Low,Engaged Bargain Seekers
627869,3,1,Low,Low,Dormant / Churned
627893,1,1,High,Low,Engaged Bargain Seekers
627913,3,0,Low,High,High-Value At-Risk
627915,1,1,High,Low,Engaged Bargain Seekers
627970,1,1,High,Low,Engaged Bargain Seekers
628017,1,1,High,Low,Engaged Bargain Seekers
628081,1,1,High,Low,Engaged Bargain Seekers
628096,1,1,High,Low,Engaged Bargain Seekers
628130,1,1,High,Low,Engaged Bargain Seekers
628169,1,1,High,Low,Engaged Bargain Seekers
628180,1,1,High,Low,Engaged Bargain Seekers
628211,1,1,High,Low,Engaged Bargain Seekers
628258,1,1,High,Low,Engaged Bargain Seekers
628320,1,1,High,Low,Engaged Bargain Seekers
628409,1,1,High,Low,Engaged Bargain Seekers
628431,1,1,High,Low,Engaged Bargain Seekers
628452,3,1,Low,Low,Dormant / Churned
628475,1,1,High,Low,Engaged Bargain Seekers
628533,1,1,High,Low,Engaged Bargain Seekers
628578,1,1,High,Low,Engaged Bargain Seekers
628596,1,1,High,Low,Engaged Bargain Seekers
628618,1,1,High,Low,Engaged Bargain Seekers
628669,1,1,High,Low,Engaged Bargain Seekers
628837,0,1,High,Low,Engaged Bargain Seekers
628840,0,2,High,Medium,Rising Loyalists
628844,1,1,High,Low,Engaged Bargain Seekers
628860,1,1,High,Low,Engaged Bargain Seekers
628917,1,1,High,Low,Engaged Bargain Seekers
628924,1,1,High,Low,Engaged Bargain Seekers
628952,1,1,High,Low,Engaged Bargain Seekers
629177,1,1,High,Low,Engaged Bargain Seekers
629267,3,0,Low,High,High-Value At-Risk
629299,1,1,High,Low,Engaged Bargain Seekers
629341,3,0,Low,High,High-Value At-Risk
629394,1,1,High,Low,Engaged Bargain Seekers
629410,1,1,High,Low,Engaged Bargain Seekers
629642,1,1,High,Low,Engaged Bargain Seekers
629706,1,1,High,Low,Engaged Bargain Seekers
629753,1,1,High,Low,Engaged Bargain Seekers
629966,0,1,High,Low,Engaged Bargain Seekers
629995,0,1,High,Low,Engaged Bargain Seekers
630034,1,1,High,Low,Engaged Bargain Seekers
630071,1,1,High,Low,Engaged Bargain Seekers
630209,0,1,High,Low,Engaged Bargain Seekers
630265,1,2,High,Medium,Rising Loyalists
630290,0,1,High,Low,Engaged Bargain Seekers
630320,1,1,High,Low,Engaged Bargain Seekers
630338,1,2,High,Medium,Rising Loyalists
630396,1,1,High,Low,Engaged Bargain Seekers
630588,1,1,High,Low,Engaged Bargain Seekers
630694,0,1,High,Low,Engaged Bargain Seekers
630711,1,1,High,Low,Engaged Bargain Seekers
630869,1,1,High,Low,Engaged Bargain Seekers
630880,1,1,High,Low,Engaged Bargain Seekers
630920,0,1,High,Low,Engaged Bargain Seekers
631051,1,1,High,Low,Engaged Bargain Seekers
631070,0,1,High,Low,Engaged Bargain Seekers
631100,0,1,High,Low,Engaged Bargain Seekers
631200,1,1,High,Low,Engaged Bargain Seekers
631232,3,0,Low,High,High-Value At-Risk
631369,3,0,Low,High,High-Value At-Risk
631379,1,1,High,Low,Engaged Bargain Seekers
631406,1,1,High,Low,Engaged Bargain Seekers
631442,3,1,Low,Low,Dormant / Churned
631543,1,1,High,Low,Engaged Bargain Seekers
631557,1,1,High,Low,Engaged Bargain Seekers
631583,1,1,High,Low,Engaged Bargain Seekers
631661,1,1,High,Low,Engaged Bargain Seekers
631683,1,1,High,Low,Engaged Bargain Seekers
631704,1,1,High,Low,Engaged Bargain Seekers
631714,3,0,Low,High,High-Value At-Risk
631801,0,1,High,Low,Engaged Bargain Seekers
631821,1,1,High,Low,Engaged Bargain Seekers
631839,1,1,High,Low,Engaged Bargain Seekers
631853,1,1,High,Low,Engaged Bargain Seekers
631854,1,1,High,Low,Engaged Bargain Seekers
631869,1,1,High,Low,Engaged Bargain Seekers
632097,1,1,High,Low,Engaged Bargain Seekers
632103,1,1,High,Low,Engaged Bargain Seekers
632130,1,1,High,Low,Engaged Bargain Seekers
632199,1,1,High,Low,Engaged Bargain Seekers
632352,1,1,High,Low,Engaged Bargain Seekers
632398,1,1,High,Low,Engaged Bargain Seekers
632399,1,1,High,Low,Engaged Bargain Seekers
632435,1,1,High,Low,Engaged Bargain Seekers
632515,0,1,High,Low,Engaged Bargain Seekers
632556,1,1,High,Low,Engaged Bargain Seekers
632638,1,1,High,Low,Engaged Bargain Seekers
632720,1,1,High,Low,Engaged Bargain Seekers
632793,1,1,High,Low,Engaged Bargain Seekers
632816,3,0,Low,High,High-Value At-Risk
632826,1,1,High,Low,Engaged Bargain Seekers
632951,0,2,High,Medium,Rising Loyalists
632974,0,1,High,Low,Engaged Bargain Seekers
632981,1,1,High,Low,Engaged Bargain Seekers
633067,3,1,Low,Low,Dormant / Churned
633135,1,1,High,Low,Engaged Bargain Seekers
633140,1,1,High,Low,Engaged Bargain Seekers
633162,2,1,Low,Low,Dormant / Churned
633202,1,1,High,Low,Engaged Bargain Seekers
633299,1,1,High,Low,Engaged Bargain Seekers
633330,1,1,High,Low,Engaged Bargain Seekers
633332,0,1,High,Low,Engaged Bargain Seekers
633339,3,0,Low,High,High-Value At-Risk
633458,1,1,High,Low,Engaged Bargain Seekers
633490,3,1,Low,Low,Dormant / Churned
633627,1,1,High,Low,Engaged Bargain Seekers
633631,1,1,High,Low,Engaged Bargain Seekers
633640,1,1,High,Low,Engaged Bargain Seekers
633734,0,1,High,Low,Engaged Bargain Seekers
633749,1,1,High,Low,Engaged Bargain Seekers
633787,1,1,High,Low,Engaged Bargain Seekers
633861,1,1,High,Low,Engaged Bargain Seekers
633910,0,1,High,Low,Engaged Bargain Seekers
633938,1,1,High,Low,Engaged Bargain Seekers
633992,1,1,High,Low,Engaged Bargain Seekers
633999,0,1,High,Low,Engaged Bargain Seekers
634181,1,1,High,Low,Engaged Bargain Seekers
634185,1,1,High,Low,Engaged Bargain Seekers
634269,0,1,High,Low,Engaged Bargain Seekers
634328,2,0,Low,High,High-Value At-Risk
634386,1,1,High,Low,Engaged Bargain Seekers
634392,1,1,High,Low,Engaged Bargain Seekers
634418,1,1,High,Low,Engaged Bargain Seekers
634423,1,1,High,Low,Engaged Bargain Seekers
634503,1,1,High,Low,Engaged Bargain Seekers
634615,0,1,High,Low,Engaged Bargain Seekers
634727,1,1,High,Low,Engaged Bargain Seekers
634807,1,1,High,Low,Engaged Bargain Seekers
634850,1,1,High,Low,Engaged Bargain Seekers
634900,1,1,High,Low,Engaged Bargain Seekers
634916,1,1,High,Low,Engaged Bargain Seekers
635026,3,0,Low,High,High-Value At-Risk
635084,1,1,High,Low,Engaged Bargain Seekers
635162,1,1,High,Low,Engaged Bargain Seekers
635225,1,1,High,Low,Engaged Bargain Seekers
635249,1,1,High,Low,Engaged Bargain Seekers
635302,0,1,High,Low,Engaged Bargain Seekers
635334,1,2,High,Medium,Rising Loyalists
635398,3,0,Low,High,High-Value At-Risk
635509,0,1,High,Low,Engaged Bargain Seekers
635517,0,1,High,Low,Engaged Bargain Seekers
635531,1,1,High,Low,Engaged Bargain Seekers
635616,1,1,High,Low,Engaged Bargain Seekers
635715,1,1,High,Low,Engaged Bargain Seekers
635719,1,1,High,Low,Engaged Bargain Seekers
635805,1,1,High,Low,Engaged Bargain Seekers
635907,0,1,High,Low,Engaged Bargain Seekers
636000,1,1,High,Low,Engaged Bargain Seekers
636012,1,1,High,Low,Engaged Bargain Seekers
636017,0,1,High,Low,Engaged Bargain Seekers
636045,1,1,High,Low,Engaged Bargain Seekers
636177,1,1,High,Low,Engaged Bargain Seekers
636206,3,0,Low,High,High-Value At-Risk
636213,1,2,High,Medium,Rising Loyalists
636293,1,1,High,Low,Engaged Bargain Seekers
636413,1,1,High,Low,Engaged Bargain Seekers
636505,1,1,High,Low,Engaged Bargain Seekers
636533,0,1,High,Low,Engaged Bargain Seekers
636673,1,1,High,Low,Engaged Bargain Seekers
636745,0,1,High,Low,Engaged Bargain Seekers
636749,1,2,High,Medium,Rising Loyalists
636753,1,1,High,Low,Engaged Bargain Seekers
636813,1,1,High,Low,Engaged Bargain Seekers
636965,1,1,High,Low,Engaged Bargain Seekers
637100,3,1,Low,Low,Dormant / Churned
637151,1,1,High,Low,Engaged Bargain Seekers
637235,3,1,Low,Low,Dormant / Churned
637249,1,1,High,Low,Engaged Bargain Seekers
637396,1,1,High,Low,Engaged Bargain Seekers
637453,3,0,Low,High,High-Value At-Risk
637532,1,1,High,Low,Engaged Bargain Seekers
637580,1,1,High,Low,Engaged Bargain Seekers
637641,1,1,High,Low,Engaged Bargain Seekers
637655,1,1,High,Low,Engaged Bargain Seekers
637687,1,1,High,Low,Engaged Bargain Seekers
637721,1,1,High,Low,Engaged Bargain Seekers
637760,1,1,High,Low,Engaged Bargain Seekers
637765,1,1,High,Low,Engaged Bargain Seekers
637927,0,1,High,Low,Engaged Bargain Seekers
637986,1,1,High,Low,Engaged Bargain Seekers
638004,0,1,High,Low,Engaged Bargain Seekers
638085,3,1,Low,Low,Dormant / Churned
638152,1,1,High,Low,Engaged Bargain Seekers
638162,1,1,High,Low,Engaged Bargain Seekers
638207,1,1,High,Low,Engaged Bargain Seekers
638237,0,1,High,Low,Engaged Bargain Seekers
638253,1,1,High,Low,Engaged Bargain Seekers
638264,0,1,High,Low,Engaged Bargain Seekers
638368,1,1,High,Low,Engaged Bargain Seekers
638389,1,1,High,Low,Engaged Bargain Seekers
638466,1,1,High,Low,Engaged Bargain Seekers
638469,1,1,High,Low,Engaged Bargain Seekers
638495,1,2,High,Medium,Rising Loyalists
638506,1,1,High,Low,Engaged Bargain Seekers
638528,3,0,Low,High,High-Value At-Risk
638602,1,1,High,Low,Engaged Bargain Seekers
638618,1,1,High,Low,Engaged Bargain Seekers
638685,1,1,High,Low,Engaged Bargain Seekers
638732,1,1,High,Low,Engaged Bargain Seekers
638733,1,1,High,Low,Engaged Bargain Seekers
638740,3,1,Low,Low,Dormant / Churned
638754,0,1,High,Low,Engaged Bargain Seekers
638804,1,1,High,Low,Engaged Bargain Seekers
639116,0,1,High,Low,Engaged Bargain Seekers
639117,1,1,High,Low,Engaged Bargain Seekers
639145,1,1,High,Low,Engaged Bargain Seekers
639258,1,1,High,Low,Engaged Bargain Seekers
639346,3,1,Low,Low,Dormant / Churned
639383,0,1,High,Low,Engaged Bargain Seekers
639419,1,2,High,Medium,Rising Loyalists
639466,0,1,High,Low,Engaged Bargain Seekers
639510,1,1,High,Low,Engaged Bargain Seekers
639584,3,0,Low,High,High-Value At-Risk
639613,1,1,High,Low,Engaged Bargain Seekers
639626,0,1,High,Low,Engaged Bargain Seekers
639701,1,1,High,Low,Engaged Bargain Seekers
639705,1,1,High,Low,Engaged Bargain Seekers
639807,1,1,High,Low,Engaged Bargain Seekers
640009,0,2,High,Medium,Rising Loyalists
640082,1,1,High,Low,Engaged Bargain Seekers
640110,1,1,High,Low,Engaged Bargain Seekers
640116,1,1,High,Low,Engaged Bargain Seekers
640163,0,1,High,Low,Engaged Bargain Seekers
640238,1,1,High,Low,Engaged Bargain Seekers
640244,1,1,High,Low,Engaged Bargain Seekers
640285,1,2,High,Medium,Rising Loyalists
640418,1,1,High,Low,Engaged Bargain Seekers
640555,1,1,High,Low,Engaged Bargain Seekers
640588,1,1,High,Low,Engaged Bargain Seekers
640614,1,1,High,Low,Engaged Bargain Seekers
640831,1,1,High,Low,Engaged Bargain Seekers
640833,1,1,High,Low,Engaged Bargain Seekers
640920,3,1,Low,Low,Dormant / Churned
641039,0,2,High,Medium,Rising Loyalists
641050,1,1,High,Low,Engaged Bargain Seekers
641103,0,1,High,Low,Engaged Bargain Seekers
641121,3,1,Low,Low,Dormant / Churned
641123,1,1,High,Low,Engaged Bargain Seekers
641159,1,1,High,Low,Engaged Bargain Seekers
641160,1,1,High,Low,Engaged Bargain Seekers
641162,0,1,High,Low,Engaged Bargain Seekers
641164,1,1,High,Low,Engaged Bargain Seekers
641189,1,1,High,Low,Engaged Bargain Seekers
641327,1,1,High,Low,Engaged Bargain Seekers
641384,1,1,High,Low,Engaged Bargain Seekers
641448,1,1,High,Low,Engaged Bargain Seekers
641586,1,1,High,Low,Engaged Bargain Seekers
641612,0,1,High,Low,Engaged Bargain Seekers
641642,0,1,High,Low,Engaged Bargain Seekers
641704,1,1,High,Low,Engaged Bargain Seekers
641734,1,1,High,Low,Engaged Bargain Seekers
641827,3,1,Low,Low,Dormant / Churned
641869,1,1,High,Low,Engaged Bargain Seekers
641879,0,1,High,Low,Engaged Bargain Seekers
641884,1,2,High,Medium,Rising Loyalists
641903,3,1,Low,Low,Dormant / Churned
641970,1,1,High,Low,Engaged Bargain Seekers
641997,1,1,High,Low,Engaged Bargain Seekers
642000,1,1,High,Low,Engaged Bargain Seekers
642002,1,1,High,Low,Engaged Bargain Seekers
642020,1,1,High,Low,Engaged Bargain Seekers
642031,0,2,High,Medium,Rising Loyalists
642043,1,1,High,Low,Engaged Bargain Seekers
642099,1,2,High,Medium,Rising Loyalists
642102,1,1,High,Low,Engaged Bargain Seekers
642109,1,1,High,Low,Engaged Bargain Seekers
642247,2,0,Low,High,High-Value At-Risk
642313,1,1,High,Low,Engaged Bargain Seekers
642323,0,2,High,Medium,Rising Loyalists
642401,0,1,High,Low,Engaged Bargain Seekers
642409,0,1,High,Low,Engaged Bargain Seekers
642449,1,1,High,Low,Engaged Bargain Seekers
642485,0,1,High,Low,Engaged Bargain Seekers
642738,0,1,High,Low,Engaged Bargain Seekers
642784,3,0,Low,High,High-Value At-Risk
642808,1,1,High,Low,Engaged Bargain Seekers
642901,1,1,High,Low,Engaged Bargain Seekers
642976,0,1,High,Low,Engaged Bargain Seekers
643026,1,1,High,Low,Engaged Bargain Seekers
643059,1,1,High,Low,Engaged Bargain Seekers
643099,0,1,High,Low,Engaged Bargain Seekers
643117,1,1,High,Low,Engaged Bargain Seekers
643225,1,1,High,Low,Engaged Bargain Seekers
643300,1,2,High,Medium,Rising Loyalists
643362,0,1,High,Low,Engaged Bargain Seekers
643364,1,1,High,Low,Engaged Bargain Seekers
643476,0,1,High,Low,Engaged Bargain Seekers
643480,1,1,High,Low,Engaged Bargain Seekers
643507,1,2,High,Medium,Rising Loyalists
643605,1,1,High,Low,Engaged Bargain Seekers
643643,0,2,High,Medium,Rising Loyalists
643669,1,2,High,Medium,Rising Loyalists
643705,1,1,High,Low,Engaged Bargain Seekers
643854,1,1,High,Low,Engaged Bargain Seekers
643912,1,1,High,Low,Engaged Bargain Seekers
644014,1,1,High,Low,Engaged Bargain Seekers
644017,1,2,High,Medium,Rising Loyalists
644163,1,1,High,Low,Engaged Bargain Seekers
644251,1,1,High,Low,Engaged Bargain Seekers
644265,1,1,High,Low,Engaged Bargain Seekers
644374,1,1,High,Low,Engaged Bargain Seekers
644390,1,1,High,Low,Engaged Bargain Seekers
644417,0,1,High,Low,Engaged Bargain Seekers
644434,1,1,High,Low,Engaged Bargain Seekers
644551,1,1,High,Low,Engaged Bargain Seekers
644630,1,1,High,Low,Engaged Bargain Seekers
644652,1,1,High,Low,Engaged Bargain Seekers
644769,1,1,High,Low,Engaged Bargain Seekers
644786,1,1,High,Low,Engaged Bargain Seekers
644865,1,2,High,Medium,Rising Loyalists
644893,0,1,High,Low,Engaged Bargain Seekers
644938,1,1,High,Low,Engaged Bargain Seekers
644945,1,1,High,Low,Engaged Bargain Seekers
645057,1,1,High,Low,Engaged Bargain Seekers
645072,1,1,High,Low,Engaged Bargain Seekers
645078,0,1,High,Low,Engaged Bargain Seekers
645081,1,1,High,Low,Engaged Bargain Seekers
645114,0,1,High,Low,Engaged Bargain Seekers
645145,1,1,High,Low,Engaged Bargain Seekers
645147,1,1,High,Low,Engaged Bargain Seekers
645244,1,1,High,Low,Engaged Bargain Seekers
645265,1,1,High,Low,Engaged Bargain Seekers
645280,1,1,High,Low,Engaged Bargain Seekers
645333,3,0,Low,High,High-Value At-Risk
645450,1,1,High,Low,Engaged Bargain Seekers
645508,1,1,High,Low,Engaged Bargain Seekers
645566,1,1,High,Low,Engaged Bargain Seekers
645600,1,1,High,Low,Engaged Bargain Seekers
645635,3,1,Low,Low,Dormant / Churned
645653,1,1,High,Low,Engaged Bargain Seekers
645688,1,1,High,Low,Engaged Bargain Seekers
645712,1,2,High,Medium,Rising Loyalists
645742,3,1,Low,Low,Dormant / Churned
645895,1,1,High,Low,Engaged Bargain Seekers
645919,1,1,High,Low,Engaged Bargain Seekers
645927,0,1,High,Low,Engaged Bargain Seekers
645986,1,1,High,Low,Engaged Bargain Seekers
646022,1,1,High,Low,Engaged Bargain Seekers
646023,0,1,High,Low,Engaged Bargain Seekers
646038,1,1,High,Low,Engaged Bargain Seekers
646137,1,1,High,Low,Engaged Bargain Seekers
646168,1,1,High,Low,Engaged Bargain Seekers
646178,1,1,High,Low,Engaged Bargain Seekers
646187,0,1,High,Low,Engaged Bargain Seekers
646189,1,1,High,Low,Engaged Bargain Seekers
646198,0,1,High,Low,Engaged Bargain Seekers
646225,1,1,High,Low,Engaged Bargain Seekers
646262,3,0,Low,High,High-Value At-Risk
646277,1,1,High,Low,Engaged Bargain Seekers
646289,0,0,High,High,Elite Frequent Flyers
646359,1,1,High,Low,Engaged Bargain Seekers
646399,1,1,High,Low,Engaged Bargain Seekers
646502,1,1,High,Low,Engaged Bargain Seekers
646519,1,1,High,Low,Engaged Bargain Seekers
646756,3,0,Low,High,High-Value At-Risk
646935,1,1,High,Low,Engaged Bargain Seekers
647005,0,1,High,Low,Engaged Bargain Seekers
647041,1,1,High,Low,Engaged Bargain Seekers
647133,1,1,High,Low,Engaged Bargain Seekers
647214,1,1,High,Low,Engaged Bargain Seekers
647393,3,0,Low,High,High-Value At-Risk
647491,1,1,High,Low,Engaged Bargain Seekers
647658,0,1,High,Low,Engaged Bargain Seekers
647672,1,1,High,Low,Engaged Bargain Seekers
647684,1,1,High,Low,Engaged Bargain Seekers
647726,1,1,High,Low,Engaged Bargain Seekers
647791,1,1,High,Low,Engaged Bargain Seekers
647894,1,1,High,Low,Engaged Bargain Seekers
647933,0,1,High,Low,Engaged Bargain Seekers
647956,0,1,High,Low,Engaged Bargain Seekers
648043,1,1,High,Low,Engaged Bargain Seekers
648077,1,1,High,Low,Engaged Bargain Seekers
648231,0,1,High,Low,Engaged Bargain Seekers
648286,3,1,Low,Low,Dormant / Churned
648365,1,1,High,Low,Engaged Bargain Seekers
648380,1,1,High,Low,Engaged Bargain Seekers
648432,1,1,High,Low,Engaged Bargain Seekers
648455,1,2,High,Medium,Rising Loyalists
648533,1,1,High,Low,Engaged Bargain Seekers
648575,1,2,High,Medium,Rising Loyalists
648586,1,1,High,Low,Engaged Bargain Seekers
648596,1,1,High,Low,Engaged Bargain Seekers
648648,1,1,High,Low,Engaged Bargain Seekers
648653,1,1,High,Low,Engaged Bargain Seekers
648924,0,1,High,Low,Engaged Bargain Seekers
649052,1,1,High,Low,Engaged Bargain Seekers
649054,1,1,High,Low,Engaged Bargain Seekers
649089,0,1,High,Low,Engaged Bargain Seekers
649104,1,1,High,Low,Engaged Bargain Seekers
649194,1,2,High,Medium,Rising Loyalists
649321,1,1,High,Low,Engaged Bargain Seekers
649404,3,0,Low,High,High-Value At-Risk
649422,1,1,High,Low,Engaged Bargain Seekers
649442,1,1,High,Low,Engaged Bargain Seekers
649487,0,1,High,Low,Engaged Bargain Seekers
649656,1,1,High,Low,Engaged Bargain Seekers
649680,0,1,High,Low,Engaged Bargain Seekers
649770,0,1,High,Low,Engaged Bargain Seekers
649802,1,1,High,Low,Engaged Bargain Seekers
649855,1,1,High,Low,Engaged Bargain Seekers
649918,0,1,High,Low,Engaged Bargain Seekers
649961,1,1,High,Low,Engaged Bargain Seekers
649972,0,1,High,Low,Engaged Bargain Seekers
649994,1,1,High,Low,Engaged Bargain Seekers
650290,1,1,High,Low,Engaged Bargain Seekers
650358,1,1,High,Low,Engaged Bargain Seekers
650366,3,0,Low,High,High-Value At-Risk
650377,1,1,High,Low,Engaged Bargain Seekers
650420,1,1,High,Low,Engaged Bargain Seekers
650445,1,1,High,Low,Engaged Bargain Seekers
650466,1,1,High,Low,Engaged Bargain Seekers
650486,1,1,High,Low,Engaged Bargain Seekers
650529,1,1,High,Low,Engaged Bargain Seekers
650553,1,1,High,Low,Engaged Bargain Seekers
650621,1,1,High,Low,Engaged Bargain Seekers
650657,1,1,High,Low,Engaged Bargain Seekers
650704,1,1,High,Low,Engaged Bargain Seekers
650721,0,1,High,Low,Engaged Bargain Seekers
650801,3,0,Low,High,High-Value At-Risk
650870,1,1,High,Low,Engaged Bargain Seekers
650957,3,0,Low,High,High-Value At-Risk
651006,1,1,High,Low,Engaged Bargain Seekers
651020,1,1,High,Low,Engaged Bargain Seekers
651054,0,1,High,Low,Engaged Bargain Seekers
651097,1,2,High,Medium,Rising Loyalists
651210,3,1,Low,Low,Dormant / Churned
651250,1,1,High,Low,Engaged Bargain Seekers
651277,3,0,Low,High,High-Value At-Risk
651281,1,2,High,Medium,Rising Loyalists
651377,1,2,High,Medium,Rising Loyalists
651469,3,1,Low,Low,Dormant / Churned
651605,1,1,High,Low,Engaged Bargain Seekers
651622,1,1,High,Low,Engaged Bargain Seekers
651631,1,1,High,Low,Engaged Bargain Seekers
651645,0,1,High,Low,Engaged Bargain Seekers
651694,1,1,High,Low,Engaged Bargain Seekers
651740,1,1,High,Low,Engaged Bargain Seekers
651835,1,1,High,Low,Engaged Bargain Seekers
651959,1,1,High,Low,Engaged Bargain Seekers
652034,1,1,High,Low,Engaged Bargain Seekers
652047,1,1,High,Low,Engaged Bargain Seekers
652194,1,1,High,Low,Engaged Bargain Seekers
652212,1,1,High,Low,Engaged Bargain Seekers
652291,1,1,High,Low,Engaged Bargain Seekers
652300,3,0,Low,High,High-Value At-Risk
652357,3,0,Low,High,High-Value At-Risk
652370,1,1,High,Low,Engaged Bargain Seekers
652374,1,1,High,Low,Engaged Bargain Seekers
652394,1,1,High,Low,Engaged Bargain Seekers
652431,3,0,Low,High,High-Value At-Risk
652498,1,1,High,Low,Engaged Bargain Seekers
652499,0,1,High,Low,Engaged Bargain Seekers
652501,1,1,High,Low,Engaged Bargain Seekers
652518,1,1,High,Low,Engaged Bargain Seekers
652614,1,1,High,Low,Engaged Bargain Seekers
652627,3,0,Low,High,High-Value At-Risk
652636,0,1,High,Low,Engaged Bargain Seekers
652642,1,1,High,Low,Engaged Bargain Seekers
652741,0,1,High,Low,Engaged Bargain Seekers
652756,0,1,High,Low,Engaged Bargain Seekers
652781,3,0,Low,High,High-Value At-Risk
652790,1,1,High,Low,Engaged Bargain Seekers
652809,3,0,Low,High,High-Value At-Risk
652816,1,1,High,Low,Engaged Bargain Seekers
652852,1,1,High,Low,Engaged Bargain Seekers
652862,1,1,High,Low,Engaged Bargain Seekers
653015,1,1,High,Low,Engaged Bargain Seekers
653070,1,1,High,Low,Engaged Bargain Seekers
653081,1,1,High,Low,Engaged Bargain Seekers
653191,1,1,High,Low,Engaged Bargain Seekers
653259,1,1,High,Low,Engaged Bargain Seekers
653304,0,1,High,Low,Engaged Bargain Seekers
653324,0,1,High,Low,Engaged Bargain Seekers
653337,1,1,High,Low,Engaged Bargain Seekers
653340,1,1,High,Low,Engaged Bargain Seekers
653354,0,1,High,Low,Engaged Bargain Seekers
653400,1,1,High,Low,Engaged Bargain Seekers
653441,1,1,High,Low,Engaged Bargain Seekers
653539,1,1,High,Low,Engaged Bargain Seekers
653542,1,1,High,Low,Engaged Bargain Seekers
653572,1,1,High,Low,Engaged Bargain Seekers
653636,1,1,High,Low,Engaged Bargain Seekers
653637,1,1,High,Low,Engaged Bargain Seekers
653698,1,1,High,Low,Engaged Bargain Seekers
653851,0,1,High,Low,Engaged Bargain Seekers
653890,3,0,Low,High,High-Value At-Risk
653973,1,1,High,Low,Engaged Bargain Seekers
654073,1,1,High,Low,Engaged Bargain Seekers
654086,1,1,High,Low,Engaged Bargain Seekers
654122,1,1,High,Low,Engaged Bargain Seekers
654187,1,1,High,Low,Engaged Bargain Seekers
654225,0,1,High,Low,Engaged Bargain Seekers
654249,0,1,High,Low,Engaged Bargain Seekers
654288,1,1,High,Low,Engaged Bargain Seekers
654389,0,1,High,Low,Engaged Bargain Seekers
654433,0,1,High,Low,Engaged Bargain Seekers
654540,0,1,High,Low,Engaged Bargain Seekers
654578,1,1,High,Low,Engaged Bargain Seekers
654748,0,1,High,Low,Engaged Bargain Seekers
654751,1,1,High,Low,Engaged Bargain Seekers
654817,1,1,High,Low,Engaged Bargain Seekers
654890,1,1,High,Low,Engaged Bargain Seekers
654919,3,0,Low,High,High-Value At-Risk
654941,1,1,High,Low,Engaged Bargain Seekers
654983,3,1,Low,Low,Dormant / Churned
655016,0,1,High,Low,Engaged Bargain Seekers
655039,0,1,High,Low,Engaged Bargain Seekers
655044,1,1,High,Low,Engaged Bargain Seekers
655082,1,1,High,Low,Engaged Bargain Seekers
655085,0,1,High,Low,Engaged Bargain Seekers
655263,3,0,Low,High,High-Value At-Risk
655325,1,1,High,Low,Engaged Bargain Seekers
655453,1,1,High,Low,Engaged Bargain Seekers
655473,3,0,Low,High,High-Value At-Risk
655480,1,1,High,Low,Engaged Bargain Seekers
655614,3,0,Low,High,High-Value At-Risk
655715,1,1,High,Low,Engaged Bargain Seekers
655721,0,1,High,Low,Engaged Bargain Seekers
655743,1,1,High,Low,Engaged Bargain Seekers
655892,1,1,High,Low,Engaged Bargain Seekers
655957,1,1,High,Low,Engaged Bargain Seekers
655995,3,0,Low,High,High-Value At-Risk
656027,1,1,High,Low,Engaged Bargain Seekers
656036,0,1,High,Low,Engaged Bargain Seekers
656288,1,1,High,Low,Engaged Bargain Seekers
656360,1,1,High,Low,Engaged Bargain Seekers
656415,1,1,High,Low,Engaged Bargain Seekers
656454,0,0,High,High,Elite Frequent Flyers
656487,1,1,High,Low,Engaged Bargain Seekers
656572,1,1,High,Low,Engaged Bargain Seekers
656639,1,1,High,Low,Engaged Bargain Seekers
656650,1,1,High,Low,Engaged Bargain Seekers
656858,3,0,Low,High,High-Value At-Risk
656942,1,1,High,Low,Engaged Bargain Seekers
656958,3,0,Low,High,High-Value At-Risk
656993,0,1,High,Low,Engaged Bargain Seekers
657116,1,1,High,Low,Engaged Bargain Seekers
657118,1,1,High,Low,Engaged Bargain Seekers
657339,1,1,High,Low,Engaged Bargain Seekers
657492,1,1,High,Low,Engaged Bargain Seekers
657668,1,1,High,Low,Engaged Bargain Seekers
657730,1,1,High,Low,Engaged Bargain Seekers
657748,1,1,High,Low,Engaged Bargain Seekers
657777,3,0,Low,High,High-Value At-Risk
657842,0,1,High,Low,Engaged Bargain Seekers
657865,1,1,High,Low,Engaged Bargain Seekers
657946,0,1,High,Low,Engaged Bargain Seekers
657980,3,0,Low,High,High-Value At-Risk
658076,0,1,High,Low,Engaged Bargain Seekers
658175,1,1,High,Low,Engaged Bargain Seekers
658257,3,1,Low,Low,Dormant / Churned
658310,1,1,High,Low,Engaged Bargain Seekers
658330,1,1,High,Low,Engaged Bargain Seekers
658407,1,1,High,Low,Engaged Bargain Seekers
658546,1,1,High,Low,Engaged Bargain Seekers
658726,0,1,High,Low,Engaged Bargain Seekers
658861,1,1,High,Low,Engaged Bargain Seekers
658996,1,1,High,Low,Engaged Bargain Seekers
659011,1,1,High,Low,Engaged Bargain Seekers
659112,1,1,High,Low,Engaged Bargain Seekers
659147,1,1,High,Low,Engaged Bargain Seekers
659205,1,1,High,Low,Engaged Bargain Seekers
659251,1,1,High,Low,Engaged Bargain Seekers
659400,1,1,High,Low,Engaged Bargain Seekers
659419,1,1,High,Low,Engaged Bargain Seekers
659454,3,0,Low,High,High-Value At-Risk
659481,1,1,High,Low,Engaged Bargain Seekers
659536,1,1,High,Low,Engaged Bargain Seekers
659607,1,1,High,Low,Engaged Bargain Seekers
659637,1,1,High,Low,Engaged Bargain Seekers
659731,3,0,Low,High,High-Value At-Risk
659767,1,1,High,Low,Engaged Bargain Seekers
659781,1,1,High,Low,Engaged Bargain Seekers
659792,3,0,Low,High,High-Value At-Risk
659882,0,1,High,Low,Engaged Bargain Seekers
659967,1,1,High,Low,Engaged Bargain Seekers
660030,1,1,High,Low,Engaged Bargain Seekers
660047,1,1,High,Low,Engaged Bargain Seekers
660098,2,0,Low,High,High-Value At-Risk
660119,1,1,High,Low,Engaged Bargain Seekers
660178,1,1,High,Low,Engaged Bargain Seekers
660197,1,1,High,Low,Engaged Bargain Seekers
660294,1,1,High,Low,Engaged Bargain Seekers
660349,3,1,Low,Low,Dormant / Churned
660376,1,1,High,Low,Engaged Bargain Seekers
660395,1,1,High,Low,Engaged Bargain Seekers
660436,1,1,High,Low,Engaged Bargain Seekers
660457,1,1,High,Low,Engaged Bargain Seekers
660554,0,1,High,Low,Engaged Bargain Seekers
660684,1,1,High,Low,Engaged Bargain Seekers
660768,1,1,High,Low,Engaged Bargain Seekers
660922,1,1,High,Low,Engaged Bargain Seekers
660958,1,1,High,Low,Engaged Bargain Seekers
661035,1,1,High,Low,Engaged Bargain Seekers
661050,1,1,High,Low,Engaged Bargain Seekers
661054,1,1,High,Low,Engaged Bargain Seekers
661069,1,1,High,Low,Engaged Bargain Seekers
661088,1,1,High,Low,Engaged Bargain Seekers
661118,1,1,High,Low,Engaged Bargain Seekers
661150,1,1,High,Low,Engaged Bargain Seekers
661193,1,1,High,Low,Engaged Bargain Seekers
661274,1,1,High,Low,Engaged Bargain Seekers
661321,1,1,High,Low,Engaged Bargain Seekers
661411,1,1,High,Low,Engaged Bargain Seekers
661442,3,1,Low,Low,Dormant / Churned
661451,1,1,High,Low,Engaged Bargain Seekers
661469,1,1,High,Low,Engaged Bargain Seekers
661487,1,1,High,Low,Engaged Bargain Seekers
661502,1,2,High,Medium,Rising Loyalists
661546,3,1,Low,Low,Dormant / Churned
661587,0,1,High,Low,Engaged Bargain Seekers
661708,0,1,High,Low,Engaged Bargain Seekers
661744,1,1,High,Low,Engaged Bargain Seekers
662022,1,1,High,Low,Engaged Bargain Seekers
662045,0,1,High,Low,Engaged Bargain Seekers
662164,1,1,High,Low,Engaged Bargain Seekers
662166,1,1,High,Low,Engaged Bargain Seekers
662209,1,1,High,Low,Engaged Bargain Seekers
662268,1,1,High,Low,Engaged Bargain Seekers
662272,1,2,High,Medium,Rising Loyalists
662380,1,1,High,Low,Engaged Bargain Seekers
662392,0,1,High,Low,Engaged Bargain Seekers
662406,1,2,High,Medium,Rising Loyalists
662489,0,2,High,Medium,Rising Loyalists
662521,1,1,High,Low,Engaged Bargain Seekers
662594,1,1,High,Low,Engaged Bargain Seekers
662665,1,1,High,Low,Engaged Bargain Seekers
662723,3,0,Low,High,High-Value At-Risk
662750,1,1,High,Low,Engaged Bargain Seekers
662848,1,1,High,Low,Engaged Bargain Seekers
662880,1,1,High,Low,Engaged Bargain Seekers
662934,0,1,High,Low,Engaged Bargain Seekers
662936,1,1,High,Low,Engaged Bargain Seekers
662973,1,1,High,Low,Engaged Bargain Seekers
663062,1,1,High,Low,Engaged Bargain Seekers
663067,1,1,High,Low,Engaged Bargain Seekers
663072,3,0,Low,High,High-Value At-Risk
663098,3,0,Low,High,High-Value At-Risk
663133,1,1,High,Low,Engaged Bargain Seekers
663150,1,1,High,Low,Engaged Bargain Seekers
663213,0,1,High,Low,Engaged Bargain Seekers
663270,1,1,High,Low,Engaged Bargain Seekers
663343,1,1,High,Low,Engaged Bargain Seekers
663382,1,1,High,Low,Engaged Bargain Seekers
663402,1,1,High,Low,Engaged Bargain Seekers
663416,1,1,High,Low,Engaged Bargain Seekers
663422,0,1,High,Low,Engaged Bargain Seekers
663513,1,1,High,Low,Engaged Bargain Seekers
663514,1,1,High,Low,Engaged Bargain Seekers
663521,1,1,High,Low,Engaged Bargain Seekers
663573,1,1,High,Low,Engaged Bargain Seekers
663641,3,0,Low,High,High-Value At-Risk
663659,0,1,High,Low,Engaged Bargain Seekers
663719,1,1,High,Low,Engaged Bargain Seekers
663746,0,1,High,Low,Engaged Bargain Seekers
663757,0,1,High,Low,Engaged Bargain Seekers
663897,0,1,High,Low,Engaged Bargain Seekers
663918,1,1,High,Low,Engaged Bargain Seekers
663975,3,1,Low,Low,Dormant / Churned
664008,0,1,High,Low,Engaged Bargain Seekers
664034,1,1,High,Low,Engaged Bargain Seekers
664052,1,1,High,Low,Engaged Bargain Seekers
664054,1,1,High,Low,Engaged Bargain Seekers
664062,1,1,High,Low,Engaged Bargain Seekers
664084,1,1,High,Low,Engaged Bargain Seekers
664112,0,1,High,Low,Engaged Bargain Seekers
664183,2,1,Low,Low,Dormant / Churned
664277,1,1,High,Low,Engaged Bargain Seekers
664379,1,1,High,Low,Engaged Bargain Seekers
664493,1,1,High,Low,Engaged Bargain Seekers
664666,1,1,High,Low,Engaged Bargain Seekers
664684,0,1,High,Low,Engaged Bargain Seekers
664705,1,1,High,Low,Engaged Bargain Seekers
664737,1,1,High,Low,Engaged Bargain Seekers
664759,0,1,High,Low,Engaged Bargain Seekers
664771,1,1,High,Low,Engaged Bargain Seekers
664799,1,1,High,Low,Engaged Bargain Seekers
664856,1,1,High,Low,Engaged Bargain Seekers
665024,1,2,High,Medium,Rising Loyalists
665031,3,0,Low,High,High-Value At-Risk
665100,1,1,High,Low,Engaged Bargain Seekers
665373,0,1,High,Low,Engaged Bargain Seekers
665374,3,1,Low,Low,Dormant / Churned
665403,1,2,High,Medium,Rising Loyalists
665454,0,1,High,Low,Engaged Bargain Seekers
665467,1,1,High,Low,Engaged Bargain Seekers
665533,3,0,Low,High,High-Value At-Risk
665548,1,1,High,Low,Engaged Bargain Seekers
665645,0,1,High,Low,Engaged Bargain Seekers
665646,0,1,High,Low,Engaged Bargain Seekers
665679,1,1,High,Low,Engaged Bargain Seekers
665701,1,1,High,Low,Engaged Bargain Seekers
665763,3,0,Low,High,High-Value At-Risk
665773,0,1,High,Low,Engaged Bargain Seekers
665890,1,1,High,Low,Engaged Bargain Seekers
666189,0,1,High,Low,Engaged Bargain Seekers
666222,1,1,High,Low,Engaged Bargain Seekers
666301,1,1,High,Low,Engaged Bargain Seekers
666337,1,2,High,Medium,Rising Loyalists
666381,1,1,High,Low,Engaged Bargain Seekers
666417,1,1,High,Low,Engaged Bargain Seekers
666473,1,1,High,Low,Engaged Bargain Seekers
666504,1,1,High,Low,Engaged Bargain Seekers
666556,1,1,High,Low,Engaged Bargain Seekers
666572,1,1,High,Low,Engaged Bargain Seekers
666597,0,1,High,Low,Engaged Bargain Seekers
666608,1,1,High,Low,Engaged Bargain Seekers
666667,1,1,High,Low,Engaged Bargain Seekers
666680,1,1,High,Low,Engaged Bargain Seekers
666702,0,1,High,Low,Engaged Bargain Seekers
666761,0,1,High,Low,Engaged Bargain Seekers
666877,1,1,High,Low,Engaged Bargain Seekers
666878,1,1,High,Low,Engaged Bargain Seekers
666933,1,1,High,Low,Engaged Bargain Seekers
666952,1,1,High,Low,Engaged Bargain Seekers
667041,1,1,High,Low,Engaged Bargain Seekers
667117,1,1,High,Low,Engaged Bargain Seekers
667157,0,1,High,Low,Engaged Bargain Seekers
667262,1,1,High,Low,Engaged Bargain Seekers
667275,0,2,High,Medium,Rising Loyalists
667293,0,1,High,Low,Engaged Bargain Seekers
667314,0,2,High,Medium,Rising Loyalists
667341,1,1,High,Low,Engaged Bargain Seekers
667356,0,1,High,Low,Engaged Bargain Seekers
667398,0,2,High,Medium,Rising Loyalists
667517,0,1,High,Low,Engaged Bargain Seekers
667615,1,1,High,Low,Engaged Bargain Seekers
667634,1,1,High,Low,Engaged Bargain Seekers
667678,3,0,Low,High,High-Value At-Risk
667687,0,1,High,Low,Engaged Bargain Seekers
667692,1,1,High,Low,Engaged Bargain Seekers
667718,0,0,High,High,Elite Frequent Flyers
667767,1,1,High,Low,Engaged Bargain Seekers
667781,1,1,High,Low,Engaged Bargain Seekers
667798,0,1,High,Low,Engaged Bargain Seekers
667800,3,0,Low,High,High-Value At-Risk
667860,1,1,High,Low,Engaged Bargain Seekers
667901,1,1,High,Low,Engaged Bargain Seekers
667974,1,1,High,Low,Engaged Bargain Seekers
668000,1,1,High,Low,Engaged Bargain Seekers
668020,1,1,High,Low,Engaged Bargain Seekers
668136,1,1,High,Low,Engaged Bargain Seekers
668213,1,1,High,Low,Engaged Bargain Seekers
668235,0,1,High,Low,Engaged Bargain Seekers
668253,1,1,High,Low,Engaged Bargain Seekers
668325,1,1,High,Low,Engaged Bargain Seekers
668510,1,1,High,Low,Engaged Bargain Seekers
668576,1,1,High,Low,Engaged Bargain Seekers
668599,1,1,High,Low,Engaged Bargain Seekers
668624,1,1,High,Low,Engaged Bargain Seekers
668692,1,1,High,Low,Engaged Bargain Seekers
668843,0,1,High,Low,Engaged Bargain Seekers
668865,1,2,High,Medium,Rising Loyalists
668959,1,1,High,Low,Engaged Bargain Seekers
668968,1,1,High,Low,Engaged Bargain Seekers
668970,0,1,High,Low,Engaged Bargain Seekers
669028,1,1,High,Low,Engaged Bargain Seekers
669065,1,1,High,Low,Engaged Bargain Seekers
669066,1,1,High,Low,Engaged Bargain Seekers
669222,1,1,High,Low,Engaged Bargain Seekers
669368,1,1,High,Low,Engaged Bargain Seekers
669373,1,1,High,Low,Engaged Bargain Seekers
669493,0,1,High,Low,Engaged Bargain Seekers
669501,1,1,High,Low,Engaged Bargain Seekers
669810,1,1,High,Low,Engaged Bargain Seekers
669812,1,1,High,Low,Engaged Bargain Seekers
669890,1,1,High,Low,Engaged Bargain Seekers
669894,1,2,High,Medium,Rising Loyalists
669978,1,1,High,Low,Engaged Bargain Seekers
670000,1,2,High,Medium,Rising Loyalists
670002,1,1,High,Low,Engaged Bargain Seekers
670040,1,1,High,Low,Engaged Bargain Seekers
670131,1,2,High,Medium,Rising Loyalists
670210,1,1,High,Low,Engaged Bargain Seekers
670215,1,1,High,Low,Engaged Bargain Seekers
670230,3,0,Low,High,High-Value At-Risk
670289,0,1,High,Low,Engaged Bargain Seekers
670294,1,1,High,Low,Engaged Bargain Seekers
670371,1,1,High,Low,Engaged Bargain Seekers
670430,1,1,High,Low,Engaged Bargain Seekers
670606,1,1,High,Low,Engaged Bargain Seekers
670666,1,2,High,Medium,Rising Loyalists
670686,1,1,High,Low,Engaged Bargain Seekers
670751,1,2,High,Medium,Rising Loyalists
670817,1,1,High,Low,Engaged Bargain Seekers
670836,0,1,High,Low,Engaged Bargain Seekers
670939,1,1,High,Low,Engaged Bargain Seekers
670981,3,0,Low,High,High-Value At-Risk
670985,1,1,High,Low,Engaged Bargain Seekers
671077,0,1,High,Low,Engaged Bargain Seekers
671115,1,2,High,Medium,Rising Loyalists
671119,1,1,High,Low,Engaged Bargain Seekers
671173,0,1,High,Low,Engaged Bargain Seekers
671309,0,1,High,Low,Engaged Bargain Seekers
671359,0,1,High,Low,Engaged Bargain Seekers
671368,1,1,High,Low,Engaged Bargain Seekers
671383,1,1,High,Low,Engaged Bargain Seekers
671528,1,1,High,Low,Engaged Bargain Seekers
671534,1,1,High,Low,Engaged Bargain Seekers
671628,0,1,High,Low,Engaged Bargain Seekers
671639,1,1,High,Low,Engaged Bargain Seekers
671764,0,2,High,Medium,Rising Loyalists
671803,1,2,High,Medium,Rising Loyalists
671849,1,1,High,Low,Engaged Bargain Seekers
671906,3,1,Low,Low,Dormant / Churned
671911,1,1,High,Low,Engaged Bargain Seekers
671928,1,1,High,Low,Engaged Bargain Seekers
671933,1,1,High,Low,Engaged Bargain Seekers
672039,1,1,High,Low,Engaged Bargain Seekers
672089,1,1,High,Low,Engaged Bargain Seekers
672103,1,1,High,Low,Engaged Bargain Seekers
672170,1,1,High,Low,Engaged Bargain Seekers
672236,1,1,High,Low,Engaged Bargain Seekers
672255,0,1,High,Low,Engaged Bargain Seekers
672308,1,1,High,Low,Engaged Bargain Seekers
672336,1,1,High,Low,Engaged Bargain Seekers
672391,0,1,High,Low,Engaged Bargain Seekers
672395,1,1,High,Low,Engaged Bargain Seekers
672430,1,1,High,Low,Engaged Bargain Seekers
672431,1,1,High,Low,Engaged Bargain Seekers
672570,1,1,High,Low,Engaged Bargain Seekers
672582,3,1,Low,Low,Dormant / Churned
672600,1,1,High,Low,Engaged Bargain Seekers
672635,0,1,High,Low,Engaged Bargain Seekers
672649,0,1,High,Low,Engaged Bargain Seekers
672679,0,1,High,Low,Engaged Bargain Seekers
672781,0,1,High,Low,Engaged Bargain Seekers
672819,3,1,Low,Low,Dormant / Churned
672893,1,1,High,Low,Engaged Bargain Seekers
672904,1,1,High,Low,Engaged Bargain Seekers
672917,3,0,Low,High,High-Value At-Risk
673054,1,1,High,Low,Engaged Bargain Seekers
673061,0,1,High,Low,Engaged Bargain Seekers
673192,1,1,High,Low,Engaged Bargain Seekers
673301,1,1,High,Low,Engaged Bargain Seekers
673399,1,1,High,Low,Engaged Bargain Seekers
673401,1,1,High,Low,Engaged Bargain Seekers
673424,1,1,High,Low,Engaged Bargain Seekers
673492,0,1,High,Low,Engaged Bargain Seekers
673872,0,1,High,Low,Engaged Bargain Seekers
673934,1,1,High,Low,Engaged Bargain Seekers
674118,1,1,High,Low,Engaged Bargain Seekers
674281,1,1,High,Low,Engaged Bargain Seekers
674327,1,1,High,Low,Engaged Bargain Seekers
674372,0,1,High,Low,Engaged Bargain Seekers
674375,0,1,High,Low,Engaged Bargain Seekers
674394,1,1,High,Low,Engaged Bargain Seekers
674462,1,1,High,Low,Engaged Bargain Seekers
674497,1,1,High,Low,Engaged Bargain Seekers
674637,1,1,High,Low,Engaged Bargain Seekers
674643,0,1,High,Low,Engaged Bargain Seekers
674689,1,1,High,Low,Engaged Bargain Seekers
674738,0,1,High,Low,Engaged Bargain Seekers
674781,1,1,High,Low,Engaged Bargain Seekers
674805,1,1,High,Low,Engaged Bargain Seekers
674876,0,1,High,Low,Engaged Bargain Seekers
674923,1,1,High,Low,Engaged Bargain Seekers
674933,1,1,High,Low,Engaged Bargain Seekers
675057,1,1,High,Low,Engaged Bargain Seekers
675104,1,1,High,Low,Engaged Bargain Seekers
675106,1,1,High,Low,Engaged Bargain Seekers
675204,1,1,High,Low,Engaged Bargain Seekers
675240,3,0,Low,High,High-Value At-Risk
675243,1,1,High,Low,Engaged Bargain Seekers
675385,1,1,High,Low,Engaged Bargain Seekers
675405,1,1,High,Low,Engaged Bargain Seekers
675409,1,2,High,Medium,Rising Loyalists
675419,3,0,Low,High,High-Value At-Risk
675442,1,1,High,Low,Engaged Bargain Seekers
675457,1,1,High,Low,Engaged Bargain Seekers
675506,0,1,High,Low,Engaged Bargain Seekers
675516,1,1,High,Low,Engaged Bargain Seekers
675535,1,1,High,Low,Engaged Bargain Seekers
675538,1,1,High,Low,Engaged Bargain Seekers
675541,1,1,High,Low,Engaged Bargain Seekers
675616,1,1,High,Low,Engaged Bargain Seekers
675651,1,1,High,Low,Engaged Bargain Seekers
675710,3,0,Low,High,High-Value At-Risk
675848,1,1,High,Low,Engaged Bargain Seekers
675879,0,1,High,Low,Engaged Bargain Seekers
675936,1,1,High,Low,Engaged Bargain Seekers
675956,1,1,High,Low,Engaged Bargain Seekers
676203,1,1,High,Low,Engaged Bargain Seekers
676289,1,1,High,Low,Engaged Bargain Seekers
676371,0,1,High,Low,Engaged Bargain Seekers
676376,1,1,High,Low,Engaged Bargain Seekers
676406,1,1,High,Low,Engaged Bargain Seekers
676408,1,1,High,Low,Engaged Bargain Seekers
676409,1,1,High,Low,Engaged Bargain Seekers
676585,1,1,High,Low,Engaged Bargain Seekers
676622,1,1,High,Low,Engaged Bargain Seekers
676631,1,1,High,Low,Engaged Bargain Seekers
676639,1,1,High,Low,Engaged Bargain Seekers
676669,1,2,High,Medium,Rising Loyalists
676676,3,1,Low,Low,Dormant / Churned
676873,1,1,High,Low,Engaged Bargain Seekers
676877,1,1,High,Low,Engaged Bargain Seekers
676941,1,1,High,Low,Engaged Bargain Seekers
677045,1,1,High,Low,Engaged Bargain Seekers
677068,1,1,High,Low,Engaged Bargain Seekers
677141,1,1,High,Low,Engaged Bargain Seekers
677153,3,1,Low,Low,Dormant / Churned
677174,1,1,High,Low,Engaged Bargain Seekers
677213,1,1,High,Low,Engaged Bargain Seekers
677217,1,2,High,Medium,Rising Loyalists
677218,1,1,High,Low,Engaged Bargain Seekers
677292,3,0,Low,High,High-Value At-Risk
677322,1,1,High,Low,Engaged Bargain Seekers
677329,1,1,High,Low,Engaged Bargain Seekers
677335,0,1,High,Low,Engaged Bargain Seekers
677404,1,2,High,Medium,Rising Loyalists
677435,1,1,High,Low,Engaged Bargain Seekers
677513,1,2,High,Medium,Rising Loyalists
677527,1,1,High,Low,Engaged Bargain Seekers
677560,1,1,High,Low,Engaged Bargain Seekers
677606,1,1,High,Low,Engaged Bargain Seekers
677669,3,1,Low,Low,Dormant / Churned
677695,1,1,High,Low,Engaged Bargain Seekers
677704,1,1,High,Low,Engaged Bargain Seekers
677717,0,1,High,Low,Engaged Bargain Seekers
677751,1,1,High,Low,Engaged Bargain Seekers
677901,0,0,High,High,Elite Frequent Flyers
677925,3,1,Low,Low,Dormant / Churned
677963,1,1,High,Low,Engaged Bargain Seekers
677976,0,1,High,Low,Engaged Bargain Seekers
678205,0,1,High,Low,Engaged Bargain Seekers
678217,0,1,High,Low,Engaged Bargain Seekers
678243,1,1,High,Low,Engaged Bargain Seekers
678284,1,1,High,Low,Engaged Bargain Seekers
678341,1,1,High,Low,Engaged Bargain Seekers
678454,1,1,High,Low,Engaged Bargain Seekers
678460,1,1,High,Low,Engaged Bargain Seekers
678493,1,1,High,Low,Engaged Bargain Seekers
678514,1,1,High,Low,Engaged Bargain Seekers
678544,3,0,Low,High,High-Value At-Risk
678603,0,1,High,Low,Engaged Bargain Seekers
678616,1,1,High,Low,Engaged Bargain Seekers
678722,0,1,High,Low,Engaged Bargain Seekers
678786,1,1,High,Low,Engaged Bargain Seekers
678837,1,1,High,Low,Engaged Bargain Seekers
678858,3,0,Low,High,High-Value At-Risk
678925,1,1,High,Low,Engaged Bargain Seekers
678933,1,1,High,Low,Engaged Bargain Seekers
678967,1,1,High,Low,Engaged Bargain Seekers
678991,3,0,Low,High,High-Value At-Risk
679075,1,1,High,Low,Engaged Bargain Seekers
679132,0,1,High,Low,Engaged Bargain Seekers
679155,3,0,Low,High,High-Value At-Risk
679253,0,1,High,Low,Engaged Bargain Seekers
679311,1,1,High,Low,Engaged Bargain Seekers
679414,0,1,High,Low,Engaged Bargain Seekers
679437,1,1,High,Low,Engaged Bargain Seekers
679485,1,1,High,Low,Engaged Bargain Seekers
679531,0,1,High,Low,Engaged Bargain Seekers
679607,1,1,High,Low,Engaged Bargain Seekers
679609,1,1,High,Low,Engaged Bargain Seekers
679623,1,1,High,Low,Engaged Bargain Seekers
679638,1,1,High,Low,Engaged Bargain Seekers
679859,1,1,High,Low,Engaged Bargain Seekers
679908,1,1,High,Low,Engaged Bargain Seekers
679994,0,1,High,Low,Engaged Bargain Seekers
680168,0,2,High,Medium,Rising Loyalists
680181,1,1,High,Low,Engaged Bargain Seekers
680193,3,1,Low,Low,Dormant / Churned
680304,0,1,High,Low,Engaged Bargain Seekers
680376,0,1,High,Low,Engaged Bargain Seekers
680379,1,1,High,Low,Engaged Bargain Seekers
680444,1,1,High,Low,Engaged Bargain Seekers
680445,1,1,High,Low,Engaged Bargain Seekers
680485,2,0,Low,High,High-Value At-Risk
680553,3,0,Low,High,High-Value At-Risk
680565,1,1,High,Low,Engaged Bargain Seekers
680569,1,1,High,Low,Engaged Bargain Seekers
680581,1,1,High,Low,Engaged Bargain Seekers
680738,1,2,High,Medium,Rising Loyalists
680754,0,1,High,Low,Engaged Bargain Seekers
680839,1,1,High,Low,Engaged Bargain Seekers
680878,0,1,High,Low,Engaged Bargain Seekers
680886,1,2,High,Medium,Rising Loyalists
680945,0,1,High,Low,Engaged Bargain Seekers
681032,1,2,High,Medium,Rising Loyalists
681250,1,1,High,Low,Engaged Bargain Seekers
681270,1,1,High,Low,Engaged Bargain Seekers
681309,1,1,High,Low,Engaged Bargain Seekers
681328,0,1,High,Low,Engaged Bargain Seekers
681399,1,1,High,Low,Engaged Bargain Seekers
681593,0,1,High,Low,Engaged Bargain Seekers
681649,1,1,High,Low,Engaged Bargain Seekers
681722,1,1,High,Low,Engaged Bargain Seekers
681785,1,1,High,Low,Engaged Bargain Seekers
681822,1,1,High,Low,Engaged Bargain Seekers
681887,1,1,High,Low,Engaged Bargain Seekers
681921,1,1,High,Low,Engaged Bargain Seekers
681961,3,0,Low,High,High-Value At-Risk
681984,1,1,High,Low,Engaged Bargain Seekers
682064,3,1,Low,Low,Dormant / Churned
682103,1,1,High,Low,Engaged Bargain Seekers
682194,1,1,High,Low,Engaged Bargain Seekers
682288,1,1,High,Low,Engaged Bargain Seekers
682308,1,1,High,Low,Engaged Bargain Seekers
682337,3,0,Low,High,High-Value At-Risk
682356,1,1,High,Low,Engaged Bargain Seekers
682419,1,1,High,Low,Engaged Bargain Seekers
682521,0,1,High,Low,Engaged Bargain Seekers
682528,1,1,High,Low,Engaged Bargain Seekers
682533,0,1,High,Low,Engaged Bargain Seekers
682571,1,1,High,Low,Engaged Bargain Seekers
682654,1,1,High,Low,Engaged Bargain Seekers
682707,0,1,High,Low,Engaged Bargain Seekers
682709,1,1,High,Low,Engaged Bargain Seekers
682813,1,1,High,Low,Engaged Bargain Seekers
682819,1,1,High,Low,Engaged Bargain Seekers
682826,1,1,High,Low,Engaged Bargain Seekers
682840,1,1,High,Low,Engaged Bargain Seekers
682979,1,1,High,Low,Engaged Bargain Seekers
682980,0,1,High,Low,Engaged Bargain Seekers
683126,1,1,High,Low,Engaged Bargain Seekers
683239,0,1,High,Low,Engaged Bargain Seekers
683250,3,1,Low,Low,Dormant / Churned
683276,0,2,High,Medium,Rising Loyalists
683288,0,1,High,Low,Engaged Bargain Seekers
683356,1,1,High,Low,Engaged Bargain Seekers
683361,0,1,High,Low,Engaged Bargain Seekers
683458,3,0,Low,High,High-Value At-Risk
683470,1,1,High,Low,Engaged Bargain Seekers
683485,1,1,High,Low,Engaged Bargain Seekers
683487,1,1,High,Low,Engaged Bargain Seekers
683503,1,1,High,Low,Engaged Bargain Seekers
683550,3,1,Low,Low,Dormant / Churned
683660,1,1,High,Low,Engaged Bargain Seekers
683664,0,1,High,Low,Engaged Bargain Seekers
683685,3,0,Low,High,High-Value At-Risk
683699,1,1,High,Low,Engaged Bargain Seekers
683751,1,1,High,Low,Engaged Bargain Seekers
683791,1,1,High,Low,Engaged Bargain Seekers
683838,1,1,High,Low,Engaged Bargain Seekers
683875,0,1,High,Low,Engaged Bargain Seekers
683901,1,2,High,Medium,Rising Loyalists
683909,0,1,High,Low,Engaged Bargain Seekers
683910,0,1,High,Low,Engaged Bargain Seekers
683920,1,1,High,Low,Engaged Bargain Seekers
684022,1,1,High,Low,Engaged Bargain Seekers
684081,0,1,High,Low,Engaged Bargain Seekers
684103,0,1,High,Low,Engaged Bargain Seekers
684123,1,1,High,Low,Engaged Bargain Seekers
684133,1,1,High,Low,Engaged Bargain Seekers
684155,1,1,High,Low,Engaged Bargain Seekers
684201,1,2,High,Medium,Rising Loyalists
684296,3,1,Low,Low,Dormant / Churned
684305,1,1,High,Low,Engaged Bargain Seekers
684371,1,1,High,Low,Engaged Bargain Seekers
684386,1,1,High,Low,Engaged Bargain Seekers
684491,1,1,High,Low,Engaged Bargain Seekers
684691,1,1,High,Low,Engaged Bargain Seekers
684699,3,1,Low,Low,Dormant / Churned
684776,1,1,High,Low,Engaged Bargain Seekers
684826,1,1,High,Low,Engaged Bargain Seekers
684835,0,1,High,Low,Engaged Bargain Seekers
684881,1,1,High,Low,Engaged Bargain Seekers
684889,1,1,High,Low,Engaged Bargain Seekers
684934,1,1,High,Low,Engaged Bargain Seekers
685171,1,2,High,Medium,Rising Loyalists
685208,1,1,High,Low,Engaged Bargain Seekers
685314,1,1,High,Low,Engaged Bargain Seekers
685346,1,1,High,Low,Engaged Bargain Seekers
685375,1,1,High,Low,Engaged Bargain Seekers
685408,1,1,High,Low,Engaged Bargain Seekers
685518,0,1,High,Low,Engaged Bargain Seekers
685533,1,1,High,Low,Engaged Bargain Seekers
685546,1,1,High,Low,Engaged Bargain Seekers
685608,1,1,High,Low,Engaged Bargain Seekers
685631,0,1,High,Low,Engaged Bargain Seekers
685653,3,1,Low,Low,Dormant / Churned
685683,1,1,High,Low,Engaged Bargain Seekers
685720,1,1,High,Low,Engaged Bargain Seekers
685792,0,1,High,Low,Engaged Bargain Seekers
685982,1,1,High,Low,Engaged Bargain Seekers
686031,1,1,High,Low,Engaged Bargain Seekers
686044,1,1,High,Low,Engaged Bargain Seekers
686059,1,2,High,Medium,Rising Loyalists
686196,1,1,High,Low,Engaged Bargain Seekers
686220,1,1,High,Low,Engaged Bargain Seekers
686223,0,1,High,Low,Engaged Bargain Seekers
686224,1,1,High,Low,Engaged Bargain Seekers
686232,1,2,High,Medium,Rising Loyalists
686371,0,1,High,Low,Engaged Bargain Seekers
686397,0,1,High,Low,Engaged Bargain Seekers
686432,3,0,Low,High,High-Value At-Risk
686471,1,1,High,Low,Engaged Bargain Seekers
686474,3,0,Low,High,High-Value At-Risk
686509,1,1,High,Low,Engaged Bargain Seekers
686555,1,1,High,Low,Engaged Bargain Seekers
686561,0,1,High,Low,Engaged Bargain Seekers
686612,0,1,High,Low,Engaged Bargain Seekers
686709,1,2,High,Medium,Rising Loyalists
686728,0,1,High,Low,Engaged Bargain Seekers
686769,1,1,High,Low,Engaged Bargain Seekers
686783,1,1,High,Low,Engaged Bargain Seekers
686838,1,1,High,Low,Engaged Bargain Seekers
687108,3,0,Low,High,High-Value At-Risk
687170,1,1,High,Low,Engaged Bargain Seekers
687186,1,1,High,Low,Engaged Bargain Seekers
687199,1,1,High,Low,Engaged Bargain Seekers
687262,1,1,High,Low,Engaged Bargain Seekers
687401,1,2,High,Medium,Rising Loyalists
687412,1,1,High,Low,Engaged Bargain Seekers
687463,1,1,High,Low,Engaged Bargain Seekers
687525,1,1,High,Low,Engaged Bargain Seekers
687533,1,2,High,Medium,Rising Loyalists
687589,1,1,High,Low,Engaged Bargain Seekers
687593,0,1,High,Low,Engaged Bargain Seekers
687639,1,1,High,Low,Engaged Bargain Seekers
687748,0,1,High,Low,Engaged Bargain Seekers
687820,1,1,High,Low,Engaged Bargain Seekers
687895,1,1,High,Low,Engaged Bargain Seekers
687951,0,1,High,Low,Engaged Bargain Seekers
687962,1,1,High,Low,Engaged Bargain Seekers
687984,3,0,Low,High,High-Value At-Risk
688058,1,1,High,Low,Engaged Bargain Seekers
688132,3,0,Low,High,High-Value At-Risk
688139,1,1,High,Low,Engaged Bargain Seekers
688168,1,1,High,Low,Engaged Bargain Seekers
688178,1,1,High,Low,Engaged Bargain Seekers
688319,1,2,High,Medium,Rising Loyalists
688410,1,1,High,Low,Engaged Bargain Seekers
688524,1,1,High,Low,Engaged Bargain Seekers
688533,1,1,High,Low,Engaged Bargain Seekers
688557,1,1,High,Low,Engaged Bargain Seekers
688615,0,1,High,Low,Engaged Bargain Seekers
688627,1,1,High,Low,Engaged Bargain Seekers
688691,1,1,High,Low,Engaged Bargain Seekers
688731,2,1,Low,Low,Dormant / Churned
688748,0,1,High,Low,Engaged Bargain Seekers
688820,1,1,High,Low,Engaged Bargain Seekers
688891,0,1,High,Low,Engaged Bargain Seekers
688902,3,0,Low,High,High-Value At-Risk
689000,1,1,High,Low,Engaged Bargain Seekers
689112,1,1,High,Low,Engaged Bargain Seekers
689275,1,2,High,Medium,Rising Loyalists
689353,1,2,High,Medium,Rising Loyalists
689389,1,1,High,Low,Engaged Bargain Seekers
689440,0,1,High,Low,Engaged Bargain Seekers
689459,1,1,High,Low,Engaged Bargain Seekers
689477,1,1,High,Low,Engaged Bargain Seekers
689818,1,1,High,Low,Engaged Bargain Seekers
689839,0,1,High,Low,Engaged Bargain Seekers
689909,1,1,High,Low,Engaged Bargain Seekers
689912,1,1,High,Low,Engaged Bargain Seekers
689981,1,1,High,Low,Engaged Bargain Seekers
689993,3,1,Low,Low,Dormant / Churned
690029,1,1,High,Low,Engaged Bargain Seekers
690191,1,1,High,Low,Engaged Bargain Seekers
690199,1,1,High,Low,Engaged Bargain Seekers
690494,1,1,High,Low,Engaged Bargain Seekers
690510,0,1,High,Low,Engaged Bargain Seekers
690554,1,1,High,Low,Engaged Bargain Seekers
690563,1,1,High,Low,Engaged Bargain Seekers
690637,1,1,High,Low,Engaged Bargain Seekers
690641,1,1,High,Low,Engaged Bargain Seekers
690671,1,1,High,Low,Engaged Bargain Seekers
690776,1,1,High,Low,Engaged Bargain Seekers
690797,1,1,High,Low,Engaged Bargain Seekers
690862,1,1,High,Low,Engaged Bargain Seekers
690866,1,1,High,Low,Engaged Bargain Seekers
690890,1,1,High,Low,Engaged Bargain Seekers
690916,1,2,High,Medium,Rising Loyalists
690969,1,1,High,Low,Engaged Bargain Seekers
690970,1,1,High,Low,Engaged Bargain Seekers
690971,1,1,High,Low,Engaged Bargain Seekers
690984,0,1,High,Low,Engaged Bargain Seekers
691077,1,1,High,Low,Engaged Bargain Seekers
691220,1,1,High,Low,Engaged Bargain Seekers
691259,1,1,High,Low,Engaged Bargain Seekers
691262,1,1,High,Low,Engaged Bargain Seekers
691332,0,1,High,Low,Engaged Bargain Seekers
691365,3,0,Low,High,High-Value At-Risk
691520,1,1,High,Low,Engaged Bargain Seekers
691542,1,1,High,Low,Engaged Bargain Seekers
691626,0,1,High,Low,Engaged Bargain Seekers
691645,0,1,High,Low,Engaged Bargain Seekers
691700,1,1,High,Low,Engaged Bargain Seekers
691761,1,1,High,Low,Engaged Bargain Seekers
691855,2,1,Low,Low,Dormant / Churned
691909,1,1,High,Low,Engaged Bargain Seekers
692096,1,1,High,Low,Engaged Bargain Seekers
692097,3,0,Low,High,High-Value At-Risk
692121,3,0,Low,High,High-Value At-Risk
692129,1,1,High,Low,Engaged Bargain Seekers
692151,1,1,High,Low,Engaged Bargain Seekers
692252,1,1,High,Low,Engaged Bargain Seekers
692275,0,1,High,Low,Engaged Bargain Seekers
692291,3,0,Low,High,High-Value At-Risk
692304,1,1,High,Low,Engaged Bargain Seekers
692328,1,1,High,Low,Engaged Bargain Seekers
692535,1,1,High,Low,Engaged Bargain Seekers
692628,1,1,High,Low,Engaged Bargain Seekers
692671,1,1,High,Low,Engaged Bargain Seekers
692685,1,1,High,Low,Engaged Bargain Seekers
692729,1,1,High,Low,Engaged Bargain Seekers
692741,3,1,Low,Low,Dormant / Churned
692841,0,1,High,Low,Engaged Bargain Seekers
692856,1,1,High,Low,Engaged Bargain Seekers
692936,0,1,High,Low,Engaged Bargain Seekers
692992,1,1,High,Low,Engaged Bargain Seekers
693045,0,1,High,Low,Engaged Bargain Seekers
693133,1,1,High,Low,Engaged Bargain Seekers
693138,1,1,High,Low,Engaged Bargain Seekers
693196,1,1,High,Low,Engaged Bargain Seekers
693212,1,1,High,Low,Engaged Bargain Seekers
693238,1,1,High,Low,Engaged Bargain Seekers
693256,1,1,High,Low,Engaged Bargain Seekers
693295,1,1,High,Low,Engaged Bargain Seekers
693372,1,1,High,Low,Engaged Bargain Seekers
693393,3,0,Low,High,High-Value At-Risk
693494,0,1,High,Low,Engaged Bargain Seekers
693528,0,1,High,Low,Engaged Bargain Seekers
693608,1,1,High,Low,Engaged Bargain Seekers
693625,1,1,High,Low,Engaged Bargain Seekers
693659,1,1,High,Low,Engaged Bargain Seekers
693665,1,1,High,Low,Engaged Bargain Seekers
693791,1,1,High,Low,Engaged Bargain Seekers
693852,1,1,High,Low,Engaged Bargain Seekers
693913,1,1,High,Low,Engaged Bargain Seekers
693922,1,1,High,Low,Engaged Bargain Seekers
693926,3,1,Low,Low,Dormant / Churned
694021,0,1,High,Low,Engaged Bargain Seekers
694158,1,1,High,Low,Engaged Bargain Seekers
694168,0,1,High,Low,Engaged Bargain Seekers
694241,1,1,High,Low,Engaged Bargain Seekers
694388,1,1,High,Low,Engaged Bargain Seekers
694472,1,1,High,Low,Engaged Bargain Seekers
694497,1,1,High,Low,Engaged Bargain Seekers
694512,1,1,High,Low,Engaged Bargain Seekers
694648,0,1,High,Low,Engaged Bargain Seekers
694723,1,1,High,Low,Engaged Bargain Seekers
694743,1,1,High,Low,Engaged Bargain Seekers
694757,1,1,High,Low,Engaged Bargain Seekers
694828,1,1,High,Low,Engaged Bargain Seekers
694915,0,1,High,Low,Engaged Bargain Seekers
694942,1,1,High,Low,Engaged Bargain Seekers
695069,0,1,High,Low,Engaged Bargain Seekers
695076,1,1,High,Low,Engaged Bargain Seekers
695107,1,1,High,Low,Engaged Bargain Seekers
695162,0,1,High,Low,Engaged Bargain Seekers
695250,1,1,High,Low,Engaged Bargain Seekers
695342,1,1,High,Low,Engaged Bargain Seekers
695385,3,1,Low,Low,Dormant / Churned
695428,0,1,High,Low,Engaged Bargain Seekers
695529,1,1,High,Low,Engaged Bargain Seekers
695564,3,0,Low,High,High-Value At-Risk
695596,0,1,High,Low,Engaged Bargain Seekers
695624,1,1,High,Low,Engaged Bargain Seekers
695686,1,1,High,Low,Engaged Bargain Seekers
695755,3,1,Low,Low,Dormant / Churned
695855,1,1,High,Low,Engaged Bargain Seekers
695878,1,1,High,Low,Engaged Bargain Seekers
695965,0,1,High,Low,Engaged Bargain Seekers
695978,1,1,High,Low,Engaged Bargain Seekers
695987,0,2,High,Medium,Rising Loyalists
696026,0,1,High,Low,Engaged Bargain Seekers
696090,1,1,High,Low,Engaged Bargain Seekers
696096,1,1,High,Low,Engaged Bargain Seekers
696128,1,1,High,Low,Engaged Bargain Seekers
696199,1,1,High,Low,Engaged Bargain Seekers
696329,1,1,High,Low,Engaged Bargain Seekers
696431,1,1,High,Low,Engaged Bargain Seekers
696444,1,1,High,Low,Engaged Bargain Seekers
696486,1,1,High,Low,Engaged Bargain Seekers
696502,1,1,High,Low,Engaged Bargain Seekers
696504,0,1,High,Low,Engaged Bargain Seekers
696562,0,1,High,Low,Engaged Bargain Seekers
696577,1,1,High,Low,Engaged Bargain Seekers
696609,1,1,High,Low,Engaged Bargain Seekers
696732,0,1,High,Low,Engaged Bargain Seekers
696826,1,1,High,Low,Engaged Bargain Seekers
696864,1,1,High,Low,Engaged Bargain Seekers
696897,1,1,High,Low,Engaged Bargain Seekers
697029,1,1,High,Low,Engaged Bargain Seekers
697079,0,1,High,Low,Engaged Bargain Seekers
697091,1,1,High,Low,Engaged Bargain Seekers
697162,0,1,High,Low,Engaged Bargain Seekers
697169,1,1,High,Low,Engaged Bargain Seekers
697272,1,1,High,Low,Engaged Bargain Seekers
697323,3,0,Low,High,High-Value At-Risk
697356,1,1,High,Low,Engaged Bargain Seekers
697393,0,1,High,Low,Engaged Bargain Seekers
697477,1,1,High,Low,Engaged Bargain Seekers
697680,0,1,High,Low,Engaged Bargain Seekers
697766,1,1,High,Low,Engaged Bargain Seekers
697824,3,1,Low,Low,Dormant / Churned
697837,1,1,High,Low,Engaged Bargain Seekers
697840,3,0,Low,High,High-Value At-Risk
697905,1,1,High,Low,Engaged Bargain Seekers
697917,0,1,High,Low,Engaged Bargain Seekers
697962,3,0,Low,High,High-Value At-Risk
698072,1,1,High,Low,Engaged Bargain Seekers
698122,1,1,High,Low,Engaged Bargain Seekers
698159,0,1,High,Low,Engaged Bargain Seekers
698180,0,1,High,Low,Engaged Bargain Seekers
698242,1,1,High,Low,Engaged Bargain Seekers
698390,1,1,High,Low,Engaged Bargain Seekers
698395,1,1,High,Low,Engaged Bargain Seekers
698443,1,1,High,Low,Engaged Bargain Seekers
698505,1,1,High,Low,Engaged Bargain Seekers
698510,1,1,High,Low,Engaged Bargain Seekers
698546,1,1,High,Low,Engaged Bargain Seekers
698573,1,2,High,Medium,Rising Loyalists
698627,0,1,High,Low,Engaged Bargain Seekers
698647,1,1,High,Low,Engaged Bargain Seekers
698915,3,1,Low,Low,Dormant / Churned
698932,0,1,High,Low,Engaged Bargain Seekers
698937,1,1,High,Low,Engaged Bargain Seekers
698988,1,1,High,Low,Engaged Bargain Seekers
699194,0,1,High,Low,Engaged Bargain Seekers
699220,3,1,Low,Low,Dormant / Churned
699243,1,1,High,Low,Engaged Bargain Seekers
699281,0,2,High,Medium,Rising Loyalists
699343,1,1,High,Low,Engaged Bargain Seekers
699397,1,1,High,Low,Engaged Bargain Seekers
699511,1,1,High,Low,Engaged Bargain Seekers
699739,1,1,High,Low,Engaged Bargain Seekers
699750,1,1,High,Low,Engaged Bargain Seekers
699751,1,2,High,Medium,Rising Loyalists
699875,1,1,High,Low,Engaged Bargain Seekers
699962,1,1,High,Low,Engaged Bargain Seekers
700011,3,0,Low,High,High-Value At-Risk
700096,1,1,High,Low,Engaged Bargain Seekers
700145,1,1,High,Low,Engaged Bargain Seekers
700207,1,1,High,Low,Engaged Bargain Seekers
700225,1,1,High,Low,Engaged Bargain Seekers
700245,1,1,High,Low,Engaged Bargain Seekers
700260,1,1,High,Low,Engaged Bargain Seekers
700276,1,1,High,Low,Engaged Bargain Seekers
700286,0,1,High,Low,Engaged Bargain Seekers
700335,1,1,High,Low,Engaged Bargain Seekers
700343,1,1,High,Low,Engaged Bargain Seekers
700356,0,1,High,Low,Engaged Bargain Seekers
700430,1,1,High,Low,Engaged Bargain Seekers
700474,0,2,High,Medium,Rising Loyalists
700497,0,1,High,Low,Engaged Bargain Seekers
700566,1,1,High,Low,Engaged Bargain Seekers
700650,0,1,High,Low,Engaged Bargain Seekers
700705,1,1,High,Low,Engaged Bargain Seekers
700731,0,1,High,Low,Engaged Bargain Seekers
700748,1,1,High,Low,Engaged Bargain Seekers
700770,1,1,High,Low,Engaged Bargain Seekers
700871,1,1,High,Low,Engaged Bargain Seekers
700918,1,1,High,Low,Engaged Bargain Seekers
700924,0,1,High,Low,Engaged Bargain Seekers
700958,3,0,Low,High,High-Value At-Risk
701012,0,1,High,Low,Engaged Bargain Seekers
701036,1,1,High,Low,Engaged Bargain Seekers
701216,0,1,High,Low,Engaged Bargain Seekers
701223,1,1,High,Low,Engaged Bargain Seekers
701235,1,1,High,Low,Engaged Bargain Seekers
701308,1,1,High,Low,Engaged Bargain Seekers
701391,1,1,High,Low,Engaged Bargain Seekers
701485,1,1,High,Low,Engaged Bargain Seekers
701617,1,1,High,Low,Engaged Bargain Seekers
701622,1,1,High,Low,Engaged Bargain Seekers
701645,0,1,High,Low,Engaged Bargain Seekers
701708,3,1,Low,Low,Dormant / Churned
701732,0,1,High,Low,Engaged Bargain Seekers
701792,0,1,High,Low,Engaged Bargain Seekers
701803,1,1,High,Low,Engaged Bargain Seekers
701954,1,1,High,Low,Engaged Bargain Seekers
702005,0,1,High,Low,Engaged Bargain Seekers
702048,1,1,High,Low,Engaged Bargain Seekers
702147,0,1,High,Low,Engaged Bargain Seekers
702161,0,1,High,Low,Engaged Bargain Seekers
702257,1,1,High,Low,Engaged Bargain Seekers
702269,1,1,High,Low,Engaged Bargain Seekers
702284,1,1,High,Low,Engaged Bargain Seekers
702325,3,1,Low,Low,Dormant / Churned
702327,1,1,High,Low,Engaged Bargain Seekers
702406,1,1,High,Low,Engaged Bargain Seekers
702478,1,1,High,Low,Engaged Bargain Seekers
702482,0,1,High,Low,Engaged Bargain Seekers
702493,0,1,High,Low,Engaged Bargain Seekers
702522,1,2,High,Medium,Rising Loyalists
702528,1,2,High,Medium,Rising Loyalists
702542,1,1,High,Low,Engaged Bargain Seekers
702588,1,1,High,Low,Engaged Bargain Seekers
702677,1,1,High,Low,Engaged Bargain Seekers
702686,0,1,High,Low,Engaged Bargain Seekers
702746,1,1,High,Low,Engaged Bargain Seekers
702800,1,1,High,Low,Engaged Bargain Seekers
702809,0,1,High,Low,Engaged Bargain Seekers
702863,1,1,High,Low,Engaged Bargain Seekers
702868,1,1,High,Low,Engaged Bargain Seekers
702884,1,1,High,Low,Engaged Bargain Seekers
702915,1,1,High,Low,Engaged Bargain Seekers
702938,3,0,Low,High,High-Value At-Risk
703104,1,1,High,Low,Engaged Bargain Seekers
703109,1,1,High,Low,Engaged Bargain Seekers
703160,3,1,Low,Low,Dormant / Churned
703249,0,1,High,Low,Engaged Bargain Seekers
703278,3,0,Low,High,High-Value At-Risk
703338,0,1,High,Low,Engaged Bargain Seekers
703374,0,1,High,Low,Engaged Bargain Seekers
703505,1,1,High,Low,Engaged Bargain Seekers
703507,1,1,High,Low,Engaged Bargain Seekers
703621,1,1,High,Low,Engaged Bargain Seekers
703711,0,1,High,Low,Engaged Bargain Seekers
703804,1,2,High,Medium,Rising Loyalists
703852,1,1,High,Low,Engaged Bargain Seekers
703882,3,0,Low,High,High-Value At-Risk
703937,1,1,High,Low,Engaged Bargain Seekers
703972,3,0,Low,High,High-Value At-Risk
704074,1,1,High,Low,Engaged Bargain Seekers
704112,1,1,High,Low,Engaged Bargain Seekers
704149,1,2,High,Medium,Rising Loyalists
704150,1,1,High,Low,Engaged Bargain Seekers
704267,0,1,High,Low,Engaged Bargain Seekers
704270,1,1,High,Low,Engaged Bargain Seekers
704308,3,0,Low,High,High-Value At-Risk
704423,1,1,High,Low,Engaged Bargain Seekers
704559,1,1,High,Low,Engaged Bargain Seekers
704600,1,1,High,Low,Engaged Bargain Seekers
704603,1,1,High,Low,Engaged Bargain Seekers
704607,0,1,High,Low,Engaged Bargain Seekers
704709,1,2,High,Medium,Rising Loyalists
704835,1,1,High,Low,Engaged Bargain Seekers
704967,1,1,High,Low,Engaged Bargain Seekers
704968,1,1,High,Low,Engaged Bargain Seekers
705006,1,1,High,Low,Engaged Bargain Seekers
705020,1,2,High,Medium,Rising Loyalists
705113,1,1,High,Low,Engaged Bargain Seekers
705196,1,1,High,Low,Engaged Bargain Seekers
705243,1,1,High,Low,Engaged Bargain Seekers
705262,1,1,High,Low,Engaged Bargain Seekers
705353,1,1,High,Low,Engaged Bargain Seekers
705453,1,1,High,Low,Engaged Bargain Seekers
705490,0,1,High,Low,Engaged Bargain Seekers
705496,1,1,High,Low,Engaged Bargain Seekers
705589,1,1,High,Low,Engaged Bargain Seekers
705633,0,1,High,Low,Engaged Bargain Seekers
705641,1,1,High,Low,Engaged Bargain Seekers
705756,3,0,Low,High,High-Value At-Risk
705806,0,1,High,Low,Engaged Bargain Seekers
705911,1,1,High,Low,Engaged Bargain Seekers
705980,1,1,High,Low,Engaged Bargain Seekers
706007,0,1,High,Low,Engaged Bargain Seekers
706106,1,1,High,Low,Engaged Bargain Seekers
706125,1,1,High,Low,Engaged Bargain Seekers
706185,3,0,Low,High,High-Value At-Risk
706199,0,1,High,Low,Engaged Bargain Seekers
706425,3,0,Low,High,High-Value At-Risk
706497,1,1,High,Low,Engaged Bargain Seekers
706510,1,1,High,Low,Engaged Bargain Seekers
706628,0,1,High,Low,Engaged Bargain Seekers
706747,3,0,Low,High,High-Value At-Risk
706792,1,1,High,Low,Engaged Bargain Seekers
706820,1,1,High,Low,Engaged Bargain Seekers
706876,3,0,Low,High,High-Value At-Risk
706884,0,1,High,Low,Engaged Bargain Seekers
706918,1,1,High,Low,Engaged Bargain Seekers
706962,1,1,High,Low,Engaged Bargain Seekers
706970,3,0,Low,High,High-Value At-Risk
707017,0,1,High,Low,Engaged Bargain Seekers
707023,1,1,High,Low,Engaged Bargain Seekers
707042,1,1,High,Low,Engaged Bargain Seekers
707114,1,1,High,Low,Engaged Bargain Seekers
707146,1,1,High,Low,Engaged Bargain Seekers
707152,0,1,High,Low,Engaged Bargain Seekers
707273,0,1,High,Low,Engaged Bargain Seekers
707276,1,1,High,Low,Engaged Bargain Seekers
707424,1,1,High,Low,Engaged Bargain Seekers
707470,1,1,High,Low,Engaged Bargain Seekers
707513,1,1,High,Low,Engaged Bargain Seekers
707557,1,1,High,Low,Engaged Bargain Seekers
707588,1,1,High,Low,Engaged Bargain Seekers
707592,0,2,High,Medium,Rising Loyalists
707698,1,1,High,Low,Engaged Bargain Seekers
707699,1,1,High,Low,Engaged Bargain Seekers
707710,3,0,Low,High,High-Value At-Risk
707716,1,1,High,Low,Engaged Bargain Seekers
707754,1,1,High,Low,Engaged Bargain Seekers
707762,0,1,High,Low,Engaged Bargain Seekers
707860,3,1,Low,Low,Dormant / Churned
707869,1,1,High,Low,Engaged Bargain Seekers
707967,1,1,High,Low,Engaged Bargain Seekers
707974,0,1,High,Low,Engaged Bargain Seekers
707999,0,1,High,Low,Engaged Bargain Seekers
708020,1,1,High,Low,Engaged Bargain Seekers
708151,3,0,Low,High,High-Value At-Risk
708160,1,1,High,Low,Engaged Bargain Seekers
708210,1,1,High,Low,Engaged Bargain Seekers
708230,1,1,High,Low,Engaged Bargain Seekers
708258,1,1,High,Low,Engaged Bargain Seekers
708271,1,1,High,Low,Engaged Bargain Seekers
708337,0,1,High,Low,Engaged Bargain Seekers
708343,1,1,High,Low,Engaged Bargain Seekers
708360,1,1,High,Low,Engaged Bargain Seekers
708373,1,1,High,Low,Engaged Bargain Seekers
708458,0,1,High,Low,Engaged Bargain Seekers
708519,1,1,High,Low,Engaged Bargain Seekers
708539,1,1,High,Low,Engaged Bargain Seekers
708555,0,1,High,Low,Engaged Bargain Seekers
708566,1,1,High,Low,Engaged Bargain Seekers
708634,1,1,High,Low,Engaged Bargain Seekers
708654,1,1,High,Low,Engaged Bargain Seekers
708692,1,1,High,Low,Engaged Bargain Seekers
708807,1,1,High,Low,Engaged Bargain Seekers
708892,1,1,High,Low,Engaged Bargain Seekers
708933,0,1,High,Low,Engaged Bargain Seekers
708982,1,1,High,Low,Engaged Bargain Seekers
709059,0,1,High,Low,Engaged Bargain Seekers
709123,1,1,High,Low,Engaged Bargain Seekers
709212,3,1,Low,Low,Dormant / Churned
709238,1,1,High,Low,Engaged Bargain Seekers
709279,1,1,High,Low,Engaged Bargain Seekers
709385,1,1,High,Low,Engaged Bargain Seekers
709415,1,1,High,Low,Engaged Bargain Seekers
709472,1,1,High,Low,Engaged Bargain Seekers
709479,0,1,High,Low,Engaged Bargain Seekers
709499,1,1,High,Low,Engaged Bargain Seekers
709550,1,1,High,Low,Engaged Bargain Seekers
709566,1,1,High,Low,Engaged Bargain Seekers
709595,1,1,High,Low,Engaged Bargain Seekers
709656,0,2,High,Medium,Rising Loyalists
709659,1,1,High,Low,Engaged Bargain Seekers
709724,1,2,High,Medium,Rising Loyalists
709726,1,1,High,Low,Engaged Bargain Seekers
709747,1,1,High,Low,Engaged Bargain Seekers
709844,3,0,Low,High,High-Value At-Risk
709869,0,1,High,Low,Engaged Bargain Seekers
709920,1,1,High,Low,Engaged Bargain Seekers
709948,1,1,High,Low,Engaged Bargain Seekers
709982,1,1,High,Low,Engaged Bargain Seekers
710003,3,0,Low,High,High-Value At-Risk
710005,1,1,High,Low,Engaged Bargain Seekers
710029,1,2,High,Medium,Rising Loyalists
710053,1,1,High,Low,Engaged Bargain Seekers
710069,1,1,High,Low,Engaged Bargain Seekers
710115,1,1,High,Low,Engaged Bargain Seekers
710145,0,1,High,Low,Engaged Bargain Seekers
710203,3,1,Low,Low,Dormant / Churned
710255,1,1,High,Low,Engaged Bargain Seekers
710364,1,1,High,Low,Engaged Bargain Seekers
710473,3,0,Low,High,High-Value At-Risk
710515,0,1,High,Low,Engaged Bargain Seekers
710598,0,1,High,Low,Engaged Bargain Seekers
711129,3,0,Low,High,High-Value At-Risk
711214,1,1,High,Low,Engaged Bargain Seekers
711248,1,1,High,Low,Engaged Bargain Seekers
711263,0,1,High,Low,Engaged Bargain Seekers
711285,3,0,Low,High,High-Value At-Risk
711319,3,1,Low,Low,Dormant / Churned
711363,0,1,High,Low,Engaged Bargain Seekers
711490,1,1,High,Low,Engaged Bargain Seekers
711500,0,1,High,Low,Engaged Bargain Seekers
711510,1,1,High,Low,Engaged Bargain Seekers
711541,1,1,High,Low,Engaged Bargain Seekers
711552,1,1,High,Low,Engaged Bargain Seekers
711565,1,1,High,Low,Engaged Bargain Seekers
711567,1,1,High,Low,Engaged Bargain Seekers
711571,1,1,High,Low,Engaged Bargain Seekers
711577,1,1,High,Low,Engaged Bargain Seekers
711605,0,2,High,Medium,Rising Loyalists
711625,1,1,High,Low,Engaged Bargain Seekers
711680,1,2,High,Medium,Rising Loyalists
711775,3,0,Low,High,High-Value At-Risk
711795,1,1,High,Low,Engaged Bargain Seekers
711823,1,1,High,Low,Engaged Bargain Seekers
711853,0,1,High,Low,Engaged Bargain Seekers
711864,1,1,High,Low,Engaged Bargain Seekers
711874,1,1,High,Low,Engaged Bargain Seekers
712026,1,1,High,Low,Engaged Bargain Seekers
712062,1,1,High,Low,Engaged Bargain Seekers
712114,0,1,High,Low,Engaged Bargain Seekers
712130,1,1,High,Low,Engaged Bargain Seekers
712132,3,0,Low,High,High-Value At-Risk
712220,0,1,High,Low,Engaged Bargain Seekers
712236,0,1,High,Low,Engaged Bargain Seekers
712248,1,1,High,Low,Engaged Bargain Seekers
712362,1,1,High,Low,Engaged Bargain Seekers
712426,1,1,High,Low,Engaged Bargain Seekers
712521,1,1,High,Low,Engaged Bargain Seekers
712584,1,1,High,Low,Engaged Bargain Seekers
712590,1,1,High,Low,Engaged Bargain Seekers
712605,1,1,High,Low,Engaged Bargain Seekers
712636,0,1,High,Low,Engaged Bargain Seekers
712874,3,0,Low,High,High-Value At-Risk
713039,0,1,High,Low,Engaged Bargain Seekers
713067,0,2,High,Medium,Rising Loyalists
713085,1,1,High,Low,Engaged Bargain Seekers
713094,1,2,High,Medium,Rising Loyalists
713132,1,1,High,Low,Engaged Bargain Seekers
713236,1,1,High,Low,Engaged Bargain Seekers
713257,1,1,High,Low,Engaged Bargain Seekers
713299,1,1,High,Low,Engaged Bargain Seekers
713329,1,1,High,Low,Engaged Bargain Seekers
713406,1,2,High,Medium,Rising Loyalists
713423,1,1,High,Low,Engaged Bargain Seekers
713465,1,1,High,Low,Engaged Bargain Seekers
713520,1,1,High,Low,Engaged Bargain Seekers
713580,1,1,High,Low,Engaged Bargain Seekers
713636,1,1,High,Low,Engaged Bargain Seekers
713831,1,1,High,Low,Engaged Bargain Seekers
713853,1,1,High,Low,Engaged Bargain Seekers
713981,0,1,High,Low,Engaged Bargain Seekers
713998,1,1,High,Low,Engaged Bargain Seekers
714121,1,1,High,Low,Engaged Bargain Seekers
714123,1,1,High,Low,Engaged Bargain Seekers
714161,3,0,Low,High,High-Value At-Risk
714163,0,1,High,Low,Engaged Bargain Seekers
714206,1,1,High,Low,Engaged Bargain Seekers
714270,1,1,High,Low,Engaged Bargain Seekers
714316,1,1,High,Low,Engaged Bargain Seekers
714379,0,1,High,Low,Engaged Bargain Seekers
714536,1,1,High,Low,Engaged Bargain Seekers
714555,1,1,High,Low,Engaged Bargain Seekers
714757,1,1,High,Low,Engaged Bargain Seekers
714825,1,1,High,Low,Engaged Bargain Seekers
714840,0,2,High,Medium,Rising Loyalists
714939,1,1,High,Low,Engaged Bargain Seekers
714944,1,1,High,Low,Engaged Bargain Seekers
714962,1,1,High,Low,Engaged Bargain Seekers
715015,1,1,High,Low,Engaged Bargain Seekers
715184,0,1,High,Low,Engaged Bargain Seekers
715255,0,1,High,Low,Engaged Bargain Seekers
715271,1,2,High,Medium,Rising Loyalists
715300,1,1,High,Low,Engaged Bargain Seekers
715369,1,1,High,Low,Engaged Bargain Seekers
715462,1,1,High,Low,Engaged Bargain Seekers
715514,0,1,High,Low,Engaged Bargain Seekers
715555,0,1,High,Low,Engaged Bargain Seekers
715640,1,1,High,Low,Engaged Bargain Seekers
715645,1,1,High,Low,Engaged Bargain Seekers
715668,3,1,Low,Low,Dormant / Churned
715678,1,1,High,Low,Engaged Bargain Seekers
715689,1,1,High,Low,Engaged Bargain Seekers
715764,1,1,High,Low,Engaged Bargain Seekers
715792,1,1,High,Low,Engaged Bargain Seekers
715797,0,1,High,Low,Engaged Bargain Seekers
715817,1,1,High,Low,Engaged Bargain Seekers
715947,1,1,High,Low,Engaged Bargain Seekers
716019,0,1,High,Low,Engaged Bargain Seekers
716068,1,1,High,Low,Engaged Bargain Seekers
716197,0,1,High,Low,Engaged Bargain Seekers
716236,0,1,High,Low,Engaged Bargain Seekers
716294,1,1,High,Low,Engaged Bargain Seekers
716360,1,1,High,Low,Engaged Bargain Seekers
716362,1,1,High,Low,Engaged Bargain Seekers
716371,3,0,Low,High,High-Value At-Risk
716393,1,1,High,Low,Engaged Bargain Seekers
716435,3,0,Low,High,High-Value At-Risk
716533,1,1,High,Low,Engaged Bargain Seekers
716548,1,1,High,Low,Engaged Bargain Seekers
716589,0,1,High,Low,Engaged Bargain Seekers
716690,1,1,High,Low,Engaged Bargain Seekers
716750,1,1,High,Low,Engaged Bargain Seekers
716785,1,1,High,Low,Engaged Bargain Seekers
716812,1,1,High,Low,Engaged Bargain Seekers
716863,1,1,High,Low,Engaged Bargain Seekers
716932,1,1,High,Low,Engaged Bargain Seekers
716948,1,1,High,Low,Engaged Bargain Seekers
716961,1,1,High,Low,Engaged Bargain Seekers
717026,1,1,High,Low,Engaged Bargain Seekers
717100,1,1,High,Low,Engaged Bargain Seekers
717150,1,1,High,Low,Engaged Bargain Seekers
717229,1,2,High,Medium,Rising Loyalists
717232,1,1,High,Low,Engaged Bargain Seekers
717250,1,1,High,Low,Engaged Bargain Seekers
717308,1,1,High,Low,Engaged Bargain Seekers
717359,0,1,High,Low,Engaged Bargain Seekers
717407,1,1,High,Low,Engaged Bargain Seekers
717459,1,1,High,Low,Engaged Bargain Seekers
717521,1,1,High,Low,Engaged Bargain Seekers
717565,1,1,High,Low,Engaged Bargain Seekers
717632,1,2,High,Medium,Rising Loyalists
717660,1,1,High,Low,Engaged Bargain Seekers
717700,1,1,High,Low,Engaged Bargain Seekers
717762,0,1,High,Low,Engaged Bargain Seekers
717772,3,0,Low,High,High-Value At-Risk
717780,1,1,High,Low,Engaged Bargain Seekers
717806,1,1,High,Low,Engaged Bargain Seekers
717891,1,1,High,Low,Engaged Bargain Seekers
718029,1,1,High,Low,Engaged Bargain Seekers
718031,1,1,High,Low,Engaged Bargain Seekers
718199,0,1,High,Low,Engaged Bargain Seekers
718227,1,2,High,Medium,Rising Loyalists
718409,1,1,High,Low,Engaged Bargain Seekers
718454,0,1,High,Low,Engaged Bargain Seekers
718491,0,2,High,Medium,Rising Loyalists
718516,1,1,High,Low,Engaged Bargain Seekers
718655,0,1,High,Low,Engaged Bargain Seekers
718745,1,1,High,Low,Engaged Bargain Seekers
718752,1,2,High,Medium,Rising Loyalists
718764,1,1,High,Low,Engaged Bargain Seekers
718887,1,1,High,Low,Engaged Bargain Seekers
718922,1,1,High,Low,Engaged Bargain Seekers
718962,1,1,High,Low,Engaged Bargain Seekers
718972,1,1,High,Low,Engaged Bargain Seekers
719135,1,2,High,Medium,Rising Loyalists
719162,0,1,High,Low,Engaged Bargain Seekers
719192,1,1,High,Low,Engaged Bargain Seekers
719213,1,1,High,Low,Engaged Bargain Seekers
719242,1,1,High,Low,Engaged Bargain Seekers
719300,0,2,High,Medium,Rising Loyalists
719383,1,1,High,Low,Engaged Bargain Seekers
719576,0,1,High,Low,Engaged Bargain Seekers
719633,3,1,Low,Low,Dormant / Churned
719673,1,1,High,Low,Engaged Bargain Seekers
719706,1,1,High,Low,Engaged Bargain Seekers
719719,0,1,High,Low,Engaged Bargain Seekers
719736,1,1,High,Low,Engaged Bargain Seekers
719824,1,2,High,Medium,Rising Loyalists
719850,3,0,Low,High,High-Value At-Risk
720007,1,1,High,Low,Engaged Bargain Seekers
720079,1,1,High,Low,Engaged Bargain Seekers
720131,0,1,High,Low,Engaged Bargain Seekers
720146,1,1,High,Low,Engaged Bargain Seekers
720178,3,1,Low,Low,Dormant / Churned
720197,1,1,High,Low,Engaged Bargain Seekers
720300,0,1,High,Low,Engaged Bargain Seekers
720465,1,1,High,Low,Engaged Bargain Seekers
720514,1,1,High,Low,Engaged Bargain Seekers
720536,3,0,Low,High,High-Value At-Risk
720557,1,1,High,Low,Engaged Bargain Seekers
720626,1,1,High,Low,Engaged Bargain Seekers
720765,1,1,High,Low,Engaged Bargain Seekers
720939,1,2,High,Medium,Rising Loyalists
721088,1,1,High,Low,Engaged Bargain Seekers
721225,1,1,High,Low,Engaged Bargain Seekers
721300,1,1,High,Low,Engaged Bargain Seekers
721364,3,0,Low,High,High-Value At-Risk
721366,1,1,High,Low,Engaged Bargain Seekers
721372,1,1,High,Low,Engaged Bargain Seekers
721377,1,1,High,Low,Engaged Bargain Seekers
721406,1,1,High,Low,Engaged Bargain Seekers
721423,1,1,High,Low,Engaged Bargain Seekers
721437,0,1,High,Low,Engaged Bargain Seekers
721438,1,1,High,Low,Engaged Bargain Seekers
721456,0,1,High,Low,Engaged Bargain Seekers
721494,0,1,High,Low,Engaged Bargain Seekers
721639,0,1,High,Low,Engaged Bargain Seekers
721664,1,1,High,Low,Engaged Bargain Seekers
721688,1,1,High,Low,Engaged Bargain Seekers
721707,1,1,High,Low,Engaged Bargain Seekers
721713,1,1,High,Low,Engaged Bargain Seekers
721786,1,1,High,Low,Engaged Bargain Seekers
721973,1,1,High,Low,Engaged Bargain Seekers
721984,1,1,High,Low,Engaged Bargain Seekers
722003,1,1,High,Low,Engaged Bargain Seekers
722089,1,1,High,Low,Engaged Bargain Seekers
722120,1,1,High,Low,Engaged Bargain Seekers
722154,2,0,Low,High,High-Value At-Risk
722169,1,1,High,Low,Engaged Bargain Seekers
722324,1,1,High,Low,Engaged Bargain Seekers
722368,1,1,High,Low,Engaged Bargain Seekers
722399,1,1,High,Low,Engaged Bargain Seekers
722518,1,1,High,Low,Engaged Bargain Seekers
722538,1,1,High,Low,Engaged Bargain Seekers
722566,1,1,High,Low,Engaged Bargain Seekers
722629,1,1,High,Low,Engaged Bargain Seekers
722976,1,1,High,Low,Engaged Bargain Seekers
722988,1,1,High,Low,Engaged Bargain Seekers
723015,1,1,High,Low,Engaged Bargain Seekers
723055,1,1,High,Low,Engaged Bargain Seekers
723061,1,1,High,Low,Engaged Bargain Seekers
723091,1,1,High,Low,Engaged Bargain Seekers
723112,1,1,High,Low,Engaged Bargain Seekers
723186,1,1,High,Low,Engaged Bargain Seekers
723208,0,1,High,Low,Engaged Bargain Seekers
723262,0,1,High,Low,Engaged Bargain Seekers
723298,1,1,High,Low,Engaged Bargain Seekers
723347,1,1,High,Low,Engaged Bargain Seekers
723390,0,1,High,Low,Engaged Bargain Seekers
723438,0,1,High,Low,Engaged Bargain Seekers
723457,0,1,High,Low,Engaged Bargain Seekers
723476,1,1,High,Low,Engaged Bargain Seekers
723591,1,1,High,Low,Engaged Bargain Seekers
723672,1,1,High,Low,Engaged Bargain Seekers
723691,1,1,High,Low,Engaged Bargain Seekers
723707,0,1,High,Low,Engaged Bargain Seekers
723715,0,1,High,Low,Engaged Bargain Seekers
723820,1,1,High,Low,Engaged Bargain Seekers
723912,1,1,High,Low,Engaged Bargain Seekers
723968,1,2,High,Medium,Rising Loyalists
723969,0,1,High,Low,Engaged Bargain Seekers
723978,1,1,High,Low,Engaged Bargain Seekers
724028,1,1,High,Low,Engaged Bargain Seekers
724033,1,1,High,Low,Engaged Bargain Seekers
724071,0,1,High,Low,Engaged Bargain Seekers
724139,1,1,High,Low,Engaged Bargain Seekers
724168,1,1,High,Low,Engaged Bargain Seekers
724222,1,1,High,Low,Engaged Bargain Seekers
724272,1,1,High,Low,Engaged Bargain Seekers
724378,1,1,High,Low,Engaged Bargain Seekers
724414,1,1,High,Low,Engaged Bargain Seekers
724424,1,1,High,Low,Engaged Bargain Seekers
724435,1,1,High,Low,Engaged Bargain Seekers
724510,0,1,High,Low,Engaged Bargain Seekers
724513,0,1,High,Low,Engaged Bargain Seekers
724599,3,0,Low,High,High-Value At-Risk
724626,1,1,High,Low,Engaged Bargain Seekers
724660,1,1,High,Low,Engaged Bargain Seekers
724720,1,1,High,Low,Engaged Bargain Seekers
724723,0,1,High,Low,Engaged Bargain Seekers
724781,1,2,High,Medium,Rising Loyalists
724818,1,1,High,Low,Engaged Bargain Seekers
724979,0,1,High,Low,Engaged Bargain Seekers
724987,1,1,High,Low,Engaged Bargain Seekers
724989,1,1,High,Low,Engaged Bargain Seekers
725004,0,1,High,Low,Engaged Bargain Seekers
725086,1,1,High,Low,Engaged Bargain Seekers
725100,1,1,High,Low,Engaged Bargain Seekers
725120,1,1,High,Low,Engaged Bargain Seekers
725129,1,1,High,Low,Engaged Bargain Seekers
725182,1,1,High,Low,Engaged Bargain Seekers
725294,1,1,High,Low,Engaged Bargain Seekers
725326,1,1,High,Low,Engaged Bargain Seekers
725413,1,1,High,Low,Engaged Bargain Seekers
725510,1,1,High,Low,Engaged Bargain Seekers
725575,1,1,High,Low,Engaged Bargain Seekers
725580,0,1,High,Low,Engaged Bargain Seekers
725705,1,1,High,Low,Engaged Bargain Seekers
725795,1,1,High,Low,Engaged Bargain Seekers
725807,1,1,High,Low,Engaged Bargain Seekers
725835,1,1,High,Low,Engaged Bargain Seekers
725962,0,1,High,Low,Engaged Bargain Seekers
726065,1,1,High,Low,Engaged Bargain Seekers
726077,0,1,High,Low,Engaged Bargain Seekers
726139,1,1,High,Low,Engaged Bargain Seekers
726268,1,1,High,Low,Engaged Bargain Seekers
726309,0,1,High,Low,Engaged Bargain Seekers
726472,3,0,Low,High,High-Value At-Risk
726499,1,1,High,Low,Engaged Bargain Seekers
726544,0,1,High,Low,Engaged Bargain Seekers
726684,1,1,High,Low,Engaged Bargain Seekers
726688,1,1,High,Low,Engaged Bargain Seekers
726701,1,1,High,Low,Engaged Bargain Seekers
726732,0,1,High,Low,Engaged Bargain Seekers
726735,1,1,High,Low,Engaged Bargain Seekers
726848,1,1,High,Low,Engaged Bargain Seekers
726873,1,2,High,Medium,Rising Loyalists
726932,1,1,High,Low,Engaged Bargain Seekers
726940,2,1,Low,Low,Dormant / Churned
726980,1,1,High,Low,Engaged Bargain Seekers
727047,0,1,High,Low,Engaged Bargain Seekers
727053,0,1,High,Low,Engaged Bargain Seekers
727072,3,0,Low,High,High-Value At-Risk
727091,0,2,High,Medium,Rising Loyalists
727095,1,1,High,Low,Engaged Bargain Seekers
727175,1,1,High,Low,Engaged Bargain Seekers
727179,0,1,High,Low,Engaged Bargain Seekers
727197,3,1,Low,Low,Dormant / Churned
727348,1,2,High,Medium,Rising Loyalists
727363,3,1,Low,Low,Dormant / Churned
727415,1,1,High,Low,Engaged Bargain Seekers
727428,0,1,High,Low,Engaged Bargain Seekers
727446,1,1,High,Low,Engaged Bargain Seekers
727497,1,1,High,Low,Engaged Bargain Seekers
727507,0,1,High,Low,Engaged Bargain Seekers
727573,1,1,High,Low,Engaged Bargain Seekers
727595,1,1,High,Low,Engaged Bargain Seekers
727648,1,1,High,Low,Engaged Bargain Seekers
727686,0,1,High,Low,Engaged Bargain Seekers
727847,1,1,High,Low,Engaged Bargain Seekers
727873,0,1,High,Low,Engaged Bargain Seekers
727952,0,1,High,Low,Engaged Bargain Seekers
728009,3,0,Low,High,High-Value At-Risk
728021,1,1,High,Low,Engaged Bargain Seekers
728043,1,1,High,Low,Engaged Bargain Seekers
728085,1,1,High,Low,Engaged Bargain Seekers
728135,1,1,High,Low,Engaged Bargain Seekers
728228,1,1,High,Low,Engaged Bargain Seekers
728302,1,1,High,Low,Engaged Bargain Seekers
728316,0,1,High,Low,Engaged Bargain Seekers
728386,0,1,High,Low,Engaged Bargain Seekers
728486,1,1,High,Low,Engaged Bargain Seekers
728563,0,1,High,Low,Engaged Bargain Seekers
728568,1,2,High,Medium,Rising Loyalists
728586,1,1,High,Low,Engaged Bargain Seekers
728655,1,1,High,Low,Engaged Bargain Seekers
728679,1,1,High,Low,Engaged Bargain Seekers
728687,3,0,Low,High,High-Value At-Risk
728748,1,1,High,Low,Engaged Bargain Seekers
728818,0,1,High,Low,Engaged Bargain Seekers
728837,1,1,High,Low,Engaged Bargain Seekers
729084,1,1,High,Low,Engaged Bargain Seekers
729094,1,1,High,Low,Engaged Bargain Seekers
729154,1,1,High,Low,Engaged Bargain Seekers
729161,0,1,High,Low,Engaged Bargain Seekers
729173,1,1,High,Low,Engaged Bargain Seekers
729205,1,1,High,Low,Engaged Bargain Seekers
729293,1,1,High,Low,Engaged Bargain Seekers
729394,1,1,High,Low,Engaged Bargain Seekers
729418,0,1,High,Low,Engaged Bargain Seekers
729444,0,1,High,Low,Engaged Bargain Seekers
729518,1,1,High,Low,Engaged Bargain Seekers
729537,1,1,High,Low,Engaged Bargain Seekers
729542,3,0,Low,High,High-Value At-Risk
729561,0,1,High,Low,Engaged Bargain Seekers
729581,1,1,High,Low,Engaged Bargain Seekers
729677,1,1,High,Low,Engaged Bargain Seekers
729752,3,1,Low,Low,Dormant / Churned
729762,0,1,High,Low,Engaged Bargain Seekers
729805,0,2,High,Medium,Rising Loyalists
730008,3,0,Low,High,High-Value At-Risk
730088,1,1,High,Low,Engaged Bargain Seekers
730214,1,2,High,Medium,Rising Loyalists
730246,0,1,High,Low,Engaged Bargain Seekers
730370,1,1,High,Low,Engaged Bargain Seekers
730388,1,1,High,Low,Engaged Bargain Seekers
730561,0,1,High,Low,Engaged Bargain Seekers
730641,1,1,High,Low,Engaged Bargain Seekers
730715,1,1,High,Low,Engaged Bargain Seekers
730726,1,1,High,Low,Engaged Bargain Seekers
730737,1,1,High,Low,Engaged Bargain Seekers
730742,0,1,High,Low,Engaged Bargain Seekers
730748,0,1,High,Low,Engaged Bargain Seekers
730768,3,0,Low,High,High-Value At-Risk
730771,1,1,High,Low,Engaged Bargain Seekers
730795,3,0,Low,High,High-Value At-Risk
730901,0,1,High,Low,Engaged Bargain Seekers
731001,0,1,High,Low,Engaged Bargain Seekers
731160,1,1,High,Low,Engaged Bargain Seekers
731238,1,1,High,Low,Engaged Bargain Seekers
731254,2,1,Low,Low,Dormant / Churned
731286,3,0,Low,High,High-Value At-Risk
731373,2,1,Low,Low,Dormant / Churned
731494,1,1,High,Low,Engaged Bargain Seekers
731510,1,1,High,Low,Engaged Bargain Seekers
731540,1,1,High,Low,Engaged Bargain Seekers
731593,1,1,High,Low,Engaged Bargain Seekers
731696,1,1,High,Low,Engaged Bargain Seekers
731819,1,1,High,Low,Engaged Bargain Seekers
731958,1,1,High,Low,Engaged Bargain Seekers
732009,1,1,High,Low,Engaged Bargain Seekers
732013,1,1,High,Low,Engaged Bargain Seekers
732081,1,1,High,Low,Engaged Bargain Seekers
732113,1,1,High,Low,Engaged Bargain Seekers
732144,1,1,High,Low,Engaged Bargain Seekers
732213,1,2,High,Medium,Rising Loyalists
732231,1,2,High,Medium,Rising Loyalists
732304,0,1,High,Low,Engaged Bargain Seekers
732362,1,1,High,Low,Engaged Bargain Seekers
732368,1,1,High,Low,Engaged Bargain Seekers
732377,0,1,High,Low,Engaged Bargain Seekers
732488,1,1,High,Low,Engaged Bargain Seekers
732524,1,1,High,Low,Engaged Bargain Seekers
732602,0,1,High,Low,Engaged Bargain Seekers
732606,1,1,High,Low,Engaged Bargain Seekers
732694,1,1,High,Low,Engaged Bargain Seekers
732808,1,1,High,Low,Engaged Bargain Seekers
732813,1,1,High,Low,Engaged Bargain Seekers
732862,3,1,Low,Low,Dormant / Churned
732863,1,1,High,Low,Engaged Bargain Seekers
732880,3,0,Low,High,High-Value At-Risk
733046,1,1,High,Low,Engaged Bargain Seekers
733096,1,1,High,Low,Engaged Bargain Seekers
733181,1,1,High,Low,Engaged Bargain Seekers
733226,0,1,High,Low,Engaged Bargain Seekers
733324,1,1,High,Low,Engaged Bargain Seekers
733338,0,1,High,Low,Engaged Bargain Seekers
733350,1,1,High,Low,Engaged Bargain Seekers
733370,1,1,High,Low,Engaged Bargain Seekers
733434,3,0,Low,High,High-Value At-Risk
733467,3,0,Low,High,High-Value At-Risk
733497,0,1,High,Low,Engaged Bargain Seekers
733515,0,1,High,Low,Engaged Bargain Seekers
733582,1,1,High,Low,Engaged Bargain Seekers
733601,0,1,High,Low,Engaged Bargain Seekers
733603,1,1,High,Low,Engaged Bargain Seekers
733608,1,1,High,Low,Engaged Bargain Seekers
733627,1,1,High,Low,Engaged Bargain Seekers
733658,1,1,High,Low,Engaged Bargain Seekers
733693,1,1,High,Low,Engaged Bargain Seekers
733728,1,1,High,Low,Engaged Bargain Seekers
733746,1,1,High,Low,Engaged Bargain Seekers
733889,1,1,High,Low,Engaged Bargain Seekers
733903,1,2,High,Medium,Rising Loyalists
733906,1,1,High,Low,Engaged Bargain Seekers
733907,3,1,Low,Low,Dormant / Churned
734035,1,1,High,Low,Engaged Bargain Seekers
734077,1,1,High,Low,Engaged Bargain Seekers
734119,3,1,Low,Low,Dormant / Churned
734192,1,1,High,Low,Engaged Bargain Seekers
734224,1,1,High,Low,Engaged Bargain Seekers
734226,1,1,High,Low,Engaged Bargain Seekers
734307,1,1,High,Low,Engaged Bargain Seekers
734458,1,1,High,Low,Engaged Bargain Seekers
734459,1,1,High,Low,Engaged Bargain Seekers
734490,1,1,High,Low,Engaged Bargain Seekers
734556,0,1,High,Low,Engaged Bargain Seekers
734647,1,1,High,Low,Engaged Bargain Seekers
734727,1,1,High,Low,Engaged Bargain Seekers
734752,1,1,High,Low,Engaged Bargain Seekers
734791,1,1,High,Low,Engaged Bargain Seekers
734801,1,1,High,Low,Engaged Bargain Seekers
734824,1,1,High,Low,Engaged Bargain Seekers
734838,1,1,High,Low,Engaged Bargain Seekers
734880,1,1,High,Low,Engaged Bargain Seekers
734938,0,1,High,Low,Engaged Bargain Seekers
734952,0,1,High,Low,Engaged Bargain Seekers
735000,0,1,High,Low,Engaged Bargain Seekers
735038,1,1,High,Low,Engaged Bargain Seekers
735171,3,0,Low,High,High-Value At-Risk
735263,1,1,High,Low,Engaged Bargain Seekers
735266,1,1,High,Low,Engaged Bargain Seekers
735304,1,1,High,Low,Engaged Bargain Seekers
735341,1,1,High,Low,Engaged Bargain Seekers
735515,1,1,High,Low,Engaged Bargain Seekers
735605,0,1,High,Low,Engaged Bargain Seekers
735627,1,1,High,Low,Engaged Bargain Seekers
735666,1,1,High,Low,Engaged Bargain Seekers
735676,1,1,High,Low,Engaged Bargain Seekers
735770,1,1,High,Low,Engaged Bargain Seekers
735790,1,1,High,Low,Engaged Bargain Seekers
735846,1,1,High,Low,Engaged Bargain Seekers
735964,1,1,High,Low,Engaged Bargain Seekers
735966,0,1,High,Low,Engaged Bargain Seekers
736004,0,1,High,Low,Engaged Bargain Seekers
736109,1,1,High,Low,Engaged Bargain Seekers
736219,0,0,High,High,Elite Frequent Flyers
736220,0,1,High,Low,Engaged Bargain Seekers
736258,0,1,High,Low,Engaged Bargain Seekers
736389,1,1,High,Low,Engaged Bargain Seekers
736414,1,1,High,Low,Engaged Bargain Seekers
736459,1,1,High,Low,Engaged Bargain Seekers
736504,1,1,High,Low,Engaged Bargain Seekers
736518,1,1,High,Low,Engaged Bargain Seekers
736615,0,1,High,Low,Engaged Bargain Seekers
736646,1,1,High,Low,Engaged Bargain Seekers
736685,1,2,High,Medium,Rising Loyalists
736813,0,1,High,Low,Engaged Bargain Seekers
736829,1,1,High,Low,Engaged Bargain Seekers
736970,1,1,High,Low,Engaged Bargain Seekers
737027,3,0,Low,High,High-Value At-Risk
737221,0,1,High,Low,Engaged Bargain Seekers
737451,3,0,Low,High,High-Value At-Risk
737474,1,1,High,Low,Engaged Bargain Seekers
737477,1,1,High,Low,Engaged Bargain Seekers
737509,0,1,High,Low,Engaged Bargain Seekers
737519,1,1,High,Low,Engaged Bargain Seekers
737534,1,2,High,Medium,Rising Loyalists
737542,1,2,High,Medium,Rising Loyalists
737602,0,1,High,Low,Engaged Bargain Seekers
737604,1,2,High,Medium,Rising Loyalists
737676,3,1,Low,Low,Dormant / Churned
737755,1,1,High,Low,Engaged Bargain Seekers
737756,1,1,High,Low,Engaged Bargain Seekers
737764,1,1,High,Low,Engaged Bargain Seekers
737791,1,1,High,Low,Engaged Bargain Seekers
737842,1,2,High,Medium,Rising Loyalists
737906,1,1,High,Low,Engaged Bargain Seekers
737940,1,1,High,Low,Engaged Bargain Seekers
737949,1,1,High,Low,Engaged Bargain Seekers
738005,1,1,High,Low,Engaged Bargain Seekers
738096,1,1,High,Low,Engaged Bargain Seekers
738141,1,1,High,Low,Engaged Bargain Seekers
738204,1,1,High,Low,Engaged Bargain Seekers
738253,3,0,Low,High,High-Value At-Risk
738279,1,1,High,Low,Engaged Bargain Seekers
738320,1,1,High,Low,Engaged Bargain Seekers
738332,1,1,High,Low,Engaged Bargain Seekers
738427,1,1,High,Low,Engaged Bargain Seekers
738431,1,1,High,Low,Engaged Bargain Seekers
738432,1,1,High,Low,Engaged Bargain Seekers
738435,1,1,High,Low,Engaged Bargain Seekers
738459,1,1,High,Low,Engaged Bargain Seekers
738467,1,1,High,Low,Engaged Bargain Seekers
738473,1,1,High,Low,Engaged Bargain Seekers
738567,1,1,High,Low,Engaged Bargain Seekers
738597,1,1,High,Low,Engaged Bargain Seekers
738651,0,1,High,Low,Engaged Bargain Seekers
738652,1,1,High,Low,Engaged Bargain Seekers
738732,0,1,High,Low,Engaged Bargain Seekers
738874,0,1,High,Low,Engaged Bargain Seekers
738890,0,1,High,Low,Engaged Bargain Seekers
739005,1,1,High,Low,Engaged Bargain Seekers
739021,1,1,High,Low,Engaged Bargain Seekers
739084,1,1,High,Low,Engaged Bargain Seekers
739138,1,1,High,Low,Engaged Bargain Seekers
739227,0,2,High,Medium,Rising Loyalists
739284,1,1,High,Low,Engaged Bargain Seekers
739345,1,2,High,Medium,Rising Loyalists
739352,1,1,High,Low,Engaged Bargain Seekers
739513,0,1,High,Low,Engaged Bargain Seekers
739617,0,1,High,Low,Engaged Bargain Seekers
739684,0,1,High,Low,Engaged Bargain Seekers
739704,0,1,High,Low,Engaged Bargain Seekers
739767,0,1,High,Low,Engaged Bargain Seekers
739781,1,2,High,Medium,Rising Loyalists
739808,1,1,High,Low,Engaged Bargain Seekers
739820,1,1,High,Low,Engaged Bargain Seekers
739933,1,1,High,Low,Engaged Bargain Seekers
740025,1,1,High,Low,Engaged Bargain Seekers
740063,1,2,High,Medium,Rising Loyalists
740083,1,2,High,Medium,Rising Loyalists
740090,1,1,High,Low,Engaged Bargain Seekers
740105,1,1,High,Low,Engaged Bargain Seekers
740326,0,1,High,Low,Engaged Bargain Seekers
740349,3,1,Low,Low,Dormant / Churned
740407,0,1,High,Low,Engaged Bargain Seekers
740422,1,2,High,Medium,Rising Loyalists
740509,3,1,Low,Low,Dormant / Churned
740577,1,1,High,Low,Engaged Bargain Seekers
740603,1,1,High,Low,Engaged Bargain Seekers
740608,1,1,High,Low,Engaged Bargain Seekers
740703,1,1,High,Low,Engaged Bargain Seekers
740754,0,1,High,Low,Engaged Bargain Seekers
740762,1,1,High,Low,Engaged Bargain Seekers
740763,1,1,High,Low,Engaged Bargain Seekers
740814,1,1,High,Low,Engaged Bargain Seekers
740918,1,1,High,Low,Engaged Bargain Seekers
740992,1,1,High,Low,Engaged Bargain Seekers
741031,1,1,High,Low,Engaged Bargain Seekers
741138,1,2,High,Medium,Rising Loyalists
741244,0,1,High,Low,Engaged Bargain Seekers
741313,1,1,High,Low,Engaged Bargain Seekers
741384,3,1,Low,Low,Dormant / Churned
741421,1,1,High,Low,Engaged Bargain Seekers
741422,1,1,High,Low,Engaged Bargain Seekers
741428,1,1,High,Low,Engaged Bargain Seekers
741470,3,0,Low,High,High-Value At-Risk
741483,1,1,High,Low,Engaged Bargain Seekers
741657,3,0,Low,High,High-Value At-Risk
741677,1,1,High,Low,Engaged Bargain Seekers
741700,1,1,High,Low,Engaged Bargain Seekers
741725,1,1,High,Low,Engaged Bargain Seekers
741801,1,2,High,Medium,Rising Loyalists
741842,1,1,High,Low,Engaged Bargain Seekers
741848,3,1,Low,Low,Dormant / Churned
741892,1,1,High,Low,Engaged Bargain Seekers
741926,3,0,Low,High,High-Value At-Risk
742002,1,1,High,Low,Engaged Bargain Seekers
742009,1,1,High,Low,Engaged Bargain Seekers
742062,1,1,High,Low,Engaged Bargain Seekers
742064,0,1,High,Low,Engaged Bargain Seekers
742281,1,1,High,Low,Engaged Bargain Seekers
742319,1,1,High,Low,Engaged Bargain Seekers
742321,0,2,High,Medium,Rising Loyalists
742356,3,0,Low,High,High-Value At-Risk
742359,0,1,High,Low,Engaged Bargain Seekers
742493,1,1,High,Low,Engaged Bargain Seekers
742509,1,1,High,Low,Engaged Bargain Seekers
742612,1,1,High,Low,Engaged Bargain Seekers
742666,0,1,High,Low,Engaged Bargain Seekers
742669,1,1,High,Low,Engaged Bargain Seekers
742673,3,1,Low,Low,Dormant / Churned
742732,1,1,High,Low,Engaged Bargain Seekers
742749,1,1,High,Low,Engaged Bargain Seekers
742822,0,1,High,Low,Engaged Bargain Seekers
742854,1,1,High,Low,Engaged Bargain Seekers
742886,1,1,High,Low,Engaged Bargain Seekers
743001,1,1,High,Low,Engaged Bargain Seekers
743018,1,1,High,Low,Engaged Bargain Seekers
743108,3,1,Low,Low,Dormant / Churned
743121,1,1,High,Low,Engaged Bargain Seekers
743241,1,1,High,Low,Engaged Bargain Seekers
743256,1,1,High,Low,Engaged Bargain Seekers
743257,3,0,Low,High,High-Value At-Risk
743263,1,1,High,Low,Engaged Bargain Seekers
743320,3,0,Low,High,High-Value At-Risk
743335,0,1,High,Low,Engaged Bargain Seekers
743481,3,0,Low,High,High-Value At-Risk
743510,1,1,High,Low,Engaged Bargain Seekers
743610,1,1,High,Low,Engaged Bargain Seekers
743734,1,1,High,Low,Engaged Bargain Seekers
743766,1,1,High,Low,Engaged Bargain Seekers
743768,1,1,High,Low,Engaged Bargain Seekers
743798,1,1,High,Low,Engaged Bargain Seekers
743835,1,1,High,Low,Engaged Bargain Seekers
743849,1,1,High,Low,Engaged Bargain Seekers
743879,1,1,High,Low,Engaged Bargain Seekers
743953,3,0,Low,High,High-Value At-Risk
744117,0,1,High,Low,Engaged Bargain Seekers
744135,1,1,High,Low,Engaged Bargain Seekers
744138,1,1,High,Low,Engaged Bargain Seekers
744181,0,2,High,Medium,Rising Loyalists
744204,1,1,High,Low,Engaged Bargain Seekers
744228,0,1,High,Low,Engaged Bargain Seekers
744234,1,1,High,Low,Engaged Bargain Seekers
744304,0,1,High,Low,Engaged Bargain Seekers
744320,1,1,High,Low,Engaged Bargain Seekers
744406,0,1,High,Low,Engaged Bargain Seekers
744441,3,0,Low,High,High-Value At-Risk
744528,1,1,High,Low,Engaged Bargain Seekers
744567,1,1,High,Low,Engaged Bargain Seekers
744608,1,1,High,Low,Engaged Bargain Seekers
744612,1,1,High,Low,Engaged Bargain Seekers
744675,1,1,High,Low,Engaged Bargain Seekers
744698,1,1,High,Low,Engaged Bargain Seekers
744711,0,1,High,Low,Engaged Bargain Seekers
744731,3,1,Low,Low,Dormant / Churned
744746,3,0,Low,High,High-Value At-Risk
744778,1,1,High,Low,Engaged Bargain Seekers
744789,1,1,High,Low,Engaged Bargain Seekers
744837,3,1,Low,Low,Dormant / Churned
744860,1,1,High,Low,Engaged Bargain Seekers
745028,0,0,High,High,Elite Frequent Flyers
745080,3,0,Low,High,High-Value At-Risk
745290,1,1,High,Low,Engaged Bargain Seekers
745336,3,0,Low,High,High-Value At-Risk
745354,1,2,High,Medium,Rising Loyalists
745383,0,1,High,Low,Engaged Bargain Seekers
745420,1,1,High,Low,Engaged Bargain Seekers
745454,0,1,High,Low,Engaged Bargain Seekers
745565,3,0,Low,High,High-Value At-Risk
745600,1,1,High,Low,Engaged Bargain Seekers
745636,0,1,High,Low,Engaged Bargain Seekers
745668,1,1,High,Low,Engaged Bargain Seekers
745729,1,1,High,Low,Engaged Bargain Seekers
745738,1,1,High,Low,Engaged Bargain Seekers
745769,1,1,High,Low,Engaged Bargain Seekers
745792,1,1,High,Low,Engaged Bargain Seekers
745811,1,1,High,Low,Engaged Bargain Seekers
745830,1,1,High,Low,Engaged Bargain Seekers
745870,3,0,Low,High,High-Value At-Risk
745901,1,1,High,Low,Engaged Bargain Seekers
745908,1,1,High,Low,Engaged Bargain Seekers
745920,1,1,High,Low,Engaged Bargain Seekers
745938,3,0,Low,High,High-Value At-Risk
746031,1,2,High,Medium,Rising Loyalists
746060,1,1,High,Low,Engaged Bargain Seekers
746061,1,2,High,Medium,Rising Loyalists
746171,1,1,High,Low,Engaged Bargain Seekers
746226,0,1,High,Low,Engaged Bargain Seekers
746235,3,0,Low,High,High-Value At-Risk
746296,1,1,High,Low,Engaged Bargain Seekers
746314,0,1,High,Low,Engaged Bargain Seekers
746377,2,1,Low,Low,Dormant / Churned
746385,0,1,High,Low,Engaged Bargain Seekers
746402,1,1,High,Low,Engaged Bargain Seekers
746502,1,1,High,Low,Engaged Bargain Seekers
746520,1,1,High,Low,Engaged Bargain Seekers
746536,1,1,High,Low,Engaged Bargain Seekers
746554,1,1,High,Low,Engaged Bargain Seekers
746580,0,1,High,Low,Engaged Bargain Seekers
746677,1,1,High,Low,Engaged Bargain Seekers
746772,1,1,High,Low,Engaged Bargain Seekers
746796,0,1,High,Low,Engaged Bargain Seekers
746807,1,1,High,Low,Engaged Bargain Seekers
746837,1,1,High,Low,Engaged Bargain Seekers
746853,0,1,High,Low,Engaged Bargain Seekers
746863,3,1,Low,Low,Dormant / Churned
747187,1,1,High,Low,Engaged Bargain Seekers
747227,0,1,High,Low,Engaged Bargain Seekers
747304,1,1,High,Low,Engaged Bargain Seekers
747315,1,1,High,Low,Engaged Bargain Seekers
747339,1,1,High,Low,Engaged Bargain Seekers
747395,1,1,High,Low,Engaged Bargain Seekers
747483,0,1,High,Low,Engaged Bargain Seekers
747509,0,1,High,Low,Engaged Bargain Seekers
747571,1,1,High,Low,Engaged Bargain Seekers
747578,1,2,High,Medium,Rising Loyalists
747604,0,1,High,Low,Engaged Bargain Seekers
747609,1,1,High,Low,Engaged Bargain Seekers
747655,3,0,Low,High,High-Value At-Risk
747668,1,1,High,Low,Engaged Bargain Seekers
747681,1,1,High,Low,Engaged Bargain Seekers
747704,1,1,High,Low,Engaged Bargain Seekers
747759,1,1,High,Low,Engaged Bargain Seekers
747816,3,0,Low,High,High-Value At-Risk
747926,1,1,High,Low,Engaged Bargain Seekers
747939,1,1,High,Low,Engaged Bargain Seekers
747993,1,1,High,Low,Engaged Bargain Seekers
748019,1,1,High,Low,Engaged Bargain Seekers
748033,0,1,High,Low,Engaged Bargain Seekers
748055,1,1,High,Low,Engaged Bargain Seekers
748105,3,0,Low,High,High-Value At-Risk
748174,3,0,Low,High,High-Value At-Risk
748198,1,1,High,Low,Engaged Bargain Seekers
748286,0,1,High,Low,Engaged Bargain Seekers
748299,1,2,High,Medium,Rising Loyalists
748586,0,1,High,Low,Engaged Bargain Seekers
748635,1,1,High,Low,Engaged Bargain Seekers
748649,1,1,High,Low,Engaged Bargain Seekers
748682,1,1,High,Low,Engaged Bargain Seekers
748701,1,1,High,Low,Engaged Bargain Seekers
748717,1,1,High,Low,Engaged Bargain Seekers
748810,1,1,High,Low,Engaged Bargain Seekers
748831,0,1,High,Low,Engaged Bargain Seekers
748890,1,1,High,Low,Engaged Bargain Seekers
748914,0,1,High,Low,Engaged Bargain Seekers
749033,1,1,High,Low,Engaged Bargain Seekers
749112,1,1,High,Low,Engaged Bargain Seekers
749212,1,1,High,Low,Engaged Bargain Seekers
749257,0,1,High,Low,Engaged Bargain Seekers
749328,1,1,High,Low,Engaged Bargain Seekers
749362,3,1,Low,Low,Dormant / Churned
749418,3,0,Low,High,High-Value At-Risk
749430,1,2,High,Medium,Rising Loyalists
749441,1,1,High,Low,Engaged Bargain Seekers
749459,1,1,High,Low,Engaged Bargain Seekers
749566,1,1,High,Low,Engaged Bargain Seekers
749684,1,1,High,Low,Engaged Bargain Seekers
749705,1,1,High,Low,Engaged Bargain Seekers
749801,1,1,High,Low,Engaged Bargain Seekers
749817,1,1,High,Low,Engaged Bargain Seekers
749827,0,1,High,Low,Engaged Bargain Seekers
749883,1,1,High,Low,Engaged Bargain Seekers
749972,1,1,High,Low,Engaged Bargain Seekers
750130,1,1,High,Low,Engaged Bargain Seekers
750152,1,1,High,Low,Engaged Bargain Seekers
750153,3,0,Low,High,High-Value At-Risk
750154,3,1,Low,Low,Dormant / Churned
750162,0,1,High,Low,Engaged Bargain Seekers
750171,1,1,High,Low,Engaged Bargain Seekers
750199,1,2,High,Medium,Rising Loyalists
750247,3,0,Low,High,High-Value At-Risk
750280,1,1,High,Low,Engaged Bargain Seekers
750300,1,1,High,Low,Engaged Bargain Seekers
750324,1,1,High,Low,Engaged Bargain Seekers
750384,1,1,High,Low,Engaged Bargain Seekers
750454,0,1,High,Low,Engaged Bargain Seekers
750457,0,1,High,Low,Engaged Bargain Seekers
750578,1,1,High,Low,Engaged Bargain Seekers
750649,1,1,High,Low,Engaged Bargain Seekers
750665,1,1,High,Low,Engaged Bargain Seekers
750688,1,1,High,Low,Engaged Bargain Seekers
750710,1,1,High,Low,Engaged Bargain Seekers
750739,1,1,High,Low,Engaged Bargain Seekers
750776,0,1,High,Low,Engaged Bargain Seekers
750862,1,1,High,Low,Engaged Bargain Seekers
750893,3,0,Low,High,High-Value At-Risk
750922,3,0,Low,High,High-Value At-Risk
750955,1,1,High,Low,Engaged Bargain Seekers
750974,1,1,High,Low,Engaged Bargain Seekers
751223,0,1,High,Low,Engaged Bargain Seekers
751270,0,1,High,Low,Engaged Bargain Seekers
751351,1,1,High,Low,Engaged Bargain Seekers
751594,1,1,High,Low,Engaged Bargain Seekers
751602,1,1,High,Low,Engaged Bargain Seekers
751612,1,1,High,Low,Engaged Bargain Seekers
751616,0,1,High,Low,Engaged Bargain Seekers
751628,1,1,High,Low,Engaged Bargain Seekers
751664,1,1,High,Low,Engaged Bargain Seekers
751718,1,2,High,Medium,Rising Loyalists
751779,1,1,High,Low,Engaged Bargain Seekers
751820,1,1,High,Low,Engaged Bargain Seekers
751823,1,1,High,Low,Engaged Bargain Seekers
751824,1,1,High,Low,Engaged Bargain Seekers
751829,1,1,High,Low,Engaged Bargain Seekers
751990,1,1,High,Low,Engaged Bargain Seekers
752047,1,1,High,Low,Engaged Bargain Seekers
752107,1,1,High,Low,Engaged Bargain Seekers
752140,1,1,High,Low,Engaged Bargain Seekers
752217,1,2,High,Medium,Rising Loyalists
752259,1,1,High,Low,Engaged Bargain Seekers
752274,1,1,High,Low,Engaged Bargain Seekers
752331,1,1,High,Low,Engaged Bargain Seekers
752462,1,1,High,Low,Engaged Bargain Seekers
752548,0,1,High,Low,Engaged Bargain Seekers
752580,1,1,High,Low,Engaged Bargain Seekers
752609,1,1,High,Low,Engaged Bargain Seekers
752663,1,1,High,Low,Engaged Bargain Seekers
752688,1,1,High,Low,Engaged Bargain Seekers
752704,1,1,High,Low,Engaged Bargain Seekers
752729,1,1,High,Low,Engaged Bargain Seekers
752826,1,1,High,Low,Engaged Bargain Seekers
752874,1,1,High,Low,Engaged Bargain Seekers
752885,3,0,Low,High,High-Value At-Risk
753038,1,1,High,Low,Engaged Bargain Seekers
753089,1,1,High,Low,Engaged Bargain Seekers
753130,0,1,High,Low,Engaged Bargain Seekers
753141,1,1,High,Low,Engaged Bargain Seekers
753149,1,1,High,Low,Engaged Bargain Seekers
753219,1,1,High,Low,Engaged Bargain Seekers
753306,0,1,High,Low,Engaged Bargain Seekers
753452,1,1,High,Low,Engaged Bargain Seekers
753456,0,1,High,Low,Engaged Bargain Seekers
753473,1,1,High,Low,Engaged Bargain Seekers
753533,1,1,High,Low,Engaged Bargain Seekers
753637,0,1,High,Low,Engaged Bargain Seekers
753814,1,1,High,Low,Engaged Bargain Seekers
753864,0,2,High,Medium,Rising Loyalists
753887,1,1,High,Low,Engaged Bargain Seekers
753977,0,1,High,Low,Engaged Bargain Seekers
753987,1,1,High,Low,Engaged Bargain Seekers
753994,1,1,High,Low,Engaged Bargain Seekers
754042,1,1,High,Low,Engaged Bargain Seekers
754163,3,1,Low,Low,Dormant / Churned
754175,1,1,High,Low,Engaged Bargain Seekers
754264,1,1,High,Low,Engaged Bargain Seekers
754292,1,1,High,Low,Engaged Bargain Seekers
754338,1,1,High,Low,Engaged Bargain Seekers
754416,1,1,High,Low,Engaged Bargain Seekers
754436,1,1,High,Low,Engaged Bargain Seekers
754517,1,1,High,Low,Engaged Bargain Seekers
754539,1,1,High,Low,Engaged Bargain Seekers
754599,1,1,High,Low,Engaged Bargain Seekers
754774,1,1,High,Low,Engaged Bargain Seekers
754850,3,0,Low,High,High-Value At-Risk
754936,0,1,High,Low,Engaged Bargain Seekers
755014,1,1,High,Low,Engaged Bargain Seekers
755015,0,1,High,Low,Engaged Bargain Seekers
755070,1,1,High,Low,Engaged Bargain Seekers
755073,1,2,High,Medium,Rising Loyalists
755082,1,1,High,Low,Engaged Bargain Seekers
755145,3,1,Low,Low,Dormant / Churned
755276,1,1,High,Low,Engaged Bargain Seekers
755290,1,2,High,Medium,Rising Loyalists
755337,1,1,High,Low,Engaged Bargain Seekers
755362,1,1,High,Low,Engaged Bargain Seekers
755367,1,1,High,Low,Engaged Bargain Seekers
755374,1,1,High,Low,Engaged Bargain Seekers
755406,1,1,High,Low,Engaged Bargain Seekers
755533,1,1,High,Low,Engaged Bargain Seekers
755538,1,1,High,Low,Engaged Bargain Seekers
755582,3,1,Low,Low,Dormant / Churned
755668,1,2,High,Medium,Rising Loyalists
755759,1,1,High,Low,Engaged Bargain Seekers
755867,1,1,High,Low,Engaged Bargain Seekers
755977,1,2,High,Medium,Rising Loyalists
756043,3,0,Low,High,High-Value At-Risk
756065,1,1,High,Low,Engaged Bargain Seekers
756280,3,0,Low,High,High-Value At-Risk
756317,1,1,High,Low,Engaged Bargain Seekers
756341,1,1,High,Low,Engaged Bargain Seekers
756355,1,1,High,Low,Engaged Bargain Seekers
756481,1,1,High,Low,Engaged Bargain Seekers
756496,1,1,High,Low,Engaged Bargain Seekers
756515,1,1,High,Low,Engaged Bargain Seekers
756526,3,0,Low,High,High-Value At-Risk
756543,1,1,High,Low,Engaged Bargain Seekers
756559,3,0,Low,High,High-Value At-Risk
756592,3,0,Low,High,High-Value At-Risk
756636,0,1,High,Low,Engaged Bargain Seekers
756646,1,1,High,Low,Engaged Bargain Seekers
756663,2,1,Low,Low,Dormant / Churned
756668,1,1,High,Low,Engaged Bargain Seekers
756791,1,1,High,Low,Engaged Bargain Seekers
756833,1,1,High,Low,Engaged Bargain Seekers
756862,1,1,High,Low,Engaged Bargain Seekers
756867,1,1,High,Low,Engaged Bargain Seekers
756891,1,1,High,Low,Engaged Bargain Seekers
756892,1,1,High,Low,Engaged Bargain Seekers
756907,1,1,High,Low,Engaged Bargain Seekers
756928,1,1,High,Low,Engaged Bargain Seekers
756929,1,1,High,Low,Engaged Bargain Seekers
756967,1,1,High,Low,Engaged Bargain Seekers
756973,3,0,Low,High,High-Value At-Risk
757010,1,1,High,Low,Engaged Bargain Seekers
757041,1,1,High,Low,Engaged Bargain Seekers
757047,1,1,High,Low,Engaged Bargain Seekers
757060,3,0,Low,High,High-Value At-Risk
757127,3,0,Low,High,High-Value At-Risk
757270,0,1,High,Low,Engaged Bargain Seekers
757387,1,1,High,Low,Engaged Bargain Seekers
757416,3,0,Low,High,High-Value At-Risk
757420,1,1,High,Low,Engaged Bargain Seekers
757446,1,1,High,Low,Engaged Bargain Seekers
757547,1,1,High,Low,Engaged Bargain Seekers
757634,1,1,High,Low,Engaged Bargain Seekers
757691,1,1,High,Low,Engaged Bargain Seekers
757696,1,2,High,Medium,Rising Loyalists
757704,3,0,Low,High,High-Value At-Risk
757834,1,1,High,Low,Engaged Bargain Seekers
757879,1,1,High,Low,Engaged Bargain Seekers
757885,1,1,High,Low,Engaged Bargain Seekers
757938,1,1,High,Low,Engaged Bargain Seekers
758113,1,1,High,Low,Engaged Bargain Seekers
758165,1,1,High,Low,Engaged Bargain Seekers
758210,1,1,High,Low,Engaged Bargain Seekers
758262,0,1,High,Low,Engaged Bargain Seekers
758322,3,0,Low,High,High-Value At-Risk
758328,1,1,High,Low,Engaged Bargain Seekers
758372,1,1,High,Low,Engaged Bargain Seekers
758389,1,1,High,Low,Engaged Bargain Seekers
758432,1,1,High,Low,Engaged Bargain Seekers
758635,0,1,High,Low,Engaged Bargain Seekers
758656,0,1,High,Low,Engaged Bargain Seekers
758695,1,1,High,Low,Engaged Bargain Seekers
758738,1,1,High,Low,Engaged Bargain Seekers
758789,1,1,High,Low,Engaged Bargain Seekers
758840,1,1,High,Low,Engaged Bargain Seekers
758927,0,1,High,Low,Engaged Bargain Seekers
759017,1,1,High,Low,Engaged Bargain Seekers
759093,1,1,High,Low,Engaged Bargain Seekers
759132,3,0,Low,High,High-Value At-Risk
759223,0,1,High,Low,Engaged Bargain Seekers
759310,2,0,Low,High,High-Value At-Risk
759311,1,1,High,Low,Engaged Bargain Seekers
759322,1,1,High,Low,Engaged Bargain Seekers
759370,1,1,High,Low,Engaged Bargain Seekers
759417,1,1,High,Low,Engaged Bargain Seekers
759518,1,1,High,Low,Engaged Bargain Seekers
759551,1,2,High,Medium,Rising Loyalists
759603,0,1,High,Low,Engaged Bargain Seekers
759785,1,1,High,Low,Engaged Bargain Seekers
759847,1,1,High,Low,Engaged Bargain Seekers
759899,1,1,High,Low,Engaged Bargain Seekers
759983,3,1,Low,Low,Dormant / Churned
759991,1,1,High,Low,Engaged Bargain Seekers
760061,1,1,High,Low,Engaged Bargain Seekers
760077,3,0,Low,High,High-Value At-Risk
760111,0,1,High,Low,Engaged Bargain Seekers
760155,1,1,High,Low,Engaged Bargain Seekers
760158,0,1,High,Low,Engaged Bargain Seekers
760166,1,1,High,Low,Engaged Bargain Seekers
760176,1,1,High,Low,Engaged Bargain Seekers
760196,1,1,High,Low,Engaged Bargain Seekers
760424,1,2,High,Medium,Rising Loyalists
760508,1,1,High,Low,Engaged Bargain Seekers
760614,1,1,High,Low,Engaged Bargain Seekers
760645,1,1,High,Low,Engaged Bargain Seekers
760672,1,1,High,Low,Engaged Bargain Seekers
760835,1,1,High,Low,Engaged Bargain Seekers
760842,1,1,High,Low,Engaged Bargain Seekers
760876,1,1,High,Low,Engaged Bargain Seekers
760975,1,1,High,Low,Engaged Bargain Seekers
761007,3,1,Low,Low,Dormant / Churned
761015,1,1,High,Low,Engaged Bargain Seekers
761114,1,1,High,Low,Engaged Bargain Seekers
761150,0,1,High,Low,Engaged Bargain Seekers
761240,1,1,High,Low,Engaged Bargain Seekers
761305,3,0,Low,High,High-Value At-Risk
761403,1,1,High,Low,Engaged Bargain Seekers
761423,1,1,High,Low,Engaged Bargain Seekers
761444,3,0,Low,High,High-Value At-Risk
761459,1,1,High,Low,Engaged Bargain Seekers
761510,1,1,High,Low,Engaged Bargain Seekers
761600,0,1,High,Low,Engaged Bargain Seekers
761613,1,1,High,Low,Engaged Bargain Seekers
761674,1,1,High,Low,Engaged Bargain Seekers
761694,1,1,High,Low,Engaged Bargain Seekers
761966,1,1,High,Low,Engaged Bargain Seekers
762044,1,1,High,Low,Engaged Bargain Seekers
762072,1,1,High,Low,Engaged Bargain Seekers
762117,1,1,High,Low,Engaged Bargain Seekers
762255,0,1,High,Low,Engaged Bargain Seekers
762259,1,1,High,Low,Engaged Bargain Seekers
762272,1,1,High,Low,Engaged Bargain Seekers
762355,1,1,High,Low,Engaged Bargain Seekers
762389,1,1,High,Low,Engaged Bargain Seekers
762446,3,1,Low,Low,Dormant / Churned
762474,0,1,High,Low,Engaged Bargain Seekers
762485,1,1,High,Low,Engaged Bargain Seekers
762562,0,1,High,Low,Engaged Bargain Seekers
762671,1,1,High,Low,Engaged Bargain Seekers
762681,1,1,High,Low,Engaged Bargain Seekers
762715,1,1,High,Low,Engaged Bargain Seekers
762951,1,1,High,Low,Engaged Bargain Seekers
762971,0,1,High,Low,Engaged Bargain Seekers
762990,3,0,Low,High,High-Value At-Risk
763000,0,1,High,Low,Engaged Bargain Seekers
763061,1,1,High,Low,Engaged Bargain Seekers
763071,1,1,High,Low,Engaged Bargain Seekers
763084,1,1,High,Low,Engaged Bargain Seekers
763113,1,1,High,Low,Engaged Bargain Seekers
763132,1,1,High,Low,Engaged Bargain Seekers
763177,1,1,High,Low,Engaged Bargain Seekers
763183,1,1,High,Low,Engaged Bargain Seekers
763224,0,1,High,Low,Engaged Bargain Seekers
763241,1,1,High,Low,Engaged Bargain Seekers
763248,0,1,High,Low,Engaged Bargain Seekers
763341,1,1,High,Low,Engaged Bargain Seekers
763403,1,1,High,Low,Engaged Bargain Seekers
763406,1,2,High,Medium,Rising Loyalists
763520,1,1,High,Low,Engaged Bargain Seekers
763591,1,1,High,Low,Engaged Bargain Seekers
763615,1,1,High,Low,Engaged Bargain Seekers
763618,0,1,High,Low,Engaged Bargain Seekers
763621,0,1,High,Low,Engaged Bargain Seekers
763702,1,1,High,Low,Engaged Bargain Seekers
763761,1,1,High,Low,Engaged Bargain Seekers
763797,1,1,High,Low,Engaged Bargain Seekers
763806,3,1,Low,Low,Dormant / Churned
764167,1,1,High,Low,Engaged Bargain Seekers
764227,3,1,Low,Low,Dormant / Churned
764302,0,1,High,Low,Engaged Bargain Seekers
764305,1,1,High,Low,Engaged Bargain Seekers
764513,1,1,High,Low,Engaged Bargain Seekers
764544,1,1,High,Low,Engaged Bargain Seekers
764555,1,1,High,Low,Engaged Bargain Seekers
764578,1,1,High,Low,Engaged Bargain Seekers
764595,1,1,High,Low,Engaged Bargain Seekers
764634,1,1,High,Low,Engaged Bargain Seekers
764703,0,1,High,Low,Engaged Bargain Seekers
764844,0,1,High,Low,Engaged Bargain Seekers
764869,1,1,High,Low,Engaged Bargain Seekers
764889,1,1,High,Low,Engaged Bargain Seekers
764896,1,1,High,Low,Engaged Bargain Seekers
764980,1,1,High,Low,Engaged Bargain Seekers
765079,1,1,High,Low,Engaged Bargain Seekers
765127,1,1,High,Low,Engaged Bargain Seekers
765202,1,1,High,Low,Engaged Bargain Seekers
765223,2,0,Low,High,High-Value At-Risk
765252,1,1,High,Low,Engaged Bargain Seekers
765261,1,1,High,Low,Engaged Bargain Seekers
765293,1,1,High,Low,Engaged Bargain Seekers
765323,1,1,High,Low,Engaged Bargain Seekers
765338,1,2,High,Medium,Rising Loyalists
765408,0,1,High,Low,Engaged Bargain Seekers
765428,1,1,High,Low,Engaged Bargain Seekers
765446,3,0,Low,High,High-Value At-Risk
765481,1,1,High,Low,Engaged Bargain Seekers
765518,1,1,High,Low,Engaged Bargain Seekers
765542,0,1,High,Low,Engaged Bargain Seekers
765655,0,1,High,Low,Engaged Bargain Seekers
765747,1,1,High,Low,Engaged Bargain Seekers
765793,1,1,High,Low,Engaged Bargain Seekers
765877,1,1,High,Low,Engaged Bargain Seekers
765924,1,1,High,Low,Engaged Bargain Seekers
765955,1,1,High,Low,Engaged Bargain Seekers
765973,3,0,Low,High,High-Value At-Risk
765989,1,1,High,Low,Engaged Bargain Seekers
766012,3,0,Low,High,High-Value At-Risk
766024,1,1,High,Low,Engaged Bargain Seekers
766091,0,1,High,Low,Engaged Bargain Seekers
766262,0,1,High,Low,Engaged Bargain Seekers
766335,1,1,High,Low,Engaged Bargain Seekers
766355,0,1,High,Low,Engaged Bargain Seekers
766401,3,0,Low,High,High-Value At-Risk
766530,1,1,High,Low,Engaged Bargain Seekers
766562,0,1,High,Low,Engaged Bargain Seekers
766691,0,1,High,Low,Engaged Bargain Seekers
766733,1,1,High,Low,Engaged Bargain Seekers
766766,3,1,Low,Low,Dormant / Churned
766775,1,1,High,Low,Engaged Bargain Seekers
766777,1,1,High,Low,Engaged Bargain Seekers
766861,0,1,High,Low,Engaged Bargain Seekers
766886,1,1,High,Low,Engaged Bargain Seekers
766909,3,0,Low,High,High-Value At-Risk
766927,1,1,High,Low,Engaged Bargain Seekers
766969,1,1,High,Low,Engaged Bargain Seekers
767006,1,2,High,Medium,Rising Loyalists
767058,1,1,High,Low,Engaged Bargain Seekers
767089,1,1,High,Low,Engaged Bargain Seekers
767175,0,2,High,Medium,Rising Loyalists
767331,1,1,High,Low,Engaged Bargain Seekers
767366,0,2,High,Medium,Rising Loyalists
767385,1,1,High,Low,Engaged Bargain Seekers
767416,1,1,High,Low,Engaged Bargain Seekers
767428,1,1,High,Low,Engaged Bargain Seekers
767456,3,0,Low,High,High-Value At-Risk
767494,3,1,Low,Low,Dormant / Churned
767507,1,1,High,Low,Engaged Bargain Seekers
767534,1,1,High,Low,Engaged Bargain Seekers
767648,0,1,High,Low,Engaged Bargain Seekers
767672,1,1,High,Low,Engaged Bargain Seekers
767678,3,0,Low,High,High-Value At-Risk
767728,0,1,High,Low,Engaged Bargain Seekers
767752,1,2,High,Medium,Rising Loyalists
767767,1,1,High,Low,Engaged Bargain Seekers
767774,3,0,Low,High,High-Value At-Risk
767857,0,1,High,Low,Engaged Bargain Seekers
767864,0,1,High,Low,Engaged Bargain Seekers
767894,1,1,High,Low,Engaged Bargain Seekers
767907,1,1,High,Low,Engaged Bargain Seekers
767908,1,1,High,Low,Engaged Bargain Seekers
767971,3,0,Low,High,High-Value At-Risk
768010,1,1,High,Low,Engaged Bargain Seekers
768012,1,1,High,Low,Engaged Bargain Seekers
768030,1,1,High,Low,Engaged Bargain Seekers
768072,1,1,High,Low,Engaged Bargain Seekers
768078,1,1,High,Low,Engaged Bargain Seekers
768113,1,1,High,Low,Engaged Bargain Seekers
768255,0,1,High,Low,Engaged Bargain Seekers
768313,0,2,High,Medium,Rising Loyalists
768354,1,1,High,Low,Engaged Bargain Seekers
768365,1,2,High,Medium,Rising Loyalists
768415,1,1,High,Low,Engaged Bargain Seekers
768518,1,1,High,Low,Engaged Bargain Seekers
768748,1,1,High,Low,Engaged Bargain Seekers
768959,0,1,High,Low,Engaged Bargain Seekers
768996,1,1,High,Low,Engaged Bargain Seekers
769023,1,1,High,Low,Engaged Bargain Seekers
769030,1,1,High,Low,Engaged Bargain Seekers
769166,3,0,Low,High,High-Value At-Risk
769346,1,1,High,Low,Engaged Bargain Seekers
769361,1,1,High,Low,Engaged Bargain Seekers
769495,0,1,High,Low,Engaged Bargain Seekers
769521,1,2,High,Medium,Rising Loyalists
769560,1,1,High,Low,Engaged Bargain Seekers
769602,3,0,Low,High,High-Value At-Risk
769623,1,1,High,Low,Engaged Bargain Seekers
769669,1,1,High,Low,Engaged Bargain Seekers
769709,1,1,High,Low,Engaged Bargain Seekers
769731,1,1,High,Low,Engaged Bargain Seekers
769763,1,1,High,Low,Engaged Bargain Seekers
769891,1,1,High,Low,Engaged Bargain Seekers
769976,0,1,High,Low,Engaged Bargain Seekers
770094,1,1,High,Low,Engaged Bargain Seekers
770327,1,1,High,Low,Engaged Bargain Seekers
770362,0,1,High,Low,Engaged Bargain Seekers
770452,1,1,High,Low,Engaged Bargain Seekers
770524,0,1,High,Low,Engaged Bargain Seekers
770568,0,1,High,Low,Engaged Bargain Seekers
770591,1,1,High,Low,Engaged Bargain Seekers
770634,1,1,High,Low,Engaged Bargain Seekers
770651,0,1,High,Low,Engaged Bargain Seekers
770702,0,1,High,Low,Engaged Bargain Seekers
770727,0,1,High,Low,Engaged Bargain Seekers
770759,0,2,High,Medium,Rising Loyalists
770968,1,1,High,Low,Engaged Bargain Seekers
771035,1,1,High,Low,Engaged Bargain Seekers
771056,1,1,High,Low,Engaged Bargain Seekers
771133,3,0,Low,High,High-Value At-Risk
771220,3,1,Low,Low,Dormant / Churned
771259,1,1,High,Low,Engaged Bargain Seekers
771285,1,1,High,Low,Engaged Bargain Seekers
771307,1,1,High,Low,Engaged Bargain Seekers
771353,0,1,High,Low,Engaged Bargain Seekers
771667,1,1,High,Low,Engaged Bargain Seekers
771713,1,1,High,Low,Engaged Bargain Seekers
771753,3,0,Low,High,High-Value At-Risk
771757,1,1,High,Low,Engaged Bargain Seekers
771872,0,1,High,Low,Engaged Bargain Seekers
771880,0,1,High,Low,Engaged Bargain Seekers
771901,1,1,High,Low,Engaged Bargain Seekers
771932,0,1,High,Low,Engaged Bargain Seekers
771943,1,1,High,Low,Engaged Bargain Seekers
771960,1,1,High,Low,Engaged Bargain Seekers
771976,0,1,High,Low,Engaged Bargain Seekers
772019,1,1,High,Low,Engaged Bargain Seekers
772025,0,1,High,Low,Engaged Bargain Seekers
772081,0,1,High,Low,Engaged Bargain Seekers
772152,1,1,High,Low,Engaged Bargain Seekers
772181,1,1,High,Low,Engaged Bargain Seekers
772194,1,2,High,Medium,Rising Loyalists
772237,1,1,High,Low,Engaged Bargain Seekers
772362,0,1,High,Low,Engaged Bargain Seekers
772370,1,1,High,Low,Engaged Bargain Seekers
772381,1,1,High,Low,Engaged Bargain Seekers
772395,0,1,High,Low,Engaged Bargain Seekers
772397,1,1,High,Low,Engaged Bargain Seekers
772437,1,1,High,Low,Engaged Bargain Seekers
772438,1,1,High,Low,Engaged Bargain Seekers
772484,1,1,High,Low,Engaged Bargain Seekers
772532,0,1,High,Low,Engaged Bargain Seekers
772608,0,1,High,Low,Engaged Bargain Seekers
772628,1,1,High,Low,Engaged Bargain Seekers
772827,0,1,High,Low,Engaged Bargain Seekers
772834,1,1,High,Low,Engaged Bargain Seekers
772952,1,1,High,Low,Engaged Bargain Seekers
772960,1,1,High,Low,Engaged Bargain Seekers
773012,1,1,High,Low,Engaged Bargain Seekers
773019,0,1,High,Low,Engaged Bargain Seekers
773086,1,1,High,Low,Engaged Bargain Seekers
773095,0,1,High,Low,Engaged Bargain Seekers
773112,1,1,High,Low,Engaged Bargain Seekers
773219,0,1,High,Low,Engaged Bargain Seekers
773261,1,1,High,Low,Engaged Bargain Seekers
773290,1,1,High,Low,Engaged Bargain Seekers
773293,1,1,High,Low,Engaged Bargain Seekers
773364,1,1,High,Low,Engaged Bargain Seekers
773390,1,1,High,Low,Engaged Bargain Seekers
773397,1,1,High,Low,Engaged Bargain Seekers
773418,1,1,High,Low,Engaged Bargain Seekers
773546,1,2,High,Medium,Rising Loyalists
773571,0,2,High,Medium,Rising Loyalists
773593,3,1,Low,Low,Dormant / Churned
773598,1,1,High,Low,Engaged Bargain Seekers
773648,1,1,High,Low,Engaged Bargain Seekers
773676,0,1,High,Low,Engaged Bargain Seekers
773739,1,1,High,Low,Engaged Bargain Seekers
773805,1,1,High,Low,Engaged Bargain Seekers
773844,0,1,High,Low,Engaged Bargain Seekers
773857,3,1,Low,Low,Dormant / Churned
773865,1,1,High,Low,Engaged Bargain Seekers
773943,1,1,High,Low,Engaged Bargain Seekers
773973,1,1,High,Low,Engaged Bargain Seekers
773986,1,1,High,Low,Engaged Bargain Seekers
774103,1,2,High,Medium,Rising Loyalists
774168,0,1,High,Low,Engaged Bargain Seekers
774226,1,1,High,Low,Engaged Bargain Seekers
774234,1,1,High,Low,Engaged Bargain Seekers
774249,0,1,High,Low,Engaged Bargain Seekers
774272,1,1,High,Low,Engaged Bargain Seekers
774275,1,1,High,Low,Engaged Bargain Seekers
774321,1,1,High,Low,Engaged Bargain Seekers
774326,1,1,High,Low,Engaged Bargain Seekers
774386,0,1,High,Low,Engaged Bargain Seekers
774724,1,1,High,Low,Engaged Bargain Seekers
774931,0,1,High,Low,Engaged Bargain Seekers
775158,0,1,High,Low,Engaged Bargain Seekers
775160,1,1,High,Low,Engaged Bargain Seekers
775170,1,1,High,Low,Engaged Bargain Seekers
775176,1,1,High,Low,Engaged Bargain Seekers
775185,1,1,High,Low,Engaged Bargain Seekers
775193,1,1,High,Low,Engaged Bargain Seekers
775304,0,1,High,Low,Engaged Bargain Seekers
775407,0,1,High,Low,Engaged Bargain Seekers
775440,1,1,High,Low,Engaged Bargain Seekers
775520,0,1,High,Low,Engaged Bargain Seekers
775562,0,1,High,Low,Engaged Bargain Seekers
775573,1,1,High,Low,Engaged Bargain Seekers
775639,1,1,High,Low,Engaged Bargain Seekers
775678,0,1,High,Low,Engaged Bargain Seekers
775724,1,1,High,Low,Engaged Bargain Seekers
775768,1,1,High,Low,Engaged Bargain Seekers
776139,1,1,High,Low,Engaged Bargain Seekers
776153,0,1,High,Low,Engaged Bargain Seekers
776187,1,2,High,Medium,Rising Loyalists
776317,0,1,High,Low,Engaged Bargain Seekers
776399,3,0,Low,High,High-Value At-Risk
776443,1,2,High,Medium,Rising Loyalists
776453,1,1,High,Low,Engaged Bargain Seekers
776464,1,2,High,Medium,Rising Loyalists
776466,0,2,High,Medium,Rising Loyalists
776547,1,2,High,Medium,Rising Loyalists
776613,1,1,High,Low,Engaged Bargain Seekers
776736,1,1,High,Low,Engaged Bargain Seekers
776782,0,1,High,Low,Engaged Bargain Seekers
776795,1,1,High,Low,Engaged Bargain Seekers
776830,3,0,Low,High,High-Value At-Risk
776931,0,1,High,Low,Engaged Bargain Seekers
776956,1,1,High,Low,Engaged Bargain Seekers
777108,1,1,High,Low,Engaged Bargain Seekers
777118,1,1,High,Low,Engaged Bargain Seekers
777171,1,1,High,Low,Engaged Bargain Seekers
777197,1,1,High,Low,Engaged Bargain Seekers
777231,1,1,High,Low,Engaged Bargain Seekers
777300,1,2,High,Medium,Rising Loyalists
777351,1,1,High,Low,Engaged Bargain Seekers
777418,0,1,High,Low,Engaged Bargain Seekers
777514,1,1,High,Low,Engaged Bargain Seekers
777531,1,1,High,Low,Engaged Bargain Seekers
777540,1,1,High,Low,Engaged Bargain Seekers
777544,0,1,High,Low,Engaged Bargain Seekers
777549,1,1,High,Low,Engaged Bargain Seekers
777561,1,1,High,Low,Engaged Bargain Seekers
777714,1,1,High,Low,Engaged Bargain Seekers
777861,0,1,High,Low,Engaged Bargain Seekers
777871,1,1,High,Low,Engaged Bargain Seekers
777875,1,1,High,Low,Engaged Bargain Seekers
777931,1,1,High,Low,Engaged Bargain Seekers
777990,1,1,High,Low,Engaged Bargain Seekers
778027,0,1,High,Low,Engaged Bargain Seekers
778030,1,1,High,Low,Engaged Bargain Seekers
778031,1,1,High,Low,Engaged Bargain Seekers
778066,1,1,High,Low,Engaged Bargain Seekers
778168,1,1,High,Low,Engaged Bargain Seekers
778310,1,1,High,Low,Engaged Bargain Seekers
778317,1,1,High,Low,Engaged Bargain Seekers
778393,1,1,High,Low,Engaged Bargain Seekers
778426,1,1,High,Low,Engaged Bargain Seekers
778590,1,1,High,Low,Engaged Bargain Seekers
778865,1,1,High,Low,Engaged Bargain Seekers
778920,1,1,High,Low,Engaged Bargain Seekers
778952,1,1,High,Low,Engaged Bargain Seekers
779046,1,1,High,Low,Engaged Bargain Seekers
779066,1,1,High,Low,Engaged Bargain Seekers
779082,1,1,High,Low,Engaged Bargain Seekers
779085,1,1,High,Low,Engaged Bargain Seekers
779106,1,1,High,Low,Engaged Bargain Seekers
779159,1,1,High,Low,Engaged Bargain Seekers
779171,1,1,High,Low,Engaged Bargain Seekers
779184,1,1,High,Low,Engaged Bargain Seekers
779211,1,1,High,Low,Engaged Bargain Seekers
779247,1,1,High,Low,Engaged Bargain Seekers
779291,1,1,High,Low,Engaged Bargain Seekers
779412,1,1,High,Low,Engaged Bargain Seekers
779427,1,1,High,Low,Engaged Bargain Seekers
779434,1,1,High,Low,Engaged Bargain Seekers
779435,0,1,High,Low,Engaged Bargain Seekers
779444,3,1,Low,Low,Dormant / Churned
779468,0,1,High,Low,Engaged Bargain Seekers
779573,1,1,High,Low,Engaged Bargain Seekers
779679,1,1,High,Low,Engaged Bargain Seekers
779882,1,1,High,Low,Engaged Bargain Seekers
779929,0,1,High,Low,Engaged Bargain Seekers
779977,1,1,High,Low,Engaged Bargain Seekers
780104,0,1,High,Low,Engaged Bargain Seekers
780140,1,1,High,Low,Engaged Bargain Seekers
780150,1,1,High,Low,Engaged Bargain Seekers
780236,1,1,High,Low,Engaged Bargain Seekers
780266,0,1,High,Low,Engaged Bargain Seekers
780298,1,1,High,Low,Engaged Bargain Seekers
780389,3,0,Low,High,High-Value At-Risk
780423,1,1,High,Low,Engaged Bargain Seekers
780428,1,1,High,Low,Engaged Bargain Seekers
780504,1,1,High,Low,Engaged Bargain Seekers
780525,3,1,Low,Low,Dormant / Churned
780529,0,1,High,Low,Engaged Bargain Seekers
780631,0,1,High,Low,Engaged Bargain Seekers
780728,1,1,High,Low,Engaged Bargain Seekers
780855,3,0,Low,High,High-Value At-Risk
780944,1,1,High,Low,Engaged Bargain Seekers
780973,1,1,High,Low,Engaged Bargain Seekers
780991,0,1,High,Low,Engaged Bargain Seekers
781052,1,1,High,Low,Engaged Bargain Seekers
781062,1,1,High,Low,Engaged Bargain Seekers
781110,1,1,High,Low,Engaged Bargain Seekers
781187,1,1,High,Low,Engaged Bargain Seekers
781219,1,1,High,Low,Engaged Bargain Seekers
781227,0,1,High,Low,Engaged Bargain Seekers
781293,0,2,High,Medium,Rising Loyalists
781347,1,1,High,Low,Engaged Bargain Seekers
781354,1,1,High,Low,Engaged Bargain Seekers
781355,1,1,High,Low,Engaged Bargain Seekers
781463,1,1,High,Low,Engaged Bargain Seekers
781480,1,1,High,Low,Engaged Bargain Seekers
781495,1,1,High,Low,Engaged Bargain Seekers
781519,1,1,High,Low,Engaged Bargain Seekers
781570,1,1,High,Low,Engaged Bargain Seekers
781621,1,1,High,Low,Engaged Bargain Seekers
781647,1,1,High,Low,Engaged Bargain Seekers
781777,1,1,High,Low,Engaged Bargain Seekers
781797,0,1,High,Low,Engaged Bargain Seekers
781924,1,1,High,Low,Engaged Bargain Seekers
781963,0,2,High,Medium,Rising Loyalists
781970,1,1,High,Low,Engaged Bargain Seekers
782078,0,1,High,Low,Engaged Bargain Seekers
782100,1,1,High,Low,Engaged Bargain Seekers
782124,1,1,High,Low,Engaged Bargain Seekers
782241,1,1,High,Low,Engaged Bargain Seekers
782282,1,1,High,Low,Engaged Bargain Seekers
782284,1,1,High,Low,Engaged Bargain Seekers
782318,3,1,Low,Low,Dormant / Churned
782329,1,1,High,Low,Engaged Bargain Seekers
782393,1,1,High,Low,Engaged Bargain Seekers
782485,1,1,High,Low,Engaged Bargain Seekers
782503,3,0,Low,High,High-Value At-Risk
782515,1,2,High,Medium,Rising Loyalists
782523,0,1,High,Low,Engaged Bargain Seekers
782549,1,1,High,Low,Engaged Bargain Seekers
782596,1,1,High,Low,Engaged Bargain Seekers
782606,3,1,Low,Low,Dormant / Churned
782654,1,1,High,Low,Engaged Bargain Seekers
782719,1,1,High,Low,Engaged Bargain Seekers
782804,3,0,Low,High,High-Value At-Risk
782818,1,1,High,Low,Engaged Bargain Seekers
783145,1,1,High,Low,Engaged Bargain Seekers
783165,3,0,Low,High,High-Value At-Risk
783255,1,1,High,Low,Engaged Bargain Seekers
783300,1,1,High,Low,Engaged Bargain Seekers
783363,0,1,High,Low,Engaged Bargain Seekers
783438,0,1,High,Low,Engaged Bargain Seekers
783515,0,1,High,Low,Engaged Bargain Seekers
783604,1,1,High,Low,Engaged Bargain Seekers
783610,0,1,High,Low,Engaged Bargain Seekers
783789,1,1,High,Low,Engaged Bargain Seekers
783791,1,1,High,Low,Engaged Bargain Seekers
783928,1,1,High,Low,Engaged Bargain Seekers
784113,1,1,High,Low,Engaged Bargain Seekers
784185,1,1,High,Low,Engaged Bargain Seekers
784271,1,1,High,Low,Engaged Bargain Seekers
784356,0,1,High,Low,Engaged Bargain Seekers
784380,0,1,High,Low,Engaged Bargain Seekers
784490,1,2,High,Medium,Rising Loyalists
784537,1,1,High,Low,Engaged Bargain Seekers
784570,1,1,High,Low,Engaged Bargain Seekers
784597,3,0,Low,High,High-Value At-Risk
784608,1,1,High,Low,Engaged Bargain Seekers
784710,0,2,High,Medium,Rising Loyalists
784782,1,1,High,Low,Engaged Bargain Seekers
784787,3,1,Low,Low,Dormant / Churned
784804,1,1,High,Low,Engaged Bargain Seekers
784838,1,1,High,Low,Engaged Bargain Seekers
784847,1,1,High,Low,Engaged Bargain Seekers
784945,1,1,High,Low,Engaged Bargain Seekers
784946,1,1,High,Low,Engaged Bargain Seekers
784962,1,1,High,Low,Engaged Bargain Seekers
785076,1,1,High,Low,Engaged Bargain Seekers
785114,0,1,High,Low,Engaged Bargain Seekers
785129,0,1,High,Low,Engaged Bargain Seekers
785185,1,1,High,Low,Engaged Bargain Seekers
785223,1,1,High,Low,Engaged Bargain Seekers
785389,3,0,Low,High,High-Value At-Risk
785398,1,1,High,Low,Engaged Bargain Seekers
785738,1,1,High,Low,Engaged Bargain Seekers
785826,1,1,High,Low,Engaged Bargain Seekers
785836,1,1,High,Low,Engaged Bargain Seekers
785965,0,1,High,Low,Engaged Bargain Seekers
785992,1,1,High,Low,Engaged Bargain Seekers
786230,0,1,High,Low,Engaged Bargain Seekers
786255,1,1,High,Low,Engaged Bargain Seekers
786287,1,1,High,Low,Engaged Bargain Seekers
786330,3,1,Low,Low,Dormant / Churned
786391,1,1,High,Low,Engaged Bargain Seekers
786442,1,2,High,Medium,Rising Loyalists
786525,1,1,High,Low,Engaged Bargain Seekers
786613,1,1,High,Low,Engaged Bargain Seekers
786624,1,1,High,Low,Engaged Bargain Seekers
786703,1,1,High,Low,Engaged Bargain Seekers
786709,1,1,High,Low,Engaged Bargain Seekers
786710,1,1,High,Low,Engaged Bargain Seekers
786827,0,1,High,Low,Engaged Bargain Seekers
786966,0,1,High,Low,Engaged Bargain Seekers
787001,1,1,High,Low,Engaged Bargain Seekers
787018,3,0,Low,High,High-Value At-Risk
787086,1,1,High,Low,Engaged Bargain Seekers
787172,3,0,Low,High,High-Value At-Risk
787249,3,0,Low,High,High-Value At-Risk
787276,1,1,High,Low,Engaged Bargain Seekers
787277,0,1,High,Low,Engaged Bargain Seekers
787322,3,0,Low,High,High-Value At-Risk
787416,1,1,High,Low,Engaged Bargain Seekers
787472,1,1,High,Low,Engaged Bargain Seekers
787525,1,1,High,Low,Engaged Bargain Seekers
787548,1,1,High,Low,Engaged Bargain Seekers
787571,0,1,High,Low,Engaged Bargain Seekers
787606,1,1,High,Low,Engaged Bargain Seekers
787625,1,1,High,Low,Engaged Bargain Seekers
787651,3,0,Low,High,High-Value At-Risk
787660,1,2,High,Medium,Rising Loyalists
787763,1,1,High,Low,Engaged Bargain Seekers
787833,1,1,High,Low,Engaged Bargain Seekers
787875,1,1,High,Low,Engaged Bargain Seekers
787899,3,0,Low,High,High-Value At-Risk
787911,3,0,Low,High,High-Value At-Risk
788001,1,1,High,Low,Engaged Bargain Seekers
788091,1,1,High,Low,Engaged Bargain Seekers
788159,1,1,High,Low,Engaged Bargain Seekers
788217,0,1,High,Low,Engaged Bargain Seekers
788283,0,1,High,Low,Engaged Bargain Seekers
788292,1,1,High,Low,Engaged Bargain Seekers
788325,1,1,High,Low,Engaged Bargain Seekers
788332,1,1,High,Low,Engaged Bargain Seekers
788354,1,1,High,Low,Engaged Bargain Seekers
788407,1,1,High,Low,Engaged Bargain Seekers
788460,0,1,High,Low,Engaged Bargain Seekers
788515,1,1,High,Low,Engaged Bargain Seekers
788555,0,0,High,High,Elite Frequent Flyers
788759,1,1,High,Low,Engaged Bargain Seekers
788870,1,1,High,Low,Engaged Bargain Seekers
788947,1,1,High,Low,Engaged Bargain Seekers
788997,1,1,High,Low,Engaged Bargain Seekers
789001,1,1,High,Low,Engaged Bargain Seekers
789004,1,1,High,Low,Engaged Bargain Seekers
789052,1,1,High,Low,Engaged Bargain Seekers
789057,0,1,High,Low,Engaged Bargain Seekers
789120,1,1,High,Low,Engaged Bargain Seekers
789148,1,1,High,Low,Engaged Bargain Seekers
789149,1,2,High,Medium,Rising Loyalists
789157,0,1,High,Low,Engaged Bargain Seekers
789190,1,1,High,Low,Engaged Bargain Seekers
789206,1,1,High,Low,Engaged Bargain Seekers
789288,0,1,High,Low,Engaged Bargain Seekers
789303,1,1,High,Low,Engaged Bargain Seekers
789421,1,1,High,Low,Engaged Bargain Seekers
789431,3,1,Low,Low,Dormant / Churned
789444,1,1,High,Low,Engaged Bargain Seekers
789465,0,1,High,Low,Engaged Bargain Seekers
789573,1,1,High,Low,Engaged Bargain Seekers
789624,1,1,High,Low,Engaged Bargain Seekers
789797,1,1,High,Low,Engaged Bargain Seekers
789826,1,1,High,Low,Engaged Bargain Seekers
789859,1,1,High,Low,Engaged Bargain Seekers
789892,1,1,High,Low,Engaged Bargain Seekers
789932,1,1,High,Low,Engaged Bargain Seekers
790008,1,2,High,Medium,Rising Loyalists
790089,1,1,High,Low,Engaged Bargain Seekers
790094,1,1,High,Low,Engaged Bargain Seekers
790123,1,1,High,Low,Engaged Bargain Seekers
790165,1,2,High,Medium,Rising Loyalists
790178,1,1,High,Low,Engaged Bargain Seekers
790240,1,1,High,Low,Engaged Bargain Seekers
790287,0,1,High,Low,Engaged Bargain Seekers
790303,1,1,High,Low,Engaged Bargain Seekers
790341,1,1,High,Low,Engaged Bargain Seekers
790346,0,1,High,Low,Engaged Bargain Seekers
790366,3,1,Low,Low,Dormant / Churned
790450,1,1,High,Low,Engaged Bargain Seekers
790475,1,1,High,Low,Engaged Bargain Seekers
790649,1,1,High,Low,Engaged Bargain Seekers
790734,1,1,High,Low,Engaged Bargain Seekers
790740,0,1,High,Low,Engaged Bargain Seekers
790813,1,1,High,Low,Engaged Bargain Seekers
790940,3,0,Low,High,High-Value At-Risk
790943,0,1,High,Low,Engaged Bargain Seekers
791132,1,1,High,Low,Engaged Bargain Seekers
791202,1,1,High,Low,Engaged Bargain Seekers
791280,1,1,High,Low,Engaged Bargain Seekers
791282,0,1,High,Low,Engaged Bargain Seekers
791342,1,1,High,Low,Engaged Bargain Seekers
791355,1,1,High,Low,Engaged Bargain Seekers
791466,1,1,High,Low,Engaged Bargain Seekers
791678,1,1,High,Low,Engaged Bargain Seekers
791765,1,1,High,Low,Engaged Bargain Seekers
791809,1,1,High,Low,Engaged Bargain Seekers
791852,1,1,High,Low,Engaged Bargain Seekers
791978,1,1,High,Low,Engaged Bargain Seekers
792086,1,1,High,Low,Engaged Bargain Seekers
792094,3,1,Low,Low,Dormant / Churned
792103,1,1,High,Low,Engaged Bargain Seekers
792229,1,1,High,Low,Engaged Bargain Seekers
792277,3,0,Low,High,High-Value At-Risk
792332,1,1,High,Low,Engaged Bargain Seekers
792361,1,1,High,Low,Engaged Bargain Seekers
792383,1,1,High,Low,Engaged Bargain Seekers
792412,0,1,High,Low,Engaged Bargain Seekers
792418,1,1,High,Low,Engaged Bargain Seekers
792514,1,1,High,Low,Engaged Bargain Seekers
792695,1,1,High,Low,Engaged Bargain Seekers
792698,1,1,High,Low,Engaged Bargain Seekers
792707,1,1,High,Low,Engaged Bargain Seekers
792795,1,1,High,Low,Engaged Bargain Seekers
792873,1,1,High,Low,Engaged Bargain Seekers
792898,1,1,High,Low,Engaged Bargain Seekers
792915,1,1,High,Low,Engaged Bargain Seekers
792932,0,1,High,Low,Engaged Bargain Seekers
793094,1,1,High,Low,Engaged Bargain Seekers
793125,1,1,High,Low,Engaged Bargain Seekers
793126,1,1,High,Low,Engaged Bargain Seekers
793134,1,1,High,Low,Engaged Bargain Seekers
793154,1,1,High,Low,Engaged Bargain Seekers
793178,1,1,High,Low,Engaged Bargain Seekers
793180,0,1,High,Low,Engaged Bargain Seekers
793285,1,1,High,Low,Engaged Bargain Seekers
793318,1,1,High,Low,Engaged Bargain Seekers
793328,1,1,High,Low,Engaged Bargain Seekers
793384,1,1,High,Low,Engaged Bargain Seekers
793423,1,1,High,Low,Engaged Bargain Seekers
793473,1,1,High,Low,Engaged Bargain Seekers
793549,1,1,High,Low,Engaged Bargain Seekers
793608,0,1,High,Low,Engaged Bargain Seekers
793618,1,1,High,Low,Engaged Bargain Seekers
793619,0,1,High,Low,Engaged Bargain Seekers
793645,1,1,High,Low,Engaged Bargain Seekers
793662,1,1,High,Low,Engaged Bargain Seekers
793742,0,1,High,Low,Engaged Bargain Seekers
793761,1,1,High,Low,Engaged Bargain Seekers
793801,3,0,Low,High,High-Value At-Risk
793838,1,1,High,Low,Engaged Bargain Seekers
793892,0,1,High,Low,Engaged Bargain Seekers
793904,1,1,High,Low,Engaged Bargain Seekers
793980,1,1,High,Low,Engaged Bargain Seekers
793995,1,1,High,Low,Engaged Bargain Seekers
794024,1,1,High,Low,Engaged Bargain Seekers
794136,1,1,High,Low,Engaged Bargain Seekers
794202,0,1,High,Low,Engaged Bargain Seekers
794248,0,1,High,Low,Engaged Bargain Seekers
794286,1,1,High,Low,Engaged Bargain Seekers
794323,1,1,High,Low,Engaged Bargain Seekers
794334,3,0,Low,High,High-Value At-Risk
794348,0,1,High,Low,Engaged Bargain Seekers
794480,1,1,High,Low,Engaged Bargain Seekers
794496,1,1,High,Low,Engaged Bargain Seekers
794502,1,1,High,Low,Engaged Bargain Seekers
794523,1,1,High,Low,Engaged Bargain Seekers
794552,0,1,High,Low,Engaged Bargain Seekers
794602,1,1,High,Low,Engaged Bargain Seekers
794620,0,1,High,Low,Engaged Bargain Seekers
794625,3,0,Low,High,High-Value At-Risk
794677,1,1,High,Low,Engaged Bargain Seekers
794723,1,1,High,Low,Engaged Bargain Seekers
794752,1,1,High,Low,Engaged Bargain Seekers
794784,1,1,High,Low,Engaged Bargain Seekers
794863,1,1,High,Low,Engaged Bargain Seekers
794951,0,1,High,Low,Engaged Bargain Seekers
795084,0,1,High,Low,Engaged Bargain Seekers
795129,1,1,High,Low,Engaged Bargain Seekers
795155,3,1,Low,Low,Dormant / Churned
795174,1,1,High,Low,Engaged Bargain Seekers
795230,1,1,High,Low,Engaged Bargain Seekers
795235,0,1,High,Low,Engaged Bargain Seekers
795283,1,1,High,Low,Engaged Bargain Seekers
795446,1,2,High,Medium,Rising Loyalists
795468,1,1,High,Low,Engaged Bargain Seekers
795486,1,1,High,Low,Engaged Bargain Seekers
795492,1,1,High,Low,Engaged Bargain Seekers
795512,1,1,High,Low,Engaged Bargain Seekers
795554,3,0,Low,High,High-Value At-Risk
795607,0,1,High,Low,Engaged Bargain Seekers
795714,3,0,Low,High,High-Value At-Risk
795743,3,0,Low,High,High-Value At-Risk
795820,1,1,High,Low,Engaged Bargain Seekers
795840,0,1,High,Low,Engaged Bargain Seekers
795908,0,1,High,Low,Engaged Bargain Seekers
796099,1,1,High,Low,Engaged Bargain Seekers
796104,1,1,High,Low,Engaged Bargain Seekers
796213,1,1,High,Low,Engaged Bargain Seekers
796281,1,1,High,Low,Engaged Bargain Seekers
796347,1,1,High,Low,Engaged Bargain Seekers
796429,3,1,Low,Low,Dormant / Churned
796484,1,1,High,Low,Engaged Bargain Seekers
796508,1,1,High,Low,Engaged Bargain Seekers
796541,1,1,High,Low,Engaged Bargain Seekers
796544,0,1,High,Low,Engaged Bargain Seekers
796627,0,1,High,Low,Engaged Bargain Seekers
796670,1,1,High,Low,Engaged Bargain Seekers
796692,1,1,High,Low,Engaged Bargain Seekers
796705,0,1,High,Low,Engaged Bargain Seekers
796900,1,2,High,Medium,Rising Loyalists
796943,3,1,Low,Low,Dormant / Churned
796990,1,1,High,Low,Engaged Bargain Seekers
797078,1,1,High,Low,Engaged Bargain Seekers
797120,0,1,High,Low,Engaged Bargain Seekers
797158,1,1,High,Low,Engaged Bargain Seekers
797187,3,1,Low,Low,Dormant / Churned
797216,1,1,High,Low,Engaged Bargain Seekers
797326,0,1,High,Low,Engaged Bargain Seekers
797391,3,0,Low,High,High-Value At-Risk
797398,1,1,High,Low,Engaged Bargain Seekers
797432,0,1,High,Low,Engaged Bargain Seekers
797675,0,1,High,Low,Engaged Bargain Seekers
797685,1,1,High,Low,Engaged Bargain Seekers
797704,0,2,High,Medium,Rising Loyalists
797714,1,1,High,Low,Engaged Bargain Seekers
797845,1,1,High,Low,Engaged Bargain Seekers
797854,0,1,High,Low,Engaged Bargain Seekers
797897,1,1,High,Low,Engaged Bargain Seekers
797902,1,2,High,Medium,Rising Loyalists
797991,1,1,High,Low,Engaged Bargain Seekers
797992,0,1,High,Low,Engaged Bargain Seekers
798029,0,1,High,Low,Engaged Bargain Seekers
798216,1,1,High,Low,Engaged Bargain Seekers
798248,1,1,High,Low,Engaged Bargain Seekers
798279,1,2,High,Medium,Rising Loyalists
798351,1,1,High,Low,Engaged Bargain Seekers
798352,3,1,Low,Low,Dormant / Churned
798375,1,1,High,Low,Engaged Bargain Seekers
798433,1,1,High,Low,Engaged Bargain Seekers
798525,1,1,High,Low,Engaged Bargain Seekers
798533,1,2,High,Medium,Rising Loyalists
798662,1,1,High,Low,Engaged Bargain Seekers
798672,1,1,High,Low,Engaged Bargain Seekers
798708,0,1,High,Low,Engaged Bargain Seekers
798752,0,1,High,Low,Engaged Bargain Seekers
798814,1,1,High,Low,Engaged Bargain Seekers
798817,1,1,High,Low,Engaged Bargain Seekers
798832,1,1,High,Low,Engaged Bargain Seekers
798854,1,1,High,Low,Engaged Bargain Seekers
798869,3,2,Low,Medium,Value Fading
798871,1,1,High,Low,Engaged Bargain Seekers
798881,1,1,High,Low,Engaged Bargain Seekers
798954,1,1,High,Low,Engaged Bargain Seekers
799064,0,1,High,Low,Engaged Bargain Seekers
799148,0,1,High,Low,Engaged Bargain Seekers
799157,1,1,High,Low,Engaged Bargain Seekers
799399,1,1,High,Low,Engaged Bargain Seekers
799437,1,1,High,Low,Engaged Bargain Seekers
799510,1,1,High,Low,Engaged Bargain Seekers
799622,3,0,Low,High,High-Value At-Risk
799630,1,1,High,Low,Engaged Bargain Seekers
799655,1,1,High,Low,Engaged Bargain Seekers
799657,0,1,High,Low,Engaged Bargain Seekers
799690,1,1,High,Low,Engaged Bargain Seekers
799781,1,1,High,Low,Engaged Bargain Seekers
799857,1,1,High,Low,Engaged Bargain Seekers
799919,1,1,High,Low,Engaged Bargain Seekers
799967,1,1,High,Low,Engaged Bargain Seekers
799992,1,1,High,Low,Engaged Bargain Seekers
800016,1,1,High,Low,Engaged Bargain Seekers
800075,1,1,High,Low,Engaged Bargain Seekers
800094,1,1,High,Low,Engaged Bargain Seekers
800137,1,1,High,Low,Engaged Bargain Seekers
800196,0,2,High,Medium,Rising Loyalists
800220,0,1,High,Low,Engaged Bargain Seekers
800268,0,1,High,Low,Engaged Bargain Seekers
800357,1,1,High,Low,Engaged Bargain Seekers
800433,1,1,High,Low,Engaged Bargain Seekers
800450,1,1,High,Low,Engaged Bargain Seekers
800481,1,1,High,Low,Engaged Bargain Seekers
800499,1,1,High,Low,Engaged Bargain Seekers
800571,1,1,High,Low,Engaged Bargain Seekers
800610,1,1,High,Low,Engaged Bargain Seekers
800726,1,1,High,Low,Engaged Bargain Seekers
800800,1,1,High,Low,Engaged Bargain Seekers
800831,0,1,High,Low,Engaged Bargain Seekers
800878,1,1,High,Low,Engaged Bargain Seekers
800923,1,1,High,Low,Engaged Bargain Seekers
800945,3,0,Low,High,High-Value At-Risk
800998,0,1,High,Low,Engaged Bargain Seekers
801146,1,2,High,Medium,Rising Loyalists
801176,1,1,High,Low,Engaged Bargain Seekers
801227,1,1,High,Low,Engaged Bargain Seekers
801241,3,0,Low,High,High-Value At-Risk
801338,1,1,High,Low,Engaged Bargain Seekers
801368,1,1,High,Low,Engaged Bargain Seekers
801391,1,1,High,Low,Engaged Bargain Seekers
801483,1,1,High,Low,Engaged Bargain Seekers
801542,0,0,High,High,Elite Frequent Flyers
801607,3,1,Low,Low,Dormant / Churned
801738,1,2,High,Medium,Rising Loyalists
801788,1,2,High,Medium,Rising Loyalists
801821,1,1,High,Low,Engaged Bargain Seekers
801832,3,1,Low,Low,Dormant / Churned
801882,1,1,High,Low,Engaged Bargain Seekers
801948,0,1,High,Low,Engaged Bargain Seekers
801953,1,1,High,Low,Engaged Bargain Seekers
802002,1,1,High,Low,Engaged Bargain Seekers
802023,3,1,Low,Low,Dormant / Churned
802084,0,1,High,Low,Engaged Bargain Seekers
802196,1,1,High,Low,Engaged Bargain Seekers
802200,1,1,High,Low,Engaged Bargain Seekers
802206,1,1,High,Low,Engaged Bargain Seekers
802305,1,1,High,Low,Engaged Bargain Seekers
802316,1,1,High,Low,Engaged Bargain Seekers
802336,0,1,High,Low,Engaged Bargain Seekers
802425,1,1,High,Low,Engaged Bargain Seekers
802452,1,1,High,Low,Engaged Bargain Seekers
802470,1,1,High,Low,Engaged Bargain Seekers
802478,1,1,High,Low,Engaged Bargain Seekers
802519,3,0,Low,High,High-Value At-Risk
802535,0,1,High,Low,Engaged Bargain Seekers
802556,1,1,High,Low,Engaged Bargain Seekers
802621,1,2,High,Medium,Rising Loyalists
802645,1,1,High,Low,Engaged Bargain Seekers
802797,1,1,High,Low,Engaged Bargain Seekers
802860,1,1,High,Low,Engaged Bargain Seekers
802870,1,1,High,Low,Engaged Bargain Seekers
802958,3,1,Low,Low,Dormant / Churned
802974,3,0,Low,High,High-Value At-Risk
803084,0,1,High,Low,Engaged Bargain Seekers
803150,1,1,High,Low,Engaged Bargain Seekers
803177,0,1,High,Low,Engaged Bargain Seekers
803234,1,1,High,Low,Engaged Bargain Seekers
803252,3,0,Low,High,High-Value At-Risk
803357,3,1,Low,Low,Dormant / Churned
803407,1,1,High,Low,Engaged Bargain Seekers
803529,1,1,High,Low,Engaged Bargain Seekers
803586,1,1,High,Low,Engaged Bargain Seekers
803587,0,2,High,Medium,Rising Loyalists
803656,0,1,High,Low,Engaged Bargain Seekers
803747,1,1,High,Low,Engaged Bargain Seekers
803796,1,1,High,Low,Engaged Bargain Seekers
803830,1,1,High,Low,Engaged Bargain Seekers
803844,1,1,High,Low,Engaged Bargain Seekers
803956,1,1,High,Low,Engaged Bargain Seekers
803976,1,2,High,Medium,Rising Loyalists
804137,1,1,High,Low,Engaged Bargain Seekers
804239,1,1,High,Low,Engaged Bargain Seekers
804259,1,1,High,Low,Engaged Bargain Seekers
804328,1,1,High,Low,Engaged Bargain Seekers
804368,1,1,High,Low,Engaged Bargain Seekers
804402,1,1,High,Low,Engaged Bargain Seekers
804438,1,1,High,Low,Engaged Bargain Seekers
804510,3,0,Low,High,High-Value At-Risk
804521,1,1,High,Low,Engaged Bargain Seekers
804534,1,1,High,Low,Engaged Bargain Seekers
804536,1,1,High,Low,Engaged Bargain Seekers
804557,1,1,High,Low,Engaged Bargain Seekers
804710,1,1,High,Low,Engaged Bargain Seekers
804770,0,1,High,Low,Engaged Bargain Seekers
804784,1,1,High,Low,Engaged Bargain Seekers
804816,0,1,High,Low,Engaged Bargain Seekers
804890,0,1,High,Low,Engaged Bargain Seekers
804911,3,0,Low,High,High-Value At-Risk
804930,1,1,High,Low,Engaged Bargain Seekers
805008,1,1,High,Low,Engaged Bargain Seekers
805013,0,1,High,Low,Engaged Bargain Seekers
805110,1,1,High,Low,Engaged Bargain Seekers
805140,1,1,High,Low,Engaged Bargain Seekers
805159,1,1,High,Low,Engaged Bargain Seekers
805170,1,1,High,Low,Engaged Bargain Seekers
805226,0,1,High,Low,Engaged Bargain Seekers
805349,1,1,High,Low,Engaged Bargain Seekers
805377,1,1,High,Low,Engaged Bargain Seekers
805431,1,1,High,Low,Engaged Bargain Seekers
805545,1,1,High,Low,Engaged Bargain Seekers
805574,1,1,High,Low,Engaged Bargain Seekers
805598,0,1,High,Low,Engaged Bargain Seekers
805816,1,1,High,Low,Engaged Bargain Seekers
805890,1,1,High,Low,Engaged Bargain Seekers
805902,0,0,High,High,Elite Frequent Flyers
805932,1,2,High,Medium,Rising Loyalists
805977,1,1,High,Low,Engaged Bargain Seekers
806008,1,1,High,Low,Engaged Bargain Seekers
806030,0,1,High,Low,Engaged Bargain Seekers
806157,0,1,High,Low,Engaged Bargain Seekers
806168,1,1,High,Low,Engaged Bargain Seekers
806196,1,1,High,Low,Engaged Bargain Seekers
806283,1,1,High,Low,Engaged Bargain Seekers
806348,1,1,High,Low,Engaged Bargain Seekers
806598,1,1,High,Low,Engaged Bargain Seekers
806639,1,1,High,Low,Engaged Bargain Seekers
806815,1,1,High,Low,Engaged Bargain Seekers
806839,0,1,High,Low,Engaged Bargain Seekers
806850,1,1,High,Low,Engaged Bargain Seekers
806859,0,1,High,Low,Engaged Bargain Seekers
806995,1,1,High,Low,Engaged Bargain Seekers
807058,0,1,High,Low,Engaged Bargain Seekers
807074,3,1,Low,Low,Dormant / Churned
807134,1,1,High,Low,Engaged Bargain Seekers
807152,1,1,High,Low,Engaged Bargain Seekers
807211,1,1,High,Low,Engaged Bargain Seekers
807256,1,1,High,Low,Engaged Bargain Seekers
807262,3,1,Low,Low,Dormant / Churned
807289,1,1,High,Low,Engaged Bargain Seekers
807297,1,1,High,Low,Engaged Bargain Seekers
807553,1,2,High,Medium,Rising Loyalists
807570,1,1,High,Low,Engaged Bargain Seekers
807589,1,1,High,Low,Engaged Bargain Seekers
807681,1,1,High,Low,Engaged Bargain Seekers
807769,1,1,High,Low,Engaged Bargain Seekers
807902,1,1,High,Low,Engaged Bargain Seekers
807942,3,0,Low,High,High-Value At-Risk
807970,0,1,High,Low,Engaged Bargain Seekers
808005,1,1,High,Low,Engaged Bargain Seekers
808096,1,2,High,Medium,Rising Loyalists
808206,1,1,High,Low,Engaged Bargain Seekers
808341,2,1,Low,Low,Dormant / Churned
808353,1,1,High,Low,Engaged Bargain Seekers
808392,1,1,High,Low,Engaged Bargain Seekers
808399,1,1,High,Low,Engaged Bargain Seekers
808498,1,1,High,Low,Engaged Bargain Seekers
808524,1,2,High,Medium,Rising Loyalists
808721,1,1,High,Low,Engaged Bargain Seekers
808920,0,1,High,Low,Engaged Bargain Seekers
809016,1,1,High,Low,Engaged Bargain Seekers
809024,1,1,High,Low,Engaged Bargain Seekers
809107,1,1,High,Low,Engaged Bargain Seekers
809207,0,1,High,Low,Engaged Bargain Seekers
809216,1,1,High,Low,Engaged Bargain Seekers
809218,1,1,High,Low,Engaged Bargain Seekers
809299,1,1,High,Low,Engaged Bargain Seekers
809301,3,0,Low,High,High-Value At-Risk
809404,1,1,High,Low,Engaged Bargain Seekers
809449,1,1,High,Low,Engaged Bargain Seekers
809587,1,1,High,Low,Engaged Bargain Seekers
809681,1,1,High,Low,Engaged Bargain Seekers
809728,0,1,High,Low,Engaged Bargain Seekers
809733,1,1,High,Low,Engaged Bargain Seekers
810028,1,1,High,Low,Engaged Bargain Seekers
810071,1,1,High,Low,Engaged Bargain Seekers
810100,1,1,High,Low,Engaged Bargain Seekers
810257,1,1,High,Low,Engaged Bargain Seekers
810338,1,1,High,Low,Engaged Bargain Seekers
810448,1,1,High,Low,Engaged Bargain Seekers
810482,1,1,High,Low,Engaged Bargain Seekers
810503,0,1,High,Low,Engaged Bargain Seekers
810517,0,1,High,Low,Engaged Bargain Seekers
810581,1,1,High,Low,Engaged Bargain Seekers
810621,1,1,High,Low,Engaged Bargain Seekers
810668,1,2,High,Medium,Rising Loyalists
810693,0,1,High,Low,Engaged Bargain Seekers
810755,1,1,High,Low,Engaged Bargain Seekers
810833,1,1,High,Low,Engaged Bargain Seekers
810899,1,1,High,Low,Engaged Bargain Seekers
810990,1,1,High,Low,Engaged Bargain Seekers
811022,0,1,High,Low,Engaged Bargain Seekers
811139,1,1,High,Low,Engaged Bargain Seekers
811140,0,1,High,Low,Engaged Bargain Seekers
811162,1,1,High,Low,Engaged Bargain Seekers
811289,1,1,High,Low,Engaged Bargain Seekers
811333,1,2,High,Medium,Rising Loyalists
811335,1,1,High,Low,Engaged Bargain Seekers
811429,3,1,Low,Low,Dormant / Churned
811430,0,1,High,Low,Engaged Bargain Seekers
811471,1,1,High,Low,Engaged Bargain Seekers
811567,1,1,High,Low,Engaged Bargain Seekers
811569,1,1,High,Low,Engaged Bargain Seekers
811612,0,1,High,Low,Engaged Bargain Seekers
811619,1,1,High,Low,Engaged Bargain Seekers
811684,1,1,High,Low,Engaged Bargain Seekers
811746,1,1,High,Low,Engaged Bargain Seekers
811748,0,1,High,Low,Engaged Bargain Seekers
811802,1,1,High,Low,Engaged Bargain Seekers
811959,0,1,High,Low,Engaged Bargain Seekers
812042,1,1,High,Low,Engaged Bargain Seekers
812057,1,1,High,Low,Engaged Bargain Seekers
812149,1,1,High,Low,Engaged Bargain Seekers
812152,1,1,High,Low,Engaged Bargain Seekers
812248,1,1,High,Low,Engaged Bargain Seekers
812282,1,1,High,Low,Engaged Bargain Seekers
812373,1,1,High,Low,Engaged Bargain Seekers
812417,1,1,High,Low,Engaged Bargain Seekers
812513,1,1,High,Low,Engaged Bargain Seekers
812599,1,1,High,Low,Engaged Bargain Seekers
812617,0,1,High,Low,Engaged Bargain Seekers
812628,0,1,High,Low,Engaged Bargain Seekers
812804,0,1,High,Low,Engaged Bargain Seekers
812894,1,2,High,Medium,Rising Loyalists
812899,1,1,High,Low,Engaged Bargain Seekers
813320,1,1,High,Low,Engaged Bargain Seekers
813352,3,0,Low,High,High-Value At-Risk
813439,1,1,High,Low,Engaged Bargain Seekers
813455,1,1,High,Low,Engaged Bargain Seekers
813520,1,1,High,Low,Engaged Bargain Seekers
813567,1,1,High,Low,Engaged Bargain Seekers
813620,1,2,High,Medium,Rising Loyalists
813652,1,1,High,Low,Engaged Bargain Seekers
813681,1,1,High,Low,Engaged Bargain Seekers
813725,1,1,High,Low,Engaged Bargain Seekers
813739,1,1,High,Low,Engaged Bargain Seekers
813868,0,1,High,Low,Engaged Bargain Seekers
813931,1,1,High,Low,Engaged Bargain Seekers
814067,1,1,High,Low,Engaged Bargain Seekers
814112,1,1,High,Low,Engaged Bargain Seekers
814236,1,1,High,Low,Engaged Bargain Seekers
814490,0,1,High,Low,Engaged Bargain Seekers
814653,1,1,High,Low,Engaged Bargain Seekers
814698,0,1,High,Low,Engaged Bargain Seekers
814703,1,1,High,Low,Engaged Bargain Seekers
814748,1,1,High,Low,Engaged Bargain Seekers
814894,0,1,High,Low,Engaged Bargain Seekers
815207,1,2,High,Medium,Rising Loyalists
815248,0,1,High,Low,Engaged Bargain Seekers
815328,0,1,High,Low,Engaged Bargain Seekers
815344,0,1,High,Low,Engaged Bargain Seekers
815381,3,0,Low,High,High-Value At-Risk
815498,1,1,High,Low,Engaged Bargain Seekers
815541,1,1,High,Low,Engaged Bargain Seekers
815584,0,1,High,Low,Engaged Bargain Seekers
815603,3,1,Low,Low,Dormant / Churned
815626,1,1,High,Low,Engaged Bargain Seekers
815643,1,1,High,Low,Engaged Bargain Seekers
815718,1,1,High,Low,Engaged Bargain Seekers
815789,1,1,High,Low,Engaged Bargain Seekers
815796,1,2,High,Medium,Rising Loyalists
815804,1,1,High,Low,Engaged Bargain Seekers
815834,1,1,High,Low,Engaged Bargain Seekers
815841,0,1,High,Low,Engaged Bargain Seekers
815850,1,1,High,Low,Engaged Bargain Seekers
816110,1,1,High,Low,Engaged Bargain Seekers
816122,0,1,High,Low,Engaged Bargain Seekers
816196,1,1,High,Low,Engaged Bargain Seekers
816323,1,1,High,Low,Engaged Bargain Seekers
816330,0,1,High,Low,Engaged Bargain Seekers
816406,3,0,Low,High,High-Value At-Risk
816420,1,1,High,Low,Engaged Bargain Seekers
816510,0,1,High,Low,Engaged Bargain Seekers
816593,1,1,High,Low,Engaged Bargain Seekers
816608,1,1,High,Low,Engaged Bargain Seekers
816705,1,1,High,Low,Engaged Bargain Seekers
816763,1,1,High,Low,Engaged Bargain Seekers
816881,1,1,High,Low,Engaged Bargain Seekers
816937,0,1,High,Low,Engaged Bargain Seekers
816983,1,1,High,Low,Engaged Bargain Seekers
817041,3,0,Low,High,High-Value At-Risk
817066,1,1,High,Low,Engaged Bargain Seekers
817069,0,1,High,Low,Engaged Bargain Seekers
817070,1,1,High,Low,Engaged Bargain Seekers
817074,0,1,High,Low,Engaged Bargain Seekers
817102,1,1,High,Low,Engaged Bargain Seekers
817135,0,1,High,Low,Engaged Bargain Seekers
817136,1,1,High,Low,Engaged Bargain Seekers
817158,1,1,High,Low,Engaged Bargain Seekers
817168,1,1,High,Low,Engaged Bargain Seekers
817191,1,1,High,Low,Engaged Bargain Seekers
817245,1,1,High,Low,Engaged Bargain Seekers
817288,0,2,High,Medium,Rising Loyalists
817298,0,1,High,Low,Engaged Bargain Seekers
817375,1,1,High,Low,Engaged Bargain Seekers
817456,1,1,High,Low,Engaged Bargain Seekers
817520,1,1,High,Low,Engaged Bargain Seekers
817527,1,1,High,Low,Engaged Bargain Seekers
817573,1,1,High,Low,Engaged Bargain Seekers
817609,1,1,High,Low,Engaged Bargain Seekers
817613,1,1,High,Low,Engaged Bargain Seekers
817714,1,2,High,Medium,Rising Loyalists
817744,1,1,High,Low,Engaged Bargain Seekers
817822,1,1,High,Low,Engaged Bargain Seekers
817851,1,1,High,Low,Engaged Bargain Seekers
817932,1,1,High,Low,Engaged Bargain Seekers
818040,3,1,Low,Low,Dormant / Churned
818077,1,1,High,Low,Engaged Bargain Seekers
818114,1,1,High,Low,Engaged Bargain Seekers
818271,0,1,High,Low,Engaged Bargain Seekers
818329,0,1,High,Low,Engaged Bargain Seekers
818391,0,1,High,Low,Engaged Bargain Seekers
818454,1,1,High,Low,Engaged Bargain Seekers
818484,1,1,High,Low,Engaged Bargain Seekers
818567,1,1,High,Low,Engaged Bargain Seekers
818597,1,1,High,Low,Engaged Bargain Seekers
818616,1,1,High,Low,Engaged Bargain Seekers
818864,1,2,High,Medium,Rising Loyalists
818870,0,1,High,Low,Engaged Bargain Seekers
818881,0,1,High,Low,Engaged Bargain Seekers
818886,3,0,Low,High,High-Value At-Risk
818940,1,1,High,Low,Engaged Bargain Seekers
818995,1,1,High,Low,Engaged Bargain Seekers
819055,1,1,High,Low,Engaged Bargain Seekers
819077,1,1,High,Low,Engaged Bargain Seekers
819149,1,1,High,Low,Engaged Bargain Seekers
819246,3,0,Low,High,High-Value At-Risk
819255,0,1,High,Low,Engaged Bargain Seekers
819267,1,1,High,Low,Engaged Bargain Seekers
819315,0,1,High,Low,Engaged Bargain Seekers
819375,1,2,High,Medium,Rising Loyalists
819448,0,1,High,Low,Engaged Bargain Seekers
819497,1,1,High,Low,Engaged Bargain Seekers
819498,0,1,High,Low,Engaged Bargain Seekers
819521,0,1,High,Low,Engaged Bargain Seekers
819569,1,1,High,Low,Engaged Bargain Seekers
819592,1,1,High,Low,Engaged Bargain Seekers
819664,1,1,High,Low,Engaged Bargain Seekers
819718,1,1,High,Low,Engaged Bargain Seekers
819765,1,1,High,Low,Engaged Bargain Seekers
819809,1,1,High,Low,Engaged Bargain Seekers
819842,0,1,High,Low,Engaged Bargain Seekers
819924,1,2,High,Medium,Rising Loyalists
819969,1,1,High,Low,Engaged Bargain Seekers
820164,1,1,High,Low,Engaged Bargain Seekers
820187,3,0,Low,High,High-Value At-Risk
820204,1,1,High,Low,Engaged Bargain Seekers
820223,1,1,High,Low,Engaged Bargain Seekers
820265,0,1,High,Low,Engaged Bargain Seekers
820341,1,1,High,Low,Engaged Bargain Seekers
820344,0,1,High,Low,Engaged Bargain Seekers
820370,1,1,High,Low,Engaged Bargain Seekers
820406,1,1,High,Low,Engaged Bargain Seekers
820454,1,1,High,Low,Engaged Bargain Seekers
820501,1,1,High,Low,Engaged Bargain Seekers
820541,1,1,High,Low,Engaged Bargain Seekers
820542,1,1,High,Low,Engaged Bargain Seekers
821010,1,1,High,Low,Engaged Bargain Seekers
821043,1,1,High,Low,Engaged Bargain Seekers
821117,1,1,High,Low,Engaged Bargain Seekers
821137,1,1,High,Low,Engaged Bargain Seekers
821202,1,1,High,Low,Engaged Bargain Seekers
821216,1,1,High,Low,Engaged Bargain Seekers
821296,1,1,High,Low,Engaged Bargain Seekers
821314,1,1,High,Low,Engaged Bargain Seekers
821325,0,1,High,Low,Engaged Bargain Seekers
821379,0,1,High,Low,Engaged Bargain Seekers
821404,1,1,High,Low,Engaged Bargain Seekers
821419,0,1,High,Low,Engaged Bargain Seekers
821462,1,1,High,Low,Engaged Bargain Seekers
821515,0,1,High,Low,Engaged Bargain Seekers
821705,3,1,Low,Low,Dormant / Churned
821712,3,0,Low,High,High-Value At-Risk
821739,1,1,High,Low,Engaged Bargain Seekers
821820,1,1,High,Low,Engaged Bargain Seekers
821918,1,2,High,Medium,Rising Loyalists
821944,0,1,High,Low,Engaged Bargain Seekers
822051,1,1,High,Low,Engaged Bargain Seekers
822066,1,1,High,Low,Engaged Bargain Seekers
822102,0,1,High,Low,Engaged Bargain Seekers
822122,1,2,High,Medium,Rising Loyalists
822205,0,1,High,Low,Engaged Bargain Seekers
822211,1,1,High,Low,Engaged Bargain Seekers
822305,1,1,High,Low,Engaged Bargain Seekers
822507,1,1,High,Low,Engaged Bargain Seekers
822555,1,1,High,Low,Engaged Bargain Seekers
822653,3,1,Low,Low,Dormant / Churned
822665,1,1,High,Low,Engaged Bargain Seekers
822694,1,1,High,Low,Engaged Bargain Seekers
822696,1,1,High,Low,Engaged Bargain Seekers
822723,0,1,High,Low,Engaged Bargain Seekers
822727,1,1,High,Low,Engaged Bargain Seekers
822749,1,1,High,Low,Engaged Bargain Seekers
822765,1,1,High,Low,Engaged Bargain Seekers
822811,0,1,High,Low,Engaged Bargain Seekers
822901,0,1,High,Low,Engaged Bargain Seekers
822956,1,1,High,Low,Engaged Bargain Seekers
822995,1,2,High,Medium,Rising Loyalists
823048,0,1,High,Low,Engaged Bargain Seekers
823112,1,1,High,Low,Engaged Bargain Seekers
823113,1,2,High,Medium,Rising Loyalists
823208,1,1,High,Low,Engaged Bargain Seekers
823212,3,1,Low,Low,Dormant / Churned
823257,0,1,High,Low,Engaged Bargain Seekers
823319,1,1,High,Low,Engaged Bargain Seekers
823436,0,1,High,Low,Engaged Bargain Seekers
823453,0,2,High,Medium,Rising Loyalists
823567,0,2,High,Medium,Rising Loyalists
823590,1,1,High,Low,Engaged Bargain Seekers
823628,0,1,High,Low,Engaged Bargain Seekers
823663,3,1,Low,Low,Dormant / Churned
823665,1,1,High,Low,Engaged Bargain Seekers
823740,1,1,High,Low,Engaged Bargain Seekers
823761,1,1,High,Low,Engaged Bargain Seekers
823768,1,2,High,Medium,Rising Loyalists
823789,1,1,High,Low,Engaged Bargain Seekers
823816,1,1,High,Low,Engaged Bargain Seekers
823986,0,1,High,Low,Engaged Bargain Seekers
823998,1,1,High,Low,Engaged Bargain Seekers
824076,3,0,Low,High,High-Value At-Risk
824133,1,1,High,Low,Engaged Bargain Seekers
824163,1,1,High,Low,Engaged Bargain Seekers
824216,1,1,High,Low,Engaged Bargain Seekers
824259,1,1,High,Low,Engaged Bargain Seekers
824315,1,1,High,Low,Engaged Bargain Seekers
824351,1,1,High,Low,Engaged Bargain Seekers
824360,1,1,High,Low,Engaged Bargain Seekers
824414,1,1,High,Low,Engaged Bargain Seekers
824462,1,1,High,Low,Engaged Bargain Seekers
824486,1,1,High,Low,Engaged Bargain Seekers
824610,1,1,High,Low,Engaged Bargain Seekers
824668,1,1,High,Low,Engaged Bargain Seekers
824712,1,1,High,Low,Engaged Bargain Seekers
824906,1,1,High,Low,Engaged Bargain Seekers
824917,1,1,High,Low,Engaged Bargain Seekers
824990,1,1,High,Low,Engaged Bargain Seekers
825165,1,1,High,Low,Engaged Bargain Seekers
825217,1,1,High,Low,Engaged Bargain Seekers
825239,1,1,High,Low,Engaged Bargain Seekers
825254,0,1,High,Low,Engaged Bargain Seekers
825315,1,1,High,Low,Engaged Bargain Seekers
825333,0,1,High,Low,Engaged Bargain Seekers
825336,1,1,High,Low,Engaged Bargain Seekers
825464,1,1,High,Low,Engaged Bargain Seekers
825465,1,1,High,Low,Engaged Bargain Seekers
825484,1,1,High,Low,Engaged Bargain Seekers
825490,1,1,High,Low,Engaged Bargain Seekers
825517,1,1,High,Low,Engaged Bargain Seekers
825569,1,1,High,Low,Engaged Bargain Seekers
825593,1,1,High,Low,Engaged Bargain Seekers
825730,3,0,Low,High,High-Value At-Risk
825809,1,1,High,Low,Engaged Bargain Seekers
825920,3,1,Low,Low,Dormant / Churned
826113,0,1,High,Low,Engaged Bargain Seekers
826136,1,1,High,Low,Engaged Bargain Seekers
826149,1,1,High,Low,Engaged Bargain Seekers
826166,0,1,High,Low,Engaged Bargain Seekers
826230,3,1,Low,Low,Dormant / Churned
826271,0,1,High,Low,Engaged Bargain Seekers
826304,1,1,High,Low,Engaged Bargain Seekers
826312,3,0,Low,High,High-Value At-Risk
826556,0,1,High,Low,Engaged Bargain Seekers
826589,1,1,High,Low,Engaged Bargain Seekers
826697,0,1,High,Low,Engaged Bargain Seekers
826930,3,0,Low,High,High-Value At-Risk
826975,0,1,High,Low,Engaged Bargain Seekers
826984,3,0,Low,High,High-Value At-Risk
827147,1,1,High,Low,Engaged Bargain Seekers
827164,1,1,High,Low,Engaged Bargain Seekers
827172,1,1,High,Low,Engaged Bargain Seekers
827190,1,1,High,Low,Engaged Bargain Seekers
827194,0,1,High,Low,Engaged Bargain Seekers
827215,1,2,High,Medium,Rising Loyalists
827275,1,2,High,Medium,Rising Loyalists
827288,0,1,High,Low,Engaged Bargain Seekers
827309,1,1,High,Low,Engaged Bargain Seekers
827334,1,1,High,Low,Engaged Bargain Seekers
827339,1,1,High,Low,Engaged Bargain Seekers
827353,0,1,High,Low,Engaged Bargain Seekers
827546,1,1,High,Low,Engaged Bargain Seekers
827668,0,1,High,Low,Engaged Bargain Seekers
827677,0,1,High,Low,Engaged Bargain Seekers
827731,1,1,High,Low,Engaged Bargain Seekers
827790,0,1,High,Low,Engaged Bargain Seekers
827815,3,0,Low,High,High-Value At-Risk
827819,1,1,High,Low,Engaged Bargain Seekers
828026,1,1,High,Low,Engaged Bargain Seekers
828040,0,1,High,Low,Engaged Bargain Seekers
828076,1,1,High,Low,Engaged Bargain Seekers
828109,0,1,High,Low,Engaged Bargain Seekers
828136,1,1,High,Low,Engaged Bargain Seekers
828182,1,1,High,Low,Engaged Bargain Seekers
828232,1,1,High,Low,Engaged Bargain Seekers
828328,2,0,Low,High,High-Value At-Risk
828353,1,1,High,Low,Engaged Bargain Seekers
828481,1,1,High,Low,Engaged Bargain Seekers
828643,1,1,High,Low,Engaged Bargain Seekers
828731,1,1,High,Low,Engaged Bargain Seekers
828735,1,1,High,Low,Engaged Bargain Seekers
828776,1,1,High,Low,Engaged Bargain Seekers
828816,1,1,High,Low,Engaged Bargain Seekers
828817,1,1,High,Low,Engaged Bargain Seekers
828852,1,1,High,Low,Engaged Bargain Seekers
828862,0,1,High,Low,Engaged Bargain Seekers
828884,3,1,Low,Low,Dormant / Churned
828895,1,1,High,Low,Engaged Bargain Seekers
828918,1,1,High,Low,Engaged Bargain Seekers
828924,0,1,High,Low,Engaged Bargain Seekers
828959,1,1,High,Low,Engaged Bargain Seekers
828967,1,1,High,Low,Engaged Bargain Seekers
828988,1,1,High,Low,Engaged Bargain Seekers
829003,1,1,High,Low,Engaged Bargain Seekers
829162,1,1,High,Low,Engaged Bargain Seekers
829263,1,1,High,Low,Engaged Bargain Seekers
829291,1,1,High,Low,Engaged Bargain Seekers
829316,3,0,Low,High,High-Value At-Risk
829476,1,1,High,Low,Engaged Bargain Seekers
829505,1,1,High,Low,Engaged Bargain Seekers
829588,1,1,High,Low,Engaged Bargain Seekers
829627,1,1,High,Low,Engaged Bargain Seekers
829663,1,1,High,Low,Engaged Bargain Seekers
829684,1,1,High,Low,Engaged Bargain Seekers
829861,1,1,High,Low,Engaged Bargain Seekers
829863,3,0,Low,High,High-Value At-Risk
829886,1,2,High,Medium,Rising Loyalists
830024,1,1,High,Low,Engaged Bargain Seekers
830071,0,1,High,Low,Engaged Bargain Seekers
830171,1,1,High,Low,Engaged Bargain Seekers
830223,1,1,High,Low,Engaged Bargain Seekers
830225,1,1,High,Low,Engaged Bargain Seekers
830385,1,1,High,Low,Engaged Bargain Seekers
830394,3,1,Low,Low,Dormant / Churned
830446,1,1,High,Low,Engaged Bargain Seekers
830503,1,1,High,Low,Engaged Bargain Seekers
830547,0,1,High,Low,Engaged Bargain Seekers
830564,1,1,High,Low,Engaged Bargain Seekers
830673,1,1,High,Low,Engaged Bargain Seekers
830743,1,1,High,Low,Engaged Bargain Seekers
830777,1,1,High,Low,Engaged Bargain Seekers
830811,1,1,High,Low,Engaged Bargain Seekers
830818,1,1,High,Low,Engaged Bargain Seekers
830836,3,0,Low,High,High-Value At-Risk
830903,0,1,High,Low,Engaged Bargain Seekers
830931,1,1,High,Low,Engaged Bargain Seekers
830975,1,1,High,Low,Engaged Bargain Seekers
831035,1,1,High,Low,Engaged Bargain Seekers
831087,1,1,High,Low,Engaged Bargain Seekers
831180,1,1,High,Low,Engaged Bargain Seekers
831253,1,1,High,Low,Engaged Bargain Seekers
831341,3,1,Low,Low,Dormant / Churned
831404,1,1,High,Low,Engaged Bargain Seekers
831424,0,1,High,Low,Engaged Bargain Seekers
831442,1,1,High,Low,Engaged Bargain Seekers
831545,0,1,High,Low,Engaged Bargain Seekers
831644,0,1,High,Low,Engaged Bargain Seekers
831693,0,1,High,Low,Engaged Bargain Seekers
831696,1,1,High,Low,Engaged Bargain Seekers
831780,0,1,High,Low,Engaged Bargain Seekers
831797,0,1,High,Low,Engaged Bargain Seekers
831812,0,1,High,Low,Engaged Bargain Seekers
831829,1,1,High,Low,Engaged Bargain Seekers
831854,0,1,High,Low,Engaged Bargain Seekers
831860,1,1,High,Low,Engaged Bargain Seekers
831928,0,1,High,Low,Engaged Bargain Seekers
831948,1,1,High,Low,Engaged Bargain Seekers
831964,1,1,High,Low,Engaged Bargain Seekers
831987,3,1,Low,Low,Dormant / Churned
832046,0,1,High,Low,Engaged Bargain Seekers
832062,1,1,High,Low,Engaged Bargain Seekers
832155,0,1,High,Low,Engaged Bargain Seekers
832301,1,1,High,Low,Engaged Bargain Seekers
832367,1,1,High,Low,Engaged Bargain Seekers
832431,1,1,High,Low,Engaged Bargain Seekers
832566,1,2,High,Medium,Rising Loyalists
832597,1,1,High,Low,Engaged Bargain Seekers
832625,1,1,High,Low,Engaged Bargain Seekers
832663,1,1,High,Low,Engaged Bargain Seekers
832665,1,1,High,Low,Engaged Bargain Seekers
832745,1,1,High,Low,Engaged Bargain Seekers
832810,3,1,Low,Low,Dormant / Churned
832864,1,1,High,Low,Engaged Bargain Seekers
832921,1,1,High,Low,Engaged Bargain Seekers
832983,0,1,High,Low,Engaged Bargain Seekers
833024,1,1,High,Low,Engaged Bargain Seekers
833052,1,1,High,Low,Engaged Bargain Seekers
833148,0,2,High,Medium,Rising Loyalists
833165,3,1,Low,Low,Dormant / Churned
833169,3,0,Low,High,High-Value At-Risk
833197,1,1,High,Low,Engaged Bargain Seekers
833221,0,1,High,Low,Engaged Bargain Seekers
833233,1,1,High,Low,Engaged Bargain Seekers
833305,1,1,High,Low,Engaged Bargain Seekers
833317,1,1,High,Low,Engaged Bargain Seekers
833322,1,2,High,Medium,Rising Loyalists
833397,1,1,High,Low,Engaged Bargain Seekers
833436,1,1,High,Low,Engaged Bargain Seekers
833547,0,1,High,Low,Engaged Bargain Seekers
833569,0,1,High,Low,Engaged Bargain Seekers
833576,1,1,High,Low,Engaged Bargain Seekers
833627,0,1,High,Low,Engaged Bargain Seekers
833679,1,1,High,Low,Engaged Bargain Seekers
833683,1,1,High,Low,Engaged Bargain Seekers
833701,1,1,High,Low,Engaged Bargain Seekers
833704,1,1,High,Low,Engaged Bargain Seekers
833728,1,1,High,Low,Engaged Bargain Seekers
833754,0,1,High,Low,Engaged Bargain Seekers
833765,1,1,High,Low,Engaged Bargain Seekers
833783,1,1,High,Low,Engaged Bargain Seekers
833793,0,1,High,Low,Engaged Bargain Seekers
833801,1,1,High,Low,Engaged Bargain Seekers
833844,0,1,High,Low,Engaged Bargain Seekers
833891,1,1,High,Low,Engaged Bargain Seekers
833998,1,1,High,Low,Engaged Bargain Seekers
834012,0,1,High,Low,Engaged Bargain Seekers
834063,0,1,High,Low,Engaged Bargain Seekers
834066,0,1,High,Low,Engaged Bargain Seekers
834081,1,1,High,Low,Engaged Bargain Seekers
834120,1,1,High,Low,Engaged Bargain Seekers
834270,1,1,High,Low,Engaged Bargain Seekers
834286,1,1,High,Low,Engaged Bargain Seekers
834304,1,1,High,Low,Engaged Bargain Seekers
834306,1,1,High,Low,Engaged Bargain Seekers
834453,1,1,High,Low,Engaged Bargain Seekers
834522,3,0,Low,High,High-Value At-Risk
834523,1,1,High,Low,Engaged Bargain Seekers
834537,0,1,High,Low,Engaged Bargain Seekers
834544,1,1,High,Low,Engaged Bargain Seekers
834550,1,1,High,Low,Engaged Bargain Seekers
834571,1,1,High,Low,Engaged Bargain Seekers
834576,1,2,High,Medium,Rising Loyalists
834615,1,1,High,Low,Engaged Bargain Seekers
834726,1,1,High,Low,Engaged Bargain Seekers
834733,1,1,High,Low,Engaged Bargain Seekers
834760,1,1,High,Low,Engaged Bargain Seekers
834790,0,1,High,Low,Engaged Bargain Seekers
834799,1,1,High,Low,Engaged Bargain Seekers
834891,3,1,Low,Low,Dormant / Churned
834943,1,1,High,Low,Engaged Bargain Seekers
835009,1,1,High,Low,Engaged Bargain Seekers
835062,1,1,High,Low,Engaged Bargain Seekers
835133,0,1,High,Low,Engaged Bargain Seekers
835149,1,1,High,Low,Engaged Bargain Seekers
835240,1,2,High,Medium,Rising Loyalists
835295,0,2,High,Medium,Rising Loyalists
835377,0,1,High,Low,Engaged Bargain Seekers
835440,0,1,High,Low,Engaged Bargain Seekers
835484,1,1,High,Low,Engaged Bargain Seekers
835491,1,1,High,Low,Engaged Bargain Seekers
835508,1,1,High,Low,Engaged Bargain Seekers
835566,0,1,High,Low,Engaged Bargain Seekers
835683,1,1,High,Low,Engaged Bargain Seekers
835693,1,1,High,Low,Engaged Bargain Seekers
835760,1,1,High,Low,Engaged Bargain Seekers
835764,1,1,High,Low,Engaged Bargain Seekers
835779,1,1,High,Low,Engaged Bargain Seekers
835785,1,1,High,Low,Engaged Bargain Seekers
835796,1,1,High,Low,Engaged Bargain Seekers
835920,1,1,High,Low,Engaged Bargain Seekers
835973,1,1,High,Low,Engaged Bargain Seekers
835975,3,0,Low,High,High-Value At-Risk
836112,1,1,High,Low,Engaged Bargain Seekers
836226,0,1,High,Low,Engaged Bargain Seekers
836295,0,1,High,Low,Engaged Bargain Seekers
836343,1,1,High,Low,Engaged Bargain Seekers
836374,1,1,High,Low,Engaged Bargain Seekers
836405,1,1,High,Low,Engaged Bargain Seekers
836443,1,1,High,Low,Engaged Bargain Seekers
836475,1,1,High,Low,Engaged Bargain Seekers
836486,1,1,High,Low,Engaged Bargain Seekers
836523,1,1,High,Low,Engaged Bargain Seekers
836550,1,1,High,Low,Engaged Bargain Seekers
836603,0,1,High,Low,Engaged Bargain Seekers
836622,0,1,High,Low,Engaged Bargain Seekers
836665,1,1,High,Low,Engaged Bargain Seekers
836706,1,1,High,Low,Engaged Bargain Seekers
836713,1,1,High,Low,Engaged Bargain Seekers
836720,0,1,High,Low,Engaged Bargain Seekers
836964,1,1,High,Low,Engaged Bargain Seekers
836984,0,1,High,Low,Engaged Bargain Seekers
837012,1,1,High,Low,Engaged Bargain Seekers
837031,1,1,High,Low,Engaged Bargain Seekers
837175,1,1,High,Low,Engaged Bargain Seekers
837215,1,1,High,Low,Engaged Bargain Seekers
837237,1,1,High,Low,Engaged Bargain Seekers
837269,0,2,High,Medium,Rising Loyalists
837273,0,1,High,Low,Engaged Bargain Seekers
837327,3,0,Low,High,High-Value At-Risk
837360,1,1,High,Low,Engaged Bargain Seekers
837408,3,1,Low,Low,Dormant / Churned
837517,1,1,High,Low,Engaged Bargain Seekers
837526,0,1,High,Low,Engaged Bargain Seekers
837580,1,1,High,Low,Engaged Bargain Seekers
837615,3,0,Low,High,High-Value At-Risk
837628,1,1,High,Low,Engaged Bargain Seekers
837641,1,1,High,Low,Engaged Bargain Seekers
837646,0,1,High,Low,Engaged Bargain Seekers
837704,0,1,High,Low,Engaged Bargain Seekers
837705,1,1,High,Low,Engaged Bargain Seekers
837733,1,1,High,Low,Engaged Bargain Seekers
837810,1,1,High,Low,Engaged Bargain Seekers
837833,1,2,High,Medium,Rising Loyalists
837932,1,1,High,Low,Engaged Bargain Seekers
838008,1,1,High,Low,Engaged Bargain Seekers
838032,1,1,High,Low,Engaged Bargain Seekers
838160,1,1,High,Low,Engaged Bargain Seekers
838232,1,1,High,Low,Engaged Bargain Seekers
838263,3,0,Low,High,High-Value At-Risk
838270,1,2,High,Medium,Rising Loyalists
838283,1,1,High,Low,Engaged Bargain Seekers
838482,1,1,High,Low,Engaged Bargain Seekers
838553,0,1,High,Low,Engaged Bargain Seekers
838584,1,1,High,Low,Engaged Bargain Seekers
838589,0,1,High,Low,Engaged Bargain Seekers
838634,1,1,High,Low,Engaged Bargain Seekers
838650,1,1,High,Low,Engaged Bargain Seekers
838657,1,1,High,Low,Engaged Bargain Seekers
838771,1,1,High,Low,Engaged Bargain Seekers
838784,0,1,High,Low,Engaged Bargain Seekers
838845,0,1,High,Low,Engaged Bargain Seekers
838881,1,1,High,Low,Engaged Bargain Seekers
838885,1,1,High,Low,Engaged Bargain Seekers
838938,1,1,High,Low,Engaged Bargain Seekers
838993,0,1,High,Low,Engaged Bargain Seekers
839115,1,1,High,Low,Engaged Bargain Seekers
839132,0,1,High,Low,Engaged Bargain Seekers
839263,1,1,High,Low,Engaged Bargain Seekers
839295,1,1,High,Low,Engaged Bargain Seekers
839328,1,1,High,Low,Engaged Bargain Seekers
839356,1,1,High,Low,Engaged Bargain Seekers
839362,1,1,High,Low,Engaged Bargain Seekers
839412,1,1,High,Low,Engaged Bargain Seekers
839422,1,1,High,Low,Engaged Bargain Seekers
839461,0,1,High,Low,Engaged Bargain Seekers
839494,0,1,High,Low,Engaged Bargain Seekers
839527,1,1,High,Low,Engaged Bargain Seekers
839579,0,1,High,Low,Engaged Bargain Seekers
839659,1,1,High,Low,Engaged Bargain Seekers
839694,1,1,High,Low,Engaged Bargain Seekers
839748,1,1,High,Low,Engaged Bargain Seekers
839967,1,1,High,Low,Engaged Bargain Seekers
840008,0,1,High,Low,Engaged Bargain Seekers
840021,1,1,High,Low,Engaged Bargain Seekers
840038,1,1,High,Low,Engaged Bargain Seekers
840059,1,1,High,Low,Engaged Bargain Seekers
840071,1,1,High,Low,Engaged Bargain Seekers
840088,1,2,High,Medium,Rising Loyalists
840120,1,1,High,Low,Engaged Bargain Seekers
840135,0,1,High,Low,Engaged Bargain Seekers
840184,0,1,High,Low,Engaged Bargain Seekers
840262,1,1,High,Low,Engaged Bargain Seekers
840267,1,2,High,Medium,Rising Loyalists
840326,1,1,High,Low,Engaged Bargain Seekers
840376,1,1,High,Low,Engaged Bargain Seekers
840481,1,1,High,Low,Engaged Bargain Seekers
840515,1,1,High,Low,Engaged Bargain Seekers
840659,2,2,Low,Medium,Value Fading
840667,1,1,High,Low,Engaged Bargain Seekers
840741,1,1,High,Low,Engaged Bargain Seekers
840866,1,1,High,Low,Engaged Bargain Seekers
840882,1,1,High,Low,Engaged Bargain Seekers
840984,1,1,High,Low,Engaged Bargain Seekers
841204,1,1,High,Low,Engaged Bargain Seekers
841219,1,1,High,Low,Engaged Bargain Seekers
841249,1,1,High,Low,Engaged Bargain Seekers
841296,3,0,Low,High,High-Value At-Risk
841324,3,0,Low,High,High-Value At-Risk
841369,1,1,High,Low,Engaged Bargain Seekers
841373,1,1,High,Low,Engaged Bargain Seekers
841437,1,1,High,Low,Engaged Bargain Seekers
841456,1,1,High,Low,Engaged Bargain Seekers
841631,1,1,High,Low,Engaged Bargain Seekers
841636,1,1,High,Low,Engaged Bargain Seekers
841674,0,1,High,Low,Engaged Bargain Seekers
841677,0,1,High,Low,Engaged Bargain Seekers
841770,0,1,High,Low,Engaged Bargain Seekers
841916,1,1,High,Low,Engaged Bargain Seekers
841948,1,1,High,Low,Engaged Bargain Seekers
841957,3,0,Low,High,High-Value At-Risk
842047,3,1,Low,Low,Dormant / Churned
842049,1,1,High,Low,Engaged Bargain Seekers
842054,1,1,High,Low,Engaged Bargain Seekers
842064,3,1,Low,Low,Dormant / Churned
842066,1,1,High,Low,Engaged Bargain Seekers
842190,3,0,Low,High,High-Value At-Risk
842210,1,1,High,Low,Engaged Bargain Seekers
842236,1,1,High,Low,Engaged Bargain Seekers
842279,1,1,High,Low,Engaged Bargain Seekers
842379,1,1,High,Low,Engaged Bargain Seekers
842390,1,1,High,Low,Engaged Bargain Seekers
842405,1,1,High,Low,Engaged Bargain Seekers
842523,3,0,Low,High,High-Value At-Risk
842527,1,1,High,Low,Engaged Bargain Seekers
842582,1,2,High,Medium,Rising Loyalists
842641,1,1,High,Low,Engaged Bargain Seekers
842770,1,1,High,Low,Engaged Bargain Seekers
842793,1,1,High,Low,Engaged Bargain Seekers
842835,3,0,Low,High,High-Value At-Risk
842848,0,0,High,High,Elite Frequent Flyers
842855,1,1,High,Low,Engaged Bargain Seekers
842959,1,1,High,Low,Engaged Bargain Seekers
842980,0,1,High,Low,Engaged Bargain Seekers
842982,1,1,High,Low,Engaged Bargain Seekers
843037,1,1,High,Low,Engaged Bargain Seekers
843101,1,1,High,Low,Engaged Bargain Seekers
843158,1,1,High,Low,Engaged Bargain Seekers
843212,1,1,High,Low,Engaged Bargain Seekers
843233,1,1,High,Low,Engaged Bargain Seekers
843378,1,1,High,Low,Engaged Bargain Seekers
843642,1,1,High,Low,Engaged Bargain Seekers
843665,1,1,High,Low,Engaged Bargain Seekers
843672,0,1,High,Low,Engaged Bargain Seekers
843737,0,1,High,Low,Engaged Bargain Seekers
843816,3,0,Low,High,High-Value At-Risk
843836,1,1,High,Low,Engaged Bargain Seekers
843919,0,1,High,Low,Engaged Bargain Seekers
843972,1,1,High,Low,Engaged Bargain Seekers
844046,3,0,Low,High,High-Value At-Risk
844125,1,1,High,Low,Engaged Bargain Seekers
844145,3,0,Low,High,High-Value At-Risk
844152,1,1,High,Low,Engaged Bargain Seekers
844193,1,1,High,Low,Engaged Bargain Seekers
844222,0,1,High,Low,Engaged Bargain Seekers
844348,1,1,High,Low,Engaged Bargain Seekers
844477,3,0,Low,High,High-Value At-Risk
844479,1,1,High,Low,Engaged Bargain Seekers
844540,1,1,High,Low,Engaged Bargain Seekers
844556,1,1,High,Low,Engaged Bargain Seekers
844582,1,1,High,Low,Engaged Bargain Seekers
844641,1,1,High,Low,Engaged Bargain Seekers
844677,1,1,High,Low,Engaged Bargain Seekers
844749,1,1,High,Low,Engaged Bargain Seekers
844834,0,1,High,Low,Engaged Bargain Seekers
844949,3,0,Low,High,High-Value At-Risk
844959,1,1,High,Low,Engaged Bargain Seekers
845041,1,1,High,Low,Engaged Bargain Seekers
845061,1,1,High,Low,Engaged Bargain Seekers
845176,1,1,High,Low,Engaged Bargain Seekers
845180,0,1,High,Low,Engaged Bargain Seekers
845227,1,1,High,Low,Engaged Bargain Seekers
845273,1,1,High,Low,Engaged Bargain Seekers
845275,1,1,High,Low,Engaged Bargain Seekers
845319,1,1,High,Low,Engaged Bargain Seekers
845435,1,1,High,Low,Engaged Bargain Seekers
845488,0,1,High,Low,Engaged Bargain Seekers
845580,1,1,High,Low,Engaged Bargain Seekers
845613,0,1,High,Low,Engaged Bargain Seekers
845684,1,1,High,Low,Engaged Bargain Seekers
845699,1,1,High,Low,Engaged Bargain Seekers
845782,1,1,High,Low,Engaged Bargain Seekers
845807,1,1,High,Low,Engaged Bargain Seekers
845819,1,1,High,Low,Engaged Bargain Seekers
845820,0,1,High,Low,Engaged Bargain Seekers
845864,1,1,High,Low,Engaged Bargain Seekers
845945,1,1,High,Low,Engaged Bargain Seekers
845947,0,1,High,Low,Engaged Bargain Seekers
845994,0,1,High,Low,Engaged Bargain Seekers
846033,0,1,High,Low,Engaged Bargain Seekers
846046,1,1,High,Low,Engaged Bargain Seekers
846055,1,1,High,Low,Engaged Bargain Seekers
846119,1,1,High,Low,Engaged Bargain Seekers
846125,1,1,High,Low,Engaged Bargain Seekers
846194,1,1,High,Low,Engaged Bargain Seekers
846215,3,1,Low,Low,Dormant / Churned
846243,1,1,High,Low,Engaged Bargain Seekers
846277,1,1,High,Low,Engaged Bargain Seekers
846291,1,1,High,Low,Engaged Bargain Seekers
846313,1,2,High,Medium,Rising Loyalists
846374,1,1,High,Low,Engaged Bargain Seekers
846458,1,1,High,Low,Engaged Bargain Seekers
846515,0,1,High,Low,Engaged Bargain Seekers
846717,3,0,Low,High,High-Value At-Risk
846718,3,0,Low,High,High-Value At-Risk
846732,1,1,High,Low,Engaged Bargain Seekers
846796,1,1,High,Low,Engaged Bargain Seekers
846864,1,1,High,Low,Engaged Bargain Seekers
846950,1,1,High,Low,Engaged Bargain Seekers
846953,1,1,High,Low,Engaged Bargain Seekers
847136,1,1,High,Low,Engaged Bargain Seekers
847183,1,1,High,Low,Engaged Bargain Seekers
847283,3,0,Low,High,High-Value At-Risk
847312,0,1,High,Low,Engaged Bargain Seekers
847357,1,1,High,Low,Engaged Bargain Seekers
847359,1,1,High,Low,Engaged Bargain Seekers
847502,0,1,High,Low,Engaged Bargain Seekers
847559,1,1,High,Low,Engaged Bargain Seekers
847579,1,1,High,Low,Engaged Bargain Seekers
847601,0,1,High,Low,Engaged Bargain Seekers
847609,1,1,High,Low,Engaged Bargain Seekers
847704,1,2,High,Medium,Rising Loyalists
847724,1,1,High,Low,Engaged Bargain Seekers
847771,1,1,High,Low,Engaged Bargain Seekers
847772,1,1,High,Low,Engaged Bargain Seekers
847938,3,0,Low,High,High-Value At-Risk
848003,1,1,High,Low,Engaged Bargain Seekers
848159,1,1,High,Low,Engaged Bargain Seekers
848185,1,1,High,Low,Engaged Bargain Seekers
848248,1,1,High,Low,Engaged Bargain Seekers
848250,1,1,High,Low,Engaged Bargain Seekers
848498,3,0,Low,High,High-Value At-Risk
848562,1,1,High,Low,Engaged Bargain Seekers
848574,0,1,High,Low,Engaged Bargain Seekers
848615,0,1,High,Low,Engaged Bargain Seekers
848632,1,1,High,Low,Engaged Bargain Seekers
848694,0,1,High,Low,Engaged Bargain Seekers
848736,1,1,High,Low,Engaged Bargain Seekers
848804,1,1,High,Low,Engaged Bargain Seekers
848973,1,1,High,Low,Engaged Bargain Seekers
848998,1,1,High,Low,Engaged Bargain Seekers
849105,1,1,High,Low,Engaged Bargain Seekers
849178,1,1,High,Low,Engaged Bargain Seekers
849298,1,1,High,Low,Engaged Bargain Seekers
849330,1,1,High,Low,Engaged Bargain Seekers
849415,1,1,High,Low,Engaged Bargain Seekers
849425,1,1,High,Low,Engaged Bargain Seekers
849510,1,2,High,Medium,Rising Loyalists
849549,1,1,High,Low,Engaged Bargain Seekers
849569,0,1,High,Low,Engaged Bargain Seekers
849587,1,1,High,Low,Engaged Bargain Seekers
849589,1,1,High,Low,Engaged Bargain Seekers
849616,0,2,High,Medium,Rising Loyalists
849673,1,1,High,Low,Engaged Bargain Seekers
849705,1,1,High,Low,Engaged Bargain Seekers
849813,3,0,Low,High,High-Value At-Risk
849884,1,1,High,Low,Engaged Bargain Seekers
850034,1,1,High,Low,Engaged Bargain Seekers
850092,1,1,High,Low,Engaged Bargain Seekers
850123,0,1,High,Low,Engaged Bargain Seekers
850170,1,1,High,Low,Engaged Bargain Seekers
850245,1,1,High,Low,Engaged Bargain Seekers
850359,1,1,High,Low,Engaged Bargain Seekers
850414,1,1,High,Low,Engaged Bargain Seekers
850418,1,1,High,Low,Engaged Bargain Seekers
850694,1,2,High,Medium,Rising Loyalists
850721,1,1,High,Low,Engaged Bargain Seekers
850821,0,2,High,Medium,Rising Loyalists
850828,1,1,High,Low,Engaged Bargain Seekers
850953,1,1,High,Low,Engaged Bargain Seekers
851021,0,1,High,Low,Engaged Bargain Seekers
851130,1,1,High,Low,Engaged Bargain Seekers
851231,1,1,High,Low,Engaged Bargain Seekers
851255,1,1,High,Low,Engaged Bargain Seekers
851370,3,0,Low,High,High-Value At-Risk
851390,1,1,High,Low,Engaged Bargain Seekers
851421,1,2,High,Medium,Rising Loyalists
851499,0,1,High,Low,Engaged Bargain Seekers
851549,1,1,High,Low,Engaged Bargain Seekers
851562,1,1,High,Low,Engaged Bargain Seekers
851563,1,1,High,Low,Engaged Bargain Seekers
851830,1,1,High,Low,Engaged Bargain Seekers
851836,1,1,High,Low,Engaged Bargain Seekers
851845,3,0,Low,High,High-Value At-Risk
851871,1,1,High,Low,Engaged Bargain Seekers
851901,1,2,High,Medium,Rising Loyalists
851931,1,1,High,Low,Engaged Bargain Seekers
851979,3,0,Low,High,High-Value At-Risk
851981,1,1,High,Low,Engaged Bargain Seekers
851982,1,1,High,Low,Engaged Bargain Seekers
851986,1,1,High,Low,Engaged Bargain Seekers
852006,1,2,High,Medium,Rising Loyalists
852012,3,0,Low,High,High-Value At-Risk
852094,1,1,High,Low,Engaged Bargain Seekers
852253,0,1,High,Low,Engaged Bargain Seekers
852310,1,1,High,Low,Engaged Bargain Seekers
852323,1,1,High,Low,Engaged Bargain Seekers
852392,1,1,High,Low,Engaged Bargain Seekers
852394,1,1,High,Low,Engaged Bargain Seekers
852520,1,1,High,Low,Engaged Bargain Seekers
852571,1,1,High,Low,Engaged Bargain Seekers
852572,3,1,Low,Low,Dormant / Churned
852573,1,1,High,Low,Engaged Bargain Seekers
852597,1,1,High,Low,Engaged Bargain Seekers
852629,3,1,Low,Low,Dormant / Churned
852786,0,1,High,Low,Engaged Bargain Seekers
852855,1,1,High,Low,Engaged Bargain Seekers
852863,1,1,High,Low,Engaged Bargain Seekers
852995,1,1,High,Low,Engaged Bargain Seekers
853003,3,1,Low,Low,Dormant / Churned
853037,3,0,Low,High,High-Value At-Risk
853039,1,1,High,Low,Engaged Bargain Seekers
853232,0,1,High,Low,Engaged Bargain Seekers
853266,0,1,High,Low,Engaged Bargain Seekers
853272,1,1,High,Low,Engaged Bargain Seekers
853417,1,1,High,Low,Engaged Bargain Seekers
853421,1,1,High,Low,Engaged Bargain Seekers
853438,1,2,High,Medium,Rising Loyalists
853540,1,1,High,Low,Engaged Bargain Seekers
853565,1,1,High,Low,Engaged Bargain Seekers
853603,1,1,High,Low,Engaged Bargain Seekers
853608,1,1,High,Low,Engaged Bargain Seekers
853621,0,1,High,Low,Engaged Bargain Seekers
853641,1,1,High,Low,Engaged Bargain Seekers
853704,1,1,High,Low,Engaged Bargain Seekers
853826,1,1,High,Low,Engaged Bargain Seekers
853871,1,1,High,Low,Engaged Bargain Seekers
853894,1,1,High,Low,Engaged Bargain Seekers
853957,1,1,High,Low,Engaged Bargain Seekers
854077,1,1,High,Low,Engaged Bargain Seekers
854243,1,1,High,Low,Engaged Bargain Seekers
854249,1,1,High,Low,Engaged Bargain Seekers
854610,1,1,High,Low,Engaged Bargain Seekers
854704,1,1,High,Low,Engaged Bargain Seekers
854709,1,1,High,Low,Engaged Bargain Seekers
854742,3,0,Low,High,High-Value At-Risk
854812,1,1,High,Low,Engaged Bargain Seekers
854831,0,1,High,Low,Engaged Bargain Seekers
854835,2,1,Low,Low,Dormant / Churned
854855,3,1,Low,Low,Dormant / Churned
854884,1,1,High,Low,Engaged Bargain Seekers
854902,1,1,High,Low,Engaged Bargain Seekers
854969,0,1,High,Low,Engaged Bargain Seekers
854998,1,1,High,Low,Engaged Bargain Seekers
855007,1,1,High,Low,Engaged Bargain Seekers
855026,1,1,High,Low,Engaged Bargain Seekers
855050,0,1,High,Low,Engaged Bargain Seekers
855153,0,1,High,Low,Engaged Bargain Seekers
855190,0,1,High,Low,Engaged Bargain Seekers
855198,1,1,High,Low,Engaged Bargain Seekers
855261,1,1,High,Low,Engaged Bargain Seekers
855351,3,1,Low,Low,Dormant / Churned
855372,1,1,High,Low,Engaged Bargain Seekers
855381,0,1,High,Low,Engaged Bargain Seekers
855383,1,1,High,Low,Engaged Bargain Seekers
855384,1,1,High,Low,Engaged Bargain Seekers
855394,0,1,High,Low,Engaged Bargain Seekers
855400,1,1,High,Low,Engaged Bargain Seekers
855451,0,1,High,Low,Engaged Bargain Seekers
855506,1,1,High,Low,Engaged Bargain Seekers
855510,3,0,Low,High,High-Value At-Risk
855530,1,1,High,Low,Engaged Bargain Seekers
855559,1,1,High,Low,Engaged Bargain Seekers
855602,0,1,High,Low,Engaged Bargain Seekers
855635,1,1,High,Low,Engaged Bargain Seekers
855721,1,1,High,Low,Engaged Bargain Seekers
855883,1,1,High,Low,Engaged Bargain Seekers
855922,1,1,High,Low,Engaged Bargain Seekers
855981,3,1,Low,Low,Dormant / Churned
855998,0,1,High,Low,Engaged Bargain Seekers
856074,1,1,High,Low,Engaged Bargain Seekers
856229,0,1,High,Low,Engaged Bargain Seekers
856348,1,1,High,Low,Engaged Bargain Seekers
856364,1,1,High,Low,Engaged Bargain Seekers
856406,0,1,High,Low,Engaged Bargain Seekers
856483,0,1,High,Low,Engaged Bargain Seekers
856496,0,2,High,Medium,Rising Loyalists
856502,1,1,High,Low,Engaged Bargain Seekers
856609,0,1,High,Low,Engaged Bargain Seekers
856654,1,1,High,Low,Engaged Bargain Seekers
856667,1,1,High,Low,Engaged Bargain Seekers
856705,1,1,High,Low,Engaged Bargain Seekers
856782,1,1,High,Low,Engaged Bargain Seekers
856818,0,1,High,Low,Engaged Bargain Seekers
856830,1,1,High,Low,Engaged Bargain Seekers
856942,1,1,High,Low,Engaged Bargain Seekers
857159,1,1,High,Low,Engaged Bargain Seekers
857161,1,1,High,Low,Engaged Bargain Seekers
857219,0,2,High,Medium,Rising Loyalists
857235,3,1,Low,Low,Dormant / Churned
857247,1,1,High,Low,Engaged Bargain Seekers
857292,1,2,High,Medium,Rising Loyalists
857353,1,1,High,Low,Engaged Bargain Seekers
857481,1,1,High,Low,Engaged Bargain Seekers
857497,1,1,High,Low,Engaged Bargain Seekers
857516,1,1,High,Low,Engaged Bargain Seekers
857538,1,1,High,Low,Engaged Bargain Seekers
857619,1,1,High,Low,Engaged Bargain Seekers
857629,1,1,High,Low,Engaged Bargain Seekers
857682,1,1,High,Low,Engaged Bargain Seekers
857708,1,1,High,Low,Engaged Bargain Seekers
857771,0,1,High,Low,Engaged Bargain Seekers
857814,1,1,High,Low,Engaged Bargain Seekers
857845,1,1,High,Low,Engaged Bargain Seekers
857878,1,1,High,Low,Engaged Bargain Seekers
857912,0,1,High,Low,Engaged Bargain Seekers
857914,1,1,High,Low,Engaged Bargain Seekers
857942,1,1,High,Low,Engaged Bargain Seekers
857946,1,1,High,Low,Engaged Bargain Seekers
857949,3,0,Low,High,High-Value At-Risk
857971,1,1,High,Low,Engaged Bargain Seekers
858013,1,1,High,Low,Engaged Bargain Seekers
858106,1,1,High,Low,Engaged Bargain Seekers
858125,3,0,Low,High,High-Value At-Risk
858196,1,1,High,Low,Engaged Bargain Seekers
858222,0,1,High,Low,Engaged Bargain Seekers
858228,0,1,High,Low,Engaged Bargain Seekers
858266,1,1,High,Low,Engaged Bargain Seekers
858294,1,1,High,Low,Engaged Bargain Seekers
858341,1,1,High,Low,Engaged Bargain Seekers
858352,1,1,High,Low,Engaged Bargain Seekers
858417,1,1,High,Low,Engaged Bargain Seekers
858427,3,1,Low,Low,Dormant / Churned
858445,1,1,High,Low,Engaged Bargain Seekers
858453,1,1,High,Low,Engaged Bargain Seekers
858557,1,1,High,Low,Engaged Bargain Seekers
858563,1,1,High,Low,Engaged Bargain Seekers
858626,1,1,High,Low,Engaged Bargain Seekers
858667,1,1,High,Low,Engaged Bargain Seekers
858669,1,1,High,Low,Engaged Bargain Seekers
858674,1,1,High,Low,Engaged Bargain Seekers
858802,1,1,High,Low,Engaged Bargain Seekers
858814,3,1,Low,Low,Dormant / Churned
858817,0,1,High,Low,Engaged Bargain Seekers
858957,1,1,High,Low,Engaged Bargain Seekers
858961,1,1,High,Low,Engaged Bargain Seekers
859144,0,1,High,Low,Engaged Bargain Seekers
859176,1,1,High,Low,Engaged Bargain Seekers
859196,3,0,Low,High,High-Value At-Risk
859218,0,1,High,Low,Engaged Bargain Seekers
859258,0,1,High,Low,Engaged Bargain Seekers
859343,0,1,High,Low,Engaged Bargain Seekers
859508,0,1,High,Low,Engaged Bargain Seekers
859516,1,2,High,Medium,Rising Loyalists
859549,1,1,High,Low,Engaged Bargain Seekers
859553,1,2,High,Medium,Rising Loyalists
859730,1,1,High,Low,Engaged Bargain Seekers
859821,1,1,High,Low,Engaged Bargain Seekers
859871,0,1,High,Low,Engaged Bargain Seekers
859957,1,1,High,Low,Engaged Bargain Seekers
859972,1,1,High,Low,Engaged Bargain Seekers
860017,1,1,High,Low,Engaged Bargain Seekers
860032,0,1,High,Low,Engaged Bargain Seekers
860099,0,1,High,Low,Engaged Bargain Seekers
860172,1,1,High,Low,Engaged Bargain Seekers
860206,0,1,High,Low,Engaged Bargain Seekers
860528,0,2,High,Medium,Rising Loyalists
860553,3,1,Low,Low,Dormant / Churned
860602,1,1,High,Low,Engaged Bargain Seekers
860657,1,1,High,Low,Engaged Bargain Seekers
860684,1,1,High,Low,Engaged Bargain Seekers
860724,1,1,High,Low,Engaged Bargain Seekers
860809,1,1,High,Low,Engaged Bargain Seekers
860848,1,1,High,Low,Engaged Bargain Seekers
860980,1,1,High,Low,Engaged Bargain Seekers
861058,1,1,High,Low,Engaged Bargain Seekers
861079,1,1,High,Low,Engaged Bargain Seekers
861095,1,1,High,Low,Engaged Bargain Seekers
861104,1,1,High,Low,Engaged Bargain Seekers
861156,1,1,High,Low,Engaged Bargain Seekers
861162,1,1,High,Low,Engaged Bargain Seekers
861191,1,1,High,Low,Engaged Bargain Seekers
861330,0,1,High,Low,Engaged Bargain Seekers
861336,1,1,High,Low,Engaged Bargain Seekers
861415,1,1,High,Low,Engaged Bargain Seekers
861470,1,1,High,Low,Engaged Bargain Seekers
861480,0,1,High,Low,Engaged Bargain Seekers
861558,1,1,High,Low,Engaged Bargain Seekers
861629,0,1,High,Low,Engaged Bargain Seekers
861669,0,1,High,Low,Engaged Bargain Seekers
861675,1,1,High,Low,Engaged Bargain Seekers
861696,1,1,High,Low,Engaged Bargain Seekers
861700,1,1,High,Low,Engaged Bargain Seekers
861867,0,1,High,Low,Engaged Bargain Seekers
861877,1,1,High,Low,Engaged Bargain Seekers
861879,0,1,High,Low,Engaged Bargain Seekers
861917,3,1,Low,Low,Dormant / Churned
861924,1,1,High,Low,Engaged Bargain Seekers
862096,1,1,High,Low,Engaged Bargain Seekers
862097,1,1,High,Low,Engaged Bargain Seekers
862100,1,1,High,Low,Engaged Bargain Seekers
862159,1,1,High,Low,Engaged Bargain Seekers
862212,0,1,High,Low,Engaged Bargain Seekers
862258,1,1,High,Low,Engaged Bargain Seekers
862543,3,0,Low,High,High-Value At-Risk
862576,1,1,High,Low,Engaged Bargain Seekers
862659,1,1,High,Low,Engaged Bargain Seekers
862932,1,1,High,Low,Engaged Bargain Seekers
862979,1,1,High,Low,Engaged Bargain Seekers
863019,1,1,High,Low,Engaged Bargain Seekers
863035,1,1,High,Low,Engaged Bargain Seekers
863070,1,2,High,Medium,Rising Loyalists
863093,0,1,High,Low,Engaged Bargain Seekers
863108,1,1,High,Low,Engaged Bargain Seekers
863122,0,1,High,Low,Engaged Bargain Seekers
863219,1,2,High,Medium,Rising Loyalists
863223,1,1,High,Low,Engaged Bargain Seekers
863259,1,1,High,Low,Engaged Bargain Seekers
863262,1,2,High,Medium,Rising Loyalists
863280,1,1,High,Low,Engaged Bargain Seekers
863349,1,1,High,Low,Engaged Bargain Seekers
863374,3,0,Low,High,High-Value At-Risk
863384,1,1,High,Low,Engaged Bargain Seekers
863392,0,2,High,Medium,Rising Loyalists
863432,1,1,High,Low,Engaged Bargain Seekers
863459,1,1,High,Low,Engaged Bargain Seekers
863490,3,0,Low,High,High-Value At-Risk
863516,1,1,High,Low,Engaged Bargain Seekers
863599,1,1,High,Low,Engaged Bargain Seekers
863626,1,1,High,Low,Engaged Bargain Seekers
863744,1,1,High,Low,Engaged Bargain Seekers
863751,0,1,High,Low,Engaged Bargain Seekers
863809,0,1,High,Low,Engaged Bargain Seekers
863884,1,1,High,Low,Engaged Bargain Seekers
863942,3,0,Low,High,High-Value At-Risk
864084,1,1,High,Low,Engaged Bargain Seekers
864128,1,2,High,Medium,Rising Loyalists
864161,1,1,High,Low,Engaged Bargain Seekers
864288,1,1,High,Low,Engaged Bargain Seekers
864318,1,1,High,Low,Engaged Bargain Seekers
864324,1,1,High,Low,Engaged Bargain Seekers
864327,1,2,High,Medium,Rising Loyalists
864456,1,1,High,Low,Engaged Bargain Seekers
864485,1,1,High,Low,Engaged Bargain Seekers
864806,1,1,High,Low,Engaged Bargain Seekers
864845,1,1,High,Low,Engaged Bargain Seekers
864967,0,1,High,Low,Engaged Bargain Seekers
865066,0,1,High,Low,Engaged Bargain Seekers
865198,1,2,High,Medium,Rising Loyalists
865213,3,1,Low,Low,Dormant / Churned
865352,0,1,High,Low,Engaged Bargain Seekers
865401,1,1,High,Low,Engaged Bargain Seekers
865406,1,1,High,Low,Engaged Bargain Seekers
865411,0,1,High,Low,Engaged Bargain Seekers
865429,1,2,High,Medium,Rising Loyalists
865494,0,1,High,Low,Engaged Bargain Seekers
865654,0,1,High,Low,Engaged Bargain Seekers
865727,0,1,High,Low,Engaged Bargain Seekers
865737,1,1,High,Low,Engaged Bargain Seekers
865759,0,1,High,Low,Engaged Bargain Seekers
865798,3,0,Low,High,High-Value At-Risk
865803,0,1,High,Low,Engaged Bargain Seekers
865855,1,2,High,Medium,Rising Loyalists
865977,1,1,High,Low,Engaged Bargain Seekers
866073,1,2,High,Medium,Rising Loyalists
866168,1,1,High,Low,Engaged Bargain Seekers
866242,1,1,High,Low,Engaged Bargain Seekers
866295,0,1,High,Low,Engaged Bargain Seekers
866302,1,1,High,Low,Engaged Bargain Seekers
866307,1,1,High,Low,Engaged Bargain Seekers
866362,1,1,High,Low,Engaged Bargain Seekers
866403,1,1,High,Low,Engaged Bargain Seekers
866417,0,1,High,Low,Engaged Bargain Seekers
866455,1,2,High,Medium,Rising Loyalists
866501,0,1,High,Low,Engaged Bargain Seekers
866604,1,1,High,Low,Engaged Bargain Seekers
866606,1,1,High,Low,Engaged Bargain Seekers
866701,1,1,High,Low,Engaged Bargain Seekers
866815,0,1,High,Low,Engaged Bargain Seekers
866983,1,2,High,Medium,Rising Loyalists
866995,0,1,High,Low,Engaged Bargain Seekers
867046,0,1,High,Low,Engaged Bargain Seekers
867056,1,1,High,Low,Engaged Bargain Seekers
867070,0,1,High,Low,Engaged Bargain Seekers
867112,1,2,High,Medium,Rising Loyalists
867284,0,1,High,Low,Engaged Bargain Seekers
867289,1,2,High,Medium,Rising Loyalists
867301,1,2,High,Medium,Rising Loyalists
867327,1,1,High,Low,Engaged Bargain Seekers
867446,1,1,High,Low,Engaged Bargain Seekers
867472,1,1,High,Low,Engaged Bargain Seekers
867532,0,1,High,Low,Engaged Bargain Seekers
867561,0,2,High,Medium,Rising Loyalists
867624,1,1,High,Low,Engaged Bargain Seekers
867757,1,1,High,Low,Engaged Bargain Seekers
867780,1,1,High,Low,Engaged Bargain Seekers
867801,1,1,High,Low,Engaged Bargain Seekers
867833,1,1,High,Low,Engaged Bargain Seekers
867840,0,1,High,Low,Engaged Bargain Seekers
868025,1,1,High,Low,Engaged Bargain Seekers
868037,1,1,High,Low,Engaged Bargain Seekers
868152,1,1,High,Low,Engaged Bargain Seekers
868154,1,1,High,Low,Engaged Bargain Seekers
868161,1,1,High,Low,Engaged Bargain Seekers
868230,1,1,High,Low,Engaged Bargain Seekers
868250,1,1,High,Low,Engaged Bargain Seekers
868327,3,1,Low,Low,Dormant / Churned
868552,0,1,High,Low,Engaged Bargain Seekers
868568,1,2,High,Medium,Rising Loyalists
868659,0,1,High,Low,Engaged Bargain Seekers
868719,1,1,High,Low,Engaged Bargain Seekers
868744,1,1,High,Low,Engaged Bargain Seekers
868767,1,1,High,Low,Engaged Bargain Seekers
868830,0,1,High,Low,Engaged Bargain Seekers
868912,1,1,High,Low,Engaged Bargain Seekers
868926,1,1,High,Low,Engaged Bargain Seekers
869116,1,1,High,Low,Engaged Bargain Seekers
869133,1,1,High,Low,Engaged Bargain Seekers
869164,1,1,High,Low,Engaged Bargain Seekers
869190,1,1,High,Low,Engaged Bargain Seekers
869226,1,1,High,Low,Engaged Bargain Seekers
869265,1,1,High,Low,Engaged Bargain Seekers
869276,1,1,High,Low,Engaged Bargain Seekers
869283,1,1,High,Low,Engaged Bargain Seekers
869284,1,1,High,Low,Engaged Bargain Seekers
869471,1,1,High,Low,Engaged Bargain Seekers
869504,1,1,High,Low,Engaged Bargain Seekers
869672,0,1,High,Low,Engaged Bargain Seekers
869712,3,0,Low,High,High-Value At-Risk
869743,0,1,High,Low,Engaged Bargain Seekers
869799,1,1,High,Low,Engaged Bargain Seekers
869804,1,2,High,Medium,Rising Loyalists
869971,1,1,High,Low,Engaged Bargain Seekers
870022,1,1,High,Low,Engaged Bargain Seekers
870039,1,2,High,Medium,Rising Loyalists
870045,1,1,High,Low,Engaged Bargain Seekers
870120,1,2,High,Medium,Rising Loyalists
870169,0,1,High,Low,Engaged Bargain Seekers
870203,1,1,High,Low,Engaged Bargain Seekers
870223,0,1,High,Low,Engaged Bargain Seekers
870281,1,2,High,Medium,Rising Loyalists
870522,1,1,High,Low,Engaged Bargain Seekers
870574,1,1,High,Low,Engaged Bargain Seekers
870687,1,1,High,Low,Engaged Bargain Seekers
870764,1,1,High,Low,Engaged Bargain Seekers
870857,1,1,High,Low,Engaged Bargain Seekers
870960,3,1,Low,Low,Dormant / Churned
870998,1,1,High,Low,Engaged Bargain Seekers
871022,0,1,High,Low,Engaged Bargain Seekers
871045,1,1,High,Low,Engaged Bargain Seekers
871074,1,1,High,Low,Engaged Bargain Seekers
871094,1,1,High,Low,Engaged Bargain Seekers
871124,1,1,High,Low,Engaged Bargain Seekers
871145,1,1,High,Low,Engaged Bargain Seekers
871188,0,1,High,Low,Engaged Bargain Seekers
871203,0,1,High,Low,Engaged Bargain Seekers
871206,1,1,High,Low,Engaged Bargain Seekers
871219,1,2,High,Medium,Rising Loyalists
871287,1,1,High,Low,Engaged Bargain Seekers
871329,3,1,Low,Low,Dormant / Churned
871380,1,1,High,Low,Engaged Bargain Seekers
871445,1,1,High,Low,Engaged Bargain Seekers
871455,3,1,Low,Low,Dormant / Churned
871606,1,1,High,Low,Engaged Bargain Seekers
871627,0,1,High,Low,Engaged Bargain Seekers
871739,0,1,High,Low,Engaged Bargain Seekers
871740,0,1,High,Low,Engaged Bargain Seekers
871972,1,1,High,Low,Engaged Bargain Seekers
871980,1,1,High,Low,Engaged Bargain Seekers
872069,0,1,High,Low,Engaged Bargain Seekers
872079,0,1,High,Low,Engaged Bargain Seekers
872158,3,0,Low,High,High-Value At-Risk
872234,1,1,High,Low,Engaged Bargain Seekers
872297,0,1,High,Low,Engaged Bargain Seekers
872315,0,1,High,Low,Engaged Bargain Seekers
872335,1,1,High,Low,Engaged Bargain Seekers
872340,3,1,Low,Low,Dormant / Churned
872341,3,0,Low,High,High-Value At-Risk
872408,3,0,Low,High,High-Value At-Risk
872619,1,1,High,Low,Engaged Bargain Seekers
872669,3,1,Low,Low,Dormant / Churned
872676,1,1,High,Low,Engaged Bargain Seekers
872706,3,0,Low,High,High-Value At-Risk
872752,0,1,High,Low,Engaged Bargain Seekers
872774,1,1,High,Low,Engaged Bargain Seekers
872814,1,1,High,Low,Engaged Bargain Seekers
872932,1,1,High,Low,Engaged Bargain Seekers
872946,1,1,High,Low,Engaged Bargain Seekers
873022,1,1,High,Low,Engaged Bargain Seekers
873045,1,1,High,Low,Engaged Bargain Seekers
873116,1,1,High,Low,Engaged Bargain Seekers
873169,1,1,High,Low,Engaged Bargain Seekers
873177,1,1,High,Low,Engaged Bargain Seekers
873180,0,1,High,Low,Engaged Bargain Seekers
873297,0,1,High,Low,Engaged Bargain Seekers
873415,1,1,High,Low,Engaged Bargain Seekers
873426,3,0,Low,High,High-Value At-Risk
873436,1,1,High,Low,Engaged Bargain Seekers
873458,1,1,High,Low,Engaged Bargain Seekers
873468,1,1,High,Low,Engaged Bargain Seekers
873488,1,1,High,Low,Engaged Bargain Seekers
873498,1,1,High,Low,Engaged Bargain Seekers
873551,0,1,High,Low,Engaged Bargain Seekers
873554,1,1,High,Low,Engaged Bargain Seekers
873578,3,1,Low,Low,Dormant / Churned
873579,1,1,High,Low,Engaged Bargain Seekers
873761,1,1,High,Low,Engaged Bargain Seekers
873886,1,1,High,Low,Engaged Bargain Seekers
873945,1,1,High,Low,Engaged Bargain Seekers
873965,1,2,High,Medium,Rising Loyalists
873977,1,1,High,Low,Engaged Bargain Seekers
874035,0,1,High,Low,Engaged Bargain Seekers
874044,1,1,High,Low,Engaged Bargain Seekers
874104,1,1,High,Low,Engaged Bargain Seekers
874158,0,1,High,Low,Engaged Bargain Seekers
874161,0,1,High,Low,Engaged Bargain Seekers
874184,1,1,High,Low,Engaged Bargain Seekers
874267,1,1,High,Low,Engaged Bargain Seekers
874336,1,1,High,Low,Engaged Bargain Seekers
874363,0,1,High,Low,Engaged Bargain Seekers
874374,1,1,High,Low,Engaged Bargain Seekers
874415,0,1,High,Low,Engaged Bargain Seekers
874589,0,1,High,Low,Engaged Bargain Seekers
874601,0,1,High,Low,Engaged Bargain Seekers
874612,1,1,High,Low,Engaged Bargain Seekers
874614,1,1,High,Low,Engaged Bargain Seekers
874780,0,1,High,Low,Engaged Bargain Seekers
874842,1,1,High,Low,Engaged Bargain Seekers
874876,0,1,High,Low,Engaged Bargain Seekers
874937,2,0,Low,High,High-Value At-Risk
874938,3,1,Low,Low,Dormant / Churned
874939,1,1,High,Low,Engaged Bargain Seekers
874984,1,1,High,Low,Engaged Bargain Seekers
875086,0,1,High,Low,Engaged Bargain Seekers
875212,1,1,High,Low,Engaged Bargain Seekers
875232,1,1,High,Low,Engaged Bargain Seekers
875473,0,1,High,Low,Engaged Bargain Seekers
875483,1,1,High,Low,Engaged Bargain Seekers
875485,0,1,High,Low,Engaged Bargain Seekers
875560,1,1,High,Low,Engaged Bargain Seekers
875657,1,1,High,Low,Engaged Bargain Seekers
875707,0,1,High,Low,Engaged Bargain Seekers
875789,0,0,High,High,Elite Frequent Flyers
875796,0,1,High,Low,Engaged Bargain Seekers
875819,0,1,High,Low,Engaged Bargain Seekers
876006,1,1,High,Low,Engaged Bargain Seekers
876057,1,1,High,Low,Engaged Bargain Seekers
876062,1,1,High,Low,Engaged Bargain Seekers
876083,1,1,High,Low,Engaged Bargain Seekers
876207,1,1,High,Low,Engaged Bargain Seekers
876232,1,1,High,Low,Engaged Bargain Seekers
876243,3,0,Low,High,High-Value At-Risk
876254,1,1,High,Low,Engaged Bargain Seekers
876269,1,1,High,Low,Engaged Bargain Seekers
876319,1,1,High,Low,Engaged Bargain Seekers
876326,1,1,High,Low,Engaged Bargain Seekers
876409,1,1,High,Low,Engaged Bargain Seekers
876426,1,1,High,Low,Engaged Bargain Seekers
876538,1,1,High,Low,Engaged Bargain Seekers
876569,1,1,High,Low,Engaged Bargain Seekers
876755,1,1,High,Low,Engaged Bargain Seekers
876757,0,1,High,Low,Engaged Bargain Seekers
876765,0,1,High,Low,Engaged Bargain Seekers
876850,1,1,High,Low,Engaged Bargain Seekers
877008,0,1,High,Low,Engaged Bargain Seekers
877034,0,1,High,Low,Engaged Bargain Seekers
877101,1,1,High,Low,Engaged Bargain Seekers
877124,1,1,High,Low,Engaged Bargain Seekers
877152,0,1,High,Low,Engaged Bargain Seekers
877242,1,1,High,Low,Engaged Bargain Seekers
877251,1,1,High,Low,Engaged Bargain Seekers
877346,0,1,High,Low,Engaged Bargain Seekers
877352,0,1,High,Low,Engaged Bargain Seekers
877384,1,1,High,Low,Engaged Bargain Seekers
877419,1,1,High,Low,Engaged Bargain Seekers
877488,1,1,High,Low,Engaged Bargain Seekers
877595,1,1,High,Low,Engaged Bargain Seekers
877603,1,2,High,Medium,Rising Loyalists
877609,1,1,High,Low,Engaged Bargain Seekers
877630,1,1,High,Low,Engaged Bargain Seekers
877654,1,1,High,Low,Engaged Bargain Seekers
877730,1,1,High,Low,Engaged Bargain Seekers
877945,1,1,High,Low,Engaged Bargain Seekers
878240,1,1,High,Low,Engaged Bargain Seekers
878281,1,1,High,Low,Engaged Bargain Seekers
878284,0,1,High,Low,Engaged Bargain Seekers
878327,3,0,Low,High,High-Value At-Risk
878388,1,1,High,Low,Engaged Bargain Seekers
878510,0,1,High,Low,Engaged Bargain Seekers
878518,0,1,High,Low,Engaged Bargain Seekers
878568,1,1,High,Low,Engaged Bargain Seekers
878575,1,1,High,Low,Engaged Bargain Seekers
878582,1,1,High,Low,Engaged Bargain Seekers
878633,1,1,High,Low,Engaged Bargain Seekers
878653,1,1,High,Low,Engaged Bargain Seekers
878816,3,1,Low,Low,Dormant / Churned
878909,1,1,High,Low,Engaged Bargain Seekers
878929,1,1,High,Low,Engaged Bargain Seekers
879036,1,1,High,Low,Engaged Bargain Seekers
879177,1,1,High,Low,Engaged Bargain Seekers
879185,1,1,High,Low,Engaged Bargain Seekers
879260,0,1,High,Low,Engaged Bargain Seekers
879265,1,1,High,Low,Engaged Bargain Seekers
879416,0,1,High,Low,Engaged Bargain Seekers
879462,1,1,High,Low,Engaged Bargain Seekers
879506,1,1,High,Low,Engaged Bargain Seekers
879542,1,1,High,Low,Engaged Bargain Seekers
879600,3,0,Low,High,High-Value At-Risk
879601,1,1,High,Low,Engaged Bargain Seekers
879638,3,1,Low,Low,Dormant / Churned
879787,1,1,High,Low,Engaged Bargain Seekers
879812,3,0,Low,High,High-Value At-Risk
879844,1,1,High,Low,Engaged Bargain Seekers
879892,0,1,High,Low,Engaged Bargain Seekers
879904,1,1,High,Low,Engaged Bargain Seekers
879964,0,1,High,Low,Engaged Bargain Seekers
880033,1,1,High,Low,Engaged Bargain Seekers
880065,1,2,High,Medium,Rising Loyalists
880099,3,1,Low,Low,Dormant / Churned
880205,1,1,High,Low,Engaged Bargain Seekers
880402,1,2,High,Medium,Rising Loyalists
880406,1,1,High,Low,Engaged Bargain Seekers
880436,1,1,High,Low,Engaged Bargain Seekers
880505,1,1,High,Low,Engaged Bargain Seekers
880580,0,1,High,Low,Engaged Bargain Seekers
880619,0,1,High,Low,Engaged Bargain Seekers
880681,1,1,High,Low,Engaged Bargain Seekers
880709,0,1,High,Low,Engaged Bargain Seekers
880740,1,1,High,Low,Engaged Bargain Seekers
880805,0,1,High,Low,Engaged Bargain Seekers
880849,1,1,High,Low,Engaged Bargain Seekers
880897,3,1,Low,Low,Dormant / Churned
880948,1,1,High,Low,Engaged Bargain Seekers
881000,1,1,High,Low,Engaged Bargain Seekers
881001,0,1,High,Low,Engaged Bargain Seekers
881106,0,1,High,Low,Engaged Bargain Seekers
881142,0,1,High,Low,Engaged Bargain Seekers
881156,0,1,High,Low,Engaged Bargain Seekers
881157,1,1,High,Low,Engaged Bargain Seekers
881198,1,1,High,Low,Engaged Bargain Seekers
881304,1,1,High,Low,Engaged Bargain Seekers
881362,1,1,High,Low,Engaged Bargain Seekers
881399,3,0,Low,High,High-Value At-Risk
881413,1,2,High,Medium,Rising Loyalists
881428,3,0,Low,High,High-Value At-Risk
881584,0,1,High,Low,Engaged Bargain Seekers
881628,0,1,High,Low,Engaged Bargain Seekers
881741,0,1,High,Low,Engaged Bargain Seekers
881749,1,1,High,Low,Engaged Bargain Seekers
881818,1,1,High,Low,Engaged Bargain Seekers
881828,1,1,High,Low,Engaged Bargain Seekers
881846,1,1,High,Low,Engaged Bargain Seekers
881871,1,1,High,Low,Engaged Bargain Seekers
881943,1,1,High,Low,Engaged Bargain Seekers
881983,1,1,High,Low,Engaged Bargain Seekers
882024,0,1,High,Low,Engaged Bargain Seekers
882025,1,1,High,Low,Engaged Bargain Seekers
882044,1,1,High,Low,Engaged Bargain Seekers
882084,0,1,High,Low,Engaged Bargain Seekers
882263,1,1,High,Low,Engaged Bargain Seekers
882353,1,1,High,Low,Engaged Bargain Seekers
882409,0,2,High,Medium,Rising Loyalists
882443,3,0,Low,High,High-Value At-Risk
882466,1,1,High,Low,Engaged Bargain Seekers
882544,1,1,High,Low,Engaged Bargain Seekers
882590,1,2,High,Medium,Rising Loyalists
882718,1,1,High,Low,Engaged Bargain Seekers
882725,1,1,High,Low,Engaged Bargain Seekers
882874,3,1,Low,Low,Dormant / Churned
882911,1,2,High,Medium,Rising Loyalists
883002,1,1,High,Low,Engaged Bargain Seekers
883025,0,1,High,Low,Engaged Bargain Seekers
883055,1,1,High,Low,Engaged Bargain Seekers
883056,0,1,High,Low,Engaged Bargain Seekers
883065,1,1,High,Low,Engaged Bargain Seekers
883155,1,1,High,Low,Engaged Bargain Seekers
883174,1,1,High,Low,Engaged Bargain Seekers
883212,1,1,High,Low,Engaged Bargain Seekers
883230,1,1,High,Low,Engaged Bargain Seekers
883242,0,1,High,Low,Engaged Bargain Seekers
883255,1,1,High,Low,Engaged Bargain Seekers
883349,3,0,Low,High,High-Value At-Risk
883376,0,1,High,Low,Engaged Bargain Seekers
883468,1,1,High,Low,Engaged Bargain Seekers
883489,1,1,High,Low,Engaged Bargain Seekers
883505,0,1,High,Low,Engaged Bargain Seekers
883574,1,1,High,Low,Engaged Bargain Seekers
883606,3,0,Low,High,High-Value At-Risk
883660,1,1,High,Low,Engaged Bargain Seekers
883693,3,1,Low,Low,Dormant / Churned
883702,1,1,High,Low,Engaged Bargain Seekers
883755,1,1,High,Low,Engaged Bargain Seekers
883773,1,1,High,Low,Engaged Bargain Seekers
883816,1,1,High,Low,Engaged Bargain Seekers
883841,1,1,High,Low,Engaged Bargain Seekers
883852,1,1,High,Low,Engaged Bargain Seekers
883916,3,0,Low,High,High-Value At-Risk
883963,1,1,High,Low,Engaged Bargain Seekers
883968,1,1,High,Low,Engaged Bargain Seekers
884040,1,1,High,Low,Engaged Bargain Seekers
884062,1,1,High,Low,Engaged Bargain Seekers
884088,1,1,High,Low,Engaged Bargain Seekers
884089,1,1,High,Low,Engaged Bargain Seekers
884433,1,1,High,Low,Engaged Bargain Seekers
884505,1,1,High,Low,Engaged Bargain Seekers
884522,1,1,High,Low,Engaged Bargain Seekers
884530,0,1,High,Low,Engaged Bargain Seekers
884570,3,0,Low,High,High-Value At-Risk
884611,0,1,High,Low,Engaged Bargain Seekers
884654,0,1,High,Low,Engaged Bargain Seekers
884691,1,1,High,Low,Engaged Bargain Seekers
884708,1,1,High,Low,Engaged Bargain Seekers
884844,1,1,High,Low,Engaged Bargain Seekers
884875,1,1,High,Low,Engaged Bargain Seekers
884909,1,1,High,Low,Engaged Bargain Seekers
884992,3,0,Low,High,High-Value At-Risk
885007,1,1,High,Low,Engaged Bargain Seekers
885176,0,1,High,Low,Engaged Bargain Seekers
885210,3,1,Low,Low,Dormant / Churned
885274,1,1,High,Low,Engaged Bargain Seekers
885357,1,1,High,Low,Engaged Bargain Seekers
885386,0,1,High,Low,Engaged Bargain Seekers
885474,1,1,High,Low,Engaged Bargain Seekers
885480,1,1,High,Low,Engaged Bargain Seekers
885497,0,1,High,Low,Engaged Bargain Seekers
885682,1,1,High,Low,Engaged Bargain Seekers
885723,1,1,High,Low,Engaged Bargain Seekers
885739,1,1,High,Low,Engaged Bargain Seekers
885763,1,2,High,Medium,Rising Loyalists
885848,0,1,High,Low,Engaged Bargain Seekers
885871,1,2,High,Medium,Rising Loyalists
885888,1,1,High,Low,Engaged Bargain Seekers
885933,1,1,High,Low,Engaged Bargain Seekers
886086,1,1,High,Low,Engaged Bargain Seekers
886127,1,1,High,Low,Engaged Bargain Seekers
886227,0,1,High,Low,Engaged Bargain Seekers
886299,0,1,High,Low,Engaged Bargain Seekers
886361,0,1,High,Low,Engaged Bargain Seekers
886439,1,1,High,Low,Engaged Bargain Seekers
886677,1,1,High,Low,Engaged Bargain Seekers
886764,0,1,High,Low,Engaged Bargain Seekers
886803,0,1,High,Low,Engaged Bargain Seekers
886876,1,1,High,Low,Engaged Bargain Seekers
887026,3,0,Low,High,High-Value At-Risk
887069,3,0,Low,High,High-Value At-Risk
887117,0,1,High,Low,Engaged Bargain Seekers
887192,0,1,High,Low,Engaged Bargain Seekers
887209,1,2,High,Medium,Rising Loyalists
887228,1,1,High,Low,Engaged Bargain Seekers
887266,1,1,High,Low,Engaged Bargain Seekers
887328,1,1,High,Low,Engaged Bargain Seekers
887464,1,1,High,Low,Engaged Bargain Seekers
887511,0,1,High,Low,Engaged Bargain Seekers
887605,0,1,High,Low,Engaged Bargain Seekers
887609,1,2,High,Medium,Rising Loyalists
887705,3,0,Low,High,High-Value At-Risk
887730,1,1,High,Low,Engaged Bargain Seekers
887748,1,1,High,Low,Engaged Bargain Seekers
887892,1,1,High,Low,Engaged Bargain Seekers
887995,1,1,High,Low,Engaged Bargain Seekers
888049,1,1,High,Low,Engaged Bargain Seekers
888115,1,1,High,Low,Engaged Bargain Seekers
888131,0,1,High,Low,Engaged Bargain Seekers
888291,1,1,High,Low,Engaged Bargain Seekers
888297,1,1,High,Low,Engaged Bargain Seekers
888316,0,1,High,Low,Engaged Bargain Seekers
888357,1,2,High,Medium,Rising Loyalists
888404,0,1,High,Low,Engaged Bargain Seekers
888417,1,1,High,Low,Engaged Bargain Seekers
888430,0,1,High,Low,Engaged Bargain Seekers
888506,1,1,High,Low,Engaged Bargain Seekers
888649,1,1,High,Low,Engaged Bargain Seekers
888901,3,1,Low,Low,Dormant / Churned
889023,0,1,High,Low,Engaged Bargain Seekers
889061,1,1,High,Low,Engaged Bargain Seekers
889501,0,1,High,Low,Engaged Bargain Seekers
889525,0,1,High,Low,Engaged Bargain Seekers
889569,1,1,High,Low,Engaged Bargain Seekers
889671,1,1,High,Low,Engaged Bargain Seekers
889687,1,1,High,Low,Engaged Bargain Seekers
889697,1,1,High,Low,Engaged Bargain Seekers
889786,1,1,High,Low,Engaged Bargain Seekers
889796,1,1,High,Low,Engaged Bargain Seekers
889964,3,1,Low,Low,Dormant / Churned
890051,1,1,High,Low,Engaged Bargain Seekers
890232,0,1,High,Low,Engaged Bargain Seekers
890361,0,1,High,Low,Engaged Bargain Seekers
890395,1,1,High,Low,Engaged Bargain Seekers
890404,0,1,High,Low,Engaged Bargain Seekers
890437,1,1,High,Low,Engaged Bargain Seekers
890447,1,1,High,Low,Engaged Bargain Seekers
890543,1,1,High,Low,Engaged Bargain Seekers
890595,1,1,High,Low,Engaged Bargain Seekers
890617,1,1,High,Low,Engaged Bargain Seekers
890646,0,1,High,Low,Engaged Bargain Seekers
890650,0,1,High,Low,Engaged Bargain Seekers
890673,1,1,High,Low,Engaged Bargain Seekers
890702,1,1,High,Low,Engaged Bargain Seekers
890753,0,1,High,Low,Engaged Bargain Seekers
890839,3,0,Low,High,High-Value At-Risk
890882,0,1,High,Low,Engaged Bargain Seekers
890936,1,2,High,Medium,Rising Loyalists
891012,1,1,High,Low,Engaged Bargain Seekers
891046,1,1,High,Low,Engaged Bargain Seekers
891097,1,1,High,Low,Engaged Bargain Seekers
891105,3,0,Low,High,High-Value At-Risk
891128,1,1,High,Low,Engaged Bargain Seekers
891179,1,1,High,Low,Engaged Bargain Seekers
891218,3,0,Low,High,High-Value At-Risk
891233,3,1,Low,Low,Dormant / Churned
891237,1,1,High,Low,Engaged Bargain Seekers
891335,1,1,High,Low,Engaged Bargain Seekers
891413,1,1,High,Low,Engaged Bargain Seekers
891516,0,1,High,Low,Engaged Bargain Seekers
891604,1,1,High,Low,Engaged Bargain Seekers
891647,1,1,High,Low,Engaged Bargain Seekers
891696,1,1,High,Low,Engaged Bargain Seekers
891727,1,1,High,Low,Engaged Bargain Seekers
891790,1,1,High,Low,Engaged Bargain Seekers
891810,1,1,High,Low,Engaged Bargain Seekers
891903,1,1,High,Low,Engaged Bargain Seekers
891927,3,0,Low,High,High-Value At-Risk
891931,0,1,High,Low,Engaged Bargain Seekers
892000,3,0,Low,High,High-Value At-Risk
892022,1,1,High,Low,Engaged Bargain Seekers
892066,0,1,High,Low,Engaged Bargain Seekers
892068,1,1,High,Low,Engaged Bargain Seekers
892079,1,1,High,Low,Engaged Bargain Seekers
892199,1,1,High,Low,Engaged Bargain Seekers
892219,1,1,High,Low,Engaged Bargain Seekers
892227,1,1,High,Low,Engaged Bargain Seekers
892258,1,2,High,Medium,Rising Loyalists
892273,3,1,Low,Low,Dormant / Churned
892502,1,1,High,Low,Engaged Bargain Seekers
892517,3,0,Low,High,High-Value At-Risk
892556,3,0,Low,High,High-Value At-Risk
892616,1,1,High,Low,Engaged Bargain Seekers
892630,0,1,High,Low,Engaged Bargain Seekers
892632,1,1,High,Low,Engaged Bargain Seekers
892639,3,1,Low,Low,Dormant / Churned
892701,1,1,High,Low,Engaged Bargain Seekers
892723,1,1,High,Low,Engaged Bargain Seekers
892797,1,2,High,Medium,Rising Loyalists
892967,1,1,High,Low,Engaged Bargain Seekers
892994,1,1,High,Low,Engaged Bargain Seekers
893040,1,1,High,Low,Engaged Bargain Seekers
893057,1,1,High,Low,Engaged Bargain Seekers
893120,0,1,High,Low,Engaged Bargain Seekers
893127,0,2,High,Medium,Rising Loyalists
893266,1,1,High,Low,Engaged Bargain Seekers
893294,1,1,High,Low,Engaged Bargain Seekers
893375,1,1,High,Low,Engaged Bargain Seekers
893376,3,1,Low,Low,Dormant / Churned
893427,0,1,High,Low,Engaged Bargain Seekers
893549,1,1,High,Low,Engaged Bargain Seekers
893555,0,1,High,Low,Engaged Bargain Seekers
893574,0,1,High,Low,Engaged Bargain Seekers
893632,0,1,High,Low,Engaged Bargain Seekers
893661,1,1,High,Low,Engaged Bargain Seekers
893725,1,1,High,Low,Engaged Bargain Seekers
893771,1,1,High,Low,Engaged Bargain Seekers
893789,1,1,High,Low,Engaged Bargain Seekers
893863,1,2,High,Medium,Rising Loyalists
893866,0,1,High,Low,Engaged Bargain Seekers
893909,1,1,High,Low,Engaged Bargain Seekers
894041,1,1,High,Low,Engaged Bargain Seekers
894048,1,1,High,Low,Engaged Bargain Seekers
894099,0,1,High,Low,Engaged Bargain Seekers
894111,1,1,High,Low,Engaged Bargain Seekers
894175,1,1,High,Low,Engaged Bargain Seekers
894322,1,1,High,Low,Engaged Bargain Seekers
894340,1,1,High,Low,Engaged Bargain Seekers
894436,1,1,High,Low,Engaged Bargain Seekers
894448,1,1,High,Low,Engaged Bargain Seekers
894466,1,1,High,Low,Engaged Bargain Seekers
894478,1,1,High,Low,Engaged Bargain Seekers
894532,0,1,High,Low,Engaged Bargain Seekers
894608,1,1,High,Low,Engaged Bargain Seekers
894620,1,1,High,Low,Engaged Bargain Seekers
894691,0,1,High,Low,Engaged Bargain Seekers
894724,0,1,High,Low,Engaged Bargain Seekers
894788,1,1,High,Low,Engaged Bargain Seekers
894799,1,1,High,Low,Engaged Bargain Seekers
894919,1,1,High,Low,Engaged Bargain Seekers
895080,0,1,High,Low,Engaged Bargain Seekers
895085,1,1,High,Low,Engaged Bargain Seekers
895180,3,0,Low,High,High-Value At-Risk
895185,1,1,High,Low,Engaged Bargain Seekers
895267,1,1,High,Low,Engaged Bargain Seekers
895346,1,1,High,Low,Engaged Bargain Seekers
895433,1,2,High,Medium,Rising Loyalists
895451,1,1,High,Low,Engaged Bargain Seekers
895537,1,1,High,Low,Engaged Bargain Seekers
895544,1,1,High,Low,Engaged Bargain Seekers
895560,1,1,High,Low,Engaged Bargain Seekers
895601,1,1,High,Low,Engaged Bargain Seekers
895651,1,1,High,Low,Engaged Bargain Seekers
895684,1,1,High,Low,Engaged Bargain Seekers
895725,1,1,High,Low,Engaged Bargain Seekers
895778,0,1,High,Low,Engaged Bargain Seekers
895821,3,0,Low,High,High-Value At-Risk
895878,1,1,High,Low,Engaged Bargain Seekers
895921,1,1,High,Low,Engaged Bargain Seekers
895972,1,1,High,Low,Engaged Bargain Seekers
895994,0,1,High,Low,Engaged Bargain Seekers
896075,1,1,High,Low,Engaged Bargain Seekers
896095,1,2,High,Medium,Rising Loyalists
896283,0,1,High,Low,Engaged Bargain Seekers
896331,1,1,High,Low,Engaged Bargain Seekers
896372,0,1,High,Low,Engaged Bargain Seekers
896592,1,1,High,Low,Engaged Bargain Seekers
896651,0,1,High,Low,Engaged Bargain Seekers
896685,3,0,Low,High,High-Value At-Risk
896790,1,1,High,Low,Engaged Bargain Seekers
896792,1,1,High,Low,Engaged Bargain Seekers
896853,0,1,High,Low,Engaged Bargain Seekers
896861,1,1,High,Low,Engaged Bargain Seekers
896947,1,1,High,Low,Engaged Bargain Seekers
896951,1,1,High,Low,Engaged Bargain Seekers
897229,1,1,High,Low,Engaged Bargain Seekers
897293,1,1,High,Low,Engaged Bargain Seekers
897387,1,1,High,Low,Engaged Bargain Seekers
897545,0,1,High,Low,Engaged Bargain Seekers
897673,0,1,High,Low,Engaged Bargain Seekers
897716,1,1,High,Low,Engaged Bargain Seekers
897728,0,1,High,Low,Engaged Bargain Seekers
897734,3,1,Low,Low,Dormant / Churned
897772,1,1,High,Low,Engaged Bargain Seekers
897835,1,1,High,Low,Engaged Bargain Seekers
897904,1,1,High,Low,Engaged Bargain Seekers
898000,1,1,High,Low,Engaged Bargain Seekers
898119,3,0,Low,High,High-Value At-Risk
898122,0,1,High,Low,Engaged Bargain Seekers
898149,1,1,High,Low,Engaged Bargain Seekers
898162,1,1,High,Low,Engaged Bargain Seekers
898229,1,1,High,Low,Engaged Bargain Seekers
898417,1,1,High,Low,Engaged Bargain Seekers
898423,1,1,High,Low,Engaged Bargain Seekers
898427,1,1,High,Low,Engaged Bargain Seekers
898437,1,1,High,Low,Engaged Bargain Seekers
898438,1,1,High,Low,Engaged Bargain Seekers
898495,1,1,High,Low,Engaged Bargain Seekers
898514,0,1,High,Low,Engaged Bargain Seekers
898552,1,1,High,Low,Engaged Bargain Seekers
898587,0,1,High,Low,Engaged Bargain Seekers
898630,1,1,High,Low,Engaged Bargain Seekers
898698,1,1,High,Low,Engaged Bargain Seekers
898787,1,1,High,Low,Engaged Bargain Seekers
898788,1,1,High,Low,Engaged Bargain Seekers
898887,3,0,Low,High,High-Value At-Risk
899009,1,1,High,Low,Engaged Bargain Seekers
899271,3,0,Low,High,High-Value At-Risk
899287,1,1,High,Low,Engaged Bargain Seekers
899509,1,1,High,Low,Engaged Bargain Seekers
899543,3,0,Low,High,High-Value At-Risk
899592,1,1,High,Low,Engaged Bargain Seekers
899734,3,0,Low,High,High-Value At-Risk
899760,1,1,High,Low,Engaged Bargain Seekers
899825,1,1,High,Low,Engaged Bargain Seekers
899871,1,1,High,Low,Engaged Bargain Seekers
899883,0,1,High,Low,Engaged Bargain Seekers
899958,1,1,High,Low,Engaged Bargain Seekers
900083,1,1,High,Low,Engaged Bargain Seekers
900133,1,1,High,Low,Engaged Bargain Seekers
900151,1,1,High,Low,Engaged Bargain Seekers
900325,0,1,High,Low,Engaged Bargain Seekers
900331,3,1,Low,Low,Dormant / Churned
900359,0,1,High,Low,Engaged Bargain Seekers
900460,1,1,High,Low,Engaged Bargain Seekers
900501,1,2,High,Medium,Rising Loyalists
900505,0,1,High,Low,Engaged Bargain Seekers
900726,1,1,High,Low,Engaged Bargain Seekers
900753,0,1,High,Low,Engaged Bargain Seekers
900795,1,1,High,Low,Engaged Bargain Seekers
900801,0,1,High,Low,Engaged Bargain Seekers
900853,1,1,High,Low,Engaged Bargain Seekers
900894,1,1,High,Low,Engaged Bargain Seekers
900977,3,1,Low,Low,Dormant / Churned
901002,1,1,High,Low,Engaged Bargain Seekers
901049,0,1,High,Low,Engaged Bargain Seekers
901231,1,1,High,Low,Engaged Bargain Seekers
901442,1,1,High,Low,Engaged Bargain Seekers
901461,0,1,High,Low,Engaged Bargain Seekers
901478,3,0,Low,High,High-Value At-Risk
901520,1,1,High,Low,Engaged Bargain Seekers
901550,1,1,High,Low,Engaged Bargain Seekers
901578,1,1,High,Low,Engaged Bargain Seekers
901582,3,0,Low,High,High-Value At-Risk
901690,1,1,High,Low,Engaged Bargain Seekers
901747,1,1,High,Low,Engaged Bargain Seekers
901758,1,1,High,Low,Engaged Bargain Seekers
901775,1,1,High,Low,Engaged Bargain Seekers
901780,1,1,High,Low,Engaged Bargain Seekers
901819,1,1,High,Low,Engaged Bargain Seekers
901857,1,1,High,Low,Engaged Bargain Seekers
901887,0,1,High,Low,Engaged Bargain Seekers
901954,1,1,High,Low,Engaged Bargain Seekers
901978,1,1,High,Low,Engaged Bargain Seekers
901987,1,1,High,Low,Engaged Bargain Seekers
902015,1,1,High,Low,Engaged Bargain Seekers
902040,1,1,High,Low,Engaged Bargain Seekers
902083,1,2,High,Medium,Rising Loyalists
902148,1,1,High,Low,Engaged Bargain Seekers
902192,1,1,High,Low,Engaged Bargain Seekers
902200,3,0,Low,High,High-Value At-Risk
902241,1,1,High,Low,Engaged Bargain Seekers
902277,1,1,High,Low,Engaged Bargain Seekers
902298,1,1,High,Low,Engaged Bargain Seekers
902421,0,1,High,Low,Engaged Bargain Seekers
902515,1,1,High,Low,Engaged Bargain Seekers
902555,0,1,High,Low,Engaged Bargain Seekers
902562,1,1,High,Low,Engaged Bargain Seekers
902608,1,1,High,Low,Engaged Bargain Seekers
902634,0,1,High,Low,Engaged Bargain Seekers
902679,1,1,High,Low,Engaged Bargain Seekers
902690,1,1,High,Low,Engaged Bargain Seekers
902693,1,1,High,Low,Engaged Bargain Seekers
902742,0,1,High,Low,Engaged Bargain Seekers
902833,3,0,Low,High,High-Value At-Risk
902852,0,1,High,Low,Engaged Bargain Seekers
902966,1,2,High,Medium,Rising Loyalists
902993,3,0,Low,High,High-Value At-Risk
903006,1,1,High,Low,Engaged Bargain Seekers
903146,1,1,High,Low,Engaged Bargain Seekers
903209,1,1,High,Low,Engaged Bargain Seekers
903290,1,1,High,Low,Engaged Bargain Seekers
903327,1,1,High,Low,Engaged Bargain Seekers
903359,1,1,High,Low,Engaged Bargain Seekers
903379,1,1,High,Low,Engaged Bargain Seekers
903496,1,1,High,Low,Engaged Bargain Seekers
903534,1,1,High,Low,Engaged Bargain Seekers
903641,1,1,High,Low,Engaged Bargain Seekers
903648,1,1,High,Low,Engaged Bargain Seekers
903679,2,0,Low,High,High-Value At-Risk
903797,1,1,High,Low,Engaged Bargain Seekers
904114,1,1,High,Low,Engaged Bargain Seekers
904283,1,1,High,Low,Engaged Bargain Seekers
904300,1,1,High,Low,Engaged Bargain Seekers
904304,1,1,High,Low,Engaged Bargain Seekers
904317,3,0,Low,High,High-Value At-Risk
904367,1,1,High,Low,Engaged Bargain Seekers
904370,0,1,High,Low,Engaged Bargain Seekers
904378,1,1,High,Low,Engaged Bargain Seekers
904397,0,2,High,Medium,Rising Loyalists
904410,3,0,Low,High,High-Value At-Risk
904501,1,1,High,Low,Engaged Bargain Seekers
904512,0,1,High,Low,Engaged Bargain Seekers
904602,1,1,High,Low,Engaged Bargain Seekers
904669,1,1,High,Low,Engaged Bargain Seekers
904693,0,1,High,Low,Engaged Bargain Seekers
904704,1,2,High,Medium,Rising Loyalists
904736,1,1,High,Low,Engaged Bargain Seekers
904741,1,1,High,Low,Engaged Bargain Seekers
904802,0,1,High,Low,Engaged Bargain Seekers
904805,1,1,High,Low,Engaged Bargain Seekers
904920,1,1,High,Low,Engaged Bargain Seekers
904974,0,1,High,Low,Engaged Bargain Seekers
904992,0,1,High,Low,Engaged Bargain Seekers
905161,3,0,Low,High,High-Value At-Risk
905180,1,1,High,Low,Engaged Bargain Seekers
905213,1,1,High,Low,Engaged Bargain Seekers
905288,3,0,Low,High,High-Value At-Risk
905320,1,1,High,Low,Engaged Bargain Seekers
905360,0,1,High,Low,Engaged Bargain Seekers
905469,3,1,Low,Low,Dormant / Churned
905478,1,1,High,Low,Engaged Bargain Seekers
905497,3,0,Low,High,High-Value At-Risk
905569,1,1,High,Low,Engaged Bargain Seekers
905634,1,1,High,Low,Engaged Bargain Seekers
905787,1,1,High,Low,Engaged Bargain Seekers
905806,1,2,High,Medium,Rising Loyalists
905854,1,2,High,Medium,Rising Loyalists
905907,1,1,High,Low,Engaged Bargain Seekers
905909,1,1,High,Low,Engaged Bargain Seekers
906158,1,1,High,Low,Engaged Bargain Seekers
906178,0,1,High,Low,Engaged Bargain Seekers
906217,0,2,High,Medium,Rising Loyalists
906262,1,1,High,Low,Engaged Bargain Seekers
906267,1,1,High,Low,Engaged Bargain Seekers
906274,0,1,High,Low,Engaged Bargain Seekers
906316,1,1,High,Low,Engaged Bargain Seekers
906346,1,1,High,Low,Engaged Bargain Seekers
906396,1,1,High,Low,Engaged Bargain Seekers
906428,1,1,High,Low,Engaged Bargain Seekers
906468,1,1,High,Low,Engaged Bargain Seekers
906564,0,1,High,Low,Engaged Bargain Seekers
906615,1,1,High,Low,Engaged Bargain Seekers
906623,1,1,High,Low,Engaged Bargain Seekers
906715,1,1,High,Low,Engaged Bargain Seekers
906780,1,1,High,Low,Engaged Bargain Seekers
906826,1,1,High,Low,Engaged Bargain Seekers
906836,1,1,High,Low,Engaged Bargain Seekers
906848,1,1,High,Low,Engaged Bargain Seekers
906852,1,1,High,Low,Engaged Bargain Seekers
906884,3,0,Low,High,High-Value At-Risk
906946,1,1,High,Low,Engaged Bargain Seekers
907015,0,1,High,Low,Engaged Bargain Seekers
907025,1,1,High,Low,Engaged Bargain Seekers
907038,0,1,High,Low,Engaged Bargain Seekers
907077,1,1,High,Low,Engaged Bargain Seekers
907157,1,1,High,Low,Engaged Bargain Seekers
907209,1,1,High,Low,Engaged Bargain Seekers
907252,1,1,High,Low,Engaged Bargain Seekers
907324,0,1,High,Low,Engaged Bargain Seekers
907544,1,1,High,Low,Engaged Bargain Seekers
907595,0,1,High,Low,Engaged Bargain Seekers
907636,1,1,High,Low,Engaged Bargain Seekers
907743,0,1,High,Low,Engaged Bargain Seekers
907858,1,2,High,Medium,Rising Loyalists
907934,1,1,High,Low,Engaged Bargain Seekers
907945,3,0,Low,High,High-Value At-Risk
907950,1,1,High,Low,Engaged Bargain Seekers
908006,0,1,High,Low,Engaged Bargain Seekers
908120,1,1,High,Low,Engaged Bargain Seekers
908123,1,1,High,Low,Engaged Bargain Seekers
908201,3,1,Low,Low,Dormant / Churned
908246,1,1,High,Low,Engaged Bargain Seekers
908248,3,0,Low,High,High-Value At-Risk
908301,0,1,High,Low,Engaged Bargain Seekers
908374,1,1,High,Low,Engaged Bargain Seekers
908404,1,1,High,Low,Engaged Bargain Seekers
908519,1,1,High,Low,Engaged Bargain Seekers
908580,1,1,High,Low,Engaged Bargain Seekers
908643,1,1,High,Low,Engaged Bargain Seekers
908728,1,1,High,Low,Engaged Bargain Seekers
908729,1,1,High,Low,Engaged Bargain Seekers
908759,1,1,High,Low,Engaged Bargain Seekers
908801,0,1,High,Low,Engaged Bargain Seekers
908844,1,1,High,Low,Engaged Bargain Seekers
908882,0,1,High,Low,Engaged Bargain Seekers
908994,3,0,Low,High,High-Value At-Risk
909020,1,1,High,Low,Engaged Bargain Seekers
909066,0,1,High,Low,Engaged Bargain Seekers
909068,0,1,High,Low,Engaged Bargain Seekers
909075,1,1,High,Low,Engaged Bargain Seekers
909106,0,1,High,Low,Engaged Bargain Seekers
909134,1,1,High,Low,Engaged Bargain Seekers
909238,0,1,High,Low,Engaged Bargain Seekers
909242,1,1,High,Low,Engaged Bargain Seekers
909260,1,1,High,Low,Engaged Bargain Seekers
909262,1,1,High,Low,Engaged Bargain Seekers
909328,1,1,High,Low,Engaged Bargain Seekers
909385,1,1,High,Low,Engaged Bargain Seekers
909476,1,1,High,Low,Engaged Bargain Seekers
909483,1,1,High,Low,Engaged Bargain Seekers
909503,1,1,High,Low,Engaged Bargain Seekers
909543,1,1,High,Low,Engaged Bargain Seekers
909547,0,1,High,Low,Engaged Bargain Seekers
909677,1,1,High,Low,Engaged Bargain Seekers
909727,0,1,High,Low,Engaged Bargain Seekers
909800,0,1,High,Low,Engaged Bargain Seekers
909845,1,1,High,Low,Engaged Bargain Seekers
909854,3,0,Low,High,High-Value At-Risk
909880,0,1,High,Low,Engaged Bargain Seekers
910028,3,0,Low,High,High-Value At-Risk
910056,1,1,High,Low,Engaged Bargain Seekers
910092,3,1,Low,Low,Dormant / Churned
910093,0,1,High,Low,Engaged Bargain Seekers
910142,1,1,High,Low,Engaged Bargain Seekers
910157,0,1,High,Low,Engaged Bargain Seekers
910336,0,1,High,Low,Engaged Bargain Seekers
910373,3,1,Low,Low,Dormant / Churned
910391,1,1,High,Low,Engaged Bargain Seekers
910416,0,1,High,Low,Engaged Bargain Seekers
910492,0,1,High,Low,Engaged Bargain Seekers
910576,1,1,High,Low,Engaged Bargain Seekers
910645,0,1,High,Low,Engaged Bargain Seekers
910716,1,1,High,Low,Engaged Bargain Seekers
910809,0,1,High,Low,Engaged Bargain Seekers
910875,1,1,High,Low,Engaged Bargain Seekers
910969,1,1,High,Low,Engaged Bargain Seekers
911003,1,1,High,Low,Engaged Bargain Seekers
911089,1,1,High,Low,Engaged Bargain Seekers
911372,1,1,High,Low,Engaged Bargain Seekers
911503,1,1,High,Low,Engaged Bargain Seekers
911525,1,1,High,Low,Engaged Bargain Seekers
911585,1,1,High,Low,Engaged Bargain Seekers
911655,1,1,High,Low,Engaged Bargain Seekers
911663,1,1,High,Low,Engaged Bargain Seekers
911668,1,1,High,Low,Engaged Bargain Seekers
911723,0,2,High,Medium,Rising Loyalists
911744,0,1,High,Low,Engaged Bargain Seekers
911812,1,1,High,Low,Engaged Bargain Seekers
911852,0,1,High,Low,Engaged Bargain Seekers
911906,1,1,High,Low,Engaged Bargain Seekers
911920,1,1,High,Low,Engaged Bargain Seekers
911971,1,1,High,Low,Engaged Bargain Seekers
912064,1,1,High,Low,Engaged Bargain Seekers
912128,1,1,High,Low,Engaged Bargain Seekers
912220,3,1,Low,Low,Dormant / Churned
912252,1,1,High,Low,Engaged Bargain Seekers
912293,1,1,High,Low,Engaged Bargain Seekers
912352,0,1,High,Low,Engaged Bargain Seekers
912396,1,1,High,Low,Engaged Bargain Seekers
912420,1,1,High,Low,Engaged Bargain Seekers
912539,1,1,High,Low,Engaged Bargain Seekers
912588,1,1,High,Low,Engaged Bargain Seekers
912633,0,2,High,Medium,Rising Loyalists
912712,1,2,High,Medium,Rising Loyalists
912757,1,1,High,Low,Engaged Bargain Seekers
912797,1,1,High,Low,Engaged Bargain Seekers
912864,1,2,High,Medium,Rising Loyalists
912939,0,1,High,Low,Engaged Bargain Seekers
912940,0,2,High,Medium,Rising Loyalists
912957,1,1,High,Low,Engaged Bargain Seekers
912984,3,0,Low,High,High-Value At-Risk
913060,1,1,High,Low,Engaged Bargain Seekers
913153,0,1,High,Low,Engaged Bargain Seekers
913156,1,1,High,Low,Engaged Bargain Seekers
913233,1,1,High,Low,Engaged Bargain Seekers
913340,1,1,High,Low,Engaged Bargain Seekers
913449,1,1,High,Low,Engaged Bargain Seekers
913522,1,1,High,Low,Engaged Bargain Seekers
913571,1,1,High,Low,Engaged Bargain Seekers
913721,1,1,High,Low,Engaged Bargain Seekers
913809,3,1,Low,Low,Dormant / Churned
913866,1,1,High,Low,Engaged Bargain Seekers
913895,1,2,High,Medium,Rising Loyalists
913949,1,1,High,Low,Engaged Bargain Seekers
913981,1,1,High,Low,Engaged Bargain Seekers
914044,1,1,High,Low,Engaged Bargain Seekers
914074,0,1,High,Low,Engaged Bargain Seekers
914088,1,1,High,Low,Engaged Bargain Seekers
914152,1,1,High,Low,Engaged Bargain Seekers
914255,3,1,Low,Low,Dormant / Churned
914316,1,1,High,Low,Engaged Bargain Seekers
914352,0,1,High,Low,Engaged Bargain Seekers
914368,1,1,High,Low,Engaged Bargain Seekers
914514,3,1,Low,Low,Dormant / Churned
914609,1,1,High,Low,Engaged Bargain Seekers
914799,0,1,High,Low,Engaged Bargain Seekers
914920,3,0,Low,High,High-Value At-Risk
914937,1,1,High,Low,Engaged Bargain Seekers
914959,3,0,Low,High,High-Value At-Risk
915009,3,0,Low,High,High-Value At-Risk
915147,1,1,High,Low,Engaged Bargain Seekers
915156,1,1,High,Low,Engaged Bargain Seekers
915164,3,0,Low,High,High-Value At-Risk
915194,1,1,High,Low,Engaged Bargain Seekers
915198,1,1,High,Low,Engaged Bargain Seekers
915243,0,1,High,Low,Engaged Bargain Seekers
915286,1,1,High,Low,Engaged Bargain Seekers
915287,0,1,High,Low,Engaged Bargain Seekers
915439,1,1,High,Low,Engaged Bargain Seekers
915571,1,1,High,Low,Engaged Bargain Seekers
915638,1,1,High,Low,Engaged Bargain Seekers
915846,1,1,High,Low,Engaged Bargain Seekers
915902,1,1,High,Low,Engaged Bargain Seekers
915927,3,0,Low,High,High-Value At-Risk
915933,1,1,High,Low,Engaged Bargain Seekers
915948,1,1,High,Low,Engaged Bargain Seekers
916000,1,1,High,Low,Engaged Bargain Seekers
916003,3,0,Low,High,High-Value At-Risk
916020,1,1,High,Low,Engaged Bargain Seekers
916131,1,1,High,Low,Engaged Bargain Seekers
916269,1,2,High,Medium,Rising Loyalists
916300,1,1,High,Low,Engaged Bargain Seekers
916317,0,1,High,Low,Engaged Bargain Seekers
916358,1,1,High,Low,Engaged Bargain Seekers
916478,1,1,High,Low,Engaged Bargain Seekers
916594,1,1,High,Low,Engaged Bargain Seekers
916634,0,1,High,Low,Engaged Bargain Seekers
916713,1,1,High,Low,Engaged Bargain Seekers
916843,1,1,High,Low,Engaged Bargain Seekers
916851,1,1,High,Low,Engaged Bargain Seekers
916880,1,1,High,Low,Engaged Bargain Seekers
917191,1,1,High,Low,Engaged Bargain Seekers
917192,1,1,High,Low,Engaged Bargain Seekers
917346,1,1,High,Low,Engaged Bargain Seekers
917352,0,1,High,Low,Engaged Bargain Seekers
917423,1,1,High,Low,Engaged Bargain Seekers
917585,1,1,High,Low,Engaged Bargain Seekers
917610,1,1,High,Low,Engaged Bargain Seekers
917630,1,1,High,Low,Engaged Bargain Seekers
917685,1,2,High,Medium,Rising Loyalists
917725,1,1,High,Low,Engaged Bargain Seekers
917779,1,1,High,Low,Engaged Bargain Seekers
917798,1,1,High,Low,Engaged Bargain Seekers
917870,1,2,High,Medium,Rising Loyalists
917972,1,1,High,Low,Engaged Bargain Seekers
917983,1,1,High,Low,Engaged Bargain Seekers
917998,1,1,High,Low,Engaged Bargain Seekers
918017,0,1,High,Low,Engaged Bargain Seekers
918021,1,1,High,Low,Engaged Bargain Seekers
918042,1,1,High,Low,Engaged Bargain Seekers
918048,1,1,High,Low,Engaged Bargain Seekers
918053,1,1,High,Low,Engaged Bargain Seekers
918112,1,1,High,Low,Engaged Bargain Seekers
918163,1,1,High,Low,Engaged Bargain Seekers
918272,1,1,High,Low,Engaged Bargain Seekers
918276,1,1,High,Low,Engaged Bargain Seekers
918326,1,1,High,Low,Engaged Bargain Seekers
918341,1,1,High,Low,Engaged Bargain Seekers
918350,3,0,Low,High,High-Value At-Risk
918397,0,1,High,Low,Engaged Bargain Seekers
918404,3,1,Low,Low,Dormant / Churned
918478,1,1,High,Low,Engaged Bargain Seekers
918479,1,1,High,Low,Engaged Bargain Seekers
918564,1,1,High,Low,Engaged Bargain Seekers
918631,1,1,High,Low,Engaged Bargain Seekers
918756,1,1,High,Low,Engaged Bargain Seekers
918807,1,1,High,Low,Engaged Bargain Seekers
918964,0,1,High,Low,Engaged Bargain Seekers
918984,1,1,High,Low,Engaged Bargain Seekers
919055,0,1,High,Low,Engaged Bargain Seekers
919117,1,1,High,Low,Engaged Bargain Seekers
919285,1,1,High,Low,Engaged Bargain Seekers
919329,1,2,High,Medium,Rising Loyalists
919338,1,1,High,Low,Engaged Bargain Seekers
919340,1,1,High,Low,Engaged Bargain Seekers
919437,1,1,High,Low,Engaged Bargain Seekers
919463,3,0,Low,High,High-Value At-Risk
919506,0,1,High,Low,Engaged Bargain Seekers
919557,1,1,High,Low,Engaged Bargain Seekers
919668,0,1,High,Low,Engaged Bargain Seekers
919748,1,1,High,Low,Engaged Bargain Seekers
919818,1,1,High,Low,Engaged Bargain Seekers
919823,1,2,High,Medium,Rising Loyalists
919832,1,1,High,Low,Engaged Bargain Seekers
919888,1,2,High,Medium,Rising Loyalists
919889,1,1,High,Low,Engaged Bargain Seekers
919894,1,1,High,Low,Engaged Bargain Seekers
919922,0,1,High,Low,Engaged Bargain Seekers
919951,1,1,High,Low,Engaged Bargain Seekers
920068,3,0,Low,High,High-Value At-Risk
920100,1,1,High,Low,Engaged Bargain Seekers
920102,3,1,Low,Low,Dormant / Churned
920118,1,1,High,Low,Engaged Bargain Seekers
920145,1,1,High,Low,Engaged Bargain Seekers
920162,1,1,High,Low,Engaged Bargain Seekers
920171,0,1,High,Low,Engaged Bargain Seekers
920175,1,1,High,Low,Engaged Bargain Seekers
920197,0,2,High,Medium,Rising Loyalists
920211,1,1,High,Low,Engaged Bargain Seekers
920321,1,1,High,Low,Engaged Bargain Seekers
920326,1,1,High,Low,Engaged Bargain Seekers
920545,1,1,High,Low,Engaged Bargain Seekers
920637,1,1,High,Low,Engaged Bargain Seekers
920657,0,1,High,Low,Engaged Bargain Seekers
920716,0,1,High,Low,Engaged Bargain Seekers
920792,1,1,High,Low,Engaged Bargain Seekers
920840,1,1,High,Low,Engaged Bargain Seekers
920954,1,1,High,Low,Engaged Bargain Seekers
920966,1,1,High,Low,Engaged Bargain Seekers
921059,0,1,High,Low,Engaged Bargain Seekers
921102,1,1,High,Low,Engaged Bargain Seekers
921130,1,1,High,Low,Engaged Bargain Seekers
921191,0,1,High,Low,Engaged Bargain Seekers
921278,1,1,High,Low,Engaged Bargain Seekers
921298,1,1,High,Low,Engaged Bargain Seekers
921357,1,1,High,Low,Engaged Bargain Seekers
921375,1,1,High,Low,Engaged Bargain Seekers
921392,0,1,High,Low,Engaged Bargain Seekers
921403,0,1,High,Low,Engaged Bargain Seekers
921410,3,0,Low,High,High-Value At-Risk
921489,1,1,High,Low,Engaged Bargain Seekers
921530,0,1,High,Low,Engaged Bargain Seekers
921563,1,1,High,Low,Engaged Bargain Seekers
921624,0,2,High,Medium,Rising Loyalists
921705,1,1,High,Low,Engaged Bargain Seekers
921746,0,1,High,Low,Engaged Bargain Seekers
921776,0,1,High,Low,Engaged Bargain Seekers
921777,1,2,High,Medium,Rising Loyalists
921886,1,1,High,Low,Engaged Bargain Seekers
921899,1,1,High,Low,Engaged Bargain Seekers
921903,3,0,Low,High,High-Value At-Risk
922000,1,1,High,Low,Engaged Bargain Seekers
922047,1,1,High,Low,Engaged Bargain Seekers
922161,1,1,High,Low,Engaged Bargain Seekers
922188,1,1,High,Low,Engaged Bargain Seekers
922206,0,1,High,Low,Engaged Bargain Seekers
922210,1,1,High,Low,Engaged Bargain Seekers
922347,0,1,High,Low,Engaged Bargain Seekers
922351,1,1,High,Low,Engaged Bargain Seekers
922388,1,1,High,Low,Engaged Bargain Seekers
922484,1,1,High,Low,Engaged Bargain Seekers
922614,0,1,High,Low,Engaged Bargain Seekers
922634,1,1,High,Low,Engaged Bargain Seekers
922665,3,0,Low,High,High-Value At-Risk
922703,0,1,High,Low,Engaged Bargain Seekers
922741,0,1,High,Low,Engaged Bargain Seekers
922786,1,1,High,Low,Engaged Bargain Seekers
922815,1,2,High,Medium,Rising Loyalists
922926,1,1,High,Low,Engaged Bargain Seekers
923041,1,1,High,Low,Engaged Bargain Seekers
923062,1,1,High,Low,Engaged Bargain Seekers
923108,0,1,High,Low,Engaged Bargain Seekers
923164,1,1,High,Low,Engaged Bargain Seekers
923201,1,1,High,Low,Engaged Bargain Seekers
923234,1,1,High,Low,Engaged Bargain Seekers
923268,0,1,High,Low,Engaged Bargain Seekers
923293,1,1,High,Low,Engaged Bargain Seekers
923333,1,1,High,Low,Engaged Bargain Seekers
923336,1,1,High,Low,Engaged Bargain Seekers
923406,1,1,High,Low,Engaged Bargain Seekers
923527,1,2,High,Medium,Rising Loyalists
923560,1,1,High,Low,Engaged Bargain Seekers
923680,1,1,High,Low,Engaged Bargain Seekers
923761,1,1,High,Low,Engaged Bargain Seekers
923766,3,0,Low,High,High-Value At-Risk
923799,1,1,High,Low,Engaged Bargain Seekers
923959,1,2,High,Medium,Rising Loyalists
924031,0,1,High,Low,Engaged Bargain Seekers
924037,1,1,High,Low,Engaged Bargain Seekers
924056,1,1,High,Low,Engaged Bargain Seekers
924089,1,1,High,Low,Engaged Bargain Seekers
924132,1,1,High,Low,Engaged Bargain Seekers
924153,1,1,High,Low,Engaged Bargain Seekers
924173,1,1,High,Low,Engaged Bargain Seekers
924217,0,1,High,Low,Engaged Bargain Seekers
924268,1,1,High,Low,Engaged Bargain Seekers
924405,0,1,High,Low,Engaged Bargain Seekers
924469,1,1,High,Low,Engaged Bargain Seekers
924489,1,1,High,Low,Engaged Bargain Seekers
924493,1,1,High,Low,Engaged Bargain Seekers
924630,1,1,High,Low,Engaged Bargain Seekers
924634,1,1,High,Low,Engaged Bargain Seekers
924643,1,1,High,Low,Engaged Bargain Seekers
924719,1,1,High,Low,Engaged Bargain Seekers
924724,1,1,High,Low,Engaged Bargain Seekers
924736,3,0,Low,High,High-Value At-Risk
924787,1,1,High,Low,Engaged Bargain Seekers
924793,1,1,High,Low,Engaged Bargain Seekers
924794,1,1,High,Low,Engaged Bargain Seekers
924796,3,0,Low,High,High-Value At-Risk
924878,0,1,High,Low,Engaged Bargain Seekers
924936,1,1,High,Low,Engaged Bargain Seekers
925164,0,1,High,Low,Engaged Bargain Seekers
925198,3,1,Low,Low,Dormant / Churned
925254,1,1,High,Low,Engaged Bargain Seekers
925340,1,1,High,Low,Engaged Bargain Seekers
925353,1,1,High,Low,Engaged Bargain Seekers
925385,1,1,High,Low,Engaged Bargain Seekers
925413,1,1,High,Low,Engaged Bargain Seekers
925433,1,1,High,Low,Engaged Bargain Seekers
925504,1,1,High,Low,Engaged Bargain Seekers
925573,1,2,High,Medium,Rising Loyalists
925609,1,1,High,Low,Engaged Bargain Seekers
925767,0,1,High,Low,Engaged Bargain Seekers
925819,1,1,High,Low,Engaged Bargain Seekers
925850,0,1,High,Low,Engaged Bargain Seekers
925918,2,1,Low,Low,Dormant / Churned
925978,1,2,High,Medium,Rising Loyalists
925979,0,1,High,Low,Engaged Bargain Seekers
926058,0,1,High,Low,Engaged Bargain Seekers
926083,1,1,High,Low,Engaged Bargain Seekers
926106,1,1,High,Low,Engaged Bargain Seekers
926129,0,1,High,Low,Engaged Bargain Seekers
926175,1,1,High,Low,Engaged Bargain Seekers
926250,1,1,High,Low,Engaged Bargain Seekers
926277,1,1,High,Low,Engaged Bargain Seekers
926300,1,1,High,Low,Engaged Bargain Seekers
926315,0,1,High,Low,Engaged Bargain Seekers
926451,1,2,High,Medium,Rising Loyalists
926494,1,1,High,Low,Engaged Bargain Seekers
926531,3,1,Low,Low,Dormant / Churned
926609,1,1,High,Low,Engaged Bargain Seekers
926611,1,1,High,Low,Engaged Bargain Seekers
926867,0,1,High,Low,Engaged Bargain Seekers
926874,0,1,High,Low,Engaged Bargain Seekers
926961,1,1,High,Low,Engaged Bargain Seekers
926967,0,1,High,Low,Engaged Bargain Seekers
927026,1,1,High,Low,Engaged Bargain Seekers
927165,3,0,Low,High,High-Value At-Risk
927202,1,1,High,Low,Engaged Bargain Seekers
927305,1,1,High,Low,Engaged Bargain Seekers
927339,1,1,High,Low,Engaged Bargain Seekers
927401,1,1,High,Low,Engaged Bargain Seekers
927446,0,1,High,Low,Engaged Bargain Seekers
927559,3,1,Low,Low,Dormant / Churned
927676,1,1,High,Low,Engaged Bargain Seekers
927703,1,1,High,Low,Engaged Bargain Seekers
927721,0,1,High,Low,Engaged Bargain Seekers
927848,1,1,High,Low,Engaged Bargain Seekers
927887,1,1,High,Low,Engaged Bargain Seekers
927937,1,1,High,Low,Engaged Bargain Seekers
927943,1,1,High,Low,Engaged Bargain Seekers
927975,1,1,High,Low,Engaged Bargain Seekers
928082,1,1,High,Low,Engaged Bargain Seekers
928116,1,2,High,Medium,Rising Loyalists
928153,1,1,High,Low,Engaged Bargain Seekers
928188,3,0,Low,High,High-Value At-Risk
928238,1,1,High,Low,Engaged Bargain Seekers
928291,1,1,High,Low,Engaged Bargain Seekers
928292,1,1,High,Low,Engaged Bargain Seekers
928294,1,1,High,Low,Engaged Bargain Seekers
928354,1,1,High,Low,Engaged Bargain Seekers
928438,1,1,High,Low,Engaged Bargain Seekers
928644,1,1,High,Low,Engaged Bargain Seekers
928734,0,2,High,Medium,Rising Loyalists
928804,1,1,High,Low,Engaged Bargain Seekers
928868,1,1,High,Low,Engaged Bargain Seekers
928916,1,1,High,Low,Engaged Bargain Seekers
928922,1,1,High,Low,Engaged Bargain Seekers
928942,1,1,High,Low,Engaged Bargain Seekers
928957,1,1,High,Low,Engaged Bargain Seekers
928964,1,1,High,Low,Engaged Bargain Seekers
929009,1,1,High,Low,Engaged Bargain Seekers
929097,1,1,High,Low,Engaged Bargain Seekers
929231,3,1,Low,Low,Dormant / Churned
929282,1,1,High,Low,Engaged Bargain Seekers
929302,1,1,High,Low,Engaged Bargain Seekers
929410,1,1,High,Low,Engaged Bargain Seekers
929451,1,1,High,Low,Engaged Bargain Seekers
929455,0,1,High,Low,Engaged Bargain Seekers
929701,1,1,High,Low,Engaged Bargain Seekers
929707,0,1,High,Low,Engaged Bargain Seekers
929712,0,1,High,Low,Engaged Bargain Seekers
929728,1,1,High,Low,Engaged Bargain Seekers
929871,1,1,High,Low,Engaged Bargain Seekers
929880,1,1,High,Low,Engaged Bargain Seekers
929885,1,1,High,Low,Engaged Bargain Seekers
929913,1,1,High,Low,Engaged Bargain Seekers
929980,1,1,High,Low,Engaged Bargain Seekers
930041,3,0,Low,High,High-Value At-Risk
930089,0,1,High,Low,Engaged Bargain Seekers
930209,1,1,High,Low,Engaged Bargain Seekers
930325,1,2,High,Medium,Rising Loyalists
930337,3,1,Low,Low,Dormant / Churned
930489,1,1,High,Low,Engaged Bargain Seekers
930502,1,1,High,Low,Engaged Bargain Seekers
930562,1,1,High,Low,Engaged Bargain Seekers
930584,1,1,High,Low,Engaged Bargain Seekers
930620,0,1,High,Low,Engaged Bargain Seekers
930718,1,1,High,Low,Engaged Bargain Seekers
930774,0,1,High,Low,Engaged Bargain Seekers
930848,1,1,High,Low,Engaged Bargain Seekers
930887,3,0,Low,High,High-Value At-Risk
930893,1,1,High,Low,Engaged Bargain Seekers
930900,1,1,High,Low,Engaged Bargain Seekers
930921,1,1,High,Low,Engaged Bargain Seekers
931054,0,1,High,Low,Engaged Bargain Seekers
931097,1,1,High,Low,Engaged Bargain Seekers
931135,1,1,High,Low,Engaged Bargain Seekers
931170,3,0,Low,High,High-Value At-Risk
931183,1,1,High,Low,Engaged Bargain Seekers
931238,3,0,Low,High,High-Value At-Risk
931244,1,1,High,Low,Engaged Bargain Seekers
931247,1,1,High,Low,Engaged Bargain Seekers
931537,1,1,High,Low,Engaged Bargain Seekers
931622,0,1,High,Low,Engaged Bargain Seekers
931657,1,1,High,Low,Engaged Bargain Seekers
931701,3,0,Low,High,High-Value At-Risk
931828,3,0,Low,High,High-Value At-Risk
931834,3,0,Low,High,High-Value At-Risk
931914,1,1,High,Low,Engaged Bargain Seekers
932100,3,0,Low,High,High-Value At-Risk
932233,1,1,High,Low,Engaged Bargain Seekers
932244,0,1,High,Low,Engaged Bargain Seekers
932249,1,1,High,Low,Engaged Bargain Seekers
932261,3,0,Low,High,High-Value At-Risk
932270,1,1,High,Low,Engaged Bargain Seekers
932323,3,1,Low,Low,Dormant / Churned
932363,0,1,High,Low,Engaged Bargain Seekers
932405,1,1,High,Low,Engaged Bargain Seekers
932453,1,1,High,Low,Engaged Bargain Seekers
932513,1,1,High,Low,Engaged Bargain Seekers
932526,0,1,High,Low,Engaged Bargain Seekers
932572,1,1,High,Low,Engaged Bargain Seekers
932599,0,1,High,Low,Engaged Bargain Seekers
932623,1,1,High,Low,Engaged Bargain Seekers
932745,0,1,High,Low,Engaged Bargain Seekers
932748,0,1,High,Low,Engaged Bargain Seekers
932823,1,1,High,Low,Engaged Bargain Seekers
932973,1,1,High,Low,Engaged Bargain Seekers
933053,0,1,High,Low,Engaged Bargain Seekers
933187,1,2,High,Medium,Rising Loyalists
933208,1,2,High,Medium,Rising Loyalists
933233,1,1,High,Low,Engaged Bargain Seekers
933251,0,2,High,Medium,Rising Loyalists
933259,1,1,High,Low,Engaged Bargain Seekers
933552,0,1,High,Low,Engaged Bargain Seekers
933642,1,1,High,Low,Engaged Bargain Seekers
933656,1,1,High,Low,Engaged Bargain Seekers
933682,0,1,High,Low,Engaged Bargain Seekers
933707,1,1,High,Low,Engaged Bargain Seekers
933779,0,1,High,Low,Engaged Bargain Seekers
933807,1,1,High,Low,Engaged Bargain Seekers
933848,1,1,High,Low,Engaged Bargain Seekers
933865,2,1,Low,Low,Dormant / Churned
933968,1,1,High,Low,Engaged Bargain Seekers
934134,1,1,High,Low,Engaged Bargain Seekers
934150,3,0,Low,High,High-Value At-Risk
934212,1,1,High,Low,Engaged Bargain Seekers
934235,1,1,High,Low,Engaged Bargain Seekers
934267,1,1,High,Low,Engaged Bargain Seekers
934271,0,1,High,Low,Engaged Bargain Seekers
934280,1,1,High,Low,Engaged Bargain Seekers
934529,0,1,High,Low,Engaged Bargain Seekers
934577,3,0,Low,High,High-Value At-Risk
934604,1,1,High,Low,Engaged Bargain Seekers
934893,1,1,High,Low,Engaged Bargain Seekers
934912,0,1,High,Low,Engaged Bargain Seekers
935068,1,1,High,Low,Engaged Bargain Seekers
935110,0,1,High,Low,Engaged Bargain Seekers
935161,1,1,High,Low,Engaged Bargain Seekers
935235,1,1,High,Low,Engaged Bargain Seekers
935253,1,1,High,Low,Engaged Bargain Seekers
935274,1,1,High,Low,Engaged Bargain Seekers
935313,0,1,High,Low,Engaged Bargain Seekers
935328,1,1,High,Low,Engaged Bargain Seekers
935420,1,1,High,Low,Engaged Bargain Seekers
935504,1,1,High,Low,Engaged Bargain Seekers
935570,1,1,High,Low,Engaged Bargain Seekers
935665,3,0,Low,High,High-Value At-Risk
935738,1,1,High,Low,Engaged Bargain Seekers
935836,3,1,Low,Low,Dormant / Churned
935862,0,1,High,Low,Engaged Bargain Seekers
935876,1,1,High,Low,Engaged Bargain Seekers
936010,0,1,High,Low,Engaged Bargain Seekers
936044,3,0,Low,High,High-Value At-Risk
936088,1,1,High,Low,Engaged Bargain Seekers
936211,1,1,High,Low,Engaged Bargain Seekers
936214,1,1,High,Low,Engaged Bargain Seekers
936232,3,0,Low,High,High-Value At-Risk
936273,1,1,High,Low,Engaged Bargain Seekers
936305,1,1,High,Low,Engaged Bargain Seekers
936319,1,1,High,Low,Engaged Bargain Seekers
936440,1,1,High,Low,Engaged Bargain Seekers
936547,1,1,High,Low,Engaged Bargain Seekers
936570,1,1,High,Low,Engaged Bargain Seekers
936603,0,1,High,Low,Engaged Bargain Seekers
936612,0,1,High,Low,Engaged Bargain Seekers
936723,0,1,High,Low,Engaged Bargain Seekers
936761,0,1,High,Low,Engaged Bargain Seekers
936860,3,0,Low,High,High-Value At-Risk
937030,1,1,High,Low,Engaged Bargain Seekers
937065,1,1,High,Low,Engaged Bargain Seekers
937071,0,1,High,Low,Engaged Bargain Seekers
937127,1,1,High,Low,Engaged Bargain Seekers
937163,1,1,High,Low,Engaged Bargain Seekers
937228,1,1,High,Low,Engaged Bargain Seekers
937250,1,1,High,Low,Engaged Bargain Seekers
937254,3,0,Low,High,High-Value At-Risk
937312,1,1,High,Low,Engaged Bargain Seekers
937385,1,1,High,Low,Engaged Bargain Seekers
937418,1,1,High,Low,Engaged Bargain Seekers
937430,1,1,High,Low,Engaged Bargain Seekers
937476,1,1,High,Low,Engaged Bargain Seekers
937484,0,1,High,Low,Engaged Bargain Seekers
937512,1,2,High,Medium,Rising Loyalists
937638,1,1,High,Low,Engaged Bargain Seekers
937645,1,1,High,Low,Engaged Bargain Seekers
937662,1,1,High,Low,Engaged Bargain Seekers
937742,1,1,High,Low,Engaged Bargain Seekers
937788,1,1,High,Low,Engaged Bargain Seekers
937849,3,1,Low,Low,Dormant / Churned
937862,1,1,High,Low,Engaged Bargain Seekers
937911,1,1,High,Low,Engaged Bargain Seekers
937922,1,1,High,Low,Engaged Bargain Seekers
937946,1,2,High,Medium,Rising Loyalists
937956,1,1,High,Low,Engaged Bargain Seekers
937976,0,1,High,Low,Engaged Bargain Seekers
938031,1,1,High,Low,Engaged Bargain Seekers
938093,1,1,High,Low,Engaged Bargain Seekers
938126,3,0,Low,High,High-Value At-Risk
938323,1,1,High,Low,Engaged Bargain Seekers
938324,1,1,High,Low,Engaged Bargain Seekers
938482,0,1,High,Low,Engaged Bargain Seekers
938516,1,1,High,Low,Engaged Bargain Seekers
938603,1,1,High,Low,Engaged Bargain Seekers
938628,1,1,High,Low,Engaged Bargain Seekers
938636,1,1,High,Low,Engaged Bargain Seekers
938719,0,1,High,Low,Engaged Bargain Seekers
938822,1,1,High,Low,Engaged Bargain Seekers
938830,3,0,Low,High,High-Value At-Risk
938873,1,1,High,Low,Engaged Bargain Seekers
938914,1,1,High,Low,Engaged Bargain Seekers
938981,0,1,High,Low,Engaged Bargain Seekers
939074,3,1,Low,Low,Dormant / Churned
939094,1,2,High,Medium,Rising Loyalists
939098,1,1,High,Low,Engaged Bargain Seekers
939103,1,1,High,Low,Engaged Bargain Seekers
939204,3,1,Low,Low,Dormant / Churned
939238,0,2,High,Medium,Rising Loyalists
939289,0,1,High,Low,Engaged Bargain Seekers
939319,1,1,High,Low,Engaged Bargain Seekers
939320,0,1,High,Low,Engaged Bargain Seekers
939333,3,0,Low,High,High-Value At-Risk
939399,1,2,High,Medium,Rising Loyalists
939428,1,1,High,Low,Engaged Bargain Seekers
939431,1,1,High,Low,Engaged Bargain Seekers
939466,1,1,High,Low,Engaged Bargain Seekers
939474,3,1,Low,Low,Dormant / Churned
939485,1,1,High,Low,Engaged Bargain Seekers
939521,0,1,High,Low,Engaged Bargain Seekers
939562,1,1,High,Low,Engaged Bargain Seekers
939571,1,2,High,Medium,Rising Loyalists
939593,3,0,Low,High,High-Value At-Risk
939683,1,1,High,Low,Engaged Bargain Seekers
939741,1,1,High,Low,Engaged Bargain Seekers
939752,1,1,High,Low,Engaged Bargain Seekers
939760,3,1,Low,Low,Dormant / Churned
939766,1,1,High,Low,Engaged Bargain Seekers
939856,0,1,High,Low,Engaged Bargain Seekers
939932,1,1,High,Low,Engaged Bargain Seekers
939961,1,1,High,Low,Engaged Bargain Seekers
939992,0,1,High,Low,Engaged Bargain Seekers
940156,1,1,High,Low,Engaged Bargain Seekers
940187,0,1,High,Low,Engaged Bargain Seekers
940200,0,1,High,Low,Engaged Bargain Seekers
940213,1,1,High,Low,Engaged Bargain Seekers
940249,0,1,High,Low,Engaged Bargain Seekers
940256,1,1,High,Low,Engaged Bargain Seekers
940523,3,0,Low,High,High-Value At-Risk
940711,1,1,High,Low,Engaged Bargain Seekers
940760,1,1,High,Low,Engaged Bargain Seekers
940796,1,1,High,Low,Engaged Bargain Seekers
940822,1,1,High,Low,Engaged Bargain Seekers
940874,3,0,Low,High,High-Value At-Risk
940901,3,1,Low,Low,Dormant / Churned
940904,2,1,Low,Low,Dormant / Churned
941064,1,1,High,Low,Engaged Bargain Seekers
941092,0,1,High,Low,Engaged Bargain Seekers
941109,1,1,High,Low,Engaged Bargain Seekers
941122,1,1,High,Low,Engaged Bargain Seekers
941127,1,1,High,Low,Engaged Bargain Seekers
941170,1,1,High,Low,Engaged Bargain Seekers
941194,0,1,High,Low,Engaged Bargain Seekers
941324,0,1,High,Low,Engaged Bargain Seekers
941361,1,1,High,Low,Engaged Bargain Seekers
941380,1,1,High,Low,Engaged Bargain Seekers
941545,0,1,High,Low,Engaged Bargain Seekers
941621,0,1,High,Low,Engaged Bargain Seekers
941679,1,1,High,Low,Engaged Bargain Seekers
941683,1,1,High,Low,Engaged Bargain Seekers
941719,0,1,High,Low,Engaged Bargain Seekers
941852,1,2,High,Medium,Rising Loyalists
941865,1,1,High,Low,Engaged Bargain Seekers
941882,1,1,High,Low,Engaged Bargain Seekers
941984,1,1,High,Low,Engaged Bargain Seekers
942017,0,1,High,Low,Engaged Bargain Seekers
942083,1,1,High,Low,Engaged Bargain Seekers
942102,1,1,High,Low,Engaged Bargain Seekers
942189,0,1,High,Low,Engaged Bargain Seekers
942191,0,1,High,Low,Engaged Bargain Seekers
942194,3,1,Low,Low,Dormant / Churned
942287,3,0,Low,High,High-Value At-Risk
942355,1,1,High,Low,Engaged Bargain Seekers
942403,1,1,High,Low,Engaged Bargain Seekers
942413,1,1,High,Low,Engaged Bargain Seekers
942535,1,2,High,Medium,Rising Loyalists
942601,1,1,High,Low,Engaged Bargain Seekers
942681,1,1,High,Low,Engaged Bargain Seekers
942685,0,1,High,Low,Engaged Bargain Seekers
942703,1,1,High,Low,Engaged Bargain Seekers
942779,1,1,High,Low,Engaged Bargain Seekers
942819,1,1,High,Low,Engaged Bargain Seekers
942926,0,1,High,Low,Engaged Bargain Seekers
942952,3,0,Low,High,High-Value At-Risk
942984,0,1,High,Low,Engaged Bargain Seekers
943048,1,1,High,Low,Engaged Bargain Seekers
943056,3,1,Low,Low,Dormant / Churned
943068,1,1,High,Low,Engaged Bargain Seekers
943195,0,1,High,Low,Engaged Bargain Seekers
943211,1,1,High,Low,Engaged Bargain Seekers
943236,0,1,High,Low,Engaged Bargain Seekers
943380,1,1,High,Low,Engaged Bargain Seekers
943393,3,0,Low,High,High-Value At-Risk
943425,0,1,High,Low,Engaged Bargain Seekers
943460,1,1,High,Low,Engaged Bargain Seekers
943553,1,1,High,Low,Engaged Bargain Seekers
943602,0,1,High,Low,Engaged Bargain Seekers
943647,1,2,High,Medium,Rising Loyalists
943668,0,1,High,Low,Engaged Bargain Seekers
943756,1,1,High,Low,Engaged Bargain Seekers
943775,1,1,High,Low,Engaged Bargain Seekers
943804,1,1,High,Low,Engaged Bargain Seekers
943997,0,1,High,Low,Engaged Bargain Seekers
944035,1,1,High,Low,Engaged Bargain Seekers
944093,1,1,High,Low,Engaged Bargain Seekers
944124,1,1,High,Low,Engaged Bargain Seekers
944243,0,1,High,Low,Engaged Bargain Seekers
944261,1,1,High,Low,Engaged Bargain Seekers
944355,1,1,High,Low,Engaged Bargain Seekers
944454,0,1,High,Low,Engaged Bargain Seekers
944491,0,1,High,Low,Engaged Bargain Seekers
944506,1,1,High,Low,Engaged Bargain Seekers
944541,1,1,High,Low,Engaged Bargain Seekers
944636,1,2,High,Medium,Rising Loyalists
944702,1,2,High,Medium,Rising Loyalists
944750,1,1,High,Low,Engaged Bargain Seekers
944810,1,1,High,Low,Engaged Bargain Seekers
944821,1,1,High,Low,Engaged Bargain Seekers
944855,1,1,High,Low,Engaged Bargain Seekers
944980,1,1,High,Low,Engaged Bargain Seekers
945014,1,1,High,Low,Engaged Bargain Seekers
945015,1,2,High,Medium,Rising Loyalists
945037,1,1,High,Low,Engaged Bargain Seekers
945050,3,0,Low,High,High-Value At-Risk
945064,1,1,High,Low,Engaged Bargain Seekers
945091,1,1,High,Low,Engaged Bargain Seekers
945133,1,1,High,Low,Engaged Bargain Seekers
945166,1,1,High,Low,Engaged Bargain Seekers
945199,0,1,High,Low,Engaged Bargain Seekers
945379,0,1,High,Low,Engaged Bargain Seekers
945430,1,1,High,Low,Engaged Bargain Seekers
945455,0,1,High,Low,Engaged Bargain Seekers
945479,1,1,High,Low,Engaged Bargain Seekers
945485,1,1,High,Low,Engaged Bargain Seekers
945703,0,1,High,Low,Engaged Bargain Seekers
945761,0,1,High,Low,Engaged Bargain Seekers
945765,1,1,High,Low,Engaged Bargain Seekers
945780,1,1,High,Low,Engaged Bargain Seekers
945834,0,1,High,Low,Engaged Bargain Seekers
945974,1,1,High,Low,Engaged Bargain Seekers
945996,1,2,High,Medium,Rising Loyalists
946001,1,1,High,Low,Engaged Bargain Seekers
946061,1,1,High,Low,Engaged Bargain Seekers
946070,1,1,High,Low,Engaged Bargain Seekers
946172,1,1,High,Low,Engaged Bargain Seekers
946258,1,1,High,Low,Engaged Bargain Seekers
946439,3,0,Low,High,High-Value At-Risk
946525,1,1,High,Low,Engaged Bargain Seekers
946645,0,1,High,Low,Engaged Bargain Seekers
946771,1,1,High,Low,Engaged Bargain Seekers
946816,1,2,High,Medium,Rising Loyalists
946932,0,1,High,Low,Engaged Bargain Seekers
946956,3,1,Low,Low,Dormant / Churned
946963,0,1,High,Low,Engaged Bargain Seekers
946998,1,1,High,Low,Engaged Bargain Seekers
947001,1,1,High,Low,Engaged Bargain Seekers
947026,1,2,High,Medium,Rising Loyalists
947099,1,1,High,Low,Engaged Bargain Seekers
947123,0,1,High,Low,Engaged Bargain Seekers
947158,1,1,High,Low,Engaged Bargain Seekers
947234,0,1,High,Low,Engaged Bargain Seekers
947367,1,1,High,Low,Engaged Bargain Seekers
947408,1,1,High,Low,Engaged Bargain Seekers
947467,1,1,High,Low,Engaged Bargain Seekers
947497,1,1,High,Low,Engaged Bargain Seekers
947620,1,1,High,Low,Engaged Bargain Seekers
947635,1,1,High,Low,Engaged Bargain Seekers
947641,1,1,High,Low,Engaged Bargain Seekers
947679,0,1,High,Low,Engaged Bargain Seekers
947711,1,1,High,Low,Engaged Bargain Seekers
947750,1,1,High,Low,Engaged Bargain Seekers
947763,0,1,High,Low,Engaged Bargain Seekers
947778,3,1,Low,Low,Dormant / Churned
947863,1,1,High,Low,Engaged Bargain Seekers
947868,1,1,High,Low,Engaged Bargain Seekers
947876,1,1,High,Low,Engaged Bargain Seekers
947906,1,1,High,Low,Engaged Bargain Seekers
948051,1,1,High,Low,Engaged Bargain Seekers
948053,1,1,High,Low,Engaged Bargain Seekers
948117,1,1,High,Low,Engaged Bargain Seekers
948145,1,1,High,Low,Engaged Bargain Seekers
948325,1,1,High,Low,Engaged Bargain Seekers
948327,0,1,High,Low,Engaged Bargain Seekers
948404,1,1,High,Low,Engaged Bargain Seekers
948489,1,1,High,Low,Engaged Bargain Seekers
948576,1,1,High,Low,Engaged Bargain Seekers
948591,1,1,High,Low,Engaged Bargain Seekers
948616,1,1,High,Low,Engaged Bargain Seekers
948658,0,1,High,Low,Engaged Bargain Seekers
948662,1,1,High,Low,Engaged Bargain Seekers
948693,1,1,High,Low,Engaged Bargain Seekers
948714,1,1,High,Low,Engaged Bargain Seekers
948747,1,1,High,Low,Engaged Bargain Seekers
948783,1,1,High,Low,Engaged Bargain Seekers
948785,1,1,High,Low,Engaged Bargain Seekers
948815,1,1,High,Low,Engaged Bargain Seekers
948825,1,1,High,Low,Engaged Bargain Seekers
948831,1,1,High,Low,Engaged Bargain Seekers
948950,1,1,High,Low,Engaged Bargain Seekers
948961,3,0,Low,High,High-Value At-Risk
949134,1,1,High,Low,Engaged Bargain Seekers
949175,1,1,High,Low,Engaged Bargain Seekers
949290,1,2,High,Medium,Rising Loyalists
949406,1,1,High,Low,Engaged Bargain Seekers
949612,0,1,High,Low,Engaged Bargain Seekers
949628,3,1,Low,Low,Dormant / Churned
949821,0,1,High,Low,Engaged Bargain Seekers
949829,1,1,High,Low,Engaged Bargain Seekers
949890,1,1,High,Low,Engaged Bargain Seekers
949952,1,1,High,Low,Engaged Bargain Seekers
949974,0,1,High,Low,Engaged Bargain Seekers
950029,1,1,High,Low,Engaged Bargain Seekers
950107,0,1,High,Low,Engaged Bargain Seekers
950193,1,1,High,Low,Engaged Bargain Seekers
950213,1,1,High,Low,Engaged Bargain Seekers
950216,0,1,High,Low,Engaged Bargain Seekers
950252,0,1,High,Low,Engaged Bargain Seekers
950304,3,1,Low,Low,Dormant / Churned
950336,1,1,High,Low,Engaged Bargain Seekers
950356,1,1,High,Low,Engaged Bargain Seekers
950390,0,1,High,Low,Engaged Bargain Seekers
950391,1,1,High,Low,Engaged Bargain Seekers
950393,1,1,High,Low,Engaged Bargain Seekers
950403,1,1,High,Low,Engaged Bargain Seekers
950437,1,1,High,Low,Engaged Bargain Seekers
950445,1,1,High,Low,Engaged Bargain Seekers
950446,1,1,High,Low,Engaged Bargain Seekers
950467,1,1,High,Low,Engaged Bargain Seekers
950593,1,1,High,Low,Engaged Bargain Seekers
950660,1,1,High,Low,Engaged Bargain Seekers
950707,1,1,High,Low,Engaged Bargain Seekers
950832,1,1,High,Low,Engaged Bargain Seekers
950896,0,1,High,Low,Engaged Bargain Seekers
950914,1,1,High,Low,Engaged Bargain Seekers
950915,1,1,High,Low,Engaged Bargain Seekers
950933,1,1,High,Low,Engaged Bargain Seekers
950947,3,0,Low,High,High-Value At-Risk
950961,3,0,Low,High,High-Value At-Risk
950980,0,1,High,Low,Engaged Bargain Seekers
951116,0,1,High,Low,Engaged Bargain Seekers
951226,1,1,High,Low,Engaged Bargain Seekers
951353,0,1,High,Low,Engaged Bargain Seekers
951389,1,1,High,Low,Engaged Bargain Seekers
951458,1,1,High,Low,Engaged Bargain Seekers
951546,1,1,High,Low,Engaged Bargain Seekers
951616,1,1,High,Low,Engaged Bargain Seekers
951624,1,1,High,Low,Engaged Bargain Seekers
951712,1,1,High,Low,Engaged Bargain Seekers
951719,1,1,High,Low,Engaged Bargain Seekers
951746,0,1,High,Low,Engaged Bargain Seekers
951781,1,1,High,Low,Engaged Bargain Seekers
951879,0,1,High,Low,Engaged Bargain Seekers
951941,1,1,High,Low,Engaged Bargain Seekers
951954,1,1,High,Low,Engaged Bargain Seekers
952003,1,1,High,Low,Engaged Bargain Seekers
952026,1,1,High,Low,Engaged Bargain Seekers
952077,1,1,High,Low,Engaged Bargain Seekers
952093,1,1,High,Low,Engaged Bargain Seekers
952163,3,0,Low,High,High-Value At-Risk
952222,1,1,High,Low,Engaged Bargain Seekers
952244,3,0,Low,High,High-Value At-Risk
952322,1,1,High,Low,Engaged Bargain Seekers
952326,1,2,High,Medium,Rising Loyalists
952393,0,1,High,Low,Engaged Bargain Seekers
952434,3,0,Low,High,High-Value At-Risk
952493,1,1,High,Low,Engaged Bargain Seekers
952532,0,1,High,Low,Engaged Bargain Seekers
952545,1,1,High,Low,Engaged Bargain Seekers
952573,0,1,High,Low,Engaged Bargain Seekers
952582,0,1,High,Low,Engaged Bargain Seekers
952602,0,1,High,Low,Engaged Bargain Seekers
952629,1,1,High,Low,Engaged Bargain Seekers
952641,1,1,High,Low,Engaged Bargain Seekers
952672,0,1,High,Low,Engaged Bargain Seekers
952696,0,1,High,Low,Engaged Bargain Seekers
952717,1,1,High,Low,Engaged Bargain Seekers
952730,1,1,High,Low,Engaged Bargain Seekers
952859,3,0,Low,High,High-Value At-Risk
952911,0,1,High,Low,Engaged Bargain Seekers
952938,1,1,High,Low,Engaged Bargain Seekers
952955,1,1,High,Low,Engaged Bargain Seekers
952959,1,1,High,Low,Engaged Bargain Seekers
953097,1,1,High,Low,Engaged Bargain Seekers
953198,1,1,High,Low,Engaged Bargain Seekers
953210,0,1,High,Low,Engaged Bargain Seekers
953281,1,1,High,Low,Engaged Bargain Seekers
953307,0,1,High,Low,Engaged Bargain Seekers
953341,1,1,High,Low,Engaged Bargain Seekers
953420,0,1,High,Low,Engaged Bargain Seekers
953431,1,1,High,Low,Engaged Bargain Seekers
953448,0,1,High,Low,Engaged Bargain Seekers
953612,0,1,High,Low,Engaged Bargain Seekers
953614,1,1,High,Low,Engaged Bargain Seekers
953673,1,1,High,Low,Engaged Bargain Seekers
953693,1,2,High,Medium,Rising Loyalists
953757,0,1,High,Low,Engaged Bargain Seekers
953784,0,1,High,Low,Engaged Bargain Seekers
953795,1,1,High,Low,Engaged Bargain Seekers
953892,0,1,High,Low,Engaged Bargain Seekers
953927,0,1,High,Low,Engaged Bargain Seekers
954174,1,1,High,Low,Engaged Bargain Seekers
954231,1,1,High,Low,Engaged Bargain Seekers
954293,0,1,High,Low,Engaged Bargain Seekers
954329,0,1,High,Low,Engaged Bargain Seekers
954424,1,1,High,Low,Engaged Bargain Seekers
954453,1,1,High,Low,Engaged Bargain Seekers
954454,3,0,Low,High,High-Value At-Risk
954558,1,1,High,Low,Engaged Bargain Seekers
954570,1,1,High,Low,Engaged Bargain Seekers
954587,0,2,High,Medium,Rising Loyalists
954599,3,0,Low,High,High-Value At-Risk
954718,1,1,High,Low,Engaged Bargain Seekers
954750,1,1,High,Low,Engaged Bargain Seekers
954773,3,1,Low,Low,Dormant / Churned
954836,1,2,High,Medium,Rising Loyalists
954952,1,1,High,Low,Engaged Bargain Seekers
954973,1,1,High,Low,Engaged Bargain Seekers
955087,1,1,High,Low,Engaged Bargain Seekers
955130,0,1,High,Low,Engaged Bargain Seekers
955138,3,0,Low,High,High-Value At-Risk
955178,1,1,High,Low,Engaged Bargain Seekers
955292,1,1,High,Low,Engaged Bargain Seekers
955424,1,1,High,Low,Engaged Bargain Seekers
955448,0,1,High,Low,Engaged Bargain Seekers
955463,1,2,High,Medium,Rising Loyalists
955479,1,1,High,Low,Engaged Bargain Seekers
955533,3,1,Low,Low,Dormant / Churned
955567,0,1,High,Low,Engaged Bargain Seekers
955633,1,1,High,Low,Engaged Bargain Seekers
955649,1,1,High,Low,Engaged Bargain Seekers
955652,1,2,High,Medium,Rising Loyalists
955666,1,1,High,Low,Engaged Bargain Seekers
955716,1,1,High,Low,Engaged Bargain Seekers
955720,1,1,High,Low,Engaged Bargain Seekers
955750,1,2,High,Medium,Rising Loyalists
955773,0,1,High,Low,Engaged Bargain Seekers
955991,1,1,High,Low,Engaged Bargain Seekers
956005,1,1,High,Low,Engaged Bargain Seekers
956071,1,1,High,Low,Engaged Bargain Seekers
956081,0,1,High,Low,Engaged Bargain Seekers
956144,1,1,High,Low,Engaged Bargain Seekers
956191,1,1,High,Low,Engaged Bargain Seekers
956233,3,0,Low,High,High-Value At-Risk
956402,1,1,High,Low,Engaged Bargain Seekers
956438,1,1,High,Low,Engaged Bargain Seekers
956477,1,1,High,Low,Engaged Bargain Seekers
956558,0,1,High,Low,Engaged Bargain Seekers
956619,1,1,High,Low,Engaged Bargain Seekers
956630,0,1,High,Low,Engaged Bargain Seekers
956843,1,1,High,Low,Engaged Bargain Seekers
956861,1,1,High,Low,Engaged Bargain Seekers
956908,1,1,High,Low,Engaged Bargain Seekers
956946,1,1,High,Low,Engaged Bargain Seekers
957008,0,1,High,Low,Engaged Bargain Seekers
957061,1,1,High,Low,Engaged Bargain Seekers
957127,1,1,High,Low,Engaged Bargain Seekers
957214,1,1,High,Low,Engaged Bargain Seekers
957276,0,1,High,Low,Engaged Bargain Seekers
957325,0,1,High,Low,Engaged Bargain Seekers
957377,0,1,High,Low,Engaged Bargain Seekers
957413,1,1,High,Low,Engaged Bargain Seekers
957419,1,1,High,Low,Engaged Bargain Seekers
957452,1,1,High,Low,Engaged Bargain Seekers
957557,1,1,High,Low,Engaged Bargain Seekers
957571,1,1,High,Low,Engaged Bargain Seekers
957572,1,1,High,Low,Engaged Bargain Seekers
957628,1,1,High,Low,Engaged Bargain Seekers
957686,1,1,High,Low,Engaged Bargain Seekers
957764,1,1,High,Low,Engaged Bargain Seekers
957881,1,1,High,Low,Engaged Bargain Seekers
957901,0,1,High,Low,Engaged Bargain Seekers
957912,1,1,High,Low,Engaged Bargain Seekers
958005,1,1,High,Low,Engaged Bargain Seekers
958026,0,1,High,Low,Engaged Bargain Seekers
958059,1,1,High,Low,Engaged Bargain Seekers
958143,1,1,High,Low,Engaged Bargain Seekers
958224,1,1,High,Low,Engaged Bargain Seekers
958243,1,1,High,Low,Engaged Bargain Seekers
958274,1,1,High,Low,Engaged Bargain Seekers
958283,0,2,High,Medium,Rising Loyalists
958299,1,1,High,Low,Engaged Bargain Seekers
958472,1,1,High,Low,Engaged Bargain Seekers
958491,0,1,High,Low,Engaged Bargain Seekers
958518,0,1,High,Low,Engaged Bargain Seekers
958544,1,2,High,Medium,Rising Loyalists
958687,1,1,High,Low,Engaged Bargain Seekers
958709,1,1,High,Low,Engaged Bargain Seekers
958743,0,1,High,Low,Engaged Bargain Seekers
958767,1,1,High,Low,Engaged Bargain Seekers
958791,1,1,High,Low,Engaged Bargain Seekers
958800,1,1,High,Low,Engaged Bargain Seekers
958839,0,1,High,Low,Engaged Bargain Seekers
958869,3,0,Low,High,High-Value At-Risk
958915,1,1,High,Low,Engaged Bargain Seekers
958923,1,1,High,Low,Engaged Bargain Seekers
958931,1,1,High,Low,Engaged Bargain Seekers
958941,0,1,High,Low,Engaged Bargain Seekers
959027,3,0,Low,High,High-Value At-Risk
959044,1,1,High,Low,Engaged Bargain Seekers
959059,1,1,High,Low,Engaged Bargain Seekers
959137,1,1,High,Low,Engaged Bargain Seekers
959179,3,0,Low,High,High-Value At-Risk
959192,1,1,High,Low,Engaged Bargain Seekers
959280,1,1,High,Low,Engaged Bargain Seekers
959364,0,1,High,Low,Engaged Bargain Seekers
959402,1,1,High,Low,Engaged Bargain Seekers
959453,0,1,High,Low,Engaged Bargain Seekers
959478,1,1,High,Low,Engaged Bargain Seekers
959514,0,1,High,Low,Engaged Bargain Seekers
959673,1,1,High,Low,Engaged Bargain Seekers
959728,0,1,High,Low,Engaged Bargain Seekers
959778,0,1,High,Low,Engaged Bargain Seekers
959793,1,2,High,Medium,Rising Loyalists
959821,1,1,High,Low,Engaged Bargain Seekers
959977,0,1,High,Low,Engaged Bargain Seekers
960005,1,1,High,Low,Engaged Bargain Seekers
960050,3,0,Low,High,High-Value At-Risk
960082,1,1,High,Low,Engaged Bargain Seekers
960195,1,1,High,Low,Engaged Bargain Seekers
960253,0,1,High,Low,Engaged Bargain Seekers
960309,0,1,High,Low,Engaged Bargain Seekers
960417,0,1,High,Low,Engaged Bargain Seekers
960441,1,2,High,Medium,Rising Loyalists
960555,3,1,Low,Low,Dormant / Churned
960629,1,1,High,Low,Engaged Bargain Seekers
960678,3,1,Low,Low,Dormant / Churned
960708,1,1,High,Low,Engaged Bargain Seekers
960761,3,0,Low,High,High-Value At-Risk
960913,1,1,High,Low,Engaged Bargain Seekers
960934,1,1,High,Low,Engaged Bargain Seekers
960959,3,0,Low,High,High-Value At-Risk
961177,0,1,High,Low,Engaged Bargain Seekers
961213,0,1,High,Low,Engaged Bargain Seekers
961218,1,1,High,Low,Engaged Bargain Seekers
961264,3,0,Low,High,High-Value At-Risk
961331,1,1,High,Low,Engaged Bargain Seekers
961427,1,1,High,Low,Engaged Bargain Seekers
961440,3,0,Low,High,High-Value At-Risk
961455,3,0,Low,High,High-Value At-Risk
961463,1,1,High,Low,Engaged Bargain Seekers
961512,3,0,Low,High,High-Value At-Risk
961533,1,1,High,Low,Engaged Bargain Seekers
961595,1,1,High,Low,Engaged Bargain Seekers
961639,1,1,High,Low,Engaged Bargain Seekers
961650,0,1,High,Low,Engaged Bargain Seekers
961682,1,1,High,Low,Engaged Bargain Seekers
961837,1,1,High,Low,Engaged Bargain Seekers
961961,1,2,High,Medium,Rising Loyalists
961965,1,2,High,Medium,Rising Loyalists
961978,1,1,High,Low,Engaged Bargain Seekers
962011,1,1,High,Low,Engaged Bargain Seekers
962055,3,1,Low,Low,Dormant / Churned
962267,0,1,High,Low,Engaged Bargain Seekers
962278,0,1,High,Low,Engaged Bargain Seekers
962455,1,1,High,Low,Engaged Bargain Seekers
962472,0,1,High,Low,Engaged Bargain Seekers
962480,3,1,Low,Low,Dormant / Churned
962566,0,1,High,Low,Engaged Bargain Seekers
962600,3,0,Low,High,High-Value At-Risk
962637,1,1,High,Low,Engaged Bargain Seekers
962657,1,1,High,Low,Engaged Bargain Seekers
962661,1,1,High,Low,Engaged Bargain Seekers
962730,1,1,High,Low,Engaged Bargain Seekers
962801,1,1,High,Low,Engaged Bargain Seekers
962989,1,1,High,Low,Engaged Bargain Seekers
963016,1,1,High,Low,Engaged Bargain Seekers
963036,1,1,High,Low,Engaged Bargain Seekers
963067,1,2,High,Medium,Rising Loyalists
963100,1,1,High,Low,Engaged Bargain Seekers
963170,0,1,High,Low,Engaged Bargain Seekers
963410,1,1,High,Low,Engaged Bargain Seekers
963464,1,1,High,Low,Engaged Bargain Seekers
963473,1,1,High,Low,Engaged Bargain Seekers
963487,1,1,High,Low,Engaged Bargain Seekers
963502,1,1,High,Low,Engaged Bargain Seekers
963523,1,1,High,Low,Engaged Bargain Seekers
963541,0,1,High,Low,Engaged Bargain Seekers
963595,1,1,High,Low,Engaged Bargain Seekers
963619,0,1,High,Low,Engaged Bargain Seekers
963642,1,1,High,Low,Engaged Bargain Seekers
963644,0,1,High,Low,Engaged Bargain Seekers
963690,0,1,High,Low,Engaged Bargain Seekers
963757,1,1,High,Low,Engaged Bargain Seekers
963814,1,1,High,Low,Engaged Bargain Seekers
963921,3,1,Low,Low,Dormant / Churned
963985,1,1,High,Low,Engaged Bargain Seekers
964047,1,1,High,Low,Engaged Bargain Seekers
964151,1,1,High,Low,Engaged Bargain Seekers
964159,1,1,High,Low,Engaged Bargain Seekers
964206,0,1,High,Low,Engaged Bargain Seekers
964744,0,1,High,Low,Engaged Bargain Seekers
964789,1,1,High,Low,Engaged Bargain Seekers
964791,0,1,High,Low,Engaged Bargain Seekers
965012,1,1,High,Low,Engaged Bargain Seekers
965066,0,1,High,Low,Engaged Bargain Seekers
965079,1,1,High,Low,Engaged Bargain Seekers
965116,1,1,High,Low,Engaged Bargain Seekers
965154,0,1,High,Low,Engaged Bargain Seekers
965254,0,1,High,Low,Engaged Bargain Seekers
965482,1,1,High,Low,Engaged Bargain Seekers
965590,1,1,High,Low,Engaged Bargain Seekers
965605,1,1,High,Low,Engaged Bargain Seekers
965674,1,1,High,Low,Engaged Bargain Seekers
965688,1,1,High,Low,Engaged Bargain Seekers
965691,3,0,Low,High,High-Value At-Risk
965698,1,1,High,Low,Engaged Bargain Seekers
965713,1,2,High,Medium,Rising Loyalists
965751,0,2,High,Medium,Rising Loyalists
965758,1,1,High,Low,Engaged Bargain Seekers
965948,1,1,High,Low,Engaged Bargain Seekers
966059,1,1,High,Low,Engaged Bargain Seekers
966089,0,1,High,Low,Engaged Bargain Seekers
966117,1,1,High,Low,Engaged Bargain Seekers
966142,0,1,High,Low,Engaged Bargain Seekers
966204,0,1,High,Low,Engaged Bargain Seekers
966210,0,1,High,Low,Engaged Bargain Seekers
966227,0,1,High,Low,Engaged Bargain Seekers
966285,1,1,High,Low,Engaged Bargain Seekers
966350,0,2,High,Medium,Rising Loyalists
966372,1,1,High,Low,Engaged Bargain Seekers
966389,1,1,High,Low,Engaged Bargain Seekers
966391,1,1,High,Low,Engaged Bargain Seekers
966512,0,1,High,Low,Engaged Bargain Seekers
966580,1,1,High,Low,Engaged Bargain Seekers
966688,3,0,Low,High,High-Value At-Risk
966698,0,1,High,Low,Engaged Bargain Seekers
966729,1,1,High,Low,Engaged Bargain Seekers
966797,1,1,High,Low,Engaged Bargain Seekers
966891,1,1,High,Low,Engaged Bargain Seekers
966920,0,1,High,Low,Engaged Bargain Seekers
966949,3,0,Low,High,High-Value At-Risk
966953,1,1,High,Low,Engaged Bargain Seekers
967017,1,1,High,Low,Engaged Bargain Seekers
967032,0,1,High,Low,Engaged Bargain Seekers
967035,1,1,High,Low,Engaged Bargain Seekers
967093,1,1,High,Low,Engaged Bargain Seekers
967150,1,1,High,Low,Engaged Bargain Seekers
967233,3,0,Low,High,High-Value At-Risk
967241,1,1,High,Low,Engaged Bargain Seekers
967253,1,1,High,Low,Engaged Bargain Seekers
967274,0,1,High,Low,Engaged Bargain Seekers
967298,1,1,High,Low,Engaged Bargain Seekers
967300,0,1,High,Low,Engaged Bargain Seekers
967347,0,1,High,Low,Engaged Bargain Seekers
967443,1,1,High,Low,Engaged Bargain Seekers
967462,1,1,High,Low,Engaged Bargain Seekers
967490,1,1,High,Low,Engaged Bargain Seekers
967500,0,1,High,Low,Engaged Bargain Seekers
967502,0,1,High,Low,Engaged Bargain Seekers
967628,1,1,High,Low,Engaged Bargain Seekers
967634,3,1,Low,Low,Dormant / Churned
967637,1,1,High,Low,Engaged Bargain Seekers
967693,0,1,High,Low,Engaged Bargain Seekers
967727,0,1,High,Low,Engaged Bargain Seekers
967738,3,0,Low,High,High-Value At-Risk
967772,1,1,High,Low,Engaged Bargain Seekers
967819,3,0,Low,High,High-Value At-Risk
967838,1,1,High,Low,Engaged Bargain Seekers
967883,1,1,High,Low,Engaged Bargain Seekers
967904,1,1,High,Low,Engaged Bargain Seekers
967966,1,1,High,Low,Engaged Bargain Seekers
968034,1,1,High,Low,Engaged Bargain Seekers
968064,0,2,High,Medium,Rising Loyalists
968090,1,1,High,Low,Engaged Bargain Seekers
968225,1,1,High,Low,Engaged Bargain Seekers
968253,1,1,High,Low,Engaged Bargain Seekers
968312,1,1,High,Low,Engaged Bargain Seekers
968325,1,1,High,Low,Engaged Bargain Seekers
968370,1,1,High,Low,Engaged Bargain Seekers
968447,1,1,High,Low,Engaged Bargain Seekers
968450,1,1,High,Low,Engaged Bargain Seekers
968484,1,1,High,Low,Engaged Bargain Seekers
968497,1,1,High,Low,Engaged Bargain Seekers
968608,1,1,High,Low,Engaged Bargain Seekers
968632,1,1,High,Low,Engaged Bargain Seekers
968638,1,1,High,Low,Engaged Bargain Seekers
968666,1,1,High,Low,Engaged Bargain Seekers
968671,1,1,High,Low,Engaged Bargain Seekers
968764,0,1,High,Low,Engaged Bargain Seekers
968807,1,1,High,Low,Engaged Bargain Seekers
968828,0,1,High,Low,Engaged Bargain Seekers
968842,0,2,High,Medium,Rising Loyalists
968867,3,1,Low,Low,Dormant / Churned
968943,1,1,High,Low,Engaged Bargain Seekers
969053,1,1,High,Low,Engaged Bargain Seekers
969092,1,1,High,Low,Engaged Bargain Seekers
969165,0,2,High,Medium,Rising Loyalists
969219,0,1,High,Low,Engaged Bargain Seekers
969277,1,1,High,Low,Engaged Bargain Seekers
969313,1,1,High,Low,Engaged Bargain Seekers
969318,1,1,High,Low,Engaged Bargain Seekers
969342,1,1,High,Low,Engaged Bargain Seekers
969350,1,1,High,Low,Engaged Bargain Seekers
969360,1,1,High,Low,Engaged Bargain Seekers
969378,1,1,High,Low,Engaged Bargain Seekers
969483,1,1,High,Low,Engaged Bargain Seekers
969485,1,1,High,Low,Engaged Bargain Seekers
969500,1,1,High,Low,Engaged Bargain Seekers
969586,1,1,High,Low,Engaged Bargain Seekers
969616,1,1,High,Low,Engaged Bargain Seekers
969617,0,1,High,Low,Engaged Bargain Seekers
969626,1,1,High,Low,Engaged Bargain Seekers
969632,1,1,High,Low,Engaged Bargain Seekers
969653,1,1,High,Low,Engaged Bargain Seekers
969687,1,1,High,Low,Engaged Bargain Seekers
969689,1,1,High,Low,Engaged Bargain Seekers
969719,0,2,High,Medium,Rising Loyalists
969732,1,1,High,Low,Engaged Bargain Seekers
969764,1,1,High,Low,Engaged Bargain Seekers
969800,3,0,Low,High,High-Value At-Risk
969810,1,1,High,Low,Engaged Bargain Seekers
969860,3,0,Low,High,High-Value At-Risk
969913,1,1,High,Low,Engaged Bargain Seekers
969924,1,1,High,Low,Engaged Bargain Seekers
969933,1,1,High,Low,Engaged Bargain Seekers
969938,1,1,High,Low,Engaged Bargain Seekers
970014,0,1,High,Low,Engaged Bargain Seekers
970092,1,1,High,Low,Engaged Bargain Seekers
970102,1,1,High,Low,Engaged Bargain Seekers
970152,0,1,High,Low,Engaged Bargain Seekers
970154,1,1,High,Low,Engaged Bargain Seekers
970195,1,1,High,Low,Engaged Bargain Seekers
970351,1,1,High,Low,Engaged Bargain Seekers
970401,3,0,Low,High,High-Value At-Risk
970576,0,1,High,Low,Engaged Bargain Seekers
970637,1,1,High,Low,Engaged Bargain Seekers
970639,1,1,High,Low,Engaged Bargain Seekers
970706,1,1,High,Low,Engaged Bargain Seekers
970746,1,1,High,Low,Engaged Bargain Seekers
970783,0,1,High,Low,Engaged Bargain Seekers
970964,1,1,High,Low,Engaged Bargain Seekers
970976,1,1,High,Low,Engaged Bargain Seekers
971030,3,1,Low,Low,Dormant / Churned
971097,1,1,High,Low,Engaged Bargain Seekers
971107,1,2,High,Medium,Rising Loyalists
971142,1,1,High,Low,Engaged Bargain Seekers
971157,1,1,High,Low,Engaged Bargain Seekers
971164,1,1,High,Low,Engaged Bargain Seekers
971318,1,1,High,Low,Engaged Bargain Seekers
971370,1,1,High,Low,Engaged Bargain Seekers
971488,1,1,High,Low,Engaged Bargain Seekers
971528,1,1,High,Low,Engaged Bargain Seekers
971581,1,2,High,Medium,Rising Loyalists
971582,1,1,High,Low,Engaged Bargain Seekers
971599,1,1,High,Low,Engaged Bargain Seekers
971608,0,1,High,Low,Engaged Bargain Seekers
971609,0,1,High,Low,Engaged Bargain Seekers
971627,1,1,High,Low,Engaged Bargain Seekers
971637,1,1,High,Low,Engaged Bargain Seekers
971670,0,1,High,Low,Engaged Bargain Seekers
971902,3,1,Low,Low,Dormant / Churned
971987,1,1,High,Low,Engaged Bargain Seekers
972121,1,1,High,Low,Engaged Bargain Seekers
972129,1,2,High,Medium,Rising Loyalists
972157,1,1,High,Low,Engaged Bargain Seekers
972222,1,1,High,Low,Engaged Bargain Seekers
972298,1,1,High,Low,Engaged Bargain Seekers
972462,3,0,Low,High,High-Value At-Risk
972581,1,1,High,Low,Engaged Bargain Seekers
972636,1,1,High,Low,Engaged Bargain Seekers
972648,1,1,High,Low,Engaged Bargain Seekers
972671,0,1,High,Low,Engaged Bargain Seekers
972673,1,1,High,Low,Engaged Bargain Seekers
972686,1,1,High,Low,Engaged Bargain Seekers
972732,1,1,High,Low,Engaged Bargain Seekers
972787,0,1,High,Low,Engaged Bargain Seekers
972791,0,1,High,Low,Engaged Bargain Seekers
972795,1,1,High,Low,Engaged Bargain Seekers
972954,0,1,High,Low,Engaged Bargain Seekers
972964,0,1,High,Low,Engaged Bargain Seekers
972994,1,1,High,Low,Engaged Bargain Seekers
973059,0,1,High,Low,Engaged Bargain Seekers
973060,0,1,High,Low,Engaged Bargain Seekers
973070,3,0,Low,High,High-Value At-Risk
973104,0,1,High,Low,Engaged Bargain Seekers
973111,1,1,High,Low,Engaged Bargain Seekers
973112,1,1,High,Low,Engaged Bargain Seekers
973168,1,1,High,Low,Engaged Bargain Seekers
973357,1,1,High,Low,Engaged Bargain Seekers
973407,0,1,High,Low,Engaged Bargain Seekers
973485,1,1,High,Low,Engaged Bargain Seekers
973524,1,1,High,Low,Engaged Bargain Seekers
973609,0,1,High,Low,Engaged Bargain Seekers
973728,1,1,High,Low,Engaged Bargain Seekers
973846,1,1,High,Low,Engaged Bargain Seekers
973860,1,1,High,Low,Engaged Bargain Seekers
973897,1,1,High,Low,Engaged Bargain Seekers
973921,1,1,High,Low,Engaged Bargain Seekers
973951,1,1,High,Low,Engaged Bargain Seekers
974041,1,1,High,Low,Engaged Bargain Seekers
974114,1,1,High,Low,Engaged Bargain Seekers
974189,3,1,Low,Low,Dormant / Churned
974209,1,1,High,Low,Engaged Bargain Seekers
974265,0,1,High,Low,Engaged Bargain Seekers
974330,1,1,High,Low,Engaged Bargain Seekers
974441,0,1,High,Low,Engaged Bargain Seekers
974500,1,1,High,Low,Engaged Bargain Seekers
974606,1,1,High,Low,Engaged Bargain Seekers
974617,1,1,High,Low,Engaged Bargain Seekers
974630,1,1,High,Low,Engaged Bargain Seekers
974715,0,1,High,Low,Engaged Bargain Seekers
974738,3,0,Low,High,High-Value At-Risk
974758,0,1,High,Low,Engaged Bargain Seekers
974777,1,1,High,Low,Engaged Bargain Seekers
974829,1,1,High,Low,Engaged Bargain Seekers
974848,0,1,High,Low,Engaged Bargain Seekers
974875,1,2,High,Medium,Rising Loyalists
975181,0,1,High,Low,Engaged Bargain Seekers
975199,1,1,High,Low,Engaged Bargain Seekers
975212,3,0,Low,High,High-Value At-Risk
975218,0,1,High,Low,Engaged Bargain Seekers
975298,1,1,High,Low,Engaged Bargain Seekers
975309,1,1,High,Low,Engaged Bargain Seekers
975387,1,1,High,Low,Engaged Bargain Seekers
975407,1,1,High,Low,Engaged Bargain Seekers
975412,1,1,High,Low,Engaged Bargain Seekers
975466,0,1,High,Low,Engaged Bargain Seekers
975477,1,1,High,Low,Engaged Bargain Seekers
975497,1,1,High,Low,Engaged Bargain Seekers
975531,0,1,High,Low,Engaged Bargain Seekers
975613,0,1,High,Low,Engaged Bargain Seekers
975614,1,1,High,Low,Engaged Bargain Seekers
975692,3,0,Low,High,High-Value At-Risk
975749,1,1,High,Low,Engaged Bargain Seekers
975767,1,1,High,Low,Engaged Bargain Seekers
975846,1,1,High,Low,Engaged Bargain Seekers
975918,1,1,High,Low,Engaged Bargain Seekers
975944,1,1,High,Low,Engaged Bargain Seekers
975949,1,1,High,Low,Engaged Bargain Seekers
976004,0,1,High,Low,Engaged Bargain Seekers
976007,1,2,High,Medium,Rising Loyalists
976153,1,1,High,Low,Engaged Bargain Seekers
976307,1,1,High,Low,Engaged Bargain Seekers
976330,2,0,Low,High,High-Value At-Risk
976413,1,1,High,Low,Engaged Bargain Seekers
976423,1,1,High,Low,Engaged Bargain Seekers
976489,1,1,High,Low,Engaged Bargain Seekers
976513,1,1,High,Low,Engaged Bargain Seekers
976529,1,1,High,Low,Engaged Bargain Seekers
976596,1,1,High,Low,Engaged Bargain Seekers
976605,1,1,High,Low,Engaged Bargain Seekers
976623,1,1,High,Low,Engaged Bargain Seekers
976636,1,1,High,Low,Engaged Bargain Seekers
976695,1,1,High,Low,Engaged Bargain Seekers
976700,1,1,High,Low,Engaged Bargain Seekers
976831,3,1,Low,Low,Dormant / Churned
976834,0,1,High,Low,Engaged Bargain Seekers
977037,0,1,High,Low,Engaged Bargain Seekers
977080,1,1,High,Low,Engaged Bargain Seekers
977178,1,2,High,Medium,Rising Loyalists
977236,0,1,High,Low,Engaged Bargain Seekers
977244,1,2,High,Medium,Rising Loyalists
977274,1,1,High,Low,Engaged Bargain Seekers
977303,1,1,High,Low,Engaged Bargain Seekers
977305,1,1,High,Low,Engaged Bargain Seekers
977363,0,1,High,Low,Engaged Bargain Seekers
977377,0,1,High,Low,Engaged Bargain Seekers
977523,1,1,High,Low,Engaged Bargain Seekers
977550,1,2,High,Medium,Rising Loyalists
977676,0,1,High,Low,Engaged Bargain Seekers
977693,0,1,High,Low,Engaged Bargain Seekers
977916,1,1,High,Low,Engaged Bargain Seekers
978040,0,1,High,Low,Engaged Bargain Seekers
978048,0,1,High,Low,Engaged Bargain Seekers
978130,1,1,High,Low,Engaged Bargain Seekers
978349,1,1,High,Low,Engaged Bargain Seekers
978484,1,1,High,Low,Engaged Bargain Seekers
978654,1,1,High,Low,Engaged Bargain Seekers
978676,1,1,High,Low,Engaged Bargain Seekers
978712,0,1,High,Low,Engaged Bargain Seekers
978907,3,0,Low,High,High-Value At-Risk
978934,3,0,Low,High,High-Value At-Risk
979010,1,1,High,Low,Engaged Bargain Seekers
979053,1,1,High,Low,Engaged Bargain Seekers
979075,0,1,High,Low,Engaged Bargain Seekers
979115,0,1,High,Low,Engaged Bargain Seekers
979135,1,1,High,Low,Engaged Bargain Seekers
979168,3,0,Low,High,High-Value At-Risk
979262,1,1,High,Low,Engaged Bargain Seekers
979309,1,1,High,Low,Engaged Bargain Seekers
979330,0,1,High,Low,Engaged Bargain Seekers
979355,1,1,High,Low,Engaged Bargain Seekers
979389,1,1,High,Low,Engaged Bargain Seekers
979449,0,1,High,Low,Engaged Bargain Seekers
979467,1,1,High,Low,Engaged Bargain Seekers
979548,1,1,High,Low,Engaged Bargain Seekers
979575,1,1,High,Low,Engaged Bargain Seekers
979598,1,1,High,Low,Engaged Bargain Seekers
979634,1,1,High,Low,Engaged Bargain Seekers
979639,1,1,High,Low,Engaged Bargain Seekers
979644,1,1,High,Low,Engaged Bargain Seekers
979703,1,1,High,Low,Engaged Bargain Seekers
979776,1,1,High,Low,Engaged Bargain Seekers
979901,1,1,High,Low,Engaged Bargain Seekers
979983,1,1,High,Low,Engaged Bargain Seekers
980145,3,0,Low,High,High-Value At-Risk
980198,1,1,High,Low,Engaged Bargain Seekers
980338,1,1,High,Low,Engaged Bargain Seekers
980414,1,1,High,Low,Engaged Bargain Seekers
980478,1,1,High,Low,Engaged Bargain Seekers
980494,0,1,High,Low,Engaged Bargain Seekers
980575,1,1,High,Low,Engaged Bargain Seekers
980651,1,1,High,Low,Engaged Bargain Seekers
980761,1,1,High,Low,Engaged Bargain Seekers
980788,1,1,High,Low,Engaged Bargain Seekers
980837,0,1,High,Low,Engaged Bargain Seekers
980856,1,1,High,Low,Engaged Bargain Seekers
980915,1,1,High,Low,Engaged Bargain Seekers
980935,1,1,High,Low,Engaged Bargain Seekers
980952,1,1,High,Low,Engaged Bargain Seekers
981091,1,1,High,Low,Engaged Bargain Seekers
981117,1,1,High,Low,Engaged Bargain Seekers
981150,1,1,High,Low,Engaged Bargain Seekers
981160,1,1,High,Low,Engaged Bargain Seekers
981195,1,1,High,Low,Engaged Bargain Seekers
981198,0,1,High,Low,Engaged Bargain Seekers
981201,1,1,High,Low,Engaged Bargain Seekers
981220,0,1,High,Low,Engaged Bargain Seekers
981304,1,2,High,Medium,Rising Loyalists
981343,1,1,High,Low,Engaged Bargain Seekers
981395,1,1,High,Low,Engaged Bargain Seekers
981427,1,1,High,Low,Engaged Bargain Seekers
981434,1,1,High,Low,Engaged Bargain Seekers
981508,0,1,High,Low,Engaged Bargain Seekers
981536,1,1,High,Low,Engaged Bargain Seekers
981581,1,1,High,Low,Engaged Bargain Seekers
981664,1,1,High,Low,Engaged Bargain Seekers
981674,1,1,High,Low,Engaged Bargain Seekers
981691,1,2,High,Medium,Rising Loyalists
981737,1,1,High,Low,Engaged Bargain Seekers
981848,1,1,High,Low,Engaged Bargain Seekers
981851,1,1,High,Low,Engaged Bargain Seekers
981920,1,1,High,Low,Engaged Bargain Seekers
982017,1,1,High,Low,Engaged Bargain Seekers
982059,1,1,High,Low,Engaged Bargain Seekers
982096,1,1,High,Low,Engaged Bargain Seekers
982202,0,1,High,Low,Engaged Bargain Seekers
982296,1,1,High,Low,Engaged Bargain Seekers
982416,1,1,High,Low,Engaged Bargain Seekers
982433,0,1,High,Low,Engaged Bargain Seekers
982446,1,1,High,Low,Engaged Bargain Seekers
982501,0,1,High,Low,Engaged Bargain Seekers
982508,1,1,High,Low,Engaged Bargain Seekers
982528,0,1,High,Low,Engaged Bargain Seekers
982535,1,1,High,Low,Engaged Bargain Seekers
982542,0,1,High,Low,Engaged Bargain Seekers
982543,0,1,High,Low,Engaged Bargain Seekers
982578,1,1,High,Low,Engaged Bargain Seekers
982608,0,1,High,Low,Engaged Bargain Seekers
982715,1,1,High,Low,Engaged Bargain Seekers
982895,3,0,Low,High,High-Value At-Risk
982969,1,1,High,Low,Engaged Bargain Seekers
983130,0,1,High,Low,Engaged Bargain Seekers
983199,0,1,High,Low,Engaged Bargain Seekers
983242,1,1,High,Low,Engaged Bargain Seekers
983353,3,1,Low,Low,Dormant / Churned
983393,1,1,High,Low,Engaged Bargain Seekers
983416,1,1,High,Low,Engaged Bargain Seekers
983440,3,0,Low,High,High-Value At-Risk
983450,3,1,Low,Low,Dormant / Churned
983524,1,1,High,Low,Engaged Bargain Seekers
983551,1,1,High,Low,Engaged Bargain Seekers
983713,1,1,High,Low,Engaged Bargain Seekers
983809,1,1,High,Low,Engaged Bargain Seekers
983810,3,1,Low,Low,Dormant / Churned
983822,1,1,High,Low,Engaged Bargain Seekers
983855,0,1,High,Low,Engaged Bargain Seekers
983872,0,1,High,Low,Engaged Bargain Seekers
983900,1,1,High,Low,Engaged Bargain Seekers
983968,1,1,High,Low,Engaged Bargain Seekers
984055,0,1,High,Low,Engaged Bargain Seekers
984086,1,1,High,Low,Engaged Bargain Seekers
984115,1,1,High,Low,Engaged Bargain Seekers
984180,3,1,Low,Low,Dormant / Churned
984290,0,1,High,Low,Engaged Bargain Seekers
984409,1,1,High,Low,Engaged Bargain Seekers
984429,1,1,High,Low,Engaged Bargain Seekers
984545,1,1,High,Low,Engaged Bargain Seekers
984636,1,1,High,Low,Engaged Bargain Seekers
984713,0,1,High,Low,Engaged Bargain Seekers
984798,1,1,High,Low,Engaged Bargain Seekers
984824,0,1,High,Low,Engaged Bargain Seekers
984878,1,1,High,Low,Engaged Bargain Seekers
984968,3,0,Low,High,High-Value At-Risk
985115,0,1,High,Low,Engaged Bargain Seekers
985183,1,1,High,Low,Engaged Bargain Seekers
985211,1,1,High,Low,Engaged Bargain Seekers
985266,1,1,High,Low,Engaged Bargain Seekers
985320,0,1,High,Low,Engaged Bargain Seekers
985341,1,1,High,Low,Engaged Bargain Seekers
985374,1,1,High,Low,Engaged Bargain Seekers
985427,0,1,High,Low,Engaged Bargain Seekers
985516,1,1,High,Low,Engaged Bargain Seekers
985622,3,0,Low,High,High-Value At-Risk
985707,0,1,High,Low,Engaged Bargain Seekers
985757,1,1,High,Low,Engaged Bargain Seekers
985765,1,1,High,Low,Engaged Bargain Seekers
985839,1,1,High,Low,Engaged Bargain Seekers
986018,1,1,High,Low,Engaged Bargain Seekers
986055,1,1,High,Low,Engaged Bargain Seekers
986086,1,1,High,Low,Engaged Bargain Seekers
986126,3,0,Low,High,High-Value At-Risk
986143,1,1,High,Low,Engaged Bargain Seekers
986208,1,1,High,Low,Engaged Bargain Seekers
986217,1,1,High,Low,Engaged Bargain Seekers
986288,1,1,High,Low,Engaged Bargain Seekers
986421,1,1,High,Low,Engaged Bargain Seekers
986461,1,1,High,Low,Engaged Bargain Seekers
986507,1,1,High,Low,Engaged Bargain Seekers
986551,1,1,High,Low,Engaged Bargain Seekers
986623,0,1,High,Low,Engaged Bargain Seekers
986792,0,1,High,Low,Engaged Bargain Seekers
986825,1,1,High,Low,Engaged Bargain Seekers
987122,1,1,High,Low,Engaged Bargain Seekers
987153,1,1,High,Low,Engaged Bargain Seekers
987171,1,1,High,Low,Engaged Bargain Seekers
987205,1,2,High,Medium,Rising Loyalists
987221,1,1,High,Low,Engaged Bargain Seekers
987347,1,2,High,Medium,Rising Loyalists
987425,1,1,High,Low,Engaged Bargain Seekers
987482,1,1,High,Low,Engaged Bargain Seekers
987530,1,1,High,Low,Engaged Bargain Seekers
987612,1,1,High,Low,Engaged Bargain Seekers
987921,1,1,High,Low,Engaged Bargain Seekers
987978,0,1,High,Low,Engaged Bargain Seekers
988043,1,2,High,Medium,Rising Loyalists
988149,0,1,High,Low,Engaged Bargain Seekers
988178,1,1,High,Low,Engaged Bargain Seekers
988223,0,1,High,Low,Engaged Bargain Seekers
988234,3,0,Low,High,High-Value At-Risk
988249,1,1,High,Low,Engaged Bargain Seekers
988307,1,1,High,Low,Engaged Bargain Seekers
988345,1,1,High,Low,Engaged Bargain Seekers
988392,1,1,High,Low,Engaged Bargain Seekers
988419,0,1,High,Low,Engaged Bargain Seekers
988510,1,1,High,Low,Engaged Bargain Seekers
988552,3,0,Low,High,High-Value At-Risk
988594,0,1,High,Low,Engaged Bargain Seekers
988638,1,1,High,Low,Engaged Bargain Seekers
988691,1,2,High,Medium,Rising Loyalists
988728,0,1,High,Low,Engaged Bargain Seekers
988839,3,0,Low,High,High-Value At-Risk
988921,1,1,High,Low,Engaged Bargain Seekers
988927,3,0,Low,High,High-Value At-Risk
989040,3,1,Low,Low,Dormant / Churned
989048,1,1,High,Low,Engaged Bargain Seekers
989067,0,1,High,Low,Engaged Bargain Seekers
989081,3,1,Low,Low,Dormant / Churned
989134,1,1,High,Low,Engaged Bargain Seekers
989148,1,1,High,Low,Engaged Bargain Seekers
989154,1,1,High,Low,Engaged Bargain Seekers
989220,3,1,Low,Low,Dormant / Churned
989256,1,1,High,Low,Engaged Bargain Seekers
989262,0,1,High,Low,Engaged Bargain Seekers
989406,0,1,High,Low,Engaged Bargain Seekers
989429,3,0,Low,High,High-Value At-Risk
989473,1,1,High,Low,Engaged Bargain Seekers
989478,1,1,High,Low,Engaged Bargain Seekers
989527,0,1,High,Low,Engaged Bargain Seekers
989528,1,1,High,Low,Engaged Bargain Seekers
989568,1,1,High,Low,Engaged Bargain Seekers
989658,3,1,Low,Low,Dormant / Churned
989666,1,1,High,Low,Engaged Bargain Seekers
989746,1,1,High,Low,Engaged Bargain Seekers
989802,1,1,High,Low,Engaged Bargain Seekers
989816,1,1,High,Low,Engaged Bargain Seekers
989837,3,2,Low,Medium,Value Fading
989986,1,1,High,Low,Engaged Bargain Seekers
990077,1,1,High,Low,Engaged Bargain Seekers
990122,3,0,Low,High,High-Value At-Risk
990204,1,1,High,Low,Engaged Bargain Seekers
990218,1,1,High,Low,Engaged Bargain Seekers
990268,1,1,High,Low,Engaged Bargain Seekers
990512,0,1,High,Low,Engaged Bargain Seekers
990595,1,1,High,Low,Engaged Bargain Seekers
990598,1,1,High,Low,Engaged Bargain Seekers
990728,0,1,High,Low,Engaged Bargain Seekers
990905,1,1,High,Low,Engaged Bargain Seekers
990918,1,1,High,Low,Engaged Bargain Seekers
990933,1,1,High,Low,Engaged Bargain Seekers
990947,3,1,Low,Low,Dormant / Churned
990955,1,1,High,Low,Engaged Bargain Seekers
991050,1,2,High,Medium,Rising Loyalists
991056,1,1,High,Low,Engaged Bargain Seekers
991084,1,1,High,Low,Engaged Bargain Seekers
991090,1,1,High,Low,Engaged Bargain Seekers
991189,0,1,High,Low,Engaged Bargain Seekers
991210,0,1,High,Low,Engaged Bargain Seekers
991213,0,1,High,Low,Engaged Bargain Seekers
991230,1,1,High,Low,Engaged Bargain Seekers
991275,3,0,Low,High,High-Value At-Risk
991356,1,1,High,Low,Engaged Bargain Seekers
991371,3,1,Low,Low,Dormant / Churned
991419,0,1,High,Low,Engaged Bargain Seekers
991442,1,1,High,Low,Engaged Bargain Seekers
991529,1,1,High,Low,Engaged Bargain Seekers
991568,1,1,High,Low,Engaged Bargain Seekers
991627,0,1,High,Low,Engaged Bargain Seekers
991638,1,1,High,Low,Engaged Bargain Seekers
991672,1,1,High,Low,Engaged Bargain Seekers
991893,1,1,High,Low,Engaged Bargain Seekers
991924,1,1,High,Low,Engaged Bargain Seekers
991983,0,1,High,Low,Engaged Bargain Seekers
992002,1,1,High,Low,Engaged Bargain Seekers
992028,1,1,High,Low,Engaged Bargain Seekers
992065,0,1,High,Low,Engaged Bargain Seekers
992072,1,1,High,Low,Engaged Bargain Seekers
992168,1,1,High,Low,Engaged Bargain Seekers
992194,1,1,High,Low,Engaged Bargain Seekers
992268,1,1,High,Low,Engaged Bargain Seekers
992476,1,1,High,Low,Engaged Bargain Seekers
992488,1,1,High,Low,Engaged Bargain Seekers
992499,0,1,High,Low,Engaged Bargain Seekers
992524,1,1,High,Low,Engaged Bargain Seekers
992538,1,1,High,Low,Engaged Bargain Seekers
992542,3,1,Low,Low,Dormant / Churned
992631,3,1,Low,Low,Dormant / Churned
992769,0,1,High,Low,Engaged Bargain Seekers
992854,1,1,High,Low,Engaged Bargain Seekers
992886,1,1,High,Low,Engaged Bargain Seekers
992930,1,1,High,Low,Engaged Bargain Seekers
992985,1,1,High,Low,Engaged Bargain Seekers
992986,1,1,High,Low,Engaged Bargain Seekers
993054,1,1,High,Low,Engaged Bargain Seekers
993058,1,1,High,Low,Engaged Bargain Seekers
993170,0,1,High,Low,Engaged Bargain Seekers
993241,0,1,High,Low,Engaged Bargain Seekers
993266,1,2,High,Medium,Rising Loyalists
993271,1,1,High,Low,Engaged Bargain Seekers
993328,1,1,High,Low,Engaged Bargain Seekers
993350,3,1,Low,Low,Dormant / Churned
993650,1,1,High,Low,Engaged Bargain Seekers
993986,1,1,High,Low,Engaged Bargain Seekers
994044,0,1,High,Low,Engaged Bargain Seekers
994219,0,1,High,Low,Engaged Bargain Seekers
994225,1,1,High,Low,Engaged Bargain Seekers
994285,1,1,High,Low,Engaged Bargain Seekers
994308,0,1,High,Low,Engaged Bargain Seekers
994374,1,1,High,Low,Engaged Bargain Seekers
994377,1,1,High,Low,Engaged Bargain Seekers
994443,1,1,High,Low,Engaged Bargain Seekers
994541,1,1,High,Low,Engaged Bargain Seekers
994571,1,1,High,Low,Engaged Bargain Seekers
994609,1,1,High,Low,Engaged Bargain Seekers
994676,1,1,High,Low,Engaged Bargain Seekers
994679,0,1,High,Low,Engaged Bargain Seekers
994707,1,1,High,Low,Engaged Bargain Seekers
994763,1,1,High,Low,Engaged Bargain Seekers
994803,3,0,Low,High,High-Value At-Risk
994877,1,1,High,Low,Engaged Bargain Seekers
994940,1,2,High,Medium,Rising Loyalists
994993,1,1,High,Low,Engaged Bargain Seekers
995079,3,0,Low,High,High-Value At-Risk
995091,0,1,High,Low,Engaged Bargain Seekers
995128,1,1,High,Low,Engaged Bargain Seekers
995142,1,1,High,Low,Engaged Bargain Seekers
995333,1,1,High,Low,Engaged Bargain Seekers
995404,3,1,Low,Low,Dormant / Churned
995527,1,1,High,Low,Engaged Bargain Seekers
995662,1,1,High,Low,Engaged Bargain Seekers
995693,0,1,High,Low,Engaged Bargain Seekers
995695,1,1,High,Low,Engaged Bargain Seekers
995734,1,1,High,Low,Engaged Bargain Seekers
995777,1,1,High,Low,Engaged Bargain Seekers
995812,0,1,High,Low,Engaged Bargain Seekers
995868,0,1,High,Low,Engaged Bargain Seekers
995877,0,1,High,Low,Engaged Bargain Seekers
995943,3,1,Low,Low,Dormant / Churned
996086,1,1,High,Low,Engaged Bargain Seekers
996152,0,1,High,Low,Engaged Bargain Seekers
996159,3,1,Low,Low,Dormant / Churned
996231,3,1,Low,Low,Dormant / Churned
996238,1,1,High,Low,Engaged Bargain Seekers
996254,1,1,High,Low,Engaged Bargain Seekers
996301,1,1,High,Low,Engaged Bargain Seekers
996333,1,1,High,Low,Engaged Bargain Seekers
996349,1,1,High,Low,Engaged Bargain Seekers
996488,1,1,High,Low,Engaged Bargain Seekers
996539,1,1,High,Low,Engaged Bargain Seekers
996616,1,1,High,Low,Engaged Bargain Seekers
996639,1,1,High,Low,Engaged Bargain Seekers
996686,1,1,High,Low,Engaged Bargain Seekers
996745,1,1,High,Low,Engaged Bargain Seekers
996794,1,1,High,Low,Engaged Bargain Seekers
996796,1,1,High,Low,Engaged Bargain Seekers
996896,1,1,High,Low,Engaged Bargain Seekers
996900,1,2,High,Medium,Rising Loyalists
996984,0,1,High,Low,Engaged Bargain Seekers
996989,1,1,High,Low,Engaged Bargain Seekers
996997,1,1,High,Low,Engaged Bargain Seekers
997008,3,0,Low,High,High-Value At-Risk
997121,0,1,High,Low,Engaged Bargain Seekers
997189,1,1,High,Low,Engaged Bargain Seekers
997322,0,1,High,Low,Engaged Bargain Seekers
997359,1,1,High,Low,Engaged Bargain Seekers
997370,0,1,High,Low,Engaged Bargain Seekers
997395,1,1,High,Low,Engaged Bargain Seekers
997434,1,1,High,Low,Engaged Bargain Seekers
997439,1,1,High,Low,Engaged Bargain Seekers
997478,1,1,High,Low,Engaged Bargain Seekers
997539,1,1,High,Low,Engaged Bargain Seekers
997599,1,1,High,Low,Engaged Bargain Seekers
997653,0,1,High,Low,Engaged Bargain Seekers
997654,1,1,High,Low,Engaged Bargain Seekers
997710,1,1,High,Low,Engaged Bargain Seekers
997741,0,1,High,Low,Engaged Bargain Seekers
997857,3,1,Low,Low,Dormant / Churned
997912,3,0,Low,High,High-Value At-Risk
997945,1,1,High,Low,Engaged Bargain Seekers
997964,1,1,High,Low,Engaged Bargain Seekers
998061,0,1,High,Low,Engaged Bargain Seekers
998072,1,1,High,Low,Engaged Bargain Seekers
998078,1,1,High,Low,Engaged Bargain Seekers
998085,1,1,High,Low,Engaged Bargain Seekers
998090,1,1,High,Low,Engaged Bargain Seekers
998112,1,1,High,Low,Engaged Bargain Seekers
998192,0,1,High,Low,Engaged Bargain Seekers
998465,1,1,High,Low,Engaged Bargain Seekers
998507,1,1,High,Low,Engaged Bargain Seekers
998580,1,1,High,Low,Engaged Bargain Seekers
998776,0,2,High,Medium,Rising Loyalists
998820,1,1,High,Low,Engaged Bargain Seekers
998934,1,1,High,Low,Engaged Bargain Seekers
998972,1,1,High,Low,Engaged Bargain Seekers
999120,1,1,High,Low,Engaged Bargain Seekers
999143,3,0,Low,High,High-Value At-Risk
999272,1,1,High,Low,Engaged Bargain Seekers
999304,0,1,High,Low,Engaged Bargain Seekers
999460,3,0,Low,High,High-Value At-Risk
999498,1,1,High,Low,Engaged Bargain Seekers
999513,1,2,High,Medium,Rising Loyalists
999524,1,1,High,Low,Engaged Bargain Seekers
999550,1,1,High,Low,Engaged Bargain Seekers
999589,0,1,High,Low,Engaged Bargain Seekers
999631,1,1,High,Low,Engaged Bargain Seekers
999731,1,1,High,Low,Engaged Bargain Seekers
999758,0,1,High,Low,Engaged Bargain Seekers
999788,0,1,High,Low,Engaged Bargain Seekers
999891,2,1,Low,Low,Dormant / Churned
999902,1,1,High,Low,Engaged Bargain Seekers
999911,3,0,Low,High,High-Value At-Risk
999940,1,1,High,Low,Engaged Bargain Seekers
999982,0,1,High,Low,Engaged Bargain Seekers
999986,1,1,High,Low,Engaged Bargain Seekers
